:020000040000FA
:10C000003DB8F3960000000000020000F86D050046
:10C01000000000000000030000000000000000001D
:10C02000FFFFFFFFFFFFFFFFFFFFFFFFFFFFFFFF20
:10C03000FFFFFFFFFFFFFFFFFFFFFFFFFFFFFFFF10
:10C04000FFFFFFFFFFFFFFFFFFFFFFFFFFFFFFFF00
:10C05000FFFFFFFFFFFFFFFFFFFFFFFFFFFFFFFFF0
:10C06000FFFFFFFFFFFFFFFFFFFFFFFFFFFFFFFFE0
:10C07000FFFFFFFFFFFFFFFFFFFFFFFFFFFFFFFFD0
:10C08000FFFFFFFFFFFFFFFFFFFFFFFFFFFFFFFFC0
:10C09000FFFFFFFFFFFFFFFFFFFFFFFFFFFFFFFFB0
:10C0A000FFFFFFFFFFFFFFFFFFFFFFFFFFFFFFFFA0
:10C0B000FFFFFFFFFFFFFFFFFFFFFFFFFFFFFFFF90
:10C0C000FFFFFFFFFFFFFFFFFFFFFFFFFFFFFFFF80
:10C0D000FFFFFFFFFFFFFFFFFFFFFFFFFFFFFFFF70
:10C0E000FFFFFFFFFFFFFFFFFFFFFFFFFFFFFFFF60
:10C0F000FFFFFFFFFFFFFFFFFFFFFFFFFFFFFFFF50
:10C10000FFFFFFFFFFFFFFFFFFFFFFFFFFFFFFFF3F
:10C11000FFFFFFFFFFFFFFFFFFFFFFFFFFFFFFFF2F
:10C12000FFFFFFFFFFFFFFFFFFFFFFFFFFFFFFFF1F
:10C13000FFFFFFFFFFFFFFFFFFFFFFFFFFFFFFFF0F
:10C14000FFFFFFFFFFFFFFFFFFFFFFFFFFFFFFFFFF
:10C15000FFFFFFFFFFFFFFFFFFFFFFFFFFFFFFFFEF
:10C16000FFFFFFFFFFFFFFFFFFFFFFFFFFFFFFFFDF
:10C17000FFFFFFFFFFFFFFFFFFFFFFFFFFFFFFFFCF
:10C18000FFFFFFFFFFFFFFFFFFFFFFFFFFFFFFFFBF
:10C19000FFFFFFFFFFFFFFFFFFFFFFFFFFFFFFFFAF
:10C1A000FFFFFFFFFFFFFFFFFFFFFFFFFFFFFFFF9F
:10C1B000FFFFFFFFFFFFFFFFFFFFFFFFFFFFFFFF8F
:10C1C000FFFFFFFFFFFFFFFFFFFFFFFFFFFFFFFF7F
:10C1D000FFFFFFFFFFFFFFFFFFFFFFFFFFFFFFFF6F
:10C1E000FFFFFFFFFFFFFFFFFFFFFFFFFFFFFFFF5F
:10C1F000FFFFFFFFFFFFFFFFFFFFFFFFFFFFFFFF4F
:10C200000047012031C20100A9B8010015C2010098
:10C2100015C2010015C2010015C2010015C20100BE
:10C2200000000000000000000000000011C4010038
:10C2300015C201000000000059C3010015C2010031
:10C24000B5C70100B5C70100B5C70100B5C70100FA
:10C25000B5C70100B5C70100B5C70100B5C70100EA
:10C26000B5C70100B5C70100B5C70100B5C70100DA
:10C27000B5C70100B5C70100B5C70100B5C70100CA
:10C28000B5C70100B5C70100B5C70100B5C70100BA
:10C29000B5C70100B5C70100B5C70100B5C70100AA
:10C2A000B5C70100B5C70100B5C70100B5C701009A
:10C2B000B5C70100B5C70100B5C70100B5C701008A
:10C2C000B5C70100B5C70100B5C70100B5C701007A
:10C2D000B5C70100B5C70100B5C70100B5C701006A
:10C2E000B5C70100B5C70100B5C70100B5C701005A
:10C2F000B5C70100B5C70100B5C70100B5C701004A
:10C30000B5C70100B5C70100B5C70100B5C7010039
:10C31000B5C70100B5C70100B5C70100B5C7010029
:10C32000B5C70100B5C70100B5C70100B5C7010019
:10C33000B5C70100B5C70100B5C70100B5C7010009
:10C34000B5C70100B5C70100B5C70100B5C70100F9
:10C35000B5C70100FFFFFFFF2DE9F14F03F11C04FA
:10C3600002EB840C4FEA930B8A68CB680868496833
:10C3700000F046F93CE9F0006040694072407B40C3
:10C380000BF1060E4EE083EA134480EA134582EA7D
:10C39000134746BA96EA3444604000F00F1684EA28
:10C3A000063420F00F1684EA161054BA94EA0106F7
:10C3B000724002F00F1486EA043622F00F1486EA67
:10C3C00014124CBA6540694001F00F1485EA043537
:10C3D00021F00F1485EA14115CBA67407B4003F02A
:10C3E0000F1487EA043723F00F1487EA141344BAB2
:10C3F00044404DBA4D4056BA56405FBA5F4087EA56
:10C40000174886EA174B84EA17464FEA38488BEA02
:10C410001B4485EA1B4788EA1B4580EA3440694093
:10C4200072407B4000F0703400F0803500F00F3037
:10C4300040EA440040EAD50080EA900404F0332446
:10C4400080EA8400604001F0703401F0803501F032
:10C450000F3141EA440141EAD50181EA910404F037
:10C46000332481EA8401614002F0703402F08035A7
:10C4700002F00F3242EA440242EAD50282EA920412
:10C4800004F0332482EA8402624003F0703403F043
:10C49000803503F00F3343EA440343EAD50383EACC
:10C4A000930404F0332483EA84036340C943DB43E9
:10C4B00081EA000483EA044686EA020183EA014332
:10C4C00082EA334583EA14435C4084EA00077FEA4A
:10C4D000040A8AEA024A8AEA010B87EA11488AEAD0
:10C4E000374A80EA060181EA1A418AEA030A04EA25
:10C4F0000A00454088EA040707EA0B0041408AEA3F
:10C500000B0608EA060084EA34428AEA3A4602EA5E
:10C51000060358404540414087EA37438BEA3B4099
:10C5200003EA000985EA090582EA0309464006EAAA
:10C530000906714085EA010005EA3546464006EAEB
:10C54000314181EA304181EA364606EA304686EAE0
:10C55000354634400F4086EA010508EA050886EAB8
:10C560003640024088EA020881EA314213405C40CA
:10C5700080EA020309EA030987EA0907674088EAB3
:10C58000040806EA0A0601EA0B018AEA0B042540C0
:10C590008AEA3A44204045408BEA3B4B02EA0B02D0
:10C5A000564084EA0B04234059406E40694087EAB4
:10C5B000364080EA384080EA060380EA104481EA87
:10C5C000134585EA344585EA17427D4082EA3541C4
:10C5D00080EA05403CE9F0006040694072407B40E1
:10C5E000BEF1010E3FF6CFAE20BC00F05FF8286030
:10C5F0006960AA60EB60BDE8F08F00BF00F000BA90
:10C6000080EA101404F0F01480EA0410604081EA1B
:10C61000111404F0F01481EA0411614082EA12144A
:10C6200004F0F01482EA0412624083EA131404F066
:10C63000F01483EA0413634080EA102404F47F4476
:10C6400080EA0420604081EA112404F47F4481EAF6
:10C650000421614082EA122404F47F4482EA042225
:10C66000624083EA132404F47F4483EA0423634092
:10C6700081EA500404F0553480EA4400614083EAC2
:10C68000520404F0553482EA4402634082EA900482
:10C6900004F0333480EA8400624083EA910404F0B9
:10C6A000333481EA84016340704700BF82EA90041A
:10C6B00004F0333480EA8400624083EA910404F099
:10C6C000333481EA8401634081EA500404F0553434
:10C6D00080EA4400614083EA520404F0553482EA5F
:10C6E0004402634080EA102404F47F4480EA04207A
:10C6F000604081EA112404F47F4481EA042161400E
:10C7000082EA122404F47F4482EA0422624083EA2B
:10C71000132404F47F4483EA0423634080EA101462
:10C7200004F0F01480EA0410604081EA111404F06F
:10C73000F01481EA0411614082EA121404F0F0144A
:10C7400082EA0412624083EA131404F0F01483EACC
:10C7500004136340704700BF2DE9F14F94464FEA40
:10C76000930B8A68CB6808684968FFF749FF0BF1AB
:10C77000060E33E083EA134480EA134582EA134746
:10C7800046BA96EA3444604000F00F1684EA063454
:10C7900020F00F1684EA161054BA94EA010672408B
:10C7A00002F00F1486EA043622F00F1486EA1412FF
:10C7B0004CBA6540694001F00F1485EA043521F058
:10C7C0000F1485EA14115CBA67407B4003F00F1424
:10C7D00087EA043723F00F1487EA1413BCE8F0004B
:10C7E0006040694072407B4000F0E03400F010355A
:10C7F00000F00F3040EA540040EAC50080EA90049F
:10C8000004F0332480EA8400604001F0E03401F059
:10C81000103501F00F3141EA540141EAC50181EAC6
:10C82000910404F0332481EA8401614002F0E03491
:10C8300002F0103502F00F3242EA540242EAC50219
:10C8400082EA920404F0332482EA8402624003F014
:10C85000E03403F0103503F00F3343EA540343EAA6
:10C86000C50383EA930404F0332483EA840363401A
:10C8700081EA324787EA134581EA354690EA0604A1
:10C8800084EA034B82EA1B4280EA044484EA0544BA
:10C8900083EA144A85EA14448BEA044B84EA374459
:10C8A00081EA0B4181EA164104EA0A00454082EA26
:10C8B00004082BEA080041408AEA0B0602EA060057
:10C8C00084EA34438AEA3A4603EA06077840454058
:10C8D000414088EA38478BEA3B4007EA000985EA8D
:10C8E000090583EA0709464006EA0906714085EA18
:10C8F000010005EA3546464006EA314181EA304109
:10C9000081EA364606EA304686EA3546344008EA89
:10C91000010886EA01052A4086EA364003405A406B
:10C9200081EA31431F407C4080EA030709EA070996
:10C9300088EA0908544088EA020806EA0A0601EA79
:10C940000B018AEA0B0215408AEA3A421040454040
:10C950008BEA3B4003405E404240174079404D40E7
:10C960004E40E443F64386EA18435D4085EA0540BD
:10C9700083EA134386EA034183EA384284EA114397
:10C9800083EA04435FEA3343BEF1010E3FF6F2AEA1
:10C990001ED4BCE8F0006040694072407B4020BC7F
:10C9A000FFF784FE28606960AA60EB60BDE8F08F45
:10C9B0002DE9E0414FF2F00280EA1031114080EAA7
:10C9C0000130484041088208C3084FF0000E4FE78D
:10C9D00000F0113001F0113102F0113203F0113387
:10C9E00040EA410040EA820040EAC3004FF2F00210
:10C9F00080EA1031114080EA01304840BDE8E08112
:10CA00002DE9F04F02F11C050646074600EB8508AC
:10CA100051F8040B043A46F8040BF9D14FF0010C1D
:10CA2000FFF7C6FF5FEA302080EA0C001ECF4140CE
:10CA30004A4053405C401EC62000464517D04FEA8E
:10CA40004C0C1CF4807F18BFACF1E50C2C2DE7D00A
:10CA50003C2D06D1FFF7ACFF06CF41404A4006C649
:10CA6000100006CF41404A4006C61000D8E736E91C
:10CA70000F00FFF7C5FD043D86E80F00F7D1BDE8C4
:10CA8000F08F00BF2DE9F00791E8F807B2E8021037
:10CA90005B1854EB0C04B2E802104D4156EB0C0647
:10CAA000B2E802104F4158EB0C08B2E8021059EB03
:10CAB00001095AEB0C0A80E8F80780410130BDE813
:10CAC000F00770472DE9F00791E8F807B2E8021087
:10CAD0005B1A74EB0C04B2E802108D4176EB0C0685
:10CAE000B2E802108F4178EB0C08B2E8021079EB43
:10CAF00001097AEB0C0A80E8F80780414042BDE862
:10CB0000F00770472DE9F007524290E87800B1E84D
:10CB100080071740DB1918EA020854EB080419EAE9
:10CB2000020955EB09051AEA020A56EB0A0678C013
:10CB300090E87800B1E8800717407B4118EA0208C6
:10CB400054EB080419EA020955EB09051AEA020A2E
:10CB500056EB0A0678C080410130BDE8F007704707
:10CB60002DE9F007524290E87800B1E880071740BD
:10CB7000DB1B18EA020874EB080419EA020975EBDA
:10CB800009051AEA020A76EB0A0678C090E87800EE
:10CB9000B1E880071740BB4118EA020874EB0804AB
:10CBA00019EA020975EB09051AEA020A76EB0A0688
:10CBB00078C080414042BDE8F00770472DE9F001A0
:10CBC00052424FF0040890E8300091E8C000A31BE7
:10CBD0001340E41AF618EB1B1340ED1AFF1830C08F
:10CBE000C0C1B8F10108EED1BDE8F001704700BF47
:10CBF00000B592EC080AB1E8805707EE101A53EC22
:10CC0000102A56EC114AA7FB0251A8FB020BE7FBC6
:10CC10006310E9FB62B041EC145AA8FB0351EAFB34
:10CC20006201E7FB64B5E7FB6605E8FB661505EE08
:10CC300010BAA9FB03B6EAFB6316ECFB6356E8FBEC
:10CC4000640BE9FB641BEAFB645BECFB646B05EEC5
:10CC5000900AACFB023012EE104AEEFB6250E9FB88
:10CC60006460EAFB64B0E7FB6431E8FB645112EEF8
:10CC7000904AE8FB6461E9FB64B1EAFB640106EEFB
:10CC8000103AA7FB043213EE104AE7FB6462E8FB9C
:10CC900064B2E9FB6402EAFB641211EE904AE9FB1C
:10CCA0006453EAFB646313EE904AE7FB64B3E8FB6A
:10CCB0006403E9FB6413EAFB642306EE905A17EE63
:10CCC000109A99E8000610EE108AA9FB0854EAFBB6
:10CCD00068B412EE108AECFB6804EEFB6814E9FB02
:10CCE0006824EAFB683410EE908AEEFB6865E9FB85
:10CCF00068B5EAFB680512EE908AECFB6815EEFB5E
:10CD00006825E9FB6835EAFB684507EE106A11EE15
:10CD1000108AAEFB0876E9FB6806EAFB681613EE9C
:10CD2000108AECFB6826EEFB6836E9FB6846EAFBF6
:10CD3000685611EE908AECFB68B7EEFB6807E9FBDA
:10CD40006817EAFB682713EE908AECFB6837EEFB66
:10CD50006847E9FB6857EAFB686700BD2DE9F04FBB
:10CD600007EE900AFFF744FF17EE908A07EE90BA9D
:10CD7000A8EC084A88E8FF00BDE8F08F00B591E80C
:10CD80009857A3FB0352A3FB0401E3FB6420E3FBDE
:10CD9000671042EC145AA3FB0752E3FB6802E4FB62
:10CDA0006415E3FB6805E3FB6925A4FB07B6E3FB19
:10CDB0006926E3FB6A56E4FB670BE4FB682BE3FBA5
:10CDC0006A5BE3FB6C6B40EC151AA4FB0810E4FBF8
:10CDD0006950E3FB6C60E3FB6EB0E7FB6721E4FBAB
:10CDE0006951E4FB6A61E3FB6EB1E4FB6E0106EEA0
:10CDF000102AA7FB0832E4FB6A62E4FB6CB2E4FB96
:10CE00006E02E7FB6E12E7FB6853E7FB6963E4FB26
:10CE10006CB3E7FB6C03E7FB6E13E8FB6E2306EED7
:10CE2000905AA7FB0954E7FB6AB4E7FB6C04E8FBE4
:10CE30006C14E8FB6E24E9FB6E34E8FB6865E7FBE5
:10CE40006AB5E8FB6A05E8FB6C15E9FB6C25E9FBB4
:10CE50006E35EAFB6E4507EE106AA8FB0976E8FB23
:10CE60006A06E9FB6A16E9FB6C26EAFB6C36EAFB0C
:10CE70006E46ECFB6E56E8FB69B7E9FB6907E9FB18
:10CE80006A17EAFB6A27EAFB6C37ECFB6C47ECFBA2
:10CE90006E57EEFB6E6700BD2DE9F04F07EE900A6E
:10CEA000FFF76CFF17EE908A07EE90BAA8EC084ADD
:10CEB00088E8FF00BDE8F08F30B44FF0000310F8B1
:10CEC000014B11F8015B013A84EA050443EA0403CB
:10CED000F5D1A3F101034FEAD37030BC704700BF16
:10CEE0004FF0000310F8012B013943EA0203F9D196
:10CEF000A3F101034FEAD370704700BF30B411F8BB
:10CF0000014B12F8015B6C4000F8014B013BF6D17C
:10CF100030BC70472DE9F04F90E8F00F00F1400071
:10CF20004FF0040E59E0F0B4826BC36B0468052522
:10CF3000242687593C444FEA724787EAF24787EA3A
:10CF400092273C4442684FEAF21787EAB24787EAE1
:10CF5000D2073C4440F8044B032D08BF6FF01B067A
:10CF600087593A444FEA734787EAF34787EA93279A
:10CF70003A4443684FEAF31787EAB34787EAD3078F
:10CF80003A4440F8042B87593B444FEA744787EAF8
:10CF9000F44787EA94273B4444684FEAF41787EA4A
:10CFA000B44787EAD4073B4440F8043B013DC0D175
:10CFB000A0F13C00076A3C444FEA724787EAF24717
:10CFC00087EA92273C4402684FEAF21787EAB247A1
:10CFD00087EAD2073C44C463F0BC4FF0020288EAFF
:10CFE000781C8CEAF84C0BEBBC1C8AEA090303EAB8
:10CFF000080383EA0A039C4450F8043B9C4451F81C
:10D00000043B9C44674444EA050B0BEA060B04EA24
:10D0100005034BEA030BE34484EAF42383EA345325
:10D020000BEBB30B87EA771C8CEAF74C0AEBBC1CC2
:10D0300089EA080303EA070383EA09039C4450F8DA
:10D04000043B9C4451F8043B9C4466444BEA040A6C
:10D050000AEA050A0BEA04034AEA030AE2448BEAF5
:10D06000FB2383EA3B530AEBB30A86EA761C8CEA7D
:10D07000F64C09EBBC1C88EA070303EA060383EAC3
:10D0800008039C4450F8043B9C4451F8043B9C44E6
:10D0900065444AEA0B0909EA04090AEA0B0349EA6A
:10D0A0000309E1448AEAFA2383EA3A5309EBB30914
:10D0B00085EA751C8CEAF54C08EBBC1C87EA060374
:10D0C00003EA050383EA07039C4450F8043B9C44AD
:10D0D00051F8043B9C44644449EA0A0808EA0B08F6
:10D0E00009EA0A0348EA0308E04489EAF92383EAE3
:10D0F000395308EBB30884EA741C8CEAF44C07EB50
:10D10000BC1C86EA050303EA040383EA06039C4485
:10D1100050F8043B9C4451F8043B9C44E34448EAE7
:10D12000090707EA0A0708EA090347EA0307674409
:10D1300088EAF82383EA385307EBB3078BEA7B1CB2
:10D140008CEAFB4C06EBBC1C85EA040303EA0B03E8
:10D1500083EA05039C4450F8043B9C4451F8043B8B
:10D160009C44E24447EA080606EA090607EA08037F
:10D1700046EA0306664487EAF72383EA375306EB59
:10D18000B3068AEA7A1C8CEAFA4C05EBBC1C84EAEA
:10D190000B0303EA0A0383EA04039C4450F8043BAC
:10D1A0009C4451F8043B9C44E14446EA070505EAE7
:10D1B000080506EA070345EA0305654486EAF623FF
:10D1C00083EA365305EBB30589EA791C8CEAF94CFE
:10D1D00004EBBC1C8BEA0A0303EA090383EA0B0392
:10D1E0009C4450F8043B9C4451F8043B9C44E0446C
:10D1F00045EA060404EA070405EA060344EA0304D0
:10D20000644485EAF52383EA355304EBB304013A19
:10D210007FF4E5AEA0F14000BEF1010E7FF483AED5
:10D22000A0F1400C9CE80F00001949199219DB1974
:10D23000ACE80F009CE80F004044494452445B4472
:10D24000ACE80F00BDE8F08F2DE9F00791E8F80792
:10D25000B2E802105B1854EB0C04B2E802104D4126
:10D2600056EB0C06B2E802104F4158EB0C08B2E83E
:10D27000021059EB01095AEB0C0A8941B3F1FF3353
:10D2800074F1FF3475F1FF3576F1000677F1000790
:10D2900078F1000879F101097AF1FF3A51F10001C2
:10D2A0005B184C414D4156F1000657F1000758F10B
:10D2B000000859EBD1795AEB010A80E8F807BDE87C
:10D2C000F00770472DE9F00791E8F807B2E802107F
:10D2D0005B1A74EB0C04B2E802108D4176EB0C067D
:10D2E000B2E802108F4178EB0C08B2E8021079EB3B
:10D2F00001097AEB0C0A89415B184C414D4156F10A
:10D30000000657F1000758F1000859EBD1795AEBA4
:10D31000010A80E8F807BDE8F007704718EB040839
:10D3200059EB05095AEB060A5BEB070B5FF0000CA3
:10D330004CF1000C18EB050859EB06095AEB070AEB
:10D340005BEB070B50EB0C005FF0000C51EB0C019A
:10D3500052EB0C0263414CF1000CB8EB070879F179
:10D3600000097AF1000A7BEB040BA841B141A2410C
:10D37000B3416CF1000CBBEB050BB041B941AA41C4
:10D38000BB416CF1000C4CF001068CF0020718EB6D
:10D39000060859EB6C095AEB6C0A7BEB6C0B70EBD3
:10D3A0006C0471EB6C0572EB670653EB6C076CEB6E
:10D3B0006C0C18EB0C0059EB0C015AEB0C025BF1F6
:10D3C000000354F1000455F1000556EBDC7657EBF1
:10D3D0000C0770472DE9F04F07EE900AFFF708FCA5
:10D3E00059EC168A17EE10AAFFF798FF59EC148A29
:10D3F0005BEC15AAFFF792FF17EE908A88E8FF0012
:10D40000BDE8F08F2DE9F04F07EE900AFFF7B6FC6C
:10D4100059EC168A17EE10AAFFF780FF59EC148A10
:10D420005BEC15AAFFF77AFF17EE908A88E8FF00F9
:10D43000BDE8F08F81F0004102E000BF83F00043BF
:10D4400030B54FEA41044FEA430594EA050F08BF9F
:10D4500090EA020F1FBF54EA000C55EA020C7FEA63
:10D46000645C7FEA655C00F0E2804FEA5454D4EBE0
:10D470005555B8BF6D420CDD2C4480EA020281EAAA
:10D48000030382EA000083EA010180EA020281EAE2
:10D490000303362D88BF30BD11F0004F4FEA013134
:10D4A0004FF4801C4CEA113102D0404261EB410143
:10D4B00013F0004F4FEA03334CEA133302D05242C9
:10D4C00063EB430394EA050F00F0A780A4F1010485
:10D4D000D5F1200E0DDB02FA0EFC22FA05F28018BF
:10D4E00041F1000103FA0EF2801843FA05F35941A5
:10D4F0000EE0A5F120050EF1200E012A03FA0EFC24
:10D5000028BF4CF0020C43FA05F3C01851EBE3714D
:10D5100001F0004507D54FF0000EDCF1000C7EEB6A
:10D5200000006EEB0101B1F5801F1BD3B1F5001FA8
:10D530000CD349085FEA30004FEA3C0C04F10104C7
:10D540004FEA445212F5800F80F09A80BCF1004FF0
:10D5500008BF5FEA500C50F1000041EB045141EA72
:10D56000050130BD5FEA4C0C404141EB0101013C3B
:10D5700028BFB1F5801FE9D291F0000F04BF01462A
:10D580000020B1FA81F308BF2033A3F10B03B3F1FC
:10D5900020020CDA0C3208DD02F1140CC2F10C028C
:10D5A00001FA0CF021FA02F10CE002F11402D8BFEA
:10D5B000C2F1200C01FA02F120FA0CFCDCBF41EAB6
:10D5C0000C019040E41AA2BF01EB0451294330BD85
:10D5D0006FEA04041F3C1CDA0C340EDC04F1140462
:10D5E000C4F1200220FA04F001FA02F340EA030039
:10D5F00021FA04F345EA030130BDC4F10C04C4F17F
:10D60000200220FA02F001FA04F340EA030029465E
:10D6100030BD21FA04F0294630BD94F0000F83F4A8
:10D62000801306BF81F480110134013D4EE77FEA8B
:10D63000645C18BF7FEA655C29D094EA050F08BFD7
:10D6400090EA020F05D054EA000C04BF19461046B8
:10D6500030BD91EA030F1EBF0021002030BD5FEAFC
:10D66000545C05D14000494128BF41F0004130BD24
:10D6700014F580043CBF01F5801130BD01F0004578
:10D6800045F0FE4141F470014FF0000030BD7FEAEB
:10D69000645C1ABF194610467FEA655C1CBF0B46E6
:10D6A000024650EA013406BF52EA033591EA030FFD
:10D6B00041F4002130BD00BF90F0000F04BF0021F5
:10D6C000704730B54FF4806404F132044FF0000528
:10D6D0004FF0000150E700BF90F0000F04BF0021A1
:10D6E000704730B54FF4806404F1320410F0004507
:10D6F00048BF40424FF000013EE700BF42004FEA02
:10D70000E2014FEA31014FEA02701FBF12F07F437E
:10D7100093F07F4F81F06051704732F07F4208BF35
:10D72000704793F07F4F04BF41F40021704730B53C
:10D730004FF4607401F0004521F000411CE700BF88
:10D7400050EA010208BF704730B54FF000050AE00B
:10D7500050EA010208BF704730B511F0004502D50C
:10D76000404261EB41014FF4806404F132045FEA0E
:10D77000915C3FF4D8AE4FF003025FEADC0C18BFB7
:10D7800003325FEADC0C18BF033202EBDC02C2F1A9
:10D79000200300FA03FC20FA02F001FA03FE40EA3B
:10D7A0000E0021FA02F11444BDE600BF70B54FF03F
:10D7B000FF0C4CF4E06C1CEA11541DBF1CEA13551D
:10D7C00094EA0C0F95EA0C0F00F0DEF82C4481EA85
:10D7D000030621EA4C5123EA4C5350EA013518BFA5
:10D7E00052EA033541F4801143F4801338D0A0FB92
:10D7F00002CE4FF00005E1FB02E506F00042E0FB3F
:10D8000003E54FF00006E1FB03569CF0000F18BF44
:10D810004EF0010EA4F1FF04B6F5007F64F54074EC
:10D8200004D25FEA4E0E6D4146EB060642EAC6217F
:10D8300041EA55514FEAC52040EA5E504FEACE2EEC
:10D84000B4F1FD0C88BFBCF5E06F1ED8BEF1004FEF
:10D8500008BF5FEA500E50F1000041EB045170BD6B
:10D8600006F0004646EA010140EA020081EA0301AF
:10D87000B4EB5C04C2BFD4EB0C0541EA045170BDAB
:10D8800041F480114FF0000E013C00F3AB8014F125
:10D89000360FDEBF002001F0004170BDC4F100046E
:10D8A000203C35DA0C341BDC04F11404C4F12005EF
:10D8B00000FA05F320FA04F001FA05F240EA02004A
:10D8C00001F0004221F0004110EBD37021FA04F680
:10D8D00042EB06015EEA430E08BF20EAD37070BD3A
:10D8E000C4F10C04C4F1200500FA04F320FA05F099
:10D8F00001FA04F240EA020001F0004110EBD3709B
:10D9000041F100015EEA430E08BF20EAD37070BD0A
:10D91000C4F1200500FA05F24EEA020E20FA04F3E3
:10D9200001FA05F243EA020321FA04F001F0004192
:10D9300021FA04F220EA020000EBD3705EEA430E03
:10D9400008BF20EAD37070BD94F0000F0FD101F032
:10D950000046400041EB010111F4801F08BF013C6B
:10D96000F7D041EA060195F0000F18BF704703F0A9
:10D970000046520043EB030313F4801F08BF013D30
:10D98000F7D043EA0603704794EA0C0F0CEA1355EC
:10D9900018BF95EA0C0F0CD050EA410618BF52EAA6
:10D9A0004306D1D181EA030101F000414FF00000AC
:10D9B00070BD50EA410606BF1046194652EA4306BA
:10D9C00019D094EA0C0F02D150EA013613D195EA2E
:10D9D0000C0F05D152EA03361CBF104619460AD176
:10D9E00081EA030101F0004141F0FE4141F4700180
:10D9F0004FF0000070BD41F0FE4141F4780170BD70
:10DA000070B54FF0FF0C4CF4E06C1CEA11541DBFD4
:10DA10001CEA135594EA0C0F95EA0C0F00F0A7F8D6
:10DA2000A4EB050481EA030E52EA03354FEA013103
:10DA300000F088804FEA03334FF0805545EA131316
:10DA400043EA12634FEA022245EA111545EA1065DE
:10DA50004FEA00260EF000419D4208BF964244F175
:10DA6000FD0404F5407402D25B084FEA3202B61A94
:10DA700065EB03055B084FEA32024FF480104FF468
:10DA8000002CB6EB020E75EB030E22BFB61A7546DC
:10DA900040EA0C005B084FEA3202B6EB020E75EB6F
:10DAA000030E22BFB61A754640EA5C005B084FEAD7
:10DAB0003202B6EB020E75EB030E22BFB61A7546A4
:10DAC00040EA9C005B084FEA3202B6EB020E75EBAF
:10DAD000030E22BFB61A754640EADC0055EA060E70
:10DAE00018D04FEA051545EA16754FEA06164FEAB3
:10DAF000C30343EA52734FEAC2025FEA1C1CC0D15F
:10DB000011F4801F0BD141EA00014FF000004FF0EB
:10DB1000004CB6E711F4801F04BF01430020B4F1AC
:10DB2000FD0C88BFBCF5E06F3FF6AFAEB5EB030C64
:10DB300004BFB6EB020C5FEA500C50F1000041EB61
:10DB4000045170BD0EF0004E4EEA113114EB5C042E
:10DB5000C2BFD4EB0C0541EA045170BD41F4801101
:10DB60004FF0000E013C90E645EA060E8DE60CEA09
:10DB7000135594EA0C0F08BF95EA0C0F3FF43BAF26
:10DB800094EA0C0F0AD150EA01347FF434AF95EADD
:10DB90000C0F7FF425AF104619462CE795EA0C0FC1
:10DBA00006D152EA03353FF4FDAE1046194622E78E
:10DBB00050EA410618BF52EA43067FF4C5AE50EA68
:10DBC00041047FF40DAF52EA43057FF4EBAE12E758
:10DBD0004FF0FF3C06E000BF4FF0010C02E000BF39
:10DBE0004FF0010C4DF804CD4FEA410C7FEA6C5C1C
:10DBF0004FEA430C18BF7FEA6C5C1BD001B050EABF
:10DC0000410C0CBF52EA430C91EA030F02BF90EAA9
:10DC1000020F0020704710F1000F91EA030F58BF68
:10DC2000994208BF90422CBFD8176FEAE37040F0CA
:10DC3000010070474FEA410C7FEA6C5C02D150EA68
:10DC4000013C07D14FEA430C7FEA6C5CD6D152EA23
:10DC5000033CD3D05DF8040B704700BF84461046E8
:10DC600062468C461946634600E000BF01B5FFF7E7
:10DC7000B7FF002848BF10F1000F01BD4DF808EDB7
:10DC8000FFF7F4FF0CBF012000205DF808FB00BF88
:10DC90004DF808EDFFF7EAFF34BF012000205DF8E2
:10DCA00008FB00BF4DF808EDFFF7E0FF94BF01202F
:10DCB00000205DF808FB00BF4DF808EDFFF7CEFF30
:10DCC00094BF012000205DF808FB00BF4DF808ED6F
:10DCD000FFF7C4FF34BF012000205DF808FB00BF40
:10DCE0004FEA410C7FEA6C5C02D150EA013C0AD158
:10DCF0004FEA430C7FEA6C5C02D152EA033C02D14A
:10DD00004FF0000070474FF0010070474FEA4102AA
:10DD100012F5001215D211D56FF47873B3EB62527D
:10DD200012D94FEAC12343F0004343EA505311F0A4
:10DD3000004F23FA02F018BF404270474FF0000036
:10DD4000704750EA013005D111F0004008BF6FF074
:10DD5000004070474FF00000704700BF4FEA41029B
:10DD6000B2F1E04324BFB3F5001CDCF1FE5C0DD939
:10DD700001F0004C4FEAC0024CEA5070B2F1004F83
:10DD800040EB830008BF20F00100704711F0804F86
:10DD900021D113F13872BCBF01F00040704741F44B
:10DDA00080114FEA5252C2F11802C2F1200C10FA4F
:10DDB0000CF320FA02F018BF40F001004FEAC12333
:10DDC0004FEAD32303FA0CFC40EA0C0023FA02F3D7
:10DDD0004FEA4303CCE77FEA625307D150EA0133AD
:10DDE0001EBF4FF0FE4040F44000704701F000407D
:10DDF00040F0FE4040F40000704700BF7BB972B9AC
:10DE00000029BEBF00204FF0004106E008BF0028F7
:10DE10001CBF6FF000414FF0FF3000F057B8ADF17C
:10DE2000080C6DE904CE002909DB002B1ADB00F099
:10DE300061F8DDF804E0DDE9022304B070474042F8
:10DE400061EB4101002B1BDB00F054F8DDF804E02E
:10DE5000DDE9022304B0404261EB4101524263EB31
:10DE600043037047524263EB430300F043F8DDF88D
:10DE700004E0DDE9022304B0404261EB4101704758
:10DE8000524263EB430300F035F8DDF804E0DDE9CE
:10DE9000022304B0524263EB4303704753B94AB9BB
:10DEA000002908BF00281CBF4FF0FF314FF0FF30A2
:10DEB00000F00CB8ADF1080C6DE904CE00F01AF8D2
:10DEC000DDF804E0DDE9022304B07047704700BFCD
:10DED00010F8012B11F8013B012A28BF9A42F7D014
:10DEE000D01A7047034613F8012B002AFBD1181AE9
:10DEF000013870472DE9F04786468C460846089E53
:10DF0000154674461946002B40F0C1808542B2FA8E
:10DF100082F245D94AB1C2F1200300FA02FC9540D1
:10DF200094402EFA03F343EA0C0C4FEA154EA8B2C4
:10DF3000230CBCFBFEF80EFB18CC08FB00F943EAEF
:10DF40000C43994528D9EB1808F1FF3704D29945BD
:10DF500002D9A8F102072B44A3EB0903A4B2B3FB37
:10DF6000FEFC0EFB1C330CFB00F044EA0344A04211
:10DF700014D92C190CF1FF3304D2A04202D9ACF110
:10DF800002032C44241A43EA07401EB1D440002364
:10DF900034607360BDE8F0874746DDE76346F1E72C
:10DFA00092BB431B01214FEA154EAFB2200CB3FBCD
:10DFB000FEFC0EFB1C330CFB07F840EA03439845BC
:10DFC00061D9EB180CF1FF3004D2984502D9ACF1BD
:10DFD00002002B44A3EB0803A4B2B3FBFEFC0EFB30
:10DFE0001C330CFB07F744EA0344A7424DD92C1914
:10DFF0000CF1FF3304D2A74202D9ACF102032C4446
:10E00000E41B43EA0040C0E7C2F12003954094407E
:10E0100020FA03F12EFA03F34FEA154E9040AFB207
:10E020000343B1FBFEFC0EFB1C10190C0CFB07F8A4
:10E0300041EA0041884522D969180CF1FF3004D229
:10E04000884502D9ACF102002944A1EB08019BB23A
:10E05000B1FBFEFC0EFB1C110CFB07F743EA01436E
:10E060009F420ED9EB180CF1FF3104D29F4202D926
:10E07000ACF102012B44DB1B41EA004193E760460F
:10E08000E3E76146F7E76046A4E76346B8E7834203
:10E0900006D916B9002108467CE7C6E900E0F9E791
:10E0A000B3FA83F78FB9834201D3724508D8BEEB28
:10E0B000020460EB030301209C461EB9002169E7BE
:10E0C0003846FAE7C6E9004CF8E7C7F1200CBB4038
:10E0D0000EFA07F522FA0CF42EFA0CF1BA401C43A2
:10E0E00020FA0CF3B8404FEA144901431FFA84FEAA
:10E0F000B3FBF9F809FB18300B0C08FB0EFA43EAE6
:10E1000000439A4540D9E31808F1FF3004D29A45FC
:10E1100002D9A8F102002344A3EB0A0389B2B3FB9E
:10E12000F9F809FB183308FB0EFE41EA03418E455E
:10E130002CD9611808F1FF3304D28E4502D9A8F119
:10E140000203214443EA0040A1EB0E01A0FB029828
:10E150004145CE46434602D306D14D4504D201384F
:10E16000B9EB020E68EB0403002EA7D0B5EB0E024C
:10E1700061EB030101FA0CFC22FA07F3F9404CEAC7
:10E180000303C6E9003199E74046C5E74346D9E7AE
:10E1900008B5FFF7A1FA0AA3D3E90023FFF706FBAE
:10E1A000FFF7B4FDB0F57A7F02DC002803DB08BD81
:10E1B0004FF47A70FBE70020F9E700BFAFF300806F
:10E1C0009A9999999999B93F002800F08D8030B5B6
:10E1D0002DED028B85B00C460546002979D06946A5
:10E1E00005F006FE9DED008A68EE087A9DED017A45
:10E1F00027EE077A77EE877A9DED027A27EE077A87
:10E2000077EE877A9DED030A20EE000A37EE800A4A
:10E2100033F0DCFAF7EE007A30EE670AB0EEC00AAF
:10E22000DFED357AB4EEE70AF1EE10FA0DDD334B8F
:10E230009A6801329A60D3ED037AB4EEE70AF1EE00
:10E2400010FA06DD83ED030A03E02C4A536801331C
:10E25000536084ED008A019B6360029BA360039B73
:10E26000E36095ED047ADFED267AB4EEE77AF1EE1D
:10E2700010FA32D86869FFF741FA1DA3D3E90023E9
:10E28000FFF794FA00221F4BFFF7BAFBFFF766FD7A
:10E290002061A869FFF732FA15A3D3E90023FFF73D
:10E2A00085FA0022174BFFF7ABFBFFF757FD6061C4
:10E2B0002869FFF723FA0EA3D3E90023FFF776FAC4
:10E2C0000022104BFFF79CFBFFF748FDA0616B6C31
:10E2D000E36105B0BDEC028B30BD6B692361AB69B6
:10E2E00063612B69A361F2E7704700BFAFF3008061
:10E2F000182D4454FB2109400AD7233CE055002047
:10E300000000B443008066402DE9F04F2DED0A8BEC
:10E31000B9B0A94B1B6803F00703022B07D84FF4D1
:10E320007A7033F06FFB4FF0000B5C4619E0A34BA3
:10E330000293002001900090034603229E4933F08F
:10E3400077FBECE79E4B00221A7002F047FA0CE0D4
:10E350009C4B00221A7002F0A5FD0AE00A2033F05F
:10E3600051FB974A1278002AECD1964A1278002A7B
:10E37000EED126A804F0B2FC80B18F4B1A6812F0DF
:10E38000070FEBD00390904B029300200190009078
:10E3900003460122884933F04BFBDFE78B4A1368C1
:10E3A0000133136036A802F0D3FD1EA926A8FFF79B
:10E3B0000BFF9FED878ADDED227A67EE887A17EEF4
:10E3C000900AFFF79BF97AA3D3E90023FFF718FB24
:10E3D000FFF7C4FC0746DDED237A67EE887A17EE77
:10E3E000900AFFF78BF972A3D3E90023FFF708FB2C
:10E3F000FFF7B4FC0646DDED247A67EE887A17EE67
:10E40000900AFFF77BF96AA3D3E90023FFF7F8FA34
:10E41000FFF7A4FC054604F0CDF860B90134632C85
:10E4200022D80BF1010B40F6B7339B4576D80A2072
:10E4300033F0E8FA95E71EA800F066F90028EDD061
:10E4400010F1800FEAD05C4A126812F0060FE5D096
:10E450000390604B0293002001900090034602223B
:10E46000554933F0E5FAD9E701F0A4FF524B1B6898
:10E4700003F00703022B01D80024D2E73846FFF748
:10E480003DF941EC1C0B3046FFF738F941EC1B0B12
:10E490002846FFF733F904460D461E98FFF72EF97C
:10E4A00006460F461F98FFF729F941EC180B2098F4
:10E4B000FFF724F941EC190B2198FFF71FF941EC04
:10E4C0001A0B9DF8D8809DF8D9909DF8DAA005F038
:10E4D0008FFD08B3404B1593CDF850A0CDF84C906C
:10E4E000CDF848808DED10AB8DED0E9B8DED0C8B36
:10E4F000CDE90A67CDE908458DED06BB8DED04CB6E
:10E50000364B0293002401940094234603222A49A7
:10E51000204633F08DFA84E7314BDCE717A805F08D
:10E520006DFD254B1B6803F00703022B35D8224BEA
:10E530001B6803F00703022B56D81F4B1B6803F020
:10E540000703022B62D81C4B1B6803F00703022B46
:10E550006AD8194B1B6803F00703022B00F2868070
:10E56000154B1B6803F00703022B00F29080124B3F
:10E570001B6803F00703022B00F2968004F0EAFB0D
:10E5800040B90D4B1B6813F0060F40F09B8036A876
:10E5900002F090FB4FF0000B49E7124B0293002072
:10E5A0000190009003460322034933F041FABEE78D
:10E5B000182D4454FB210940E02F0020D0380500DD
:10E5C0002B9100202A910020E8380500E05500201A
:10E5D0000000344304390500BC380500203905002B
:10E5E000C43805007039050033F0F2F93A4BA3FB4B
:10E5F00000239B090393394B029300200190009064
:10E6000003460322364933F013FA96E7354B1B686D
:10E610000393354B029300200190009003460322A0
:10E620002F4933F005FA8EE72E4B5D6807EE905ABE
:10E63000B8EE677ADFED2D7A27EE277AD3ED007AF0
:10E64000F8EE677AC7EE277A17EE900AFFF756F8CA
:10E65000CDE904010395264B029300200190009020
:10E66000034603221E4933F0E3F972E71D4BD868D5
:10E67000FFF744F8CDE904011E4B029300200190FE
:10E68000009003460322164933F0D2F968E7189B3D
:10E690000393194B0293002001900090034603223C
:10E6A0000F4933F0C5F962E70E4B5B690393134BD7
:10E6B000029300200190009003460322084933F0A2
:10E6C000B7F95BE70E4B02930190009003460222DC
:10E6D000034933F0ADF95AE7D34D62108C39050088
:10E6E000E02F0020E0550020A43905000000C842BA
:10E6F000BC390500DC390500F8390500143A05007D
:10E70000303A0500000000004D4B1B68002B00F064
:10E710009080F0B52DED048BB7B00446494B1B78C3
:10E7200043B9494B1B78002B2ED1002037B0BDECEC
:10E73000048BF0BD0568099546680A9687680B97B3
:10E74000C0680C90E3690D93FEF7D8FFCDE9060190
:10E750003846FEF7D3FFCDE904013046FEF7CEFF81
:10E76000CDE902012846FEF7C9FFCDE90001374A8D
:10E77000402126A831F0ACF983B226AA34493048AA
:10E78000006833F0E5F9CCE7D4ED047ACDED097AF1
:10E7900094ED059A8DED0A9AD4ED068ACDED0B8A9B
:10E7A000E3690C939FED2B8A67EE887A17EE900A47
:10E7B000FEF7A4FF20A3D3E90023FFF721F9FFF719
:10E7C000CDFA044669EE087A17EE900AFEF796FF36
:10E7D00019A3D3E90023FFF713F9FFF7BFFA0546A2
:10E7E00068EE887A17EE900AFEF788FF12A3D3E945
:10E7F0000023FFF705F9FFF7B1FAFEF77FFFCDE938
:10E8000004012846FEF77AFFCDE902012046FEF713
:10E8100075FFCDE90001104A60210EA831F058F9CA
:10E8200083B20EAA0D490648006833F091F9002022
:10E830007CE76FF07F007047182D4454FB2109409E
:10E84000145600203291002031910020E44605004A
:10E85000944705000000344304470500D0470500F5
:10E860002DE9F04F2DED048B91B04C4B1B78002B14
:10E8700000F0A1810446002800F0A081484B1B7ADB
:10E880009BB908220EA9202033F0AFF905460028D5
:10E8900000F09280434B1B6813F0070F71D128469C
:10E8A00011B0BDEC048BBDE8F08F0DA804F0F0F9B9
:10E8B000054633F0C3F90646002DE2D1384A136805
:10E8C000C31A52689342DCD3374B1B780B3BDBB245
:10E8D000012B15D99DF83420012A07D99DF8352040
:10E8E000012A03D99DF83620012ACAD8012B18D94C
:10E8F0002C4B1B6813F0060F2FD1294B1E60C0E76D
:10E900009DF83420012AF1D99DF83520012AEDD94E
:10E910009DF83620012AE9D99DF83720012AB0D880
:10E92000E4E7204B1B6813F0060FE6D09DF8343067
:10E930009DF835209DF836109DF83700069005911A
:10E9400004920393194B0293002001900090034618
:10E950000222144933F063F9CFE79DF834309DF873
:10E9600035209DF83610059104920393104B0293C5
:10E97000002001900090034602220A4933F04FF92B
:10E98000BBE703900B4B02930020019000900346DD
:10E990000122044933F043F981E700BF3791002099
:10E9A000C8250020682F0020EC2E0020684A0500B2
:10E9B000AC4A0500F44A05009DF838009DF839304E
:10E9C0001B021BB29DF83AA09DF83B20120212B226
:10E9D0004AEA020A9DF83C709DF83D20120212B2EC
:10E9E00017439DF83E609DF83F20120212B2164375
:10E9F0001843FEF771FE0022754BFEF7D7FE8046E6
:10EA000089465046FEF768FE0022714BFEF7CEFEA7
:10EA100082468B463846FEF75FFE00226C4BFEF7BF
:10EA2000C5FECDE908013046FEF756FE0022684BD0
:10EA3000FEF7BCFECDE90A0142464B464046494638
:10EA4000FEF7B4FE06460F4652465B465046594610
:10EA5000FEF7ACFE02460B4630463946FEF7F0FCA8
:10EA600006460F46DDE9080102460B46FEF79EFE0C
:10EA700002460B4630463946FEF7E2FC06460F4694
:10EA8000DDE90A0102460B46FEF790FE02460B4600
:10EA900030463946FEF7D4FC41EC100B32F062FEF2
:10EAA00057EC106B48A3D3E9002330463946FFF7F3
:10EAB0000DF9002863D032463B4640464946FEF7F2
:10EAC0009FFFFFF74BF908EE100A206032463B46E5
:10EAD00050465946FEF794FFFFF740F909EE100A39
:10EAE000606032463B46DDE90801FEF789FFFFF72B
:10EAF00035F908EE900AA06032463B46DDE90A018E
:10EB0000FEF77EFFFFF72AF900EE100AE06028EE1C
:10EB1000088A29EE099A38EE098A68EEA88A38EE42
:10EB2000288A20EE000A38EE000A32F04FFEF7EE97
:10EB3000007A70EE677AF0EEE77A9FED267AF4EECF
:10EB4000C77AF1EE10FA7FF7AAAE234B1B6813F0D9
:10EB5000040F3FF4A4AE10EE100AFEF7CFFDCDE98E
:10EB600004011E4B03931E4B0293082301930020C4
:10EB7000009003460422184933F051F88FE6164BF3
:10EB80001B6813F0060F09D14FF07E53236000235A
:10EB90006360A360E3606FF0040580E6CDE904677D
:10EBA000104B0293002001900090034602220A4974
:10EBB00033F035F8E8E76FF0150570E66FF01505EE
:10EBC0006DE600BFAFF300802D431CEBE2361A3F29
:10EBD0000000103F0AD7233C682F00205054050046
:10EBE000304B0500144B05002DE9D04F88B004468A
:10EBF0000068FEF783FD804689466068FEF77EFD6B
:10EC000082468B46A068FEF779FDCDE90401E068F5
:10EC1000FEF774FDCDE9060142464B4640464946A3
:10EC2000FEF7C4FD06460F4652465B46504659461F
:10EC3000FEF7BCFD02460B4630463946FEF700FCA7
:10EC400006460F46DDE9040102460B46FEF7AEFD1F
:10EC500002460B4630463946FEF7F2FB06460F46A3
:10EC6000DDE9060102460B46FEF7A0FD02460B4613
:10EC700030463946FEF7E4FB41EC100B32F072FDF2
:10EC800057EC106B26A3D3E9002330463946FFF733
:10EC90001DF830B332463B4640464946FEF7B0FECB
:10ECA000FFF75CF8206032463B4650465946FEF777
:10ECB000A7FEFFF753F8606032463B46DDE90401EA
:10ECC000FEF79EFEFFF74AF8A06032463B46DDE9BC
:10ECD0000601FEF795FEFFF741F8E06008B0BDE8D9
:10ECE000D08F0D4B1B6813F0060F07D14FF07E53EA
:10ECF00023600023E360A3606360EFE7074B0293A8
:10ED000000200190009003460222034932F0C5FF23
:10ED1000ECE700BFAFF300801C300020CC540500AE
:10ED20008DEDB5A0F7C6B03E2DE9704F98B0054601
:10ED30000C4616460068FEF7E1FCCDE9060168685E
:10ED4000FEF7DCFCCDE90801A868FEF7D7FCCDE9A9
:10ED50000A01E868FEF7D2FC82468B462068FEF77F
:10ED6000CDFC804689466068FEF7C8FCCDE90C0101
:10ED7000A068FEF7C3FCCDE90E01E068FEF7BEFC1B
:10ED800004460D46CDE9108942464B46DDE90601B1
:10ED9000FEF70CFD80468946DDE90C23DDE908011C
:10EDA000FEF704FD02460B4640464946FEF746FB89
:10EDB00080468946DDE90E23DDE90A01FEF7F6FC0F
:10EDC00002460B4640464946FEF738FB80468946D8
:10EDD00022462B4650465946FEF7E8FC02460B46B3
:10EDE00040464946FEF72AFBCDE91201DDE90C2336
:10EDF000DDE90601FEF7DAFC80468946DDE91023ED
:10EE0000DDE90801FEF7D2FC02460B4640464946C2
:10EE1000FEF716FB8046894622462B46DDE90A01AD
:10EE2000FEF7C4FC02460B4640464946FEF708FB87
:10EE300080468946DDE90E2350465946FEF7B6FC6A
:10EE400002460B4640464946FEF7F8FACDE9140162
:10EE5000DDE90E23DDE90601FEF7A8FC80468946C0
:10EE600022462B46DDE90801FEF7A0FC02460B46D0
:10EE700040464946FEF7E2FA80468946DDE910231E
:10EE8000DDE90A01FEF792FC02460B464046494680
:10EE9000FEF7D6FA80468946DDE90C2350465946EE
:10EEA000FEF784FC02460B4640464946FEF7C8FA88
:10EEB000CDE9160122462B46DDE90601FEF776FC78
:10EEC00004460D46DDE90E23DDE90801FEF76EFC80
:10EED00002460B4620462946FEF7B2FA04460D4686
:10EEE000DDE90C23DDE90A01FEF760FC02460B4672
:10EEF00020462946FEF7A2FA04460D46DDE9102316
:10EF000050465946FEF752FC02460B46204629461B
:10EF1000FEF796FA80468946DDE9124522462B46E1
:10EF200020462946FEF742FC04460D46DDE914BCA6
:10EF30005A46634658466146FEF738FC02460B4681
:10EF400020462946FEF77CFA04460D46DDE916AB5D
:10EF500052465B4650465946FEF728FC02460B4691
:10EF600020462946FEF76CFA04460D4642464B46BB
:10EF700040464946FEF71AFC02460B462046294603
:10EF8000FEF75EFA41EC100B32F0ECFB55EC104B47
:10EF900041A3D3E9002320462946FEF797FE002827
:10EFA00041D022462B46DDE91201FEF729FDFEF78E
:10EFB000D5FE306022462B46DDE91401FEF720FD28
:10EFC000FEF7CCFE706022462B4650465946FEF7AF
:10EFD00017FDFEF7C3FEB06022462B464046494669
:10EFE000FEF70EFDFEF7BAFEF06020462946FEF75A
:10EFF000B5FE07EE900AB7EE007A77EEC77AF0EE2C
:10F00000E77A1F4BC3ED0A7A9FED1E7AF4EEC77ABA
:10F01000F1EE10FA04DD1C4B1B6813F0040F1AD13B
:10F0200018B0BDE8708F184B1B6813F0070F07D19D
:10F030004FF07E5333600023F360B3607360D4E716
:10F04000124B0293002001900090034601220E49CA
:10F0500032F023FEECE717EE900AFEF74FFBCDE906
:10F0600004010B4B03930B4B0293082301930020E5
:10F07000009003460422044932F00FFED0E700BF9F
:10F08000303600200AD7A33B1C3000200055050075
:10F0900098580500345505008DEDB5A0F7C6B03E73
:10F0A0002DE9F04F8DB009900D46174640F015FE42
:10F0B0004B0143EAD0634401241A63EB01039B0034
:10F0C00043EA9473A400241843EB0101C90041EA08
:10F0D0005471C4F3103444EA41444FEAD139012D4C
:10F0E00065D07D6829463C48FEF7F2FE28B12946E6
:10F0F0003A48FEF7EDFE002861D135A3D3E900239D
:10F1000020464946FEF77AFE80460A9130A3D3E9AD
:10F11000002320464946FEF771FE15461C46304A3C
:10F12000002328462146FEF769FE06460F462C4A74
:10F13000002328462146FEF761FE15461C464EF682
:10F140006022002328462146FEF758FE81460B9197
:10F150004EF66022002328462146FEF74FFE154654
:10F160001C464FF47A72002328462146FEF746FEDD
:10F1700083468A464FF47A72002328462146FEF7DA
:10F180003DFECDE90623CDF810B0CDF814A0CDF8A2
:10F1900008900B9A03920096019742460A9B1149E8
:10F1A000099834F08EFE00200DB0BDE8F08F2246A5
:10F1B0004B460D49099834F084FE0020F4E72A46B6
:10F1C0000A49099834F09BFE6FF00400ECE700BF99
:10F1D000005C260500000000386705003C6705005C
:10F1E00080EE36006067050024670500486705006B
:10F1F00010B5082140F6014011F036FFD8B10446A1
:10F2000008210C300EF004FD02460F4B93F8D83065
:10F2100013F0010F0BD10D484FF0005136F072FE84
:10F220000022214640F6014012F028FC10BD04A146
:10F23000D1E90001F2E76FF06800F7E7AFF3008073
:10F24000908800020080002090200020108800029A
:10F2500000B583B09FED0A7B8DED007B082903D9B3
:10F26000002003B05DF804FB0A460146684642F000
:10F27000CAF9DDE900013FF046FDF2E7AFF3008097
:10F28000000000000000000030B589B00C9D00288F
:10F290003FD00446002949D0D0F8200110F0010FDA
:10F2A00051D10020C4F80801C4F80C0104F588709D
:10F2B000C4F81001C4F8140104F58C70C4F81801E6
:10F2C000C4F81C01002D4BD0287900284AD1012018
:10F2D000C4F820019FED267B8DED067B0020049075
:10F2E0000393029001900094234B204628F0F0FDF8
:10F2F00055B1296811B1204628F0CCFC6B791BB1BF
:10F30000237B43F001032373204629F07DFE09B0DF
:10F3100030BD1A4C40F2DB2322461949194833F01C
:10F3200077FA40F2DB2120463DF0AFFD134C4FF45D
:10F33000377322461449134833F06AFA4FF4377191
:10F3400020463DF0A2FD0D4C40F2DD2322460F4940
:10F350000C4833F05DFA40F2DD2120463DF095FD8A
:10F360000120B5E740F20110B2E700BFAFF3008023
:10F37000FFFFFFFFFFFFFFFF516E0300780B06004A
:10F38000600C06006C2B0500680C0600700C060073
:10F390002DE9F04F476A97B08346209E08910C9262
:10F3A000129355EC104B8DED000B7FB910202FF010
:10F3B00071FF0246CBF8240020B9A74BEA21A748E9
:10F3C0003DF09FFBC0E901770760C760DBF82430A0
:10F3D000196859B15A680123584693404A608B60B6
:10F3E00030F00CFDDBF8243000221A602B1EB7BF72
:10F3F00023F00043002301220193A8BF3360019F43
:10F40000974BB8BF3260BB4319D142F20F73129AC7
:10F410001360C7F31303234300F0DB85219B53B92B
:10F42000904B21E0904B03930833219A136003988B
:10F4300017B0BDE8F08F8B4B03930333F5E79DEDD9
:10F44000007B0022002351EC170B8DED0A7BFEF7A9
:10F4500015FC804650B10123129A1360219B13B111
:10F46000824B219A1360824B0393E0E7C7F30A565D
:10F4700014AA15A958469DED0A0B30F047FF0290DB
:10F48000002E76D00B9BA6F2FF36CDF84C80C3F34E
:10F49000130343F07F53DDE90A0143F44013194697
:10F4A0000022744BFDF7CAFF65A3D3E90023FEF7E2
:10F4B0007DF965A3D3E90023FDF7C2FF04460D469D
:10F4C0003046FEF709F962A3D3E90023FEF76EF98F
:10F4D00002460B4620462946FDF7B2FF04460D467C
:10F4E000FEF714FC00220746002320462946FEF7BB
:10F4F000CFFB40B13846FEF7EFF822462B46FEF729
:10F50000BDFB00B9013F162F52D85B4B03EBC7037D
:10F51000DDE90A01D3E90023FEF7BAFB002849D050
:10F52000013F00231193149B9B1B5A1E4CBFC3F138
:10F5300001030023079245BF069300230693079318
:10F54000002F39DB079B10973B4407930023099357
:10F55000089B092B66D8052BC5BF043B002401245A
:10F560000893089B023B032B67D8DFE803F02D3A92
:10F570003859DDE914631E4406F23243202BC9BF1B
:10F58000C3F14003C3F120039F4006F21243D8BFEA
:10F5900004FA03F006F1FF36C4BF24FA03F347EA86
:10F5A0000300FEF789F80122A1F1F873139276E7C0
:10F5B0000123B7E71190B6E7069BDB1B06937B425E
:10F5C000099300231093C3E700230D930C9B002B9A
:10F5D00056DC012399461A4604930C920CE0012351
:10F5E000F3E700230D930C9BFB1803F1010904932F
:10F5F0004B46012BB8BF0123DBF824000021042275
:10F6000002F114059D423FD94160584630F0B6FBE7
:10F61000039000283BD1194B02464FF4D571CEE63A
:10F620000123DFE7012400230D9408934FF0FF33FB
:10F630000022994604931223CFE701230D93F5E7A7
:10F6400061436F63A787D23FB3C8608B288AC63FE8
:10F65000FB799F501344D33F831A06009A1A060081
:10F660000000F07F7F1A0600761A0600531A060083
:10F67000521A06000000F83F302A05000D1B060054
:10F680000C9B99460493B7E701315200B8E7DBF8C9
:10F690002430B9F10E0F039A1A606FD8002C6DD088
:10F6A000002F36DD07F00F02A04BF8054FEA2714B4
:10F6B00003EBC20393ED007B8DED0E7B17D59C4BC6
:10F6C00004F00F044FF00308D3E90823DDE90A0131
:10F6D000FEF796F9CDE90001954D5CB9DDE90E2301
:10F6E000DDE90001FEF78CF9CDE900012BE04FF0D8
:10F6F0000208F1E7E10709D508F10108DDE90E018B
:10F70000D5E90023FEF752F8CDE90E016410083563
:10F71000E3E700F007817C42844B854D4FF00208FF
:10F7200004F00F02241103EBC203DDE90A01D3E95F
:10F730000023FEF73BF80023CDE90001002C40F048
:10F74000E580002BD0D1119BDDE90045002B00F0B6
:10F750004C810022774B20462946FEF799FA002873
:10F7600000F04381B9F1000F00F03F81049B002BB2
:10F7700000F3E480DDE90A34CDE90034159B002B69
:10F7800002DB0E2F40F342820D9A002A40F067827E
:10F79000099C0025DDF81880B8F1000F0DD0079BFB
:10F7A000002B0ADD4345069AA8BF4346D21AA8EBB0
:10F7B00003080692079AD31A0793099B0BB30D9B74
:10F7C000002B00F0A682002C00F0A18229462246E0
:10F7D000584630F03DFC029A01460546584630F046
:10F7E0008DFB02990646584630F008FB099B1B1B0F
:10F7F000099300F09182099A3146584630F028FC6E
:10F8000002900121584630F063FB109B0446002B08
:10F8100000F084821A460146584630F019FC089BD5
:10F820000446012B03DC009B002B00F07C820026A9
:10F83000236904EB8303186942F03DF9C0F120000D
:10F840001096079B184410F01F0000F09182C0F141
:10F850002003042B40F38182C0F11C00069B03446B
:10F8600080440693079B03440793069B002B05DD0A
:10F870001A460299584630F045FC0290079B002B2F
:10F8800005DD21461A46584630F03CFC0446119BE3
:10F89000002B00F076822146029842F05BF90028A6
:10F8A00080F26F8200230A220299584630F0C8FA8B
:10F8B0000D9B7E1E0290002B00F05C8200232946E7
:10F8C0000A22584630F0BCFA049B0546002B03DCA4
:10F8D000089B022B00F35E82B8F1000F05DD29467C
:10F8E0004246584630F00EFC0546109B002B00F0B7
:10F8F000D0826968584630F041FA0746002840F047
:10F900007F820D4B024640F2EA2158E5E20706D518
:10F9100008F10108D5E90023FDF748FF0123641031
:10F9200008350BE74FF002080DE700BF302A05004D
:10F93000082A05000000F03F0D1B060020460022AB
:10F94000AC4B2946FDF732FF7E1E08F10108049CEE
:10F95000CDE900014046FDF7BFFEDDE90023FDF7DC
:10F9600025FFA54B0022FDF76BFDA1F15073CDE9FA
:10F970000E010F93002C3BD10022A04BDDE90001CA
:10F98000FDF75CFD02460B46CDE90023DDE90E23C1
:10F99000FEF79CF9002840F05781DDE90E2101F1C6
:10F9A0000043DDE90001FEF773F900283FF4E2AE01
:10F9B000002425460C9BDDF80CA0DE434FF0000828
:10F9C0002146584630F01AFA002D00F0A980B8F10F
:10F9D000000F05D0A84503D04146584630F00EFA36
:10F9E0002946584630F00AFA9AE03E464C46B1E7BE
:10F9F000834B03EBC40353E90201039B1C440D9B9F
:10FA0000002B4AD002460B4600207E49FDF7F8FF46
:10FA1000DDE90E23FDF712FDDDF80CA0CDE90E01A6
:10FA2000DDE90001FEF772F90546FDF755FE0246D5
:10FA300030350B46DDE90001FDF700FD0AF8015BFA
:10FA400002460B46CDE90001DDE90E01FEF73EF965
:10FA5000002865D100206C49DDE90023FDF7EEFCAC
:10FA600002460B46DDE90E01FEF730F9002840F0B2
:10FA70000D81A24500F0EA8000225E4BDDE90E0117
:10FA8000FDF794FE00225B4BCDE90E01DDE900019C
:10FA9000FDF78CFECDE90001C2E7DDE90E23FDF79D
:10FAA00085FEA046DDF80CA0CDE90E01DDE90001E0
:10FAB000FEF72CF90546FDF70FFE024630350B46E2
:10FAC000DDE90001FDF7BAFC0AF8015B02460B46CE
:10FAD000A245CDE900234FF0000223D1494BDDE9D7
:10FAE0000E01FDF7ADFC02460B46DDE90001FEF715
:10FAF000EDF8002840F0CA8000204249DDE90E23DD
:10FB0000FDF79CFC02460B46DDE90001FEF7C0F85C
:10FB100070B1C24608F1FF381AF8013C302BF8D01A
:10FB2000374655E0334BFDF741FECDE90001BDE717
:10FB3000DDE90A34CDE90034159B002BFFF628AE31
:10FB40000E2F3FF725AE2E4B03EBC70393ED007B43
:10FB50000C9B002B8DED047B02DAB9F1000F64D011
:10FB6000DDF80CA0DDE90045DDE904232046294647
:10FB7000FDF746FFFEF7CAF80646FDF7ADFDDDE9E5
:10FB80000423FDF713FE0246204606F130040B461F
:10FB90002946FDF753FC0AF8014B039C02460B462D
:10FBA000AAEB0404A14540F08280FDF749FC04461D
:10FBB0000D46DDE90423FEF789F8002865D12046CB
:10FBC0002946DDE90423FEF759F808B1F3075CD4B0
:10FBD0000299584630F012F9002301378AF80030B4
:10FBE000129B1F60219B002B3FF421ACC3F800A0A7
:10FBF0001DE400BF0000244000001C400000144031
:10FC0000302A05000000E03F0000F03FA24B03EB6C
:10FC1000C70393ED007B0C9B002B8DED047B9FDADB
:10FC2000B9F1000F9CDC7FF4C3AE00229B4BDDE9F1
:10FC30000401FDF7BBFDDDE90023FEF73DF80446B6
:10FC400000287FF4B5AE3E462546B4E0DDE90A342F
:10FC5000CDE90034159B002B01DB0E2FD6DD089A71
:10FC6000012A36DC139A82B303F23343099CDDF890
:10FC70001880069A012158461A440692079A1A4497
:10FC8000079230F025F9054686E53E4653469A46EA
:10FC900013F8012D392A06D1039A9A42F7D130225E
:10FCA000039901360A701A7801321A7038E7002277
:10FCB0007B4BFDF77BFD0022002304460D46FDF73C
:10FCC000DDFF00283FF450AF82E7149BC3F13603F9
:10FCD000CCE709F1FF34099BA34208DBB9F1000F1F
:10FCE000A3EB04040EDBDDF818804B46C1E7099B4B
:10FCF000109AE31A0994DDF8188000241A444B4640
:10FD00001092B6E7069BA3EB09080023B1E7029E19
:10FD100071E5099A029970E5029672E5089B012B3C
:10FD200017DC009BABB9019BC3F313039BB9019B89
:10FD300023F00046360D360536B1069B0126013309
:10FD40000693079B01330793109B002B7FF470AD44
:10FD50001096012075E50026F6E73FF486AD1C33CA
:10FD6000069A1A4498440692079A1A4407927CE528
:10FD70000346F4E7049B002B2BDC089B022B09DCD9
:10FD800027E0B9F1000F1DDC089B022B1ADD3E466F
:10FD9000CDF81090049B002B7FF40CAE2146052279
:10FDA000584630F04DF801460446029841F0D2FE24
:10FDB00000287FF7FFADDDF80CA0312301360AF8EB
:10FDC000013BFBE50D9B3E46CDF81090002B7FF4E8
:10FDD00083AD039F2146029841F0D2FD039B00F1C1
:10FDE0003009049A07F8019BFB1A9A4240F3CB8032
:10FDF00000230A220299584630F022F80290E9E7DF
:10FE00002A6905F10C010C300232920041F0FBFB33
:10FE100001223946584630F075F9039BA84605463D
:10FE200003F1010ADDE9032313440793009B03F068
:10FE3000010309930AF1FF3321460298049341F02C
:10FE40009FFD4146069000F13009029841F082FE84
:10FE50002A4621460746584630F0C0F9C268014696
:10FE600002B358462FF0CAFF002F3ADA0122029956
:10FE7000584630F047F92146029041F06BFE0028C9
:10FE800003DC29D119F0010F26D0B9F1390F1DD1AA
:10FE900032E02846C1E700BF302A050000001440C8
:10FEA000000024400A90029841F054FE0A990C90F8
:10FEB00058462FF0A3FF0C9A5ABB089B53B9099BD5
:10FEC00043B9B9F1390F17D0002F05DD069B03F1B7
:10FED000310901E0002F2ADADDF810A00AF8019BB1
:10FEE0006EE5089B3B4304D1009B03F00103002B0C
:10FEF000BCD0B9F1390F36D1049F392307F8013B43
:10FF0000BA46013F1AF8013C392B5AD001333B70F5
:10FF100056E5002F06DB089B3B4306D1009B03F010
:10FF2000010313B9002AA1DCD6E7002AE1DC079B14
:10FF300057460AF8019C53452ED000230A22029905
:10FF400058462FF07DFFA84502904FF000034FF078
:10FF50000A02414658460BD12FF072FF80460546F3
:10FF60000AF1010A66E7DDF810A009F10109B5E719
:10FF70002FF066FF2946804600230A2258462FF0BC
:10FF80005FFF0546ECE7049B4FF00008002BCCBF59
:10FF90001F460127039B1F4401220299584630F057
:10FFA000B1F82146029041F0D5FD0028A8DC02D12D
:10FFB00019F0010FA4D1BA4617F8013D302BFAD041
:10FFC000FEE4039BBB429BD13123039A013613709D
:10FFD000F6E4219B002B7FF425AA014BFFF744BADE
:10FFE000761A060010B543681C68012303FA01F174
:10FFF0000C4204D09AB18368DB68984710BD0A4C64
:020000040001F9
:1000000040F2636322460949094832F001FC09487D
:1000100032F0FEFB40F2636120463CF036FF83681D
:100020001B699847EAE700BFF82A05002C2B05005A
:100030006C2B05008C2B050038B5436805691C68DE
:1000400001238B401C4208D02C68234202D0B2FA14
:1000500082F25209FFF7C6FF38BD084C40F28C63AC
:1000600022460749074832F0D3FB074832F0D0FB5D
:1000700040F28C6120463CF008FF00BFF82A0500E2
:100080002C2B05006C2B05008C2B050010B582B0C5
:1000900043681B6801248C4023420AD001A931F037
:1000A00076FC20B9019B1C4214BF0120002002B045
:1000B00010BD084C40F2336322460749074832F02E
:1000C000A7FB074832F0A4FB40F2336120463CF026
:1000D000DCFE00BFF82A05002C2B05006C2B050068
:1000E0008C2B0500F8B586684768046912F0FC6F30
:1000F00033D1134602F03002302A3ED0504A1A4023
:10010000504DAA4249D003F00602042A55D013F4F8
:10011000402202D013F4003F5CD0B2F5402F69D0EA
:1001200013F4801F05D022B113F0010F01D083F426
:10013000402323F480123D684FF0010C0CFA01FCBF
:1001400015EA0C0F66D013F0010F73D023684CEA48
:100150000303236033689847F8BD3B4C40F2DE331D
:1001600022463A493A4832F053FB3A4832F050FBC3
:1001700040F2DE3120463CF088FE334C40F2E13361
:1001800022463549324832F043FB344832F040FBD6
:1001900040F2E13120463CF078FE2B4C40F2E53352
:1001A00022462F492A4832F033FB2E4832F030FBEA
:1001B00040F2E53120463CF068FE234C4FF47A7360
:1001C00022462949224832F023FB4FF47A71204617
:1001D0003CF05BFE1C4C40F2EB33224623491C48AA
:1001E00032F016FB224832F013FB40F2EB3120468E
:1001F0003CF04BFE144C40F2EF3322461D491448AC
:1002000032F006FB1C4832F003FB40F2EF3120468F
:100210003CF03BFE0C4C40F2FB33224617490C48A5
:1002200032F0F6FA164832F0F3FA40F2FB3120468B
:100230003CF02BFE236823EA0C0323608AE700BF0F
:100240000200030002000100F82A0500A02B0500AF
:100250006C2B0500002C0500242C0500602C0500EB
:10026000A02C0500E82C0500382D05006C2D05009C
:10027000B42D0500F02D0500342E05002C2B0500B3
:100280008C2B050070B58368456806699C69002C55
:1002900072D002F4C003B3F5C00F1DD063B302F0F7
:1002A000E863B3F1C86F37D002F0C863B3F5800FCD
:1002B00042D02D6801238B401D424DD012F4000F17
:1002C00004D035682B4201D082F0C0622C4B134021
:1002D00002F0B072A04770BD2A4C40F27A33224639
:1002E00029492A4832F094FA294832F091FA40F22A
:1002F0007A3120463CF0C9FD224C40F27E33224642
:100300002449224832F084FA234832F081FA40F23C
:100310007E3120463CF0B9FD1A4C40F28133224632
:100320001E491A4832F074FA1D4832F071FA40F250
:10033000813120463CF0A9FD124C4FF462732246F5
:100340001849124832F064FA174832F061FA4FF453
:10035000627120463CF099FD0A4C40F292332246ED
:1003600012490A4832F054FA114832F051FA40F278
:10037000923120463CF089FD6FF05700ABE700BF9B
:1003800040000006F82A0500602E05006C2B0500D1
:10039000A42E0500D02E0500FC2E0500282F0500F8
:1003A000AC2F0500003005004C3005002C2B05005B
:1003B0008C2B050008B507483FF02FF900B908BDA0
:1003C000054B1A7882F001021A7006210148FFF7E6
:1003D00033FEF4E7541E05002C910020F8B50746C3
:1003E0000E46002411E00A4D012206212846FFF79F
:1003F00023FE304631F006FB002206212846FFF797
:100400001BFE304631F0FEFA0134BC42EBDBF8BD96
:10041000541E0500F0B58DB07A4B1B6803F007033E
:10042000022B40F27581784B0293002001900090DE
:1004300003460322734931F0FBFA69E10390734BE1
:100440000293002001900090034601226D4931F093
:10045000EFFA69E100226E4BDDE90801FDF7A6F92C
:10046000FDF754FC01B218203CF00AFC5FE1039058
:10047000684B0293002001900090034601226149DD
:1004800031F0D6FA5FE10022614BDDE90A01FDF7A8
:100490008DF9FDF73BFC01B219203CF0F1FB55E171
:1004A0005D4CB4F90000FDF773FE0646B4F9020096
:1004B000FDF76EFE0546314616203CF0F3FB29465B
:1004C00017203CF0EFFBB4F90030B3F5FA7F30DDD4
:1004D000524A1368013313604F4BB3F90230B3F53E
:1004E000FA7F2ADD4E4A1368013313604B4B1B68B9
:1004F000132B26DD4B4A12781ABB4A4B01221A7085
:10050000494B00221A60494A1368013313603D4A7F
:10051000126802F00702022A40D90393444B029367
:1005200000200190009003460322364931F080FA02
:1005300034E03A4B00221A60CEE7394B00221A60B1
:10054000D4E7132B2ADC374B1B783BB3354B002207
:100550001A70354B1B68642202FB03F3354A1360A3
:1005600035490A681A440A60344981FB0340DF17A1
:10057000C7EBA0174FF47A7404FB173381FB020119
:10058000D017C0EBA11104FB11221E48006800F037
:100590000700022826D8244B00221A60204B1B6833
:1005A000132B57DD264A1278002A53D1244B0122FF
:1005B0001A70244B00221A60234A13680133136017
:1005C000104A126802F00702022A70D903931F4BE7
:1005D000029300200190009003460322094931F064
:1005E00027FA64E00692059104930397184B02934F
:1005F00000200190009003460322024931F018FACE
:10060000C9E700BFE02F002094300500B830050096
:1006100000002440E0300500D8550020D4550020CB
:10062000D055002029910020CC550020B455002041
:100630001C310500C4550020BC550020D34D62106C
:1006400028910020C8550020B055002090310500A9
:1006500048310500132B2ADC514B1B783BB3504B20
:1006600000221A704F4B1B68642202FB03F34E4AB0
:1006700013604E490A681A440A604D4981FB03041D
:10068000D817C0EBA4104FF47A7C0CFB103381FB1D
:100690000241D417C4EBA1110CFB1122454C246874
:1006A00004F00704022C6BD83E4B00221A60424B28
:1006B0001B781BB1414A136801331360384B1B7818
:1006C0001BB1384A1368013313603D4B19683D4B29
:1006D0001B6819443C4B19601A203CF0E3FA01F006
:1006E00079FF90B19DED080B01F084FF9DED0A0BA1
:1006F00001F0A0FF344B1B6800932B463246314972
:1007000009682F48006801F0B5FF642031F07AF9DC
:1007100008A831F0E7F900283FF49CAE254B1B6890
:1007200013F0070F7FF48AAE642031F06BF90AA84A
:1007300001F004FC00283FF4A6AE1E4B1B6813F02A
:10074000070F7FF494AE642031F05CF91F4B1868FA
:1007500083685C681E49A04700283FF4A1AE154B92
:100760001B6813F0070FBAD003901A4B02930020B6
:1007700001900090034601220E4931F059F9AEE78D
:100780000692059104930390134B0293002001906D
:10079000009003460322074931F04AF984E700BF7D
:1007A00028910020C8550020C0550020B8550020D1
:1007B000D34D6210E02F002029910020CC5500205D
:1007C000B4550020B0550020AC550020DC55002069
:1007D0000023002004310500BC31050070B5ECB0E9
:1007E000A84B1B6803F00703022B46D8A54B1B68D8
:1007F00003F00703022B4BD8A24B1B6803F007033F
:10080000022B50D89F4B1B6803F00703022B55D8CF
:100810009C4B1B6803F00703022B5AD8994B1B68AB
:1008200003F00703022B5FD8964B1B6803F0070306
:10083000022B64D8934B1B6803F00703022B69D883
:10084000904B1B6803F00703022B6ED88D4B1B687F
:1008500003F00703022B75D88A4B1B6803F00703CC
:10086000022B7AD864210220FFF7B8FD4FF47A708A
:1008700031F0C8F800242646E9E0834B02930020BB
:1008800001900090034603227E4931F0D1F8ADE794
:100890007E4B029300200190009003460322794989
:1008A00031F0C6F8A8E77A4B02930020019000903F
:1008B00003460322734931F0BBF8A3E7754B02935B
:1008C000002001900090034603226E4931F0B0F8F9
:1008D0009EE7714B02930020019000900346032293
:1008E000684931F0A5F899E76C4B0293002001901C
:1008F000009003460322634931F09AF894E7684B6D
:100900000293002001900090034603225D4931F0DC
:100910008FF88FE7634B029300200190009003460D
:100920000322584931F084F88AE7142303935E4B7D
:10093000029300200190009003460322514931F0B8
:1009400077F883E7594B029300200190009003460B
:1009500003224C4931F06CF87EE74B4B02930020A8
:100960000190009003460322464931F061F879E78F
:100970009DED0A0A20EE000ADDED0B7A67EEA77AFC
:1009800070EE277A9DED0C7A27EE077A77EE877A5C
:100990009DED0D0A20EE000A37EE800A30F016FFBA
:1009A000F7EE007A70EE677AF0EEE77A9FED407A24
:1009B000F4EEC77AF1EE10FA40D5751C1CAB03EBD0
:1009C000061C0AAB0FCB8CE80F003A4A82FB0432BC
:1009D000E317C3EB620303EB83039C4240F0878081
:1009E000284B1B6803F00703022B40F28280042C83
:1009F0001BDD092C1EDD304B0E2C18DC1A462F484F
:100A000014210891611C07912C49069105900492CC
:100A100003932B4B02930020019000900346032286
:100A2000184931F005F82E460DE0244BE4E71A464C
:100A30002148E5E7214A204B1046E1E7114B1B68AE
:100A400013F0060F40D1322030F0DCFF0134132CBC
:100A500051DC0AA802F042F9002889D0094A12683C
:100A600012F0070FF2D00490631C0393154B02930E
:100A700000200190009003460122024930F0D8FF87
:100A8000E4E700BFE02F0020E86A05000C32050013
:100A900088320500B83205003433050064330500A0
:100AA00094330500C4330500F433050024340500F5
:100AB000CDCC4C3D67666666043205000832050001
:100AC000C0340500A034050010EE100AFCF716FE35
:100AD000CDE90401631C03936B4B0293002001904A
:100AE000009003460222694930F0A2FFABE72E4690
:100AF000A9E72E46A7E7092E28DC644B1B6813F0F4
:100B0000070F0AD1614B1B6813F0070F13D1322175
:100B10000520FFF763FC6CB070BD142304930396AB
:100B20005B4B02930020019000900346012257493D
:100B300030F07EFFE6E7574B0293002001900090D3
:100B400003460122514930F073FFE0E731461CA80B
:100B500003F030FB58BB4D4B1B6803F00703022B1F
:100B60003BD84A4B1B6803F00703022B40D8474B86
:100B70001B6803F00703022B45D8444B1B6803F0A6
:100B80000703022B4DD8414B1B6803F00703022BD0
:100B900052D803F04DFA002865D03C4A126812F092
:100BA000060F54D1C8210320FFF718FCB3E7374ADA
:100BB000126812F0070F04D132210520FFF70EFC56
:100BC000A9E70390344B0293002001900090034664
:100BD00001222E4930F02CFFEEE7304B029300202B
:100BE0000190009003460322284930F021FFB8E726
:100BF0002B4B0293002001900090034603222349CF
:100C000030F016FFB3E7142304930396254B0293A9
:100C1000002001900090034603221C4930F008FF99
:100C2000ABE7214B02930020019000900346032282
:100C3000164930F0FDFEA6E7184B02930020019004
:100C4000009003460322114930F0F2FEA1E7039021
:100C5000164B0293002001900090034602220B499C
:100C600030F0E6FE9EE7094B1B6803F00703022BFA
:100C700098D90F4B02930020019000900346032265
:100C8000024930F0D5FE8DE7DC340500E02F00206E
:100C9000FC3405002035050044350500E86A0500F0
:100CA0006435050088350500A0350500D035050000
:100CB000F835050010B588B004466E4B1B6803F08C
:100CC0000703022B7CD86B4B1B6803F00703022B36
:100CD00017D92378002B7ED0674A012B7DD966492E
:100CE000022B7CD964480693059004910392634BD0
:100CF0000293002001900090034603225D4930F0EA
:100D000097FE5C4B1B6803F00703022B17D963782F
:100D1000002B66D0584A012B65D95749022B64D95C
:100D200055480693059004910392554B0293002079
:100D300001900090034603224E4930F079FE4D4B5E
:100D40001B6803F00703022B17D9A378002B4ED0A2
:100D5000494A012B4DD94849022B4CD946480693A4
:100D6000059004910392474B02930020019000905C
:100D7000034603223F4930F05BFE3E4B1B6803F005
:100D80000703022B39D86378022B05D8394B1B682F
:100D900003F00703022B3BD8A378022B0BD8354B6B
:100DA0001B6803F00703022B3DD8324B1B6803F08E
:100DB0000703022B42D82378012B4AD908B010BD73
:100DC000314B0293002001900090034603222949F1
:100DD00030F02EFE77E72D4A7FE72C4980E72B483D
:100DE00081E72A4A97E7294998E7284899E7274A57
:100DF000AFE72649B0E72548B1E7254B029300202D
:100E000001900090034603221A4930F011FEBAE720
:100E1000204B0293002001900090034603221549C5
:100E200030F006FEB8E71C4B0293002001900090C2
:100E3000034603220F4930F0FBFDB6E7174B029340
:100E4000002001900090034603220A4930F0F0FD93
:100E5000B1E7084B1B6803F00703022BAED9104B18
:100E6000029300200190009003460322014930F0D4
:100E7000DFFDA3E7E02F0020043205004036050027
:100E80005C3605007836050024360500083205007A
:100E900094360500BC360500F836050038370500E5
:100EA0006437050000B587B001F054FF98B102F037
:100EB000C1F948B3214A126812F0070F16D0039007
:100EC0001F4B0293002001900090034601221B4912
:100ED00030F0AEFD0AE005A801F0DAFE174B1B6802
:100EE00013F0060F05D105A8FFF7E4FE07B05DF883
:100EF00004FB144B02930020019000900346022251
:100F00000E4930F095FDEEE730F062FD0E4B1861B2
:100F10000A4B1B6803F00703022B04D8C8210320E7
:100F2000FFF75CFAE2E7094B029300200190009082
:100F300003460322014930F07BFDEFE7E02F00205C
:100F4000BC37050090370500E0550020DC37050070
:100F500010B584B0044630F03BFD534B1B68C31AF8
:100F600041F2873293425BD94F4B18602378012BB3
:100F700022D96378012B1FD9A378012B1CD9002318
:100F8000002B42D1484B1B79002B3ED0474B1B68AE
:100F900003F00703022B71D8434B00221A71237808
:100FA000022B32D96378022B2FD9A378022B2CD9AC
:100FB0003F4B01221A7028E03B4B1B79002BDFD1FD
:100FC0003C4A536901335361384B1B6813F0060FD9
:100FD00028D12046FFF76EFE64210320FFF7FEF9BB
:100FE000314B01221A71314B1B6803F00703022BAE
:100FF00023D82E4B1B6803F00703022B28D82B4B5A
:101000001B6803F00703022B2DD82278264B5B794F
:101010009A423ED0244B5A7162789A71A278DA7162
:1010200004B010BD244B02930020019000900346B1
:1010300002221E4930F0FCFCCBE7204B029300203B
:101040000190009003460322184930F0F1FCD0E7EC
:101050001B4B02930020019000900346032213498A
:1010600030F0E6FCCBE7174B029300200190009094
:10107000034603220D4930F0DBFCC6E7124B029316
:1010800000200190009003460322084930F0D0FC74
:1010900082E76178044B9B799942BBD1A178024BDE
:1010A000DB799942B6D1BBE7F8550020E02F00204C
:1010B0002A910020E0550020083805002838050056
:1010C0005838050078380500A038050010B584B000
:1010D0002748284B18603EF0A0FA90B1254B1868BD
:1010E00083681B68244998470446E8B9214B18686F
:1010F00083681B6821499847044638BB204604B0E2
:1011000010BD1F4B1B6803F00703022B02D86FF0C2
:101110001204F3E71B4B0293019000900346032255
:10112000174930F085FCF2E7154B1B6803F0070305
:10113000022BE3D90390144B0293002001900090FE
:10114000034603220E4930F073FCD7E70C4B1B68B3
:1011500003F00703022BD1D903900C4B029300201C
:101160000190009003460322054930F061FCC5E779
:10117000FC1E0500DC5500201C2300201423002049
:10118000E02F0020583A0500703A0500943A050017
:1011900010B586B0A24B1B6803F00703022B00F2C8
:1011A000D6809F4B1B6803F00703022B00F2DA8006
:1011B0009B4B1B6803F00703022B00F2DE80984B69
:1011C0001B6803F00703022B00F2E28095483EF013
:1011D00024FA002840F0E780914B1B6803F00703D6
:1011E000022B00F2FA808F483EF017FA002840F0F8
:1011F000FF8003F077F98A4B1B6803F00703022B8B
:1012000000F27C81884B1B680593012002F07AF87C
:1012100005A801F0F7FD0446002840F07A81804BD4
:101220001B6803F00703022B00F285817C4B1B68CF
:1012300003F00703022B00F28981794B1B6803F04E
:101240000703022B00F28D8102F030F8002840F0F5
:101250009D81734B1B6803F00703022B00F28C8106
:1012600003F01EF9002840F0F1816D4B1B6803F07C
:101270000703022B00F2E081642030F0C3FB01F091
:101280001FF9002800F00B82654A126812F0070F60
:1012900040F0EE81624B1B6813F0060F40F0F481C2
:1012A0005F4B1B6803F00703022B00F250825C4B7C
:1012B0001B6803F00703022B00F25482584B1B6893
:1012C00003F00703022B00F25882554B1B6803F012
:1012D0000703022B00F25C82514B1B6803F00703EB
:1012E000022B00F260824E4B1B6803F00703022BB7
:1012F00000F264824A4B1B6803F00703022B00F2E2
:101300006882474B1B6803F00703022B00F26C82D4
:10131000434B1B6803F00703022B00F27082404B23
:101320001B6803F00703022B00F274823C4B1B681E
:1013300003F00703022B00F27882394B1B6803F09D
:101340000703022B00F27C82204606B010BD374B0B
:10135000029300200190009003460322304930F0B0
:1013600067FB1EE7324B029300200190009003467A
:1013700003222B4930F05CFB1AE72E4B029300202E
:101380000190009003460322254930F051FB16E7F7
:10139000294B02930020019000900346032220492C
:1013A00030F046FB12E74FF4B011244830F005FB53
:1013B00000283FF411AF1A4A126812F0060F3FF4EA
:1013C0000BAF03901E4B0293002001900090034648
:1013D0000222134930F02CFBFEE61A4B0293002048
:1013E00001900090034603220D4930F021FBFAE6FC
:1013F0004FF48031144830F0E0FA48B3084B1B68D2
:1014000013F0060F3FF4F5AE0390104B029300204B
:101410000190009003460222014930F009FBE8E602
:10142000E02F0020541E050040270500B83A0500B3
:10143000383B0500683B0500983B05000444050067
:10144000183C05002C3C0500FC430500483C050009
:101450004FF0B86208219F48FEF714FF88B19E4BF9
:101460001B6813F0060F3FF4C4AE03909B4B02932E
:1014700000200190009003460222974930F0D8FAEC
:10148000B7E69749974B4B604FF480738B60914858
:1014900030F089FA904B1B6803F00703022B17D832
:1014A0008D4B1B6803F00703022B1CD88A4B1B686B
:1014B00003F00703022B7FF69CAE8B4B02930020B8
:1014C0000190009003460322834930F0B1FA90E680
:1014D000864B0293002001900090034603227E4930
:1014E00030F0A6FADCE7824B0293002001900090D6
:1014F00003460322784930F09BFAD7E77D4B0293ED
:1015000000200190009003460322734930F090FAC6
:1015100078E6714B1B6813F0070F3FF415AF03908B
:10152000754B0293002001900090034601226A4906
:1015300030F07EFA08E7714B029300200190009092
:1015400003460322644930F073FA6FE66C4B029352
:10155000002001900090034603225F4930F068FAB2
:101560006BE6684B02930020019000900346032233
:10157000594930F05DFA67E6634B029301900090A1
:1015800003460322544930F053FA69E6524B1B6874
:1015900003F00703022B23D84F4B1B6803F007030C
:1015A000022B28D84C4B1B6803F00703022B2DD8C5
:1015B000494B1B6803F00703022B32D8464B1B68CC
:1015C00003F00703022B7FF64BAE504B0293002033
:1015D00001900090034603223F4930F029FA3FE68C
:1015E0004B4B0293002001900090034603223A499E
:1015F00030F01EFAD0E7474B029300200190009094
:1016000003460322344930F013FACBE7424B0293EE
:10161000002001900090034603222F4930F008FA81
:10162000C6E73E4B02930020019000900346032240
:10163000294930F0FDF9C1E7394B02930190009040
:1016400003460322244930F0F3F915E6224B1B68C8
:1016500003F00703022B7FF60FAE324B02930020FC
:1016600001900090034603221B4930F0E1F903E6A4
:1016700003902D4B0293002001900090034601221D
:10168000154930F0D5F905E6284B0293002001906A
:10169000009003460222104930F0CAF900E60E4BD2
:1016A0001B6803F00703022B46D8214801F002F81B
:1016B000094B1B6803F00703022B7FF6F1AD1D4BAE
:1016C000029300200190009003460322024930F06B
:1016D000AFF9E5E5541E0500E02F0020603C050051
:1016E0000056002039190100CC3C0500843C05005F
:1016F000A43C0500FC3C05002C3D0500483D0500D0
:10170000743D0500A03D0500D83D0500D83E05000C
:10171000043E0500403E0500703E0500A43E050065
:10172000143F0500403F0500783F0500903F05004D
:101730008D180100D83F0500474B0293002001900F
:10174000009003460322454930F072F9ADE7444B5F
:101750000293002001900090034603223F4930F09D
:1017600067F9A4E53F4B02930020019000900346E7
:1017700003223A4930F05CF9A0E53B4B029300208C
:101780000190009003460322344930F051F99CE562
:10179000364B0293002001900090034603222F490C
:1017A00030F046F998E5324B02930020019000900A
:1017B00003460322294930F03BF994E52D4B02936F
:1017C00000200190009003460322244930F030F9B4
:1017D00090E5294B029300200190009003460322DC
:1017E0001E4930F025F98CE5244B0293002001902E
:1017F000009003460322194930F01AF988E5204B7E
:10180000029300200190009003460322134930F018
:101810000FF984E51B4B02930020019000900346D2
:1018200003220E4930F004F980E5174B02930020A3
:101830000190009003460322084930F0F9F87CE556
:10184000074B0293002001900090034603220349B6
:1018500030F0EEF878E500BFB43F0500E02F00203F
:10186000E86A0500B83A0500044005003840050064
:10187000B8400500EC40050020410500544105003A
:1018800088410500BC410500983B050000B585B0C6
:1018900004282FD0052804D0032817D005B05DF800
:1018A00004FB1F4B1B6803F00703022B03D81D4BDF
:1018B00001221A70F2E71C4B029300200190009065
:1018C00003460322164930F0B3F8F0E7144B1B68C7
:1018D00003F00703022B02D802F05AFADEE7134B9B
:1018E0000293002001900090034603220C4930F03F
:1018F0009FF8F1E70A4B1B6803F00703022B03D89C
:101900000B4B01221A70C9E70A4B02930020019089
:10191000009003460322024930F08AF8F0E700BF46
:10192000E02F00202B910020F0410500204205000F
:101930002A9100203842050000B585B030F048F803
:10194000234B1B68C31AC72B02D805B05DF804FBF4
:101950001F4B186008211F48FEF798FB012813D081
:101960001D4B01221A701D4B1B6803F00703022B4D
:10197000EBD91B4B029300200190009003460322F9
:10198000164930F055F8E0E74FF4FA6030F03AF8D5
:1019900008211048FEF77AFB0128E1D10F4B1B68A4
:1019A00003F00703022B07D80E4B01221A706421A3
:1019B0000520FEF713FDC8E70B4B029300200190B2
:1019C000009003460322054930F032F8ECE700BFEF
:1019D000A8550020541E05002B910020E02F002068
:1019E000904205002A910020604205002DE97043D5
:1019F00088B0964B1B6803F00703022B0CD800F04D
:101A000051F90446F8B1914B1B6813F0070F0ED142
:101A1000204608B0BDE870838D4B029300200190F2
:101A2000009003460322894930F002F8E7E703906B
:101A3000884B0293002001900090034601228349C5
:101A40002FF0F6FFE4E700F039F9044680B17F4B50
:101A50001B6813F0070FDBD003907F4B029300202D
:101A6000019000900346012278492FF0E1FFCFE773
:101A700000F0F4F9044680B1744B1B6813F0070FB3
:101A8000C6D00390754B029300200190009003464E
:101A900001226E492FF0CCFFBAE700F027FA044686
:101AA00080B16A4B1B6813F0070FB1D003906C4BE9
:101AB00002930020019000900346012263492FF019
:101AC000B7FFA5E700F026F9044680B15F4B1B681D
:101AD00013F0070F9CD00390624B029300200190FB
:101AE00000900346012259492FF0A2FF90E7FFF72B
:101AF000EDFA044680B1554B1B6813F0070F87D0F1
:101B00000390594B0293002001900090034601225C
:101B10004E492FF08DFF7BE7FFF73AFB0446F8B103
:101B20004A4B1B6813F0070F0ED150483DF075FD6E
:101B300000283FF46DAF64210320FEF74FFC4FF403
:101B4000FA602FF05FFFF6E70390494B0293002005
:101B500001900090034601223C492FF069FFE4E721
:101B60003A4B1B6803F00703022B4DD801F0F2FB40
:101B70004FF000084FF000093E4ECDE906890223E0
:101B800004930523039300250295019500953A4B94
:101B90004FF480523949304626F09AF93849304698
:101BA00026F078F8374ECDE906890495062303938D
:101BB000029501950095344B4FF40062334930464D
:101BC00026F086F93249304626F064F81F4B1B6830
:101BD00003F00703022B22D81C4B1B6803F00703FA
:101BE000022B27D8194B1B6803F00703022B7FF643
:101BF0000FAF284B02930020019000900346032270
:101C000012492FF015FF03E7234B029300200190A8
:101C10000090034603220D492FF00AFFA6E71F4B51
:101C200002932846019500952B46032207492FF081
:101C3000FFFED1E71A4B029300200190009003466B
:101C4000032202492FF0F4FECCE700BFE02F002072
:101C500094300500B8420500D0420500EC42050072
:101C60000C4305002443050038430500541E0500BD
:101C7000504305002835002009E30000C0990020EA
:101C80009C430500203400201504010080910020B1
:101C9000A8430500E86A050078430500B443050041
:101CA000DC43050008B504483DF0B7FC08B100204E
:101CB00008BD6FF01200FBE7441F050000B583B0BC
:101CC00006236A4688210F482FF0FCFEB8B99DF81C
:101CD00000309DF8012043EA02230B4A13809DF84F
:101CE00002309DF8032043EA0223084A13809DF83E
:101CF00004309DF8052043EA0223054A138003B00F
:101D00005DF804FB1444050022910020209100207E
:101D10001E91002000B583B042F2F473ADF8043098
:101D20007723022201A903482FF0A8FE03B05DF833
:101D300004FB00BF441F05002DE9F843FBF7CCFC72
:101D400006460F4600222F4BFBF730FD04460D469A
:101D50002D4B1888FBF7B0FC8046894600222B4BA0
:101D6000FBF724FD02460B4620462946FBF766FB9F
:101D700004460D46264BB3F90000FBF7ADFC0246C6
:101D80000B4620462946FBF711FD04460D4600226E
:101D9000204B30463946FBF709FD06460F46002228
:101DA0001D4B40464946FBF701FD02460B463046B7
:101DB0003946FBF743FB02460B46FBF7F7FC0646AA
:101DC0000F46164BB3F90000FBF786FC02460B46A4
:101DD00030463946FBF7EAFC02460B4620462946C8
:101DE000FBF72EFB04460D46FBF790FF0C4B1860EB
:101DF00000220C4B20462946FBF702FE41EC100B5B
:101E0000BDE8F8830000103F229100200000503F01
:101E1000209100200000E03E0000203F1E910020A5
:101E20000C5600200000B44010B582B004460323D5
:101E300001AAFA2108482FF045FE58B99DF8042060
:101E40009DF805301B0143EA02339DF8062043EA62
:101E50001213236002B010BD1444050000B585B014
:101E6000012303AAA1211A482FF02CFE10B105B0BE
:101E70005DF804FB9DF80C20164B1A70072301AA8D
:101E8000E12113482FF01EFE0028F0D19DF8052017
:101E90009DF8043043EA02230F4A13809DF8062080
:101EA0000E4B1A709DF807109DF8083003F00F02D2
:101EB00042EA01120A490A809DF809201B0943EAF7
:101EC0000213084A13809DF90A20074B1A70CEE7C7
:101ED000144405002F9100201C9100202E91002019
:101EE0001A910020189100202D91002000B583B098
:101EF0004FF4F973ADF804307723022201A90348A7
:101F00002FF0BCFD03B05DF804FB00BF441F0500CB
:101F100010B582B00446022301AAFD2106482FF025
:101F2000D1FD30B99DF804209DF8053043EA022325
:101F3000236002B010BD00BF144405002DE9F04F2E
:101F400085B0064603A8FFF7E3FF0746002840F0E8
:101F5000A180524B1868FBF7BFFB0022504BFBF7E8
:101F60006DFA04460D464F4BB3F90000FBF7B4FB86
:101F700000224D4BFBF71AFC804689464B4BB3F9C8
:101F80000000FBF7A9FB0022494BFBF70FFC2246A0
:101F90002B46FBF70BFC02460B4640464946FBF737
:101FA0004FFA804689460398FBF796FB42464B461C
:101FB000FBF744FACDE900013E4BB3F90000FBF713
:101FC0008BFB00223C4BFBF7F1FB82468B463B4BE5
:101FD00093F90000FBF780FB0022394BFBF7E6FB8F
:101FE00022462B46FBF7E2FB80468946354B1878A4
:101FF000FBF762FB0022324BFBF7D8FB22462B4655
:10200000FBF7D4FB0022304BFBF71AFA02460B46D3
:1020100040464946FBF7CAFB00222B4BFBF710FA60
:1020200002460B4650465946FBF7C0FB02460B469C
:10203000DDE90001FBF7BAFB04460D46234B187897
:10204000FBF73AFB22462B46FBF7B0FB00224FF092
:102050007B53FBF7ABFB02460B4600201A49FBF70C
:10206000EDF922462B46FBF7A1FB04460D46002264
:10207000174BFBF72BFE48B90022002320462946C8
:10208000FBF706FE20B10024002501E00024104DDE
:10209000C6E90045384605B0BDE8F08F0C56002073
:1020A00000C0F2401A91002000005040189100201A
:1020B0000000103F1C9100200000F03E2D910020F8
:1020C0000000503E2E9100200000F03F2F91002094
:1020D00000005940012914BF00210121014B197052
:1020E000704700BF30910020012914BF0021012159
:1020F0000E4B19700E4B1B6803F00703022B13D90C
:1021000000B585B071B10B4B03930B4B02930020CC
:10211000019000900346032205492FF0F4FC05B01E
:102120005DF804FB054BEFE7704700BF31910020DD
:10213000642F0020344D0500284405001C44050090
:10214000012914BF002101210E4B19700E4B1B6891
:1021500003F00703022B13D900B585B071B10B4B07
:1021600003930B4B0293002001900090034603223F
:1021700005492FF0C8FC05B05DF804FB054BEFE7FF
:10218000704700BF32910020642F0020344D0500BD
:10219000404405001C44050030B587B04A4B1B681D
:1021A00003F00703022B11D811F0A4FC054638B147
:1021B00010F1780F04D0444B1B6813F0040F10D1BA
:1021C0004FF4FA702FF0AEFC002435E03F4B029341
:1021D000002001900090034603223B492FF093FC1E
:1021E000E2E704903A4B03933A4B0293082301939E
:1021F000002000900346042233492FF084FCDFE7DF
:10220000314B1B6803F00703022B4ED9324B02936C
:1022100001900090034603222B492FF074FC44E008
:10222000294B1B6813F0060F21D111F063FC4FF40A
:10223000FA702FF077FC0134022C31DC002300937C
:1022400002222649264811F025FC05460028D7D051
:1022500010F1780FE4D01C4B1B6813F0060F11D15E
:10226000012CE8DC4FF47A702FF05CFCE3E71D4BA7
:1022700002930020019000900346022212492FF0A1
:1022800042FCD2E70490631C0393174B0293002097
:1022900001900090034602220B492FF034FCDFE747
:1022A000094B1B6813F0070F02D1284607B030BD59
:1022B00003950E4B029300200190009003460122EB
:1022C00001492FF020FCF0E7642F00205C4405005A
:1022D0006C47050084440500C0440500902500209B
:1022E000B4250020EC4405001C45050048450500C8
:1022F00000B585B00A4B1B6803F00703022B04D816
:10230000FFF74AFF05B05DF804FB064B029300207F
:10231000019000900346032201492FF0F4FBEFE700
:10232000642F00207C450500F0B58BB004460D46B7
:1023300016460378032B38D8DFE803F002212B314F
:102340001D4B93E803000790ADF82010090C8DF8A1
:10235000221063792279E178A07867780DF11C0C5E
:10236000CDF814C004970390029101920093A379D1
:10237000124A314628462FF0FAFF0BB0F0BD104B41
:1023800093E803000790ADF82010090C8DF8221097
:10239000DFE70C4A07AB07CA03C31A80D9E70A4A2A
:1023A00007AB07CA03C31A80D3E7084A0A2107A864
:1023B0002FF0DDFFCDE700BFB4450500C4450500A3
:1023C000BC450500E8450500F4450500D8C40500F6
:1023D00010B58EB00C4634F089FD1E2206A9FFF719
:1023E000A3FF154B1B6803F00703022B16D8134BF2
:1023F000186820B112F08EFE104B00221A600023E4
:102400000F4A13700F4A13700F4A13704FF4804233
:1024100000230E4825F0F2F90EB010BD049406AB6F
:1024200003930B4B0293002001900090034603227C
:1024300001492FF068FBDAE7642F002014560020D2
:1024400032910020319100203091002000200020A6
:102450000046050000B585B0A9B1154A126812F012
:10246000070F04D1FFF798FE05B05DF804FB039158
:10247000104B0293002001900090034601220C496A
:102480002FF041FBEEE712F067FD0B4B1860084B95
:102490001B6803F00703022BE6D9084B02930020C8
:1024A000019000900346032201492FF02CFBDBE74B
:1024B000642F00202C4605001456002044460500D9
:1024C00010B584B0334B1B6803F00703022B1DD8F3
:1024D00000200FF0EBFE044618BB2E4B1B6803F0E8
:1024E0000703022B2ED80023009302222A492B48EF
:1024F00011F0D0FA044600282FD1264B1B6803F0B8
:102500000703022B3AD8204604B010BD244B029397
:10251000002001900090034603221E492FF0F3FA99
:10252000D6E71C4B1B6813F0070FECD003901D4B34
:1025300002930020019000900346012215492FF0DC
:10254000E2FAE0E7184B0293002001900090034666
:10255000032210492FF0D7FAC5E70E4B1B6813F082
:10256000070FD0D00390114B0293002001900090F0
:102570000346012207492FF0C6FAC4E70C4B029329
:102580000020019000900346032202492FF0BBFA7D
:10259000B9E700BF642F002090250020B42500205B
:1025A000584605007846050094460500AC460500EF
:1025B000CC460500054B1B7823B9054B1B781BB196
:1025C00001207047012070470020704732910020A1
:1025D00031910020054B1B7833B1054B1B680BB1C3
:1025E0000120704700207047002070473091002084
:1025F0001456002030B587B055EC104BFFF7EAFFBA
:1026000078B1CDE90045084A102102A82DF060FA02
:1026100083B202AA0549064800682FF099FA07B06C
:1026200030BD6FF07F00FAE7244705000C48050035
:102630001456002030B587B055EC104BFFF7CAFF99
:1026400078B1CDE90045084A102102A82DF040FAE2
:1026500083B202AA0549064800682FF079FA07B04C
:1026600030BD6FF07F00FAE72C47050048480500B1
:102670001456002030B58BB004460D46FFF7AAFF74
:1026800078B100952346084A202102A82DF020FAAF
:1026900083B202AA0549064800682FF059FA0BB028
:1026A00030BD6FF07F00FAE734470500844805002D
:1026B000145600200B4B18600B4B1B6803F00703EC
:1026C000022B00D8704700B585B0084B029300205C
:1026D000019000900346032203492FF014FA05B03D
:1026E0005DF804FB10560020642F002048470500C9
:1026F00000B583B08DF804008DF80510054B1B78EC
:10270000022201A9044800682FF04BFA03B05DF8DB
:1027100004FB00BFED2E00203056002000B585B030
:102720008DF80F000192009101230DF10F02044971
:102730000978044800682FF042FA05B05DF804FB00
:10274000ED2E00203056002098B500AF1346541CE3
:10275000083303F4FC73ADEB030D6B4603F8010B78
:1027600018463EF050FF054B1B7822466946044848
:1027700000682FF016FABD4698BD00BFED2E002070
:102780003056002030B587B0324B1B78002B5BD021
:10279000044600285BD001220DF117013D20FFF710
:1027A000BDFF054610B1284607B030BD00213D20D1
:1027B000FFF79EFF05460028F5D119202FF019FAE2
:1027C0000622214655202FF010FA0546D0B19DF87B
:1027D00017103D20FFF78CFF19202FF00AFA002D6B
:1027E000E1D11D4B1B6803F00703022BDBD91B4B08
:1027F00002930020019000900346032216492FF017
:102800000EFAD0E70622A1185B202FF0EEF905465C
:102810000028DCD1062204F10C0161202FF0E5F93B
:1028200005460028D3D1022204F1120167202FF0BF
:10283000DCF905460028CAD1022204F114016920FE
:102840002FF0D3F90546C2E76FF01505ABE76FF03F
:102850001505A8E737910020682F0020D44905000E
:1028600030B587B0344B1B78002B5FD0044600286E
:102870005FD001220DF117013D20FFF74FFF054604
:1028800010B1284607B030BD00213D20FFF730FFD2
:1028900005460028F5D119202FF0ABF90622214674
:1028A0005520FFF751FF054698B19DF817103D20C0
:1028B000FFF71EFF19202FF09CF9002DE1D11F4BCF
:1028C0001B6803F00703022B25D81D4B01221A7049
:1028D000D7E70622A1185B20FFF736FF0546002840
:1028E000E3D1062204F10C016120FFF72DFF05461C
:1028F0000028DAD1022204F112016720FFF724FF39
:1029000005460028D1D1022204F114016920FFF705
:102910001BFF0546C9E70B4B029300200190009076
:102920000346032205492FF07AF9CEE76FF015052B
:10293000A7E76FF01505A4E737910020682F002066
:1029400035910020004A050030B585B00546194B89
:10295000186858B13CF061FE40B100213D20FFF7FE
:10296000C7FE044628B1204605B030BD6FF01504FF
:10297000F9E719202FF03DF929463D20FFF7B8FE71
:1029800004460028EFD119202FF033F90A4B1D70AF
:102990000A4B1B6803F00703022BE4D90395084B8D
:1029A00002930020019000900346032203492FF078
:1029B00036F9D8E730560020EC2E0020682F002092
:1029C000304A050030B587B0394B1B78002B68D0F2
:1029D0000446002868D0062204A91A202FF005F921
:1029E0000546A0BB9DF810309DF81120120212B2CE
:1029F000134307EE903A9DF812309DF8132012020F
:102A000012B21A439DF814309DF81500000200B26E
:102A100003432848007858B3F8EEE77A9FED267A0A
:102A200067EE877AC4ED007A07EE902AF8EEE77A2F
:102A300067EE877AC4ED017A07EE903AF8EEE77A0E
:102A400067EE877AC4ED027A284607B030BD1B4B8B
:102A50001B6813F0070FF7D00390194B0293002067
:102A6000019000900346012214492FF0D8F8EBE7BB
:102A7000F8EEE77A9FED137A67EE877AC4ED007A75
:102A800007EE902AF8EEE77A67EE877AC4ED017ACE
:102A900007EE903AF8EEE77A67EE877AC4ED027AAD
:102AA000D2E76FF01505CFE76FF01505CCE700BF53
:102AB0003791002036910020B4A2913A682F00206F
:102AC0004C4A05000000803D254B1B78002B41D06F
:102AD00010B582B0044600283FD006226946142073
:102AE0002FF083F888BB9DF800309DF8012012027A
:102AF00012B2134306EE903A9DF802309DF803207F
:102B0000120212B2134307EE103A9DF804309DF8FA
:102B10000520120212B2134307EE903A114B1B78B4
:102B2000ABB19FED116AF8EEE66A66EE866AC4ED17
:102B3000006AB8EEC77A27EE067A84ED017AF8EEDD
:102B4000E77A67EE867AC4ED027A02B010BD9FED97
:102B5000076AE8E76FF0150070476FF01500F4E7BB
:102B60003791002036910020B4A2913A0000803DB8
:102B7000214B1B78D3B310B582B00446C8B30622EC
:102B8000694608202FF031F870BB9DF800309DF8A1
:102B90000120120212B2134306EE903A9DF8023061
:102BA0009DF80320120212B2134307EE103A9DF86B
:102BB00004309DF80520120212B2134307EE903A3A
:102BC000F8EEE66A9FED0D6A66EE866AC4ED006A6D
:102BD000B8EEC77A27EE067A84ED017AF8EEE77A46
:102BE00067EE867AC4ED027A02B010BD6FF0150070
:102BF00070476FF01500F7E7379100200AD7233CA4
:102C0000214B1B78D3B310B582B00446C8B306225B
:102C100069460E202EF0E9FF70BB9DF800309DF84C
:102C20000120120212B2134306EE903A9DF80230D0
:102C30009DF80320120212B2134307EE103A9DF8DA
:102C400004309DF80520120212B2134307EE903AA9
:102C5000F8EEE66A9FED0D6A66EE866AC4ED006ADC
:102C6000B8EEC77A27EE067A84ED017AF8EEE77AB5
:102C700067EE867AC4ED027A02B010BD6FF01500DF
:102C800070476FF01500F7E7379100200000803D96
:102C9000114B1B78CBB110B582B00446C0B10122F4
:102CA0000DF107013520FFF739FD60B99DF80730B8
:102CB0009A092270C3F301126270C3F38102A270F9
:102CC00003F00303E37002B010BD6FF0150070470E
:102CD0006FF01500F7E700BF3791002038B51C4BA7
:102CE0001B7873B3044678B3FBF7BAFD054608B109
:102CF000284638BD04F11000FFF764FE05460028A1
:102D0000F6D104F11C00FFF7DFFE05460028EFD1E5
:102D100004F12800FFF72CFF05460028E8D104F154
:102D20003400FFF76DFF05460028E1D104F14000B3
:102D3000FFF7AEFF05460028DAD12EF07FFF606472
:102D4000D6E76FF01505D3E76FF01505D0E700BFA4
:102D50003791002000B583B001A8FFF799FF98BB19
:102D600003461A4A1178A1F10B02D2B2012A0AD9FC
:102D7000092908D00A2906D09DF80420032A19D071
:102D800003F0010005E09DF80420032A04D003F0BD
:102D9000010003B05DF804FB9DF80520032AF6D17D
:102DA0009DF80620032AF2D19DF80720032AEED1D0
:102DB0000123ECE79DF80520032AE1D19DF80620C8
:102DC000032ADDD10123DBE70020E2E7EC2E00201F
:102DD0000B4B1B787BB110B50C4628B10122014684
:102DE0003920FFF79BFC28B944B1012221463A2043
:102DF000FFF794FC10BD6FF0150070470020F9E755
:102E00003791002030B589B0044600238DF81E307C
:102E10008DF81D309B4B1B6803F00703022B46D82F
:102E200099489A4B18603CF0F8FB00284AD0227869
:102E3000974B1A70E178974B19706178964B19701F
:102E4000904B1B6803F00703022B4DD801220DF1B4
:102E50001F010020FFF762FC0546002850D19DF8B5
:102E60001F20A02A60D1874B1B6803F00703022BA9
:102E700070D8844B1B6803F00703022B76D82021FF
:102E80003F20FFF735FC054600287AD07D4B1B68B4
:102E900013F0070F39D00390804B0293002001906C
:102EA00000900346012277492EF0B9FE2DE07C4BBD
:102EB00002930020019000900346032271492EF0F6
:102EC000AEFEADE76F4B1B6813F0070F02D16FF03A
:102ED00012051AE0734B0293019000900346012201
:102EE00068492EF09CFEF2E703926F4B029300209C
:102EF000019000900346032262492EF090FEA5E760
:102F0000604B1B6813F0070F02D1284609B030BD93
:102F10000390664B0293002001900090034601222B
:102F200058492EF07CFEF0E7564B1B6813F0070F54
:102F300002D16FF01505E8E7A023049303925C4BE0
:102F40000293002001900090034601224D492EF08B
:102F500066FEEEE70392574B02930020019000902B
:102F60000346032247492EF05AFE82E7524B029352
:102F70000020019000900346032242492EF04FFEAC
:102F80007DE740F2EE202EF034FE01220DF11F010C
:102F90000020FFF7C3FBD0B99DF81F30A02B16D13E
:102FA00000213D20FFF7A4FB054618B3354B1B68F5
:102FB00013F0070FA9D00390404B0293002001901B
:102FC0000090034601222F492EF029FE9DE72D4B4C
:102FD0001B6813F0070F02D16FF0040595E7384B1B
:102FE00002930020019000900346012225492EF013
:102FF00016FEF1E719202EF0FCFD264B1B78002B66
:1030000031D100213B20FFF773FB20B11D4A12682C
:1030100012F0060F29D1A378002B57D100213E20B2
:10302000FFF766FB20B1174A126812F0060F78D13D
:103030000A202EF0DEFD6078FFF786FC05460028AA
:103040007BD0104B1B6813F0070F3FF45EAF03906B
:103050001C4B029300200190009003460122094975
:103060002EF0DDFD51E70221CCE70390164B0293D1
:103070000020019000900346022202492EF0CFFD6D
:10308000C9E700BF682F0020441F0500305600200C
:10309000ED2E002036910020EC2E00207C4C050007
:1030A0008C4B0500BC4B0500D44B0500F84B0500CC
:1030B000144C0500404C0500684C0500B44C05005C
:1030C000904C05005C4D0500D44C050080213F204C
:1030D000FFF70EFBA0B14B4A126812F0060F03D1A6
:1030E0000A202EF086FD99E70390474B02930020BB
:1030F000019000900346022242492EF090FDEFE736
:10310000404B1B6803F00703022BE9D93F4B0293A6
:10311000002001900090034603223A492EF07FFDE3
:10312000DEE703903A4B02930020019000900346A3
:10313000022234492EF073FD7AE764202EF059FD07
:103140000DF11D010DF11E00FFF742FE68B92D4B78
:103150001B6803F00703022B29D89DF81D3023B10B
:10316000284A126812F0060F31D12A4B01221A7038
:10317000244B1B6803F00703022B34D8214B1B6838
:1031800003F00703022B7FF6C0AE6378082B37D01D
:103190000C2B33D0204B0393204B02930020019043
:1031A00000900346032217492EF039FDADE69DF845
:1031B0001D3004939DF81E300393194B0293019028
:1031C0000090034603220F492EF029FDC5E7039323
:1031D000144B0293002001900090034602220949FB
:1031E0002EF01DFDC1E7104B0293002001900090CE
:1031F0000346032203492EF012FDBFE70B4BCAE73B
:103200000B4BC8E7682F0020EC4C0500144D05005F
:103210003C4D0500379100205C4B0500E84D050052
:10322000744D05009C4D0500C44D0500784B05000C
:10323000644B050010B584B0FFF78CFD80B11648D3
:10324000FFF7A0FA044640B9144B01221A70144B40
:103250001B6803F00703022B14D8204604B010BDEE
:103260000F4B1B6813F0060F02D16FF01504F4E743
:103270000C4B0293019000900346022208492EF065
:10328000CEFCF2E7084B0293019000900346032224
:1032900003492EF0C4FCE0E71856002034910020CA
:1032A000682F0020F44D05002C4E050000B585B0B8
:1032B0000F4B1B782BB10F48FFF7D2FA05B05DF822
:1032C00004FB0D4B1B6813F0040F02D16FF03C00A0
:1032D000F4E70A4B03930A4B02930823019300205F
:1032E00000900346042204492EF099FCEEE700BF4B
:1032F0003491002018560020682F0020305405001B
:10330000584E05000E4B18700E4B1B6803F0070358
:10331000022B13D900B585B070B10B4B03930B4B47
:1033200002930020019000900346032205492EF0ED
:1033300076FC05B05DF804FB054BEFE7704700BF76
:1033400033910020682F0020344D0500844E050085
:103350001C44050030B5A1B05A4B1B78002B42D05D
:10336000594B1B6803F00703022B4FD8564B1B68C1
:1033700003F00703022B54D8534B1B6803F00703D9
:10338000022B59D80DF17E010DF17F00FFF720FDD2
:10339000044600285BD14C4B1B6803F00703022B4B
:1033A00069D8494B1B6803F00703022B71D89DF8BD
:1033B0007E30002B00F0A080434B1B6813F0060FFB
:1033C00075D19DF87E30013B092B00F26982DFE860
:1033D00013F08D00B701C801D901010212022302C6
:1033E000340245025602384B1B6813F0070F02D116
:1033F0006FF0150430E0354B0293002001900090EF
:103400000346012230492EF00AFCF1E7304B0293CB
:10341000002001900090034603222B492EF0FFFB71
:10342000A4E72C4B02930020019000900346032256
:1034300025492EF0F4FB9FE7274B029300200190D3
:1034400000900346032220492EF0E9FB9AE71E4B29
:103450001B6813F0070F02D1204621B030BD039046
:103460001E4B029300200190009003460122164952
:103470002EF0D5FBF0E79DF87F300393184B0293B5
:10348000002001900090034603220F492EF0C7FB55
:1034900087E79DF87E300393124B02930020019042
:1034A00000900346032208492EF0B9FB7FE70E4B3C
:1034B00002930020019000900346022202492EF060
:1034C000AEFB7EE737910020682F0020B04E05004C
:1034D000B83A0500C84E0500983B0500F84E0500B7
:1034E000184F0500304F0500484F0500AE4B1B68D4
:1034F00013F0070F40F019811EA8FFF7C9FB04461F
:10350000002840F0DE81A94B1D780B3DEDB2A64BA3
:103510001B6803F00703022B00F2E581A24B1B6836
:1035200003F00703022B14D99DF87830032B00F029
:10353000E581012B40F2E4819D4A049203939D4B67
:1035400002930020019000900346032296492EF03A
:1035500066FB954B1B6803F00703022B14D99DF8FB
:103560007930032B00F0CE81012B40F2CD81904ABF
:1035700004920393904B0293002001900090034625
:10358000032289492EF04BFB874B1B6803F007038E
:10359000022B14D99DF87A30032B00F0B781012B50
:1035A00040F2B681824A04920393844B0293002036
:1035B00001900090034603227B492EF030FB012D41
:1035C00040F2A881784B1B6803F00703022B00F23E
:1035D000C0810CA8FFF782FB0446002840F0C4819C
:1035E000714B1B6803F00703022B00F2CF816E4B77
:1035F0001B6803F00703022B00F2D3819DED0C0A38
:1036000020EE000ADDED0D7A67EEA77A70EE277ADC
:103610009DED0E7A27EE077A77EE877A9DED0F0AF9
:1036200020EE000A37EE800A2EF0D0F810EE100AD5
:103630005D4B1B6803F00703022B00F2D1815A4B4C
:103640001B6803F00703022B00F2D981564B1B685D
:1036500003F00703022B00F2DD81534B1B6803F0DC
:103660000703022B00F2E6814F4B1B6803F00703B0
:10367000022B00F21B824C4B1B6803F00703022B4A
:1036800000F22482484B1B6803F00703022B00F270
:1036900028829DED160A20EE000ADDED177A67EE0E
:1036A000A77A70EE277A9DED180A20EE000A37EE11
:1036B000800A2EF08BF810EE100A3B4B1B6803F0CB
:1036C0000703022B00F22782374B1B6803F0070326
:1036D000022B00F22F82344B1B6803F00703022BEE
:1036E00000F23382012D40F24A822F4B1B6803F017
:1036F0000703022B00F29E822B4B1B6803F007038B
:10370000022B00F2A282284B1B6803F00703022B56
:103710007FF6A2AE2A4B0293002001900090034650
:10372000032221492EF07BFA96E6264B02930020D5
:1037300001900090034601221B492EF070FADBE64F
:10374000194B1B6813F0070F3FF4D6AE1E4B0293C4
:103750000020019000900346012213492EF05FFAE9
:10376000CAE6114B1B6813F0070F3FF4C5AE174BA9
:103770000293002001900090034601220A492EF096
:103780004EFAB9E6084B1B6813F0070F3FF4B4AECE
:103790000F4B029300200190009003460122024942
:1037A0002EF03DFAA8E600BF682F0020EC2E002086
:1037B000A84E0500D4500500E8500500FC50050057
:1037C000B0530500684F0500884F0500A44F050061
:1037D000B84F05009F4B1B6813F0070F3FF48CAEEA
:1037E0009D4B0293002001900090034601229949CD
:1037F0002EF015FA80E6974B1B6813F0070F3FF485
:103800007BAE964B0293002001900090034601226C
:1038100090492EF004FA6FE68E4B1B6813F0070FE9
:103820003FF46AAE8E4B0293002001900090034655
:10383000012288492EF0F3F95EE6864B1B6813F0EF
:10384000070F3FF459AE874B029300200190009080
:10385000034601227F492EF0E2F94DE67D4B1B68BD
:1038600013F0070F3FF448AE7F4B02930020019006
:1038700000900346012277492EF0D1F93CE6754BC2
:103880001B6813F0070F3FF437AE784B029300200C
:1038900001900090034601226E492EF0C0F92BE6FC
:1038A0006C4B1B6813F0070F3FF426AE704B02936E
:1038B0000020019000900346012266492EF0AFF9E6
:1038C0001AE6644B1B6813F0070F3FF4C5AD039075
:1038D000684B0293002001900090034601225D494D
:1038E0002EF09DF9B8E5644B029300200190009002
:1038F0000346032257492EF092F90FE65F4A1CE671
:103900005F4A1AE65D4A33E65D4A31E65B4A4AE6BB
:103910005B4A48E64F4B1B6803F00703022B7FF618
:1039200058AE9DF87B30032B0FD0012B0FD9554A91
:1039300004920393544B029300200190009003469D
:10394000032244492EF06BF943E64C4AF0E74C4A17
:10395000EEE74E4B029300200190009003460322B5
:103960003C492EF05CF934E63A4B1B6813F0070F24
:103970003FF472AD0390464B0293002001900090FB
:103980000346012233492EF04AF965E5414B029383
:10399000002001900090034603222E492EF03FF9AB
:1039A00025E60F98F9F7AAFECDE90A010E98F9F776
:1039B000A5FECDE908010D98F9F7A0FECDE90601B5
:1039C0000C98F9F79BFECDE90401334B02930020DC
:1039D00001900090034603221E492EF020F90DE6C7
:1039E000F9F78CFECDE904012C4B029300200190E5
:1039F00000900346032217492EF011F91FE6284BC9
:103A000002930020019000900346032211492EF0FA
:103A100006F91BE61098F9F771FECDE90401214B78
:103A200002930020019000900346032209492EF0E2
:103A3000F6F812E61198F9F761FECDE904011A4B88
:103A400002930020019000900346032201492EF0CA
:103A5000E6F809E6682F0020D84F0500FC4F050066
:103A600018500500385005006050050074500500DE
:103A70008850050098500500B8500500A44E050078
:103A8000A04E0500A84E0500105105002451050068
:103A90004C5105006C5105008C510500B0510500DA
:103AA000D0510500E4510500F85105001298F9F7CE
:103AB00025FECDE904016A4B02930020019000909D
:103AC0000346032267492EF0AAF8D4E5664B029319
:103AD0000020019000900346032262492EF09FF8D7
:103AE000D0E51898F9F70AFECDE908011798F9F71B
:103AF00005FECDE906011698F9F700FECDE90401AF
:103B00005A4B02930020019000900346032255492E
:103B10002EF085F8BDE5F9F7F1FDCDE90401544B30
:103B20000293002001900090034603224D492EF09D
:103B300076F8C9E54F4B02930020019000900346B0
:103B4000032248492EF06BF8C5E51598F9F7D6FD24
:103B5000CDE908011498F9F7D1FDCDE906011398D4
:103B6000F9F7CCFDCDE90401434B0293002001900D
:103B70000090034603223B492EF051F8B2E5394B41
:103B80001B6803F00703022B2FD8364B1B6803F08A
:103B90000703022B34D89DED190A20EE000ADDED53
:103BA0001A7A67EEA77A70EE277A9DED1B0A20EE4F
:103BB000000A37EE800A2DF009FE10EE100A294B9C
:103BC0001B6803F00703022B7FF68FADF9F796FD14
:103BD000CDE90401294B0293002001900090034697
:103BE000032220492EF01BF87FE5254B029300208D
:103BF00001900090034603221A492EF010F8C4E702
:103C00001B98F9F77BFDCDE908011A98F9F776FDC5
:103C1000CDE906011998F9F771FDCDE90401134BBF
:103C20000293002001900090034603220D492DF0DD
:103C3000F6FFB0E7134B029300200190009003467B
:103C4000032208492DF0EBFF56E50F4B02930020AD
:103C5000019000900346032202492DF0E0FF52E557
:103C60000C520500682F002020520500405205002C
:103C70005C52050084520500A8520500E052050080
:103C8000C4520500FC5205007C53050000B587B006
:103C9000D0ED007AF0EEE76A9FED387AF4EE476AED
:103CA000F1EE10FA1ED890ED017AB0EEC76ADFEDA2
:103CB000336AB4EE666AF1EE10FA13D8D0ED026AF8
:103CC000F0EEE65A9FED2D6AF4EE465AF1EE10FA48
:103CD00008D890ED030AF0EEC05AF4EE465AF1EE21
:103CE00010FA13D9264B1B6813F0070F03D10020DD
:103CF00007B05DF804FB234B029300200190009075
:103D0000034601221E492DF0C8FFF0E767EEA77AAF
:103D100027EE077A77EE877A66EEA66A77EEA67ABE
:103D200020EE000A37EE800A2DF050FDF7EE007A03
:103D300070EE677AF0EEE77A9FED137AF4EEC77AC9
:103D4000F1EE10FA01DC0120D2E70D4B1B6813F0F5
:103D5000060F01D10020CBE710EE100AF9F7CEFCD8
:103D6000CDE90401094B0293002001900090034625
:103D7000022203492DF091FFECE700BFFFFF7F7F98
:103D80001C30002078540500CDCCCC3DA854050053
:103D900000B585B0114B4FF07E521A6000225A6078
:103DA0009A60DA6000210E4B197030220D483DF008
:103DB00051FC0D4B1B6803F00703022B02D805B022
:103DC0005DF804FB094B029300200190009003462C
:103DD000032205492DF061FFF1E700BFD425002043
:103DE00038910020303600201C300020505505004E
:103DF00030B589B078B10C46054661B16B4B1B7884
:103E0000CBB903680B6043684B6083688B60C36801
:103E1000CB6009B030BD664B1B6813F0070FF8D0BC
:103E2000644B0293002001900090034601226049F8
:103E30002DF033FFEDE7FFF729FFB0B95C4B1B68AE
:103E400013F0060F07D14FF07E5323600023636009
:103E5000A360E360DDE7584B0293019000900346B6
:103E6000022253492DF019FFEDE722462946534817
:103E7000FAF75AFF524BD3ED0A7A9FED527AF4EEDD
:103E8000C77AF1EE10FA37DD4F4A13680133136039
:103E9000474A126812F0060F11D14B4B1B68042BD6
:103EA0002DD9434B1B6813F0070F1AD1FFF770FF92
:103EB000454B00221A60454B01221A70A9E7069370
:103EC00017EE900AF9F71AFCCDE90401404B029372
:103ED0000020019000900346022235492DF0DDFEBE
:103EE000DBE73C4B02930020019000900346012247
:103EF0002F492DF0D2FED9E7334B00221A60304B08
:103F00001A6801321A60344BA3FB02139B094FF469
:103F10007A7101FB1323002B7FF47BAF284BD3ED89
:103F20000A7A9FED2E7AF4EEC77AF1EE10FA7FF757
:103F300070AF1F4B1B6813F0040F23D11F48FAF713
:103F400053FE1F4BDA6A0132DA62254BA3FB0213E0
:103F5000DB0803EB8303B2EB430F7FF45AAF144B40
:103F60001B6803F00703022B7FF653AF03921D4B30
:103F70000293002001900090034603220C492DF08B
:103F80008CFE46E717EE900AF9F7B8FBCDE904017D
:103F9000154B0393154B02930823019300200090C7
:103FA0000346042202492DF078FEC7E7389100202D
:103FB0001C30002078550500A4550500D4250020AC
:103FC00030360020CDCCCC3D345600202B91002043
:103FD000CC550500FC550500D34D62100AD7A33B14
:103FE000CDCCCCCC70560500B45805003456050035
:103FF000014B1878704700BF3891002088B10A4AF9
:1040000011680160D16A4160926A8260074A116852
:10401000C1605168016191684161D268826100208C
:1040200070476FF01500704730360020D42500200F
:104030000C4B1B6813F0060F02D16FF08500704720
:1040400000B585B0084B0293002001900090034614
:10405000022204492DF021FE6FF0850005B05DF8C5
:1040600004FB00BF1C30002090560500002800F023
:104070008E80F0B58DB00446FFF708FE28B3454D9D
:10408000294620462DF0F4FD2846FAF7ADFD012221
:10409000414B1A70414B1A600022DA62404B1B6898
:1040A00003F00703022B22D83D4B1B6803F00703E4
:1040B000022B27D83A4B1B6803F00703022B43D887
:1040C000FFF7B6FF00200DB0F0BD354B1B6813F0B5
:1040D000070F02D16FF01500F5E7324B0293019004
:1040E0000090034601222E492DF0D7FDF2E72E4B1A
:1040F00002931046019200921346032228492DF0A4
:10410000CCFDD1E725686668A768E068F9F7F6FA9C
:10411000CDE90A013846F9F7F1FACDE90801304650
:10412000F9F7ECFACDE906012846F9F7E7FACDE907
:1041300004011E4B029300200190009003460322CD
:1041400017492DF0AAFDB5E7124B1C685D689E6803
:10415000D868F9F7D3FACDE90A013046F9F7CEFA73
:10416000CDE908012846F9F7C9FACDE9060120464C
:10417000F9F7C4FACDE904010D4B02930020019038
:1041800000900346032206492DF087FD98E76FF063
:1041900015007047D42500203891002030360020CB
:1041A0001C300020B8560500E4560500FC560500FA
:1041B00028570500002800F05F812DE9F04D2DED16
:1041C000068B8CB00F468046002940F358810BA81F
:1041D000FEF75EFD38B99DF82C30012B10D99DF803
:1041E0002D30012B0CD9A74B00200021C3E902017F
:1041F000C3E90401C3E90601C3E90801002458E04A
:10420000A14B1B6813F0070F02D16FF00A0009E100
:104210009E4B0293002001900090034601229A4990
:104220002DF03BFDF1E7984B1B6813F0060F3FD0D4
:104230000394974B02930190009003460222924907
:104240002DF02BFD34E08F4ED6E902AB2868F9F74C
:1042500055FA02460B4650465946F9F7F1F8C6E9B9
:104260000201D6E904AB6868F9F748FA02460B4642
:1042700050465946F9F7E4F8C6E90401D6E906AB19
:10428000A868F9F73BFA02460B4650465946F9F73B
:10429000D7F8C6E90601D6E908ABE868F9F72EFABF
:1042A00002460B4650465946F9F7CAF8C6E90801D6
:1042B0000134BC424ADA08EB04152846FFF7E6FC55
:1042C0000028B0D0002CBEDD95ED007AD8ED007A44
:1042D00067EE277AF5EEC07AF1EE10FAB3D5694EA3
:1042E000D6E902AB17EE100AF9F708FA02460B46B8
:1042F00050465946F9F7A2F8C6E90201D6E904ABDF
:104300006868F9F7FBF902460B4650465946F9F73B
:1043100095F8C6E90401D6E906ABA868F9F7EEF905
:1043200002460B4650465946F9F788F8C6E9060199
:10433000D6E908ABE868F9F7E1F902460B465046C2
:104340005946F9F77BF8C6E90801B1E74D4ED6E9C1
:1043500002AB3846F9F7C0F904460D4602460B4653
:1043600050465946F9F74CFBF9F7F8FC0AEE100AEB
:10437000079022462B46D6E90401F9F741FBF9F7ED
:10438000EDFC09EE900A089022462B46D6E906017C
:10439000F9F736FBF9F7E2FC09EE100A099022461C
:1043A0002B46D6E90801F9F72BFBF9F7D7FC08EE05
:1043B000900A0A906AEE0A7A29EEA97A77EE877A4D
:1043C00029EE097A77EE877A28EEA80A37EE800A76
:1043D0002DF0FCF9B0EE408ACAEE007ACDED077AF6
:1043E000C9EE807ACDED087AC9EE007ACDED097A72
:1043F000C8EE807ACDED0A7A234B1B6803F00703E1
:10440000022B14D8F7EE007A78EE677AF0EEE77AAE
:104410009FED207AF4EEC77AF1EE10FA13DC07A8CC
:10442000FFF724FE0CB0BDEC068BBDE8F08D0397C2
:10443000194B029300200190009003460322124979
:104440002DF02BFCDEE7104B1B6813F0070F02D199
:104450006FF01500E6E718EE100AF9F74FF9CDE90D
:1044600004010E4B029300200190009003460122AC
:1044700005492DF012FCEBE76FF0150070476FF067
:104480001500CFE7303600201C30002054570500BF
:10449000845705000AD7233CA0570500C4570500E0
:1044A0000D4B1B6813F0040F02D16FF085007047AD
:1044B00000B585B0094B0393094B02930823019380
:1044C000002000900346042203492DF0E6FB6FF024
:1044D000850005B05DF804FB1C3000208058050005
:1044E000F857050000B585B01A4B4FF07E521A60A0
:1044F00000225A609A60DA600021174B197030224E
:1045000016483DF0A7F8164B1B6803F00703022B73
:104510000BD8FFF7C5FF28B9114B1B6803F0070341
:10452000022B0DD805B05DF804FB0E4B0293002062
:10453000019000900346032209492DF0AEFBE8E705
:10454000094B0293019000900346032204492DF089
:10455000A4FBE7E7D4250020389100203036002066
:104560001C300020245805006058050000295AD04E
:10457000F8B50E46046820462DF01EFD054604EBF6
:10458000C007A268B2F5004F26D37B6813F0010F75
:1045900024D005EB5303B2F5004F2ED354F833204B
:1045A0009B1A9D422CD10022294620462DF09AFBD1
:1045B000A368B3F5004F32D37A685208D200B3F53E
:1045C000004F2ED3082361699B1A0B44636129466F
:1045D00020462DF04EFDF8BD7B88D7E7124CAF2367
:1045E0002246124912482EF013F9314611482EF096
:1045F0000FF9AF21204638F048FC34F83320CFE7DC
:10460000094CB72322460C4909482EF001F93146DE
:104610000A482EF0FDF8B721204638F036FC7A889B
:10462000CBE70423CFE77047E4580500085905009D
:104630006C2B05001C590500545905007C590500D8
:104640002DE9F843154606684B420B4001F1FF394E
:1046500019EA01090CD0B268B2F5004F06D308225E
:10466000934272D21A464C46994609E00422F7E773
:104670000C46B368B3F5004F60D3082294425FD96B
:10468000631E234264D1002D00F08E80B368B3EB2B
:10469000D50F40F28C806119891AB3F5004F67D3AA
:1046A000082319440731C90830462DF03DFD07465F
:1046B00000287FD0014630462DF030FB00EB090882
:1046C000A04408F1FF38B8FBF4F804FB08F8A8EBA5
:1046D000090808EB0504073424F007044146304676
:1046E0002DF06AFC0546A41BE410874242D306EB7A
:1046F000C507B368B3F5004F46D37B6805EB53039A
:104700009C4243D30122294630462DF0EBFAB26891
:10471000B2F5004F44D37B685B08DB00B2F5004F75
:1047200040D308229B1A726913447361B2699342A1
:1047300038BF1346B3614046BDE8F88304229DE7C5
:1047400029462DF046FD8046F5E74C46994697E709
:104750001A4C4FF4A273224619491A482EF058F801
:1047600019482EF055F84FF4A271204638F08DFB11
:10477000042396E70246394630462DF0A7FB39461A
:1047800030462DF04DFCB2E77B88B7E7224629463C
:1047900030462DF09BFB214630462DF041FCB1E721
:1047A0007B88B9E70422BDE74FF00008C3E74FF06C
:1047B0000008C0E74FF00008BDE700BFE45805005F
:1047C000B85905006C2B0500D4590500F8B5B2F5B1
:1047D000802F01D2042A30D9B2F5802F3DD308238F
:1047E000D21ACC1D24F0070401EB020C2CF0070CAC
:1047F000ACEB040C4FEADC01BCF1270F2FD90460AD
:10480000A1600023E36023616361A361BCF5802F95
:1048100035D308220832A1EBD2030133B3FA83F374
:10482000C3F1200EC3F127039B00DE1DF50805EB45
:10483000D2028A4225D8002339E0434C4FF4F97361
:104840002246424942482DF0E3FF42482DF0E0FF66
:104850004FF4F971204638F018FB0423C0E73A4CB6
:1048600040F2FB1322463C4939482DF0D1FF39482C
:104870002DF0CEFF40F2FB11204638F006FB04225B
:10488000C8E7314C4FF403732246344930482DF0C9
:10489000BFFF30482DF0BCFF4FF40371204638F0C5
:1048A000F4FA9A1D04EB8202002050600133734534
:1048B000F7DB6B00BCF5802F32D36360BCF5802F33
:1048C00030D300232360BCF5802F2ED3636843F0E0
:1048D000010363604A1B570026F00703E018BCF58C
:1048E000802F27D34760A068B0F5004F24D3E55050
:1048F0002CF00703A444A068B0F5004F1ED300209D
:10490000CCF80400A068B0F5004F1BD3E2500122A0
:1049100020462DF0E7F9294620462DF081FBF8BD11
:104920006380CBE700232380CDE7638843F0010356
:104930006380CFE74780D6E7E552D9E70020ACF89F
:104940000200DFE7E252E2E7E4580500F45905000F
:104950006C2B0500185A0500345A0500605A0500F2
:104960002DE9F04F91B005920393134602F0040233
:104970000092C3F3C20310F00302019240F06A8276
:1049800080468A460133041D00284FD0B8F1000F3D
:1049900005D0A4EB08020432524500F25E82039A6D
:1049A000551E019A04920692029200264FF0FF3B98
:1049B0000427B946B8F1000F01D0039A22605A1EAD
:1049C0000792002B40F35C81059B13F0020229D073
:1049D0000120A4EB08018B081AB1B1F5007F80F02B
:1049E0006381029A0F2A00F26F81B8F1000F00F084
:1049F0007F81DBB2029901F140026A4402F8103C67
:104A000002F820BC002800F06F8163F07F0301F101
:104A100040026A4402F8103C049B01330493029B59
:104A2000013302930434002140463DE001F0070ABF
:104A30005444CAF1080AA9E7002634E0002632E00F
:104A4000002630E00827B9462DE0252B2BD10BF1AD
:104A5000010B01260427B94625E0472BEED82A2B67
:104A600014D32A3BDBB24FF0010C0CFA03F34FF6E0
:104A7000DA7C13EA0C0F16D113F0625F40F0C080AD
:104A800013F0010F40F08C8000260CE0252B03D1A1
:104A90000BF1FF3B002606E001D9002603E0202BA6
:104AA00001D0232BCCD115466A1C6B78002B00F06B
:104AB0004981002EC9D07A2BBED84C2BCDD34C3B8C
:104AC0002E2B61D80FF2040C5CF823F0A74A0100EA
:104AD000894B0100894B0100894B0100894B010082
:104AE000894B0100894B0100894B0100894B010072
:104AF000894B0100894B0100894B0100994B010052
:104B0000894B0100894B0100894B0100894B010051
:104B1000894B0100894B0100894B0100894B010041
:104B2000014C0100894B0100994B0100994B010098
:104B3000014C0100014C0100014C0100A74A010099
:104B4000994B0100454A0100894B0100A74A010029
:104B5000894B01005D4C0100994B01005D4C010047
:104B6000894B0100894B0100654C0100934B01000A
:104B7000994B0100894B0100894B0100994B0100C1
:104B8000894B01008D4B010000268CE70427B946B4
:104B900089E70427B94686E72B786C2B24D00026BA
:104BA0003C44013CB4FBF7F407FB04F420B1231AA6
:104BB0004B44534500F25481002958D1B9F1040FF8
:104BC00000F0A780B9F1080F40F0AB801A9B0733C3
:104BD00023F0070303F108051A9593ED007B08B154
:104BE00084ED007B08345EE712F8023C6C2B03D0A6
:104BF00000260427B946D3E700260827B946CFE7A1
:104C00002B784C2B1AD01A9B073323F0070303F1A0
:104C100008061A96D3E90067073424F0070440B168
:104C2000231A0833534513D82B784C2B13D0C4E9DF
:104C30000067083400260827B94634E71A9B073373
:104C400023F0070303F108061A96D3E90067E3E7A8
:104C50006FF01B00FBE0C4E90067EAE700260427C9
:104C6000B9469DE7314600260427B94698E78046B5
:104C70001A9B191D1A911B680393079B154699E609
:104C80007C4B039A9A4204D37B4B9A420AD300236B
:104C900000E00023002B7FF497AE059B03F0020297
:104CA000002096E60123F5E7744C4FF41F7322466B
:104CB000734974482DF0ACFD73482DF0A9FD4FF4F5
:104CC0001F71204638F0E1F86C4C40F281232246F7
:104CD0006B496C482DF09CFD6C482DF099FD40F21D
:104CE0008121204638F0D1F8069B0133069396E6E1
:104CF00010B10AF1010A92E6009B13B10AF1020A0F
:104D00008DE60398F9F7EEF80AEB000303F1020AC7
:104D100085E61A9B1D1D1A951B6800B1236004349B
:104D2000C1E6564C40F2C6232246554955482DF05F
:104D30006FFD494656482DF06BFD40F2C6212046D6
:104D400038F0A3F88046231AB3F5806F13D210B35E
:104D5000002202609B080370009B03B3069BC37094
:104D6000049B88F802309BBB019DDDF80890DDF8BC
:104D700010B0039F4DE0414C40F2D22322464049FF
:104D800040482DF045FD43482DF042FD40F2D22130
:104D9000204638F07AF85344A3F1080057E0069B08
:104DA0004370DDE701339842DED903F140026A44E3
:104DB00012F8101C12F9102C002AF3DA01F07F010E
:104DC000A4EB0802013252454DD804F8011BE9E773
:104DD000019B0298E7E7009B43B305F140036B4456
:104DE00013F8203C04F8013B019EA4EB0803334474
:104DF000013353453AD805F140036B4413F8103C96
:104E000004F8013B3246394620463CF0FCFB344472
:104E10000135A94519D9BBF1000FDCD005F14003DC
:104E20006B4413F9103C002BD5DAF1E705F1400390
:104E30006B4413F8103C58F82370002248F82320E4
:104E40003846F9F74FF8461CCFE7A4EB080011B03D
:104E5000BDE8F08F6FF00D00F9E76FF01B00F6E78B
:104E60006FF01B00F3E76FF01B00F0E76FF01B0023
:104E7000EDE700BF041D0500B01B06008C5A0500BD
:104E8000B02D05006C2B0500D45A0500F85A05001A
:104E9000145B05002C5B0500014B1860704700BFD8
:104EA000E425002010B586B004460390049100214B
:104EB0000591009103A9064800F0D6FA059B049AD3
:104EC000934201DA0022E254059806B010BD00BFFB
:104ED0001B23040084460268002006E000EB8000EB
:104EE000013203EB4003A3F1300013780349C95C9E
:104EF00011F0040FF2D1CCF80020704742190600DF
:104F000084460846012226E09CF8003043F0040362
:104F10008CF80030F2B101301CE09CF8003043F016
:104F200008038CF80030F5E79CF8003043F01003DC
:104F30008CF80030EEE79CF8003043F020038CF84A
:104F40000030E7E79CF8003043F040038CF8003075
:104F5000E0E7002242B30378203B102BF9D801A1EF
:104F600051F823F0294F0100534F0100534F010026
:104F7000374F0100534F0100534F0100534F0100C1
:104F8000534F0100534F0100534F0100534F010095
:104F90001B4F0100534F0100094F0100534F010007
:104FA000534F0100454F01009CF8003003F04403CB
:104FB000442B00D070479CF800306FF386138CF8B8
:104FC0000030F7E72DE9F84F05460C469346994621
:104FD0000A9ED078254B13F800A00AF0030A2DF0A2
:104FE000CBFB074614E0BAF1010F20D0D2B2573202
:104FF000D2B232703A46434628462146F8F74EFF71
:10500000BD4274F1000416D34E4514D905460C4632
:105010004FF000083A46434628462146F8F73EFF3F
:10502000013E092ADFD8D2B23032D2B2E1E7D2B2A1
:105030003732D2B2DDE79BF8003013F0200F03D0F7
:10504000082F04D0102F09D03046BDE8F88F9BF808
:10505000023043F008038BF80230F5E79BF802308A
:1050600043F010038BF80230EEE700BF4219060050
:105070002DE9F04F87B055EC104B07460E46994688
:1050800021462B1E06DB007810F0080F12D02B20D3
:10509000107001E02D20107097F80380C3F30A54BC
:1050A000C3F313030491059354B951EA030225D1C4
:1050B000002206E010F0100FEED020201070EBE779
:1050C000002240F2FF7084421AD0B8F1460F5BD044
:1050D000DB0243EA5153C90204910593084623F0C9
:1050E00000430593214343EAE47529435ED0002A37
:1050F00056D000185B41049005934DE00122E0E793
:105100000B4324D19F4B13F8083003F00303012B0A
:1051100011D0692389F800306E2389F801306623A5
:1051200089F8023009F103023B786FF386133B7074
:10513000109B1A6081E1492389F800304E2389F8D9
:105140000130462389F8023009F10302ECE78D4B68
:1051500013F8083003F00303012B0AD06E2389F8FB
:105160000030612289F8012089F8023009F1030238
:10517000DAE74E2389F80030412289F8012089F8C6
:10518000023009F10302CFE74FF06608A0E7013CC7
:10519000DB18524104930592049B059A002AF6DA23
:1051A000A4F2FE34059B43F000430593002517E06D
:1051B000059B049A520842EAC3725B080492059365
:1051C00021460134B3F1333FF2D29C0044EA927499
:1051D0009000801843EB0403049005938C1C013D60
:1051E00014F1020FE4DB14E0049B0233059A42F150
:1051F00000020493059204A82DF078FA013C0135D1
:10520000049A059B92185B4104920593013C002B84
:10521000F6DA002CE8DCC4F10401059A1C34A1F193
:105220002000049BCB4002FA04F4234322FA00F04E
:105230000343CA4004930592B8F1670F13D0B8F145
:10524000470F10D04FF0000BB8F1660F29D0741C37
:10525000102303939C4200DD1C4600224FF00063A4
:10526000CDE9002327E015F1030F01DBB54211DD85
:10527000A8F102085FFA88F8002E00DD013E3B78B5
:10528000C3F3401B13F0200F08D1002EDCDD4FF0DC
:10529000010BD9E7761B4FF06608F0E74FF0000BE3
:1052A000D2E7AC19D4D5102303930024D5E7684680
:1052B0002DF038FA544604F1FF3A002CF7D1049B44
:1052C000009A9B18059A019942EB010204930592FA
:1052D0004FF0FF3199426FF07043934106D3B8F11C
:1052E000660F38D1002D31DDCA460BE004A82DF041
:1052F00019FA0135F3E703A904A82DF01FFA0AF8FB
:10530000010B013D002D02DD039B002BF3DC7D60D2
:1053100025463B7813F0200F01D1002E02DD2E230D
:105320000AF8013B002D36DA002E34DD6B427B603B
:105330009E4200DA7E607B68F61A002BD4BF002301
:105340000123BA7863F34512BA7024E0CA463023C9
:105350000AF8013BDDE703A904A82DF0EFF9CA46DE
:105360000AF8010B302800D0013D3B7813F0200FE4
:1053700001D1002E0FDD2E2389F8013009F1020A38
:1053800009E000BF4219060003A904A82DF0D6F9D0
:105390000AF8010B013E002E02DD039B002BF3DC1B
:1053A000BE60BBF1000F09D00023BB6053469A4694
:1053B00013F8012D302AFAD02E2A42D0B8F1650F09
:1053C00002D0B8F1450F2AD18AF80080002D3ADBCF
:1053D0002B238AF801300AF1020A632D0CDD204AE2
:1053E00082FB0532EB17C3EB621303F130020AF8BC
:1053F000012B642202FB13551A4A82FB0532EB177C
:10540000C3EBA20303F130028AF8002003EB83030D
:10541000A5EB430330338AF801300AF1020A7B68B6
:10542000002B17DD0124BB7864F38613BB70109B3F
:10543000C3F800A000238AF80030484607B0BDE852
:10544000F08F9A46BAE76D422D238AF801300AF1AF
:10545000020AC2E7BB68002BE5DD0124E3E700BFD9
:105460001F85EB51676666662DE9F04F95B00646DD
:105470000D4690460393002498F80000002800F0A1
:105480004683252808D02946B0470028C0F240832B
:10549000013408F10108EFE700230693079308930E
:1054A00009930A930B930DF14D0205928DF8133079
:1054B000414608A82DF0F8F881469DF8213013F0F8
:1054C000010F00F09E80039B1A1D03921F68002F9E
:1054D000C0F28F809DF8213013F0040F00F0A380FC
:1054E000039B1A1D0392D3F800A0BAF1000FC0F27B
:1054F0009180002309930A939DF8223003F007035B
:10550000042B00F099809DF8223003F007039DF8EA
:105510002120C2F3C302012B00F09E80022B00F079
:10552000E380042B00F03481032B00F04B819DF8C5
:10553000202012F0030F40F04B819DF82330253BD3
:10554000532B00F2FD81DFE813F04F01FB01FB015B
:10555000FB01FB01FB01FB01FB01FB01FB01FB016B
:10556000FB01FB01FB01FB01FB01FB01FB01FB015B
:10557000FB01FB01FB01FB01FB01FB01FB01FB014B
:10558000FB01FD01FB01FB01FB01FD01FD01FD0133
:10559000FB01FB01FB01FB01FB01FB01FB01FB012B
:1055A000FB01FB01FB01FB01FB01FB01FB01FB011B
:1055B000CA01FB01FB01FB01FB01FB01FB01FB013C
:1055C000FB01FD01FB01B501BE01FD01FD01FD0176
:1055D000FB01BE01FB01FB01FB01FB01F601CA015E
:1055E0009C01FB01FB015701FB01CA01FB01FB010F
:1055F000CA019DF8203043F004038DF820307F422B
:1056000068E79DF92030002B02DB4FF0FF3761E7A0
:10561000099F5FE79DF821306FF341038DF821303A
:105620004FF0FF3A65E713F0020F02D0DDF828A033
:105630005FE74FF0FF3A5CE79DF8213013F0020F6F
:105640007FF461AF9DF92130002B02DB4FF0060A99
:1056500059E74FF00D0A56E7D31E042B04D8DFE8B4
:1056600003F00B1D29353500039B191D03911B68A1
:10567000D9170693079106E0039B191D03911B6838
:10568000D91706930791012A28D0022A7FF44FAF39
:10569000BDF91830DA170693079248E7039B0733E2
:1056A00023F0070303F108010391D3E90001CDE9D9
:1056B0000601E8E7039B073323F0070303F1080122
:1056C0000391D3E90001CDE90601DCE7039B191D35
:1056D00003911B68D91706930791D4E79DF91830F9
:1056E000DA170693079222E7D31E042B04D8DFE8CB
:1056F00003F00B1F35414100039B191D03911B68EB
:105700000693002307931EE09DF82330632B07D0F8
:10571000039B191D03911B6806930023079312E056
:10572000039B191D03911B680693002307930AE04E
:10573000039B073323F0070303F108010391D3E927
:105740000001CDE90601012A1CD0022A7FF4EFAE48
:10575000BDF81830069300230793E8E6039B073350
:1057600023F0070303F108010391D3E90001CDE918
:105770000601E8E7039B191D03911B6806930023AC
:105780000793E0E79DF81830069300230793CEE6D1
:10579000082A0BD0039B073323F0070303F1080209
:1057A0000392D3E90023CDE90623C0E6039B073328
:1057B00023F0070303F108020392D3E90023CDE9A4
:1057C0000623B4E6039B1A1D03921B680693AEE6FC
:1057D0004B464246294630462DF002F80028C0F2DA
:1057E00097810444C84647E629462520B04700284B
:1057F000C0F28E810134A3E0DDF81880BAF1000F09
:105800003ADA4046F8F76EFB40440590B8F1000FD5
:1058100000F09680059BA3EB08039DF8130000B1F0
:1058200001339DF8221011F0100F00F09880023320
:10583000099A134411F0400F01D00A9A1344002F23
:1058400040F3A580FF1A9DF8203013F0040F40F0BC
:105850009E8013F0400F00F09380002800F09380AA
:105860002946B0470028C0F25381013400238DF847
:1058700013304FF0300A88E05146404639F062FA62
:10588000C2E7069820B9A44B0593A3F10508C1E728
:10589000059B00930DAB08AA0021FFF793FB804600
:1058A0009DF8223043F010038DF8223078238DF8D4
:1058B00023301DE0069B8DF834300DF13503059340
:1058C0000DF13408A6E712F0080F24D02B238DF831
:1058D0001330069A079B002B24DB06920793059B47
:1058E00000930DAB08AADDE90601FFF76BFB8046CC
:1058F000BAF1000F8ADB059BA3EB08039DF820207B
:105900006FF386128DF820209A457FF67FAFAAEBC1
:10591000030309937AE712F0100FDAD020238DF8F1
:105920001330D6E72D218DF81310524263EB430359
:1059300006920793D3E72246069908A82CF031FF78
:10594000C84699E505AB00930DAB0DF11302514626
:1059500008A89DED060BFFF78BFB804656E711F07C
:10596000080F3FF465AF013362E701343B465F1E29
:10597000002B0CDD29465046B0470028F5DAC7E079
:105980004FF0200A01E04FF0300A3B46EFE79DF868
:10599000130028B12946B0470028C0F2B98001346D
:1059A0009DF8223013F0400F74D09DF92130002B68
:1059B0000FDB98F80000594B1B5C13F0040F15D057
:1059C0002946B0470028C0F2A380013408F101083D
:1059D000EFE798F80000702845D02946B047002826
:1059E000C0F29680013408F10108F2E7DDF824A046
:1059F0009DF8223013F0200F12D098F800002E28C6
:105A00001DD098F80000454B1B5C13F0040F2AD002
:105A10002946B04700287BDB013408F10108F0E794
:105A20000AF1FF3BBAF1000F07DD29463020B047ED
:105A300000286DDB0134DA46F2E7DA46DDE7294675
:105A4000B047002864DB013408F101080AF1FF3B8C
:105A5000BAF1000FD5DD29463020B047002857DBCA
:105A60000134DA46F2E70A9B03F1FF3A002B07DD27
:105A700029463020B04700284ADB01345346F3E77B
:105A8000059B4246294630462CF0AAFE00283FDB03
:105A9000044432E09DF82230C3F30012C3F3C00384
:105AA0001A4305D029463020B047002830DB0134A6
:105AB0009DF8223013F0100F06D029469DF82300E0
:105AC000B047002824DB0134099B03F1FF3A002B87
:105AD00007DD29463020B047002819DB0134534642
:105AE000F3E7059B4246294630462CF079FE002814
:105AF0000EDB044401E00134013F002F05DD29469F
:105B00002020B0470028F6DA02E0C846B4E4204678
:105B100015B0BDE8F08F00BF5D5B050042190600BF
:105B200038B504460D46202200213BF093FDEB687A
:105B3000E361AB68A3612B6823626B686362002238
:105B4000A2622A6922612BB1591E0B4202D142F096
:105B50000102226104F12C000122002139F069FECA
:105B600000B938BD054C2F232246054905482CF0C5
:105B70004FFE2F21204637F088F900BF605B0500FB
:105B8000885B05006C2B050008B50446EFF3118314
:105B9000202383F31288BFF36F8F19F0B3FC2046E4
:105BA0002FF031FB02482CF0D4FB2FF03DF9FCE73D
:105BB000945B05002DE9F043079FCFB1444DA5FB51
:105BC00007456E0825F0010404EB55043C1B18BF83
:105BD000012404EB5504B4F1804F0CD2A40001342D
:105BE0008C420ED868B106EB46068446002538E0A4
:105BF0000020106061E04FF0FF3313606FF00B0086
:105C00005BE014606FF00B0057E093F80080597868
:105C100093F802E02F4C4FEA980914F809908CF899
:105C200000904FEA081808F0300808EB211808F037
:105C30003F0814F808808CF80180890001F03C01CD
:105C400001EBAE1101F03F01615C8CF802100EF027
:105C50003F0E14F80E108CF8031003350CF1040CF1
:105C60000333B542D1D3BD4221D219780135BD42AB
:105C700025D25C78174E8B08F35C8CF800300B0152
:105C800003F0300303EB241303F03F03F35C8CF8C1
:105C90000130BD4215D2A40004F03C040CF1030312
:105CA000315D8CF802109C463D230CF8013BACEBB7
:105CB0000000106000208CF80000BDE8F083002494
:105CC000D8E70CF103033D218CF80210EBE700BF8D
:105CD000ABAAAAAA405C0500F0B504460D461646DC
:105CE0009E460599002738463B462EE00133013297
:105CF0008B4204D21EF803C0BCF1200FF6D08B42B9
:105D000035D0A1EB030CBCF1010F04D91EF803C080
:105D1000BCF10D0F1DD01EF803C0BCF10A0F13D04B
:105D2000002A74D1BCF13D0F1BD01CF0800F71D143
:105D30003D4A12F80CC0BCF17F0F6ED0BCF13F0F92
:105D400001D8002F6CD1013001338B420FD20022D9
:105D5000CEE70EEB030C9CF801C0BCF10A0FDAD1C0
:105D6000F2E70137022FE0D96FF015004EE0A0B145
:105D7000C20802EB420100F0070C0CEB4C004200A1
:105D80000732D20802EB4102D21B44B1AA4206D824
:105D900027460025032029460DE0306036E03260BA
:105DA0006FF00B0032E002282BD907F8015B0021CD
:105DB000013B0EF1010E33B39EF800200D2AF7D0FF
:105DC0000A2AF5D0202AF3D0DFF85CC01CF80220A4
:105DD000402A08BF013802F03F0242EA851501312E
:105DE0000429E5D10028DED0C5F3074207F8012BCE
:105DF000012804D9C5F3072207F8012BD3E70021B6
:105E0000D6E70021D4E73F1B37600020F0BD6FF0DC
:105E10001500FBE76FF01500F8E76FF01500F5E7E8
:105E20006FF01500F2E700BFC05B050010B5044637
:105E30008C46838B002A12DB03F007035A1F012ACA
:105E400019D9042B50D100212CF0F0FC20462CF065
:105E500017FD78B1A38B43F02003A3830AE0D0E9B8
:105E600000018CE8030000232360636001212046C9
:105E70002CF0DCFC10BDD0E900018CE8030000220E
:105E800022606260062B0FD0052B20D10021204616
:105E90002CF0CCFC20462CF0F3FC0028EAD0A38B9D
:105EA00043F02003A383E5E7DCF8003053B1E28B35
:105EB0000132E2831A461B68002BF7D0002AF5D185
:105EC0001346F3E7022120462CF0B0FCE2E70D4C2C
:105ED00040F2091322460C490C482CF099FC40F280
:105EE0000911204636F0D1FF064C40F21B13224622
:105EF000074906482CF08CFC40F21B11204636F076
:105F0000C4FF00BF805C0500A85C05006C2B050089
:105F1000B02D05002DE9F04782B0838BE1B1044636
:105F2000154603F0070603F00802084692B301295C
:105F30001FD0022921D143F02003A383143420462B
:105F400023F0DCFB002800F09D8185F31188BFF36E
:105F50006F8F02B0BDE8F087B94C40F23313224690
:105F6000B849B9482CF054FC40F23311204636F0C1
:105F70008CFF43F01003A383E0E7B14C4FF49E7312
:105F80002246B249B0482CF043FC4FF49E712046A3
:105F900036F07BFF00230093019357E020462CF05E
:105FA0006FFC55E0D4F818904A4669462046FFF742
:105FB0003DFF0027A38B03F00708B04500F00781E1
:105FC000A268002A00F00381012643F00803A3839E
:105FD00004F1140A504623F091FB002800F00081E0
:105FE00085F31188BFF36F8F002E40F00A81009B6C
:105FF0002BB14B464246694620462CF082FC17B135
:1060000093492046B847EFF31185202383F3128884
:10601000BFF36F8F504623F061FB002800F0F7803C
:10602000504623F085FBA38B23F00803A383A38BA7
:1060300013F0100F00F0FA8023F01003A383012067
:10604000A68B06F0070600283FF478AF0228A5D0FB
:1060500000283FF473AF0138042800F2AB8001A39D
:1060600053F820F0A55F0100B561010079600100DF
:10607000E16001004B6101005EB92368B3B123699F
:106080001F6807B3062120462CF0D0FB4FF0000913
:1060900090E76B4C4FF4AB7322466E496A482CF084
:1060A000B7FB4FF4AB71204636F0EFFE644C40F284
:1060B00057132246684964482CF0AAFB40F2571156
:1060C000204636F0E2FE5E4C4FF4AD732246634943
:1060D0005D482CF09DFB4FF4AD71204636F0D5FEA7
:1060E000022E0BD1E38BB3B923695F6807B3042198
:1060F00020462CF09BFB4FF000095BE7504C40F230
:106100005D132246564950482CF082FB40F25D1147
:10611000204636F0BAFE4A4C4FF4AF73224651493E
:1061200049482CF075FB4FF4AF71204636F0ADFEB8
:10613000434C40F261132246484943482CF068FB27
:1061400040F26111204636F0A0FE012E0BD12368EB
:10615000B3B123699F6807B3052120462CF066FB85
:106160004FF0000926E7364C4FF4B27322463E4901
:1061700035482CF04DFB4FF4B271204636F085FEC9
:106180002F4C40F26513224633492F482CF040FB38
:1061900040F26511204636F078FE294C4FF4B47376
:1061A00022462E4928482CF033FB4FF4B471204688
:1061B00036F06BFE224C40F26B1322462B492248EC
:1061C0002CF026FB40F26B11204636F05EFE009A62
:1061D0000AB10026F9E6002F3FF429AF0026F4E6C5
:1061E000234C40F231132246224917482CF010FB71
:1061F000514621482CF00CFB40F23111204636F07C
:1062000044FE4A46414620462CF018FBEFE6184C67
:106210008823224619490C482CF0FAFA51461848AE
:106220002CF0F6FA8821204636F02FFE13F0200FCE
:1062300004D023F02003A383022001E70020FFE61F
:10624000805C0500D05C05006C2B0500E05C05005F
:10625000B9620100F45C0500005D0500245D0500E5
:106260003C5D0500545D0500645D0500B02D050032
:106270007C5D0500AC5D0500C45D0500DC5D0500CE
:10628000F45D0500084D40F231132A4607490848DD
:106290002CF0BEFA214607482CF0BAFA40F2311130
:1062A000284636F0F2FD00BF7C5D0500AC5D0500C0
:1062B0006C2B0500C45D0500F8B504460D4600F1E1
:1062C0001406EFF31187202383F31288BFF36F8F37
:1062D000304623F003FA48B1304623F029FAA5618D
:1062E0003A4601212046FFF715FEF8BD074C8823EA
:1062F0002246074907482CF08BFA314606482CF015
:1063000087FA8821204636F0C0FD00BF7C5D05007D
:10631000DC5D05006C2B0500F45D05002DE9F04700
:10632000044688462CF0C5FA061E46DB04F1140725
:10633000EFF3118A202383F31288BFF36F8F38465F
:1063400023F0CCF98146A8B1384623F0F1F9A58BAA
:1063500005F00705E38B4FF6FF7293424BD02E46B4
:10636000022D16D0062D39D8DFE805F0314C38382B
:10637000312A31003B4C882322463B493B482CF0D4
:1063800047FA39463A482CF043FA8821204636F03D
:106390007CFD0133E38300231A4642B10022C8F892
:1063A00000206268AAB3C2F80080C4F80480ABB3CE
:1063B000524602212046FFF7ADFD3046BDE8F0878A
:1063C0006FF085064FF000094B464A46E5E7B5FAFF
:1063D00085F35B094A464FF00009DEE7254C4FF490
:1063E000E4732246244921482CF012FA4FF4E47158
:1063F000204636F04AFD6FF00A064FF000094B4682
:106400004A46CAE76FF004064FF000094B464A4679
:10641000C3E7C4F80480C4F80080C8E7384623F016
:106420006DF968B18AF31188BFF36F8FB9F1000F6E
:10643000C3D000232A46414620462CF04FFABCE741
:10644000084C40F2311322460C4908482CF0E0F980
:1064500039460B482CF0DCF940F23111204636F079
:1064600014FD00BF7C5D0500DC5D05006C2B0500A4
:10647000F45D0500805C0500645D0500AC5D050011
:10648000C45D0500F8B5044600F11405EFF311866C
:10649000202383F31288BFF36F8F284623F01EF961
:1064A00068B1284623F044F9A38B03F007031F4685
:1064B000022B16D0012B11D06FF0850717E0234C6B
:1064C00088232246224923482CF0A2F92946224853
:1064D0002CF09EF98821204636F0D7FC6FF0040797
:1064E00005E0E38B6BB1013B9BB2E383B3B128467C
:1064F00023F004F9C0B186F31188BFF36F8F3846DB
:10650000F8BD164C40F2EF132246154911482CF005
:106510007FF940F2EF11204636F0B7FC32460221F7
:106520002046FFF7F7FCEAE7084C40F23113224619
:106530000C4908482CF06CF929460B482CF068F9F6
:1065400040F23111204636F0A0FC00BF7C5D050012
:10655000DC5D05006C2B0500F45D0500805C05002A
:106560000C5E0500AC5D0500C45D050010B503467A
:10657000426802F003028160022A11D0032A0CD083
:10658000012A10D00C4C452322460C490C482CF013
:106590003FF94521204636F078FC0468002004E0ED
:1065A0000068002401E00024204600225A6008B15F
:1065B00024F036FA204610BD1C5E0500B02D050003
:1065C0006C2B05002DE9F04182B080460E46154641
:1065D00000272A4601A940462CF0E5F90446024668
:1065E000314601983BF00FF8274426442D1B01D07B
:1065F000002CEED1394640462CF0F5F918B9384652
:1066000002B0BDE8F081054C492322460449054803
:106610002CF0FEF84921204636F037FC445E050098
:10662000885B05006C2B05002DE9F04182B08046A7
:106630000E461546002709E00246019930463AF019
:10664000E2FF264427442D1B09D044B12A4601A964
:1066500040462CF0E6F90446002EEDD1F2E739462B
:1066600040462CF0FBF918B9384602B0BDE8F0817D
:10667000054C8E232246054905482CF0C9F88E2189
:10668000204636F002FC00BF445E0500885B050032
:106690006C2B050000B585B038B18368BBB11B68B1
:1066A00043B3984705B05DF804FB134B1B6813F028
:1066B000070F02D16FF01500F4E7104B0293019021
:1066C0000090034601220C492CF0E7F9F2E70A4B4F
:1066D0001B6813F0070F02D16FF00400E2E7084BCC
:1066E00002930020019000900346012202492CF001
:1066F000D4F9F1E70020D5E7D42F0020805E050013
:10670000945E050000B585B038B18368BBB15B68A5
:1067100043B3984705B05DF804FB134B1B6813F0B7
:10672000070F02D16FF01500F4E7104B02930190B0
:106730000090034601220C492CF0AFF9F2E70A4B16
:106740001B6813F0070F02D16FF00400E2E7084B5B
:1067500002930020019000900346012202492CF090
:106760009CF9F1E70020D5E7D42F0020805E0500DA
:10677000945E050010B584B068B1034659B152B1BA
:106780008068D8B1C468CCB141F8043BC4681846ED
:10679000A04704B010BD134B1B6813F0070F02D1C4
:1067A0006FF01500F5E7104B029300200190009068
:1067B000034601220B492CF070F9F1E7094B1B68E5
:1067C00013F0070F02D16FF00400E2E7074B0293CA
:1067D0000020019000900346012202492CF05DF94F
:1067E000F1E700BFD42F0020B45E0500945E0500E1
:1067F00010B584B060B104460068D8B183685BB35B
:106800001B694BB36168984700B9206004B010BDA4
:106810001B4B1B6813F0070F02D16FF01500F5E753
:10682000184B0293019000900346012214492CF06A
:1068300034F9F2E7124B1B6813F0070F02D16FF027
:106840000100E3E7104B0293019000900346012200
:106850000B492CF022F9F2E7094B1B6813F0070FE4
:1068600002D16FF00400D1E7084B029300200190A1
:1068700000900346012202492CF00FF9F1E700BF16
:10688000D42F0020E05E0500F45E0500945E050054
:1068900010B584B068B1134684460068D8B18268E8
:1068A0005AB394684CB30A46DCF80410A04704B00D
:1068B00010BD1B4B1B6813F0070F02D16FF01500C2
:1068C000F5E7184B0293019000900346012214490A
:1068D0002CF0E3F8F2E7124B1B6813F0070F02D11C
:1068E0006FF00100E3E7104B029301900090034624
:1068F00001220B492CF0D1F8F2E7094B1B6813F089
:10690000070F02D16FF00400D1E7084B029300207B
:10691000019000900346012201492CF0BEF8F1E7F6
:10692000D42F0020E05E0500F45E0500945E0500B3
:1069300050B100B583B00B460092826A416A1EF0E6
:1069400081FB03B05DF804FB004870472DF8FFFFA2
:10695000006900F57F73D3E8AF3F022B11D110B56A
:106960000C4689B10A4900F5307020F0CDFC204674
:1069700037F06FFE7822002120463AF06BFE0020AF
:1069800010BD6FF00F0070476FF00100F8E700BF17
:10699000385600200023002B01DD00207047054AF7
:1069A00012680AB10133F6E7024A52680021116009
:1069B000F8E700BFE825002008B502492CF04EF9A1
:1069C00008BD00BFE86A050030B585B004460D4635
:1069D0000B490291D0F8D411019100934FF0FF338D
:1069E00000F1F00128461EF04FFB38B9012385F86D
:1069F0006C30D4F8D0310BB12846984705B030BD83
:106A0000552C040060B100B583B00B460121019103
:106A10000092826A416A1EF0F1FA03B05DF804FB4D
:106A2000004870472DF8FFFF08B584460846114618
:106A30001A46DCF8103003F57F73D3E8AF3F022B22
:106A400007D14AB158B1FFF7DDFF084B984209D092
:106A500008BD6FF00F00FBE76FF04C00F8E76FF038
:106A60000100F5E76FF00B00F2E700BF2EF8FFFF23
:106A700010B5044600220449FFF7C4FF236F1B68CA
:106A80000BB1606F984710BDE86A0500F0B58DB096
:106A90004468056900230A930B9303680A93E3692A
:106AA000012B2BD0276A05F53476304620F044FDC3
:106AB000616A01EB81110AAB00933B464FF48052AF
:106AC000134800EB81113046F8F7DEFB636A114A88
:106AD000202102A82BF04BFC02A9304621F0DAF865
:106AE0000D4905F5307020F0E5FA2A460B4904F10E
:106AF00014002BF0E1FF20B10DB0F0BD276A103F6C
:106B0000D1E70122A16960692BF0EFFFF4E700BF34
:106B100000AA00201C5F0500D12F0400C12F040033
:106B20002DE9F04385B004464668056905F57F798F
:106B30000123D9E8EF2F002A03D1C9E8E13F00295A
:106B4000F7D152D105F5F878314640462CF006FAD7
:106B5000074650B10023D9E8EF2FC9E8E13F0029EB
:106B6000F9D1384605B0BDE8F083214BC5F8B832FD
:106B7000C5F8B4623168404600F01AF907460028AB
:106B8000E8D12046FFF782FF07460028E2D1194BE3
:106B9000C5F8D031184BC5F8D431B26AD5F83C32BB
:106BA000D5F8F81315480390D5F8400202900193E8
:106BB000CDF8008005F51173284600F081F80746EE
:106BC0000028C7D105F1F0001EF0F6FAC5F8000460
:106BD000002807DB0223D9E8EF2FC9E8E13F0029AD
:106BE000BFD0F8E76FF01507B4E76FF07707B8E7A5
:106BF000412B0400716A0100392E04002D2D040080
:106C00002DE9F04385B007460E469146D0F8C48082
:106C1000002400E00134012C28D8A8F5E271C4EB6F
:106C2000041501EBC505C4EB0413DB00483319441C
:106C30003046F7F74DF90028ECD10E4B0293D8F807
:106C400010300193CDF800904FF0FF3332463946B3
:106C500028461EF019FA48B9012185F86C10D8F8B9
:106C60000C30002BD6D028469847D3E705B0BDE8B6
:106C7000F08300BF17300400C8B110B584B01446CB
:106C80000346BAB1F030012902D0002004B010BD93
:106C90000A4A0292D3F8D43101934FF0FF330093A4
:106CA00004F14802014620461EF0EEF9EEE76FF0CF
:106CB000150070476FF01500E8E700BF17300400BB
:106CC0002DE9F04186B01E460D9B0F9C48B305464A
:106CD00053B3D4B1D9B903AF039104910591039291
:106CE000049205F5E2780E9A1946404637F00AFFFD
:106CF0000197CDF80080334622460C9905F1F0004B
:106D00001EF01CFC06B0BDE8F081094CE2E7002350
:106D10000093334622460C9905F1F0001EF05EFD0B
:106D2000F0E76FF01500EDE76FF01500EAE700BF40
:106D3000016C010070B504460D46806C2CF0A9F979
:106D4000C4F8BC0060B3A06C2CF0A3F9C4F8C00078
:106D500048B304F15401C4F8A010236CC4F8903077
:106D6000B4F84820A4F898200423C4F89430D4F848
:106D7000BC60C4F88C60C4F8B810616CC4F8A8108A
:106D8000A4F8B020C4F8AC30C4F8A400A561022374
:106D9000E362064B236204F18C032363002070BD81
:106DA0006FF00B00FBE76FF00B00F8E7685F050082
:106DB00030B587B003460D46114A92E8030006AA93
:106DC00002E90300CBB11C4604A81DF0E1FF08B1A5
:106DD00007B030BDE16C224642F8381F02900190A6
:106DE0004FF0FF330093236D04F1540036F0E9FFB8
:106DF00029462046FFF79EFFEAE76FF01500E7E718
:106E00004427050010B143685879704710B5064C07
:106E100040F233132246054905482BF0F9FC40F2B5
:106E20003311204636F031F8945F0500CC5F050041
:106E30006C2B050010B520B10268D26802B19047F2
:106E400010BD054C8B232246044905482BF0E0FC7D
:106E50008B21204636F019F8945F0500CC5F0500C1
:106E60006C2B050010B520B10268126962B1904721
:106E700010BD064C9E232246054906482BF0C8FC4F
:106E80009E21204636F001F80020F1E7945F0500CE
:106E9000CC5F05006C2B050010B518B10268926834
:106EA000904710BD054CD0232246054905482BF0DC
:106EB000AFFCD021204635F0E8FF00BF945F05000D
:106EC000CC5F05006C2B050010B520B171B10268D4
:106ED0001268904710BD0B4CB22322460A490B485A
:106EE0002BF096FCB221204635F0CFFF054CB323A2
:106EF0002246074905482BF08BFCB321204635F08C
:106F0000C4FF00BF945F0500CC5F05006C2B05003B
:106F1000E45F05002DE9F04107460546EDB195FA1D
:106F2000A5F6B6FA86F60E4C04EB06140123B34020
:106F30006FEA030825EA0305237B002BEED02046E9
:106F4000FFF790FF0028E9D107EA080763680422E9
:106F50001968204600F0AAFAE0E73846BDE8F0815B
:106F6000602505002DE9F0412F4B304A9B1A8F2BED
:106F70000ED880460F462E4BD3E8EF6F721CC3E845
:106F8000E12F0029F8D1002E4AD1284C002514E029
:106F9000284C40F241132246274928482BF038FC60
:106FA00040F24111204635F070FF636804221968F1
:106FB000204600F07BFA013510341B4B9C4211D85F
:106FC000194B9C421ED2237B002BF4D02046FFF7A6
:106FD00031FF2046FFF746FF0028E6D00123AB40F3
:106FE0001E43E8E7134C4FF4A77322461449134895
:106FF0002BF00EFC13482BF00BFC4FF4A77120462E
:1070000035F043FFB8F1000F0BD056B13046FFF713
:1070100081FF0646002FF8D00A202CF086F8F4E70E
:1070200000263046BDE8F08180250500602505007A
:107030006C560020F85F0500286005006C2B0500E9
:10704000586005007C60050038B50546144C00E02A
:107050001034144B9C4212D8124B9C421FD2204633
:10706000FFF7D0FE0028F3D0294620462CF07AF80E
:107070000028EDD029462046FFF726FFE8E70A4C16
:1070800040F2F5132246094909482BF0C1FB094893
:107090002BF0BEFB40F2F511204635F0F6FE38BD70
:1070A0006025050080250500F85F05005860050093
:1070B0006C2B05007C60050048B108B5054A1060DE
:1070C000054B1960084600F06BFC002008BD6FF00E
:1070D00015007047142600206056002008B50023D4
:1070E000064A1370064A1360064A13604FF40041C3
:1070F0000548FFF7E1FF00F04FF908BD3A91002085
:10710000645600206856002023310400174B1B787A
:1071100003B1704710B500210120FFF723FF144C85
:1071200000E01034134B9C420BD8124B9C4218D2F7
:107130002046FFF767FE0028F3D02046FFF7ACFE9D
:10714000EFE70D4C4FF4DD7322460C490C482BF051
:107150005FFB0C482BF05CFB4FF4DD71204635F0F3
:1071600094FE024B01221A7010BD00BF3A9100201C
:107170006025050080250500F85F050058600500C2
:107180006C2B05007C600500014B01221A707047D2
:1071900039910020094BD3E8EF1F0131C3E8E21F0A
:1071A000002AF8D100B97047054BD3E8EF1F013929
:1071B000C3E8E21F002AF6D0F7E700BF64560020BC
:1071C0006856002010B50446044B1B689847A06021
:1071D000214603482BF0E8FF10BD00BF1426002015
:1071E000102F0020014800EB81007047582F00202D
:1071F00010B143681879704710B5054CED2322464D
:10720000044905482BF004FBED21204635F03DFEF6
:10721000945F0500CC5F05006C2B050010B143683E
:107220001971704710B5054CDF2322460449054803
:107230002BF0EEFADF21204635F027FE945F0500A3
:10724000CC5F05006C2B050028B1426811604368D3
:1072500001225A71704710B5064C4FF48C732246C8
:10726000054906482BF0D4FA4FF48C71204635F0CE
:107270000CFE00BF945F0500CC5F05006C2B050081
:1072800010B143685879704710B5064C40F233137B
:107290002246054905482BF0BBFA40F2331120463F
:1072A00035F0F3FD945F0500CC5F05006C2B050005
:1072B00018B1436800225A71704710B5064C40F26D
:1072C00025132246054906482BF0A2FA40F2251163
:1072D000204635F0DAFD00BF945F0500CC5F050065
:1072E0006C2B05000248034BC01AC008704700BF52
:1072F000602505009023050010B50C46FFF7F2FF4E
:10730000A04203D9024B53F8340010BD0020FCE723
:107310009023050010B50C46FFF7E4FFA04204D906
:10732000034B03EBC403187910BD0020FCE700BF3A
:1073300090230500F8B506460D4614461F4608463C
:10734000FFF7D0FF84420DD2CFB1002C1CDB2146C9
:10735000E8B2FFF747FF006806EB4606F04000F092
:10736000070010E0094C4FF4D4732246084909483D
:107370002BF04EFA4FF4D471204635F086FD2146AD
:10738000E8B2FFF7C7FFF8BD0420FCE7A0600500E6
:10739000EC6005006C2B050010B5002410E02146C0
:1073A0000020FFF7B7FF0A4A52F8243023F0070302
:1073B00042F8243000F00700034342F8243001343F
:1073C000044B054A9B1AB4EBD30FE8D310BD00BFA2
:1073D000582F002060250500902305002DE9F84373
:1073E00004460D46164698460846FFF77BFF864240
:1073F00022D2002C2DDBE4B200233246294620465F
:10740000FFF798FF38B10023324629462046FFF7A0
:1074100091FF40453ED80023324629462046FFF7DB
:1074200089FF074670BB3B463246E9B220462BF047
:10743000E3FE3846BDE8F883174C4FF4DE7322466E
:10744000164917482BF0E4F94FF4DE71204635F069
:107450001CFD144B144AA3EB02094FEA191900242E
:1074600027464C45E5D2104800EB0410FFF7C0FE5C
:10747000434632462946FFF7B1FF874238BF0746E9
:107480000134EEE70023324629462046FFF752FF3B
:107490000746C8E74746C6E7A0600500EC60050060
:1074A0006C2B0500802505006025050070B504469D
:1074B0000E461546094BC31A1B110133D9B2FFF70B
:1074C000ADFE63689D71294620462BF0DFFE3146F4
:1074D0002046FFF7B9FEFFF757FE70BD6025050097
:1074E0002DE9F04F87B004AF064688461546994609
:1074F000D7F830B0D7F838A0BAF1000F2DD0FB6B19
:107500007B60009353467A6B10210020FDF728FA28
:10751000002815DBB0F5006F20D32F4B1B6813F04C
:10752000060F48D040F2FF7303932C4B02930020C8
:10753000019000900346022227492BF0F0FE3AE02A
:10754000274C40F265132246264927482BF060F964
:1075500040F26511204635F098FC0020014600EB12
:107560000B03173300246FF300046FF341046FF330
:10757000820466F3C50465F3881460F353246BF347
:107580001F5423F00703ADEB030D04AD6B4613F15D
:1075900020000AD0BAF1000F07D0FB6B00935346CE
:1075A0007A6BFDF7DDF9002809DB4B4622464146A0
:1075B00028462BF09DFE0C37BD46BDE8F08F084CE9
:1075C00040F285132246074907482BF021F940F283
:1075D0008511204635F059FCD82F00205861050050
:1075E000206105004C6105006C2B0500406820B14E
:1075F000034BC01A40F38F0070474FF0FF307047C5
:10760000582F00200EB400B584B0014605AB53F8E6
:10761000042B0393002000900348FDF725FF04B0DE
:107620005DF804EB03B070476B33040010B584B011
:1076300011F0440F05D01A4B1B6833B9002004B079
:1076400010BD1849FFF7DEFFF9E717490968B2FBDB
:10765000F1F2B2FBF3FC03FB1C224FF47A7E0EFB2B
:1076600002F2B2FBF3F403FB14210EFB01F1B1FBB8
:10767000F3F10E4AA2FB0C32D20A4FF4616303FB12
:1076800012CC0B4BA3FB0CE35B0902910194C3EBFF
:107690000311ACEB810100910649FFF7B3FFCEE780
:1076A000745600209061050070560020C5B3A29169
:1076B000898888889C61050061B108B52AB1064AAD
:1076C00052F8232012B9054A00E0044A0449FFF7A2
:1076D00099FF08BD704700BF54620500B8610500FE
:1076E00064DC05002DE9F04105461746069EDDF8ED
:1076F0001C8081B900242EB1324611492846FFF77B
:1077000081FF0444B8F1000F14D06FB1099B042B22
:1077100013D00C4909E00C4B099A53F822200B496D
:10772000FFF770FF0446E6E7064942462846FFF7A2
:1077300069FF04442046BDE8F0810549F5E700BF34
:10774000D4610500C461050068620500CC610500D4
:10775000C06105002DE9F04F87B0049205939DF8B4
:107760004C60042E30D805460C4601F0020B01F0A7
:10777000010AC1F3C00801F480792BF029FD02460B
:1077800078B31C492846FFF73DFF0746BBF1000FC1
:1077900029D13246514628462BF00DFEB9F1000F93
:1077A00001D0002311930396129B0293119B019326
:1077B000109B00930023049A41462846FFF792FF4E
:1077C000384407B0BDE8F08F0B4C40F24623224608
:1077D0000A490B482BF01CF840F24621204635F0B0
:1077E00054FB0027D2E7059A21462846FFF71EFFE3
:1077F0000744CEE714620500D86105000862050061
:107800006C2B050011F0100F0BD108B511F0200FF3
:1078100003D00449FFF7F6FE08BD0349FFF7F2FE67
:10782000FAE77047788E05000C1606002DE9F04146
:1078300005460F46164698460699FFF7E3FF0024D3
:10784000444505DA24492846FFF7DCFE0134F7E712
:10785000002409E020492846FFF7D4FE0BE01F4929
:107860002846FFF7CFFE01340F2C0CDC002C02DD84
:1078700014F0070FEED0B442F1D23A5D1849284611
:10788000FFF7C0FEEFE717492846FFF7BBFE0024CD
:1078900009E011492846FFF7B5FE0BE012492846DA
:1078A000FFF7B0FE01340F2C13DC002C02DD14F0C6
:1078B000070FEED0B44207D23A5D0C4B9B5C13F03D
:1078C000970FEBD12E22E9E703492846FFF79AFEEE
:1078D000E8E7BDE8F08100BFD06105002062050047
:1078E00018620500246205000076050042190600B2
:1078F0002DE9F04184B004469DF82C500C9F0E9E5B
:10790000A5B9012B20D020484FF0000837B13B46E5
:1079100022461E492AF0CFFC002819DB2EBB6DBB86
:1079200020462BF00BFD04B0BDE8F08103950A98CA
:107930000290019300920B4600220F992046FFF718
:1079400009FF80461248E1E711484FF00008DDE7E3
:10795000104C4FF4287322460F4910482AF058FF64
:107960004FF42871204635F090FA0F9B0093434660
:1079700032460D9920462BF036FDD0E72A460F9966
:1079800020462BF024FDCBE789330400A733040005
:107990006B330400D8610500286205006C2B0500DC
:1079A000074B01221A6004E04008054A13685B0097
:1079B0001360044B9842F7D8034B1860704700BF20
:1079C0007056002040420F0074560020014B0360A7
:1079D000002070477C6205008446002300E00133EC
:1079E000074A12689A4208DD1A010649096801EB44
:1079F00003108A5C6245F2D100E00020704700BFAE
:107A0000E0840500FC27002038B50C4B1B685BB1F7
:107A10000C46FFF7E1FF054648B1C06837F0FDFDB1
:107A200040B12560002038BD6FF00C00FBE76FF01F
:107A30000100F8E76FF01200F5E700BFFC27002017
:107A400010B584B00C460A6843689A4205D84A6863
:107A500013444B60012004B010BD094B1B6813F0A8
:107A6000070F02D100206060F5E7064B029300206B
:107A7000019000900346012201492BF095FDF1E7AA
:107A8000582F00207C62050010B586B0044643687C
:107A900004930023059304AA1949C06832F01FFB20
:107AA000059A3AB16369A1690B449A4215D3002043
:107AB00006B010BD134B1B6813F0070F02D16FF017
:107AC0000D00F5E7104B0293002001900090034653
:107AD00001220C492BF068FDF1E70A4B1B6813F0FB
:107AE000070F02D16FF00D00E2E7084B0293002070
:107AF000019000900346012202492BF055FDF1E769
:107B0000417A0100582F00209C620500B8620500F0
:107B100030B589B043698B4227D80446CB1A8269B5
:107B2000934222D2C06805AA32F0D3FA0546002853
:107B30002ED1236A05998B422FD0069AE0682BF04C
:107B40002AFD0546002837D01D4B1B6813F0070F90
:107B500023D003901B4B029300200190009003461A
:107B6000012217492BF020FD17E0154B1B6813F07D
:107B7000070F02D16FF021050FE0134B0293002095
:107B800001900090034601220D492BF00DFDF1E715
:107B90000B4B1B6813F0070F02D1284609B030BD0C
:107BA00003900A4B029300200190009003460122AB
:107BB00003492BF0F9FCF0E7059B2362EDE700BFDA
:107BC000582F002024630500E062050000630500D3
:107BD00070B586B0466903691E44816819B90025ED
:107BE000284606B070BD044631440139FFF790FFC6
:107BF000051E14DB626AA368B3FBF2F502FB1535C0
:107C0000FDB9A3682B44E068226881684D6831465D
:107C1000A8470546F0B9E369002B32D143E0374B62
:107C20001B6813F0070FDBD004960395344B0293C7
:107C30000020019000900346012230492BF0B4FC53
:107C4000CEE7551B20682A4694F82810184439F0CE
:107C500001FDD6E7294B1B6813F0070FC0D004962F
:107C60000390284B029300200190009003460122CC
:107C700022492BF099FCB3E72268535DDB4353554F
:107C80000135A368AB42F7D8E068226881680D68C7
:107C90003146A847054668B9E3693246A1682068BD
:107CA00098470546B8B92369A268134423610023A5
:107CB000A36095E7114B1B6813F0070F90D003905A
:107CC000114B0293002001900090034601220B49C2
:107CD0002BF06AFC84E7094B1B6813F0070F3FF495
:107CE0007FAF0390094B0293002001900090034660
:107CF000012202492BF058FC72E700BF582F0020E8
:107D0000406305007063050094630500AC630500E3
:107D10002DE9F04385B0DDF83090DDF8348000289F
:107D200073D00D4617461E460446002970D0002A1F
:107D300071D08B68DB68084698470168B6FBF1F3A1
:107D400001FB136343BBB9FBF1F301FB1393002B5E
:107D500035D1B8F1000F45D0B8FBF1F301FB138327
:107D6000002B3FD1E5602760666000232361A3609C
:107D7000C4F81490C4F81880036863620E9BE36132
:107D80004FF0FF332362437984F828302046FFF711
:107D90007BFE05B0BDE8F083204B1B6813F0070F96
:107DA00002D16FF00D00F4E71D4B0293002001900B
:107DB00000900346012219492BF0F6FBF1E7174B1F
:107DC0001B6813F0070F02D16FF00D00E1E7154BB0
:107DD0000293002001900090034601220F492BF0EE
:107DE000E3FBF1E70D4B1B6813F0070F02D16FF0B7
:107DF0000D00CEE70C4B029300200190009003464B
:107E0000012206492BF0D0FBF1E76FF00D00C0E72F
:107E10006FF00D00BDE76FF00D00BAE7582F00209E
:107E2000C0630500F86305000C64050010B584B05C
:107E300007240294044C0194BDF81840009410F0FB
:107E4000FBFA04B010BD00BF502600200D4B1B688C
:107E500003F00703022B14D900B585B001290ED019
:107E6000094B0393094B02930020019000900346B5
:107E7000032204492BF010FC05B05DF804FB044B11
:107E8000EFE77047602F00201C440500FC650500EB
:107E9000344D050010B586B0074C24788DF8174096
:107EA000012402940DF117040194BDF820400094C0
:107EB00010F0C2FA06B010BDEE2E002010B5044638
:107EC00033F0BFFB0246034920462BF0FAFF0020A7
:107ED00010BD00BFCC66050030B583B00546134623
:107EE0000022019201AA0A2158682CF031F9019C64
:107EF00024B92BF048FC204603B030BD224603498C
:107F000028462BF0FCFF019CF5E700BFFC6605004E
:107F100008B5034A03492BF0D4FF002008BD00BF79
:107F2000F86705000068050030B585B0044601A972
:107F30000F482AF0A6F9054688B9019A0D4920464E
:107F40002BF0BFFF029A0C4920462BF0BAFF039A90
:107F50000A4920462BF0B5FF284605B030BD024641
:107F6000074920462BF0CBFF6FF00705F4E700BF71
:107F700030310020646805007C68050094680500C5
:107F80002C6805002DE9F04182B006461546002315
:107F9000019301AA0A21A8682CF0DAF8019C9CB987
:107FA0008046C3B2042B16D868682BF045F9071E2B
:107FB0001BDB3AB25FFA88F3002108462BF056F932
:107FC000204602B0BDE8F08122460B4930462BF036
:107FD00096FF019CF4E7C2B2084930462BF08FFFB0
:107FE00030462BF09BFF0124EAE76A6804493046DB
:107FF0002BF085FFDDE700BFD4680500FC680500B5
:108000001469050010B5044617F072FA02460749D4
:1080100020462BF056FF064920462BF052FF214602
:10802000044821F0EBFB002010BD00BFF069050003
:10803000106A0500A580010070B58CB004460846A2
:1080400006A937F03BFD054600B10125684637F02B
:1080500042FD00B92DB1114920462BF032FF0CB082
:1080600070BD069D079E681946EB0603401946EB56
:1080700003035A0142EAD0624101401843EB020176
:108080004019DDE9002346EB0101F5F707FF034640
:108090002A46034920462BF014FFE0E7446A050016
:1080A0001C6A0500F0B58FB004460D46D0F8B070DC
:1080B00037F0D7FC064621F01DF884422DD0214A26
:1080C0006EB300962346204928462BF0FAFED4E9E9
:1080D0000A23CDE9002394F90E30227B1B49284660
:1080E0002BF0EFFE202205A920461FF0E5FD0246F9
:1080F000636F174928462BF0E4FE21462846FFF718
:108100009BFF0DA9204637F0CCFC024648B111492F
:1081100028462BF0D6FE0FB0F0BD0F4AD0E70F4E29
:10812000CFE70D9BF91A642201FB02F2B2FBF7F2D2
:108130000292019700913A46094928462BF0C1FE68
:10814000E9E700BFD06105006C6A0500786A0500A8
:10815000A46A0500BC6A050050870500686A05002E
:10816000EC6A050070B590B00546002408940994A7
:108170000A940B940C940D940E940F944FF02033AA
:10818000089309930A930B930C930D93ADF8383031
:1081900001461B4821F032FB14B1002010B070BD25
:1081A00004EB8413174E06EB831607AA4FF4805195
:1081B00006F1400037F063FCB8B9079AC2F5805168
:1081C000642301FB03F31B0B05934FF480530493CB
:1081D00003910292019308AB0093234632460A4969
:1081E00028462BF06EFE0134D6E7084C5023224679
:1081F000074908482AF00CFB5021204634F045FE80
:108200001982010080EA00208C6B0500446B050098
:10821000885B05006C2B0500F0B589B004460D465F
:10822000D0F8B06007A937F03CFCB8B9204637F069
:1082300018FC0799771A642207FB02F2B2FBF6F2E8
:10824000034688B104920396029701910096224654
:10825000064928462BF035FE09B0F0BD0246044918
:1082600028462BF02EFEF7E7024BEBE7D86B050014
:10827000BC6A0500686A050010B503460C46114645
:10828000006808B1027822B9024A204627F020FC93
:10829000204610BD406C05002DE9F04186B0064631
:1082A00005A81DF0D7FA00EB4000059B03EBC008C2
:1082B000224A082130462BF0F6FD059C0CE0204BAD
:1082C000204A082130462BF0EEFD63691BB11D6882
:1082D0000DB12B68A3B9183444452AD2142269463B
:1082E0002046FFF7C9FF0346174A082130462BF006
:1082F000DAFD204637F091F90028E0D0134BDFE794
:10830000134A082130462BF0CEFD00272B68BB42D4
:1083100009D905EB87035B680E4A082130462BF02C
:10832000C2FD0137F2E70C4A082130462BF0BBFDB5
:10833000D1E7002006B0BDE8F08100BF5C6C05000D
:10834000506C0500706C0500686C0500486C0500F9
:10835000786C05004CDD0500788E050008B5102A04
:1083600012D0202A13D0082A06D00A4A08212BF05E
:108370009AFD6FF0150006E00B78DBB2064A082183
:108380002BF091FD002008BD0B889BB2F6E70B682F
:10839000F4E700BFFC6C0500146D050008B5029BF6
:1083A000102A0ED0202A10D0082A06D0084A082108
:1083B0002BF079FD6FF0150002E0DBB20B700020AE
:1083C00008BD9BB20B800020FAE70B600020F7E7A6
:1083D000FC6C05002DE9F04182B004460D461646BE
:1083E00010220021706827F0A1FC0746022D20D83A
:1083F0004FF020084346164A082120462BF053FD33
:10840000032D1ED910220021F06827F08FFC0546AD
:108410000346104A082120462BF045FD0095002315
:108420000193424639462046FFF7B8FF02B0BDE847
:10843000F0810A220021B06827F078FC5FFA80F80A
:10844000D8E7424639462046FFF788FFEEE700BFEF
:10845000286D0500406D050038B504460D4611B184
:108460000E4B1B785BB90D4A137883F00103137030
:108470005BB92946204601F095FC002038BD08492B
:108480002BF03DFD6FF00F00F8E7064920462BF07A
:1084900018FD024B01221A70EBE700BF3B91002050
:1084A000546D0500906D0500F8B507460E4615465B
:1084B0000023244A1370244A1360244A13600CE0FA
:1084C00000231C4402222249204639F0F3F998B9CE
:1084D0001C4B01221A700435013E012E1DD96C6817
:1084E00002221C49204639F0E5F90028E8D1A3789A
:1084F000002BE6D00123E4E716492046F5F7E8FC17
:1085000050B123782D2B08D1637833B1224612491C
:1085100038462BF0D6FCDEE70435002211466868A9
:1085200027F004FC0D4B186000221146686827F004
:10853000FDFB0B4B18600B493846FFF78DFF002001
:10854000F8BD00BF3D9100207C56002080560020E1
:10855000C06D0500BC6D0500C46D05008856002087
:10856000845600206985010038B50546554B1B78B7
:10857000182B01D0002305E00B78112B32D00023FB
:1085800000E0013302F1FF3C9E469C4509D9CC5CDA
:10859000182CF6D18E449EF801001128F1D1012348
:1085A00000E00023F3B911F80C20464B1A700A784A
:1085B000A2F13003DBB2092B09D9A2F16103DBB2CE
:1085C000052B04D9A2F14103DBB2052B05D83E49A6
:1085D0000B683E48C25401330B603B4B1B68022BB7
:1085E0005DD038BD3A4B1A683A4928462BF069FCF1
:1085F00000212846FFF730FF374B1B78002BF0D1C6
:1086000013E0364D2A681068030A03F47F4343EAF7
:108610001063040204F47F04234343EA006342F836
:10862000043B2A6004392A4B1960294B1968042934
:10863000E7DC11F0030F0FD1284B18680268130A0A
:1086400003F47F4343EA1263110201F47F010B43F9
:1086500043EA02630360C4E74B4201F0030103F005
:10866000030358BF594202290FD00329B9D11B4B2C
:1086700019680B68C3F3074203F47F4002431B04ED
:1086800003F47F0313430B60ABE7144B19680B68CB
:10869000C3F307221B029BB213430B60A1E7102216
:1086A00000210A4827F042FB0D4A136803F8010B2A
:1086B0001360074A136801331360034B00221A60EA
:1086C0008FE700BF3C9100207C56002078560020A8
:1086D00080560020DC6D05003D910020845600206E
:1086E000885600202DE9F04385B080460F46154698
:1086F0001C46DE08002D5DD04FF0000C08E01CF891
:1087000007300CF110010DEB010C0CF8103C9446F5
:10871000B54240D30CEB0602102A3CD8102C0DD0E9
:10872000202C1BD0082CEAD0234A082140462BF0ED
:10873000BAFB6FF0150005B0BDE8F0833CF80730D8
:108740000CF11001694401F8103CC3F307230CF14C
:1087500011010DEB010C0CF8103CD8E75CF8073068
:108760000CF11001694401F8103CC3F307200CF12F
:108770001101694401F8100CC3F307400CF1120118
:10878000694401F8100C1B0E0CF113010DEB010CE8
:108790000CF8103CBBE7A946102D28BF4FF010097C
:1087A0004B466A463946404601F07EF91037A5EB44
:1087B00009059FE70020BEE7FC6C05002DE9F043AA
:1087C00083B081460D46144600230193384B0122A5
:1087D0001A6004F0E3FD4FF0FF364FF020083746F3
:1087E000344A2146284604F0FDFDB0F1FF3F43D056
:1087F00073281BD077282CD0612804D06FF0150087
:1088000003B0BDE8F08301AA10212B4B18682BF0B0
:108810009FFC0646019B002BE2D0274B1A68274994
:1088200048462BF06CFB6FF01500E9E701AA002128
:10883000214B18682BF08CFC0746019B002BCFD0F6
:108840001D4B1A681E4948462BF059FB6FF0150066
:10885000D6E701AA0021184B18682BF079FC804656
:10886000019B002BBCD0144B1A68164948462BF0CC
:1088700046FB6FF01500C3E7B6F1FF3F0AD0B7F132
:10888000FF3F0ED05FFA88F33A4631464846FFF77D
:1088900029FFB5E70C4948462BF031FB6FF0150076
:1088A000AEE70A4948462BF02AFB6FF01500A7E710
:1088B00020280020346E0500805F0020F86D050040
:1088C0000C6E0500206E05003C6E05005C6E050018
:1088D00010B50246034653F8584B4021C164036368
:1088E0000023C3638363436383644364036400F1CD
:1088F00050010820D0621161D3619361536193628A
:1089000053621362C2F8D030034920462AF069FF4F
:1089100020462AF080FF10BD3F3904002DE9F043C6
:1089200087B080460F464FF000090CE06FF0570407
:108930004FF00109214628462AF055F8D8B9002CF5
:1089400042D0B44240D107F13005FA6C05A928465F
:108950002AF029F80646C8B10599D8F808301B69ED
:10896000002BE3D002464046984704460028E1D059
:108970004FF00109DEE7194C6E23224618491948C9
:1089800029F046FF6E21204634F07FFA164B1B6813
:1089900013F0060F0AD1D8F808301B698BB10122F9
:1089A0000DF11301404698470446C8E70F4B029368
:1089B000002001900090034602220B492AF0B0FFEC
:1089C000E9E76FF05704BCE7B9F1000F03D07B680B
:1089D000B9680020984707B0BDE8F0832070050013
:1089E000885B05006C2B05002830002058700500BE
:1089F00070B584B005460C462AF022FFC8B104F1D8
:108A00001006E26A03A930462AF00BF8024658B372
:108A10000399AB68DB68CBB12846984701463046DE
:108A20002AF01CF8A8B96368A1680120984704B02F
:108A300070BD28462AF0E9FE04F1980040F6CD42C8
:108A40000023CDE9002321F025FBF0E76FF057016B
:108A5000E5E7094CBA2322460849094829F0D8FE1F
:108A6000BA21204634F011FA28462AF0CEFE00231F
:108A7000C4F8D030D7E700BF20700500885B050040
:108A80006C2B050000B583B0094836F0C6FD60B117
:108A9000042300930123074A12680549064801F0A0
:108AA00029F9002003B05DF804FB6FF01200F9E72C
:108AB000B41E050070700500D025050038B5A0B1C2
:108AC00004468368F3B14268E2B1D3F8783213F018
:108AD000010F2BD1C0692BF036FE606803685B681C
:108AE00098470546D8B1284638BD124C40F2F443A9
:108AF00022461149114829F08BFE40F2F4412046EC
:108B000034F0C3F90B4C40F2F54322460C490B48B4
:108B100029F07EFE40F2F541204634F0B6F92046B9
:108B20002AF0AEFFA36800221A75DCE76FF00F058C
:108B3000D9E700BF1C710500C0CE05006C2B0500F5
:108B40004471050083681975022900D0704710B57B
:108B5000044683689B6C03B110BD2AF00AFFA3682A
:108B6000D3F8783213F4805F03D120462BF006FD52
:108B7000F2E7054B054A0321204601F0BFFC002126
:108B800020462AF082FFF0E75C71050064DC0500F6
:108B900008B58368D3F8743213F0200F00D108BDF4
:108BA000024940692BF056F8F9E700BF4C27050051
:108BB00010B504468168183101F0AAFEA168034A85
:108BC000183120462BF0D6FD10BD00BFA071050066
:108BD00009B10020704710B5044683689B69054AB7
:108BE000012101F08BFC2046FFF7E2FF6FF015003A
:108BF00010BD00BFB0710500F8B504461646806888
:108C0000426A72B10D4690F8282092B390F829304C
:108C1000FF2B25D0AA4226D81344AB4248D20021CC
:108C200022E0ABB15A68002A44D0C1698A420AD016
:108C300000F1180E9C46BCE80F00AEE80F00DCF80F
:108C40000030CEF800302046FFF7B2FF01272DE0BC
:108C50001A4A0121204601F051FC6FF0070725E078
:108C60004FF6FF73D6E700212046FFF7B1FF074616
:108C7000E0B9012120462AF050FFA06800F54370BA
:108C80001DF0D6FBA3685B6A32462946204698470A
:108C90000746A06800F543704FF0FF324FF0FF33F6
:108CA0001DF0AEFA002120462AF037FF3846F8BD05
:108CB0000121D9E76FF00707F8E700BFCC71050085
:108CC00091B110B504460846D36803B910BD2046DB
:108CD0002BF042FB204601F011FB044A0121204603
:108CE00001F00CFC0020F1E701207047EC71050059
:108CF0002DE9F047A6B00646542200210CA838F012
:108D0000A9FC00230693059304934FF0FF330393CC
:108D1000B36803F1560A30462BF01EFB30462BF0A9
:108D2000ADFAC8B1B36800279F61DF611F625F625F
:108D30009F6230462BF0FEF9B168B1F850205631F1
:108D400030462AF09EFF30462BF041FF0897B84688
:108D50000CACB9463D465BE06C4970692AF07AFF7D
:108D6000E0E700286AD00346694A0121304601F055
:108D7000C5FB6FF00700A1E0206801F0EBFD0028C3
:108D80005FD0089B5BB1B468183407AD0FCD0FC43A
:108D90002B6823603046FFF70BFF01208EE05D4A11
:108DA0000121304601F0AAFB6FF0070086E022683F
:108DB000294630462BF030FF022868D0032843D0E4
:108DC000069B013306934FF0010921E021AA216897
:108DD00038462BF05AF9054639E0069B93B9B3683B
:108DE000DB6A23B1DB6813B14FF0010848E04A4B5E
:108DF00000930C9B494A0121304601F07FFB4FF064
:108E000001083DE04FF001083AE0069B013306936C
:108E1000049B012B3BD0069B132B38D8039B002BC4
:108E200035D002235246214604A801F0E5F8D4F8D3
:108E300004A0049B002B63D0012B92D0069B002B37
:108E40009AD1069B002BB2D1B8F1000FBED00434EA
:108E5000039B013B0393002DBFD02A464946304671
:108E6000FFF72EFF00284ED0B16803AB019305AB8E
:108E7000009306AB07AA183128462AF099FD2F4621
:108E8000039B002BC1D1049B022BC1D1BDE7069BE4
:108E9000132B02D9049B022B13D0B9F1000F19D167
:108EA00017B17B7CFE2B20D0059907AB0CAA02EBF7
:108EB00081020698411A3046FFF79EFE26B0BDE8B3
:108EC000F087174B174A0121304601F017FB6FF06E
:108ED0000700F3E730462BF0B2FEB2681423563297
:108EE0000CA906A801F088F8DAE7069B26AA02EB8F
:108EF000830252F8682C002AD6D001330693D3E7B8
:108F00006FF00700DAE76FF00700D7E7788E05000B
:108F10001C720500CC710500387205003072050026
:108F20004C7205005C670500F0B583B004461D4631
:108F30008068B0F85030FF2B49D00F461646B0F885
:108F4000522000F1560100F5AB7038F05CFBA368CD
:108F5000B3F852201344002283F85621A268142348
:108F600002F5AB723168284601F046F82B68142BE5
:108F700030D83268002142F82310A368B3F8522099
:108F8000D2B1013A134493F85630144AD35C03F03B
:108F900008032C6894B113B9012C0FD0013C0020B8
:108FA0000190099B0093089B326821462BF090F8B2
:108FB000386048B101200BE00023EAE70023089A5B
:108FC00013603B60012003E034B9012000E0002081
:108FD00003B0F0BD0020FBE70020F9E742190600CE
:108FE000F8B504460E461F467AB31046F4F77AFFEA
:108FF00085B2A26818323946304601F023F830B302
:1090000006688EB33046F4F76DFF80B285422DD1ED
:10901000A268B2F85230134493F856301C49CB5C26
:1090200013F0080F2ED1D2F8743213F0010F24D0B0
:10903000002120462AF0A1FD202120462BF04CFAE9
:10904000012120462AF099FDF8BD0025D1E7114CF9
:109050004FF4B87322461049104829F0D9FB4FF459
:10906000B871204633F011FF0020CFE7421B92B2C7
:10907000711920462BF04CFACAE7202120462BF02C
:109080002BFAE1E7012120462BF013F9DCE700BFC2
:10909000421906001C710500707205006C2B05005A
:1090A0002DE9F04182B0064651B30F46023294B228
:1090B000D0F80880B8F83A50023D95FBF4F5ADB20F
:1090C0001DB30846F4F70EFF80B2241AA4B2B8F814
:1090D00040305A1CA8F84020B3FBF5F205FB1233D0
:1090E0009BB2EBB90097124B124A0621304601F0B1
:1090F00005FA2146304601F0BDF802B0BDE8F08126
:1091000083680022A3F84020F7E70B4C9023224607
:109110000A490B4829F07CFB9021204633F0B5FE2C
:109120003B46084A0621304601F0E8F9E1E700BF76
:1091300020060600987205001C7105008872050063
:109140006C2B050064DC05002DE9F84F07468946C5
:109150001C460A9DBDF82CA0904652B11046F4F76B
:10916000C1FE1FFA80FB524600213846FFF798FFE8
:1091700015E04FF0000BF6E7194C40F2B913224608
:109180001849194829F044FB40F2B911204633F040
:109190007CFE524631683846FFF782FF013DB5B18B
:1091A000BA6818322146484600F04CFF06460028AF
:1091B000E2D00134B8F1000FEBD000680028E8D00D
:1091C0005A46414638F076FB0028E2D0E7E70749E7
:1091D00078692AF03FFD38462BF0D0F9BDE8F88FCA
:1091E0001C710500707205006C2B0500788E05005F
:1091F0002DE9F0478AB0129CBDF84C60012C1AD9B9
:1092000080460F461546194603F1010A05AA38465D
:1092100000F018FF8146D8B1D8F80800FF22D9F82D
:10922000001000F5AB7038F057FBD9F800302B6018
:109230004FF6FF7920E01F4C4FF4E97322461E4998
:109240001E4829F0E5FA4FF4E971204633F01DFE7F
:10925000184C40F2D51322461949184829F0D8FA7B
:1092600040F2D511204633F010FE013C4845A8BF1E
:1092700048461FFA80F9AA46012C16D90AF10105C1
:109280006A465146384600F0DDFE034668B1D8F81C
:1092900008004FF6FF72196800F5AB702AF074FBF6
:1092A000002EE2D08642E6DCDFE748460AB0BDE8A1
:1092B000F08700BF1C710500A07205006C2B050033
:1092C000A872050010B50446013916290FD8DFE849
:1092D00001F00C0F1226292C0E0E0E0E2F320E4C02
:1092E0000E500E0E0E0E540E61002BF02CF810BD19
:1092F0002BF03DF8FBE72BF02FF820462AF0BEFFBD
:1093000040B1012120462AF020FC02212046FFF72F
:1093100019FCECE7234960692AF09CFCF1E72BF08B
:10932000FBF8E4E72BF018F8E1E72BF02BF8DEE789
:109330002BF035F8DBE78368D3F8743213F0200F95
:1093400009D1A368D3F8743213F0200F08D1204656
:109350002BF014F9CBE7144940692AF07BFCF0E7C5
:10936000124960692AF076FCF1E700212AF042FDFB
:10937000BDE701212AF03EFDB9E72AF0E4FF2046CF
:109380002AF0F7FA012120462AF0DFFB2046FFF7FA
:10939000FFFBACE701F028F9012120462AF0D5FBBC
:1093A000A5E700BF788E0500542705005C2705005F
:1093B00070B586B0044600230593A3689D6CF5B193
:1093C000606803681E6905AB10226946B047059BBB
:1093D0009BB1012120462AF0A0FB059A6946204650
:1093E000A847002120462AF098FBA3689B6C002B1D
:1093F000E3D102212046FFF7A5FB06B070BD6068EF
:1094000003681D6905AB01220DF11301A847059BF7
:10941000002BF2D09DF813109DF91330002BCCDBFC
:10942000A268537D032B00F25081DFE813F00400A3
:10943000B800CA004B0120462AF0E4FA002841D1C6
:109440009DF813101B2953D81B2900F28E8001A30D
:1094500053F821F0BB9301006B9501006B9501005F
:109460006B9501006B9501006B9501006B950100F8
:109470006B95010045950100279501006B95010052
:109480006B9501006B9501006B9501006B950100D8
:109490006B9501006B9501006B9501006B950100C8
:1094A0006B9501006B9501006B9501006B950100B8
:1094B0006B9501006B9501006B9501006B950100A8
:1094C0001F950100A568B5F850305BB920462AF019
:1094D000CFFB7F4960692AF0BDFB02212046FFF7E0
:1094E00031FB6AE72046FFF703FCC5F82403F4E7E5
:1094F0007F293AD1A368D3F8743213F0020F3FF4F6
:109500005CAF012120462AF020FBA368D3F8743217
:1095100013F0080F25D020462BF01DF84DE7A36867
:1095200001225A7549E7A368D3F8743213F0020F89
:109530003FF443AF012120462AF007FB20462AF0E2
:1095400001FC3AE7A368D3F8743213F0020F3FF43A
:1095500034AF012120462AF0F8FA20462AF0FBFF1A
:109560002BE720462AF0D8FF27E75A4B5B5C13F025
:10957000970F0AD1A368D3F8743213F0020F3FF4A7
:109580001CAF2046FFF79EFE17E7012120462AF078
:10959000DCFA9DF8131020462AF09EFF0DE75B29A8
:1095A00008D0D2F8743213F0020F06D1A36800225B
:1095B0005A7502E702235375FFE620462AF00BFC9A
:1095C000F4E700235375A368D3F8742212F0020F56
:1095D0003FF4F3AE31391B293FF6EFAE01A252F84A
:1095E00021F000BF8596010091960100AB96010025
:1095F00079960100BB930100BB930100BB9301006E
:10960000BB930100BB930100BB930100BB9301001E
:10961000BB930100BB930100BB930100BB9301000E
:10962000BB930100559601005F9601006996010009
:1096300071960100BB9301007D960100BB93010070
:1096400089960100BB930100BB930100BB9301000D
:1096500095960100012120462AF0CCFBADE60021C1
:1096600020462AF0C7FBA8E620462AF08BFEA4E697
:1096700020462AF07CFEA0E603225A7520462AF0F6
:109680006BFE9AE603225A7520462AF05CFE94E6A9
:1096900003225A75A368D3F8741201F0010181F016
:1096A000010120462AF069FA87E603225A75A36869
:1096B000D3F8743213F0020F3FF47FAE20462AF045
:1096C0002BFF7AE60023537577E60023537574E683
:1096D000788E05004219060010B570B10446836803
:1096E000C3B101212AF061FAA3681B7D022B1ED0B1
:1096F000002120462AF059FA10BD0F4C40F2D453F5
:1097000022460E490E4829F083F840F2D4512046F3
:1097100033F0BBFB084C40F2D553224609490848B8
:1097200029F076F840F2D551204633F0AEFB2046C2
:10973000FFF73EFEDCE700BF1C710500C0CE050050
:109740006C2B0500B072050010B5002835D004461A
:109750008368002B3ED04268002A3BD00268002A72
:1097600038D01A7D012A48D1D3F8782212F4804FDC
:1097700004D0D3F8742212F0040F38D0A06800F59A
:1097800043704FF0FF324FF0FF331CF039FD0821DA
:10979000204600F089FE1A4960692AF05BFA02212E
:1097A0002046FFF7CFF9204600F0BCFFA06800F587
:1097B00043701CF03DFE002010BD124C4FF4B3630B
:1097C00022461149114829F023F84FF4B36120468D
:1097D00033F05BFB0B4C40F2995322460C490B488B
:1097E00029F016F840F29951204633F04EFBDA6C1E
:1097F0000146C0692AF086FFC0E76FF08500DBE70D
:10980000788E05001C710500C0CE05006C2B05008C
:10981000B872050038B504461546003918BF012155
:109820002AF04BF9A368DD64606803689B68002137
:10983000984700B138BD2046FFF786FF0028F9D1D0
:109840001AE0A06800F543704FF0FF324FF0FF338D
:109850001CF0D6FC2B461E4A0121204600F04EFE8D
:10986000A06800F543701CF0E3FDE3E79847A068AB
:1098700000F543701CF0DCFDA06800F52F704FF080
:10988000FF324FF0FF33032120F056FF054600283A
:10989000D7D1A06800F543704FF0FF324FF0FF338F
:1098A0001CF0AEFC0B4A022120462AF0A8F90A4A15
:1098B000002120462AF0A3F9084A012120462AF077
:1098C0009EF9606803685B69002BCFD1CFE700BFCA
:1098D000E4720500DB3B0400D99601004B3A04001A
:1098E000F8B5D8B10E4615461F46044636F0B3F813
:1098F00008BBA2687AB3D2F8783213F4006F37D07D
:109900006369002B48D0002D53D0A068037D022B43
:109910005CD0012120462AF0B8F87DE0484C40F2A6
:10992000FC5322464749484828F072FF40F2FC5158
:10993000204633F0AAFA424C40F2FD5322464349F6
:10994000414828F065FF424828F062FF40F2FD518F
:10995000204633F09AFA3A4C40F2FE5322463D49F3
:10996000394828F055FF40F2FE51204633F08DFA79
:109970001FF0C0FBA368D3F820338342C0D1304C22
:1099800040F2FF53224634492F4828F041FF40F26D
:10999000FF51204633F079FA294C40F20163224608
:1099A0002E49294828F034FF40F20161204633F067
:1099B0006CFA234C40F2026322462949224828F0DF
:1099C00027FF40F20261204633F05FFA00F5437052
:1099D0004FF0FF324FF0FF331CF012FCA368D3F8B6
:1099E000782212F4006F01D19A6CB2B13B462A463C
:1099F000314620462AF00DFDA368D3F8782212F4F0
:109A0000006F01D19A6C8AB160692AF0A3FAA0684C
:109A100000F543701CF00CFDF8BDD3F8743213F060
:109A2000200FE3D020462AF0CAFCDFE7D3F87432D7
:109A300013F0200FE8D020462AF0A0FDE4E700BF95
:109A40001C710500C0CE05006C2B05007876050062
:109A5000FC720500B0720500187305005473050010
:109A60006473050010B504460A492AF02AFA0A4927
:109A700020462AF026FA094920462AF022FA084907
:109A800020462AF01EFA074A002120462AF072FEDC
:109A9000002010BD68730500A87305000874050058
:109AA0005C740500F8740500F8B540B117461E4611
:109AB00005460A462A492AF004FA002416E0294CF1
:109AC00040F24F6322462849284828F0A1FE40F280
:109AD0004F61204633F0D9F9254928462AF0F1F99B
:109AE0000BE0244928462AF0ECF901340F2C0CDC59
:109AF000002C02DD14F0070FEED0B442F1D23A5D33
:109B00001D4928462AF0DDF9EFE71C4928462AF0CE
:109B1000D8F9002409E0164928462AF0D2F90BE0CA
:109B2000174928462AF0CDF901340F2C13DC002CFC
:109B300002DD14F0070FEED0B44207D23A5D114BAC
:109B40009B5C13F0970FEBD12E22E9E708492846DA
:109B50002AF0B7F9E8E70C4928462AF0B2F9F8BD2F
:109B6000107505001C710500C0CE05006C2B0500AA
:109B7000D06105002062050018620500246205001E
:109B8000007605004219060018750500F8B518B3EF
:109B90000C460646002937D00846F4F7A3F985B2EB
:109BA000B06800F543704FF4247200231CF028FBCA
:109BB0000746F0B96B1C142B1ED8EDB12146B068D6
:109BC00037F070FEB36883F83C50B06800F543701E
:109BD0001CF02EFC3846F8BD0D4C40F28A6322463C
:109BE0000C490D4828F014FE40F28A61204633F0FB
:109BF0004CF96FF00F07EDE7B06800F543701CF00B
:109C000017FC6FF01507E5E76FF01507E2E700BFF7
:109C10001C710500C0CE05006C2B05002DE9F0413C
:109C2000037C013BDBB2012B12D80646884617465F
:109C30004FF44A720021806837F00CFD30462AF05C
:109C400004F8B06800F5437035F076FD002524E097
:109C5000244C4FF4976322462349244828F0D8FD2A
:109C60004FF49761204633F010F9B0682C0104F5E9
:109C70001E742044043036F03AF9B068031905EB3D
:109C8000850C4FEA8C0C0CF52E7C604404330022CA
:109C90000121043020F0F8FC0135032DE5DDB36926
:109CA00000241C600121304629F01FFFB3685022B8
:109CB0005A87B36818221A8731683046FFF766FF63
:109CC00064F38207B368C3F87472706803681C6831
:109CD0003346074A4146A04710B9B36801221A75B6
:109CE000BDE8F0811C7105001C7505006C2B05009A
:109CF000313C040070B588B098B11D4604468068B8
:109D0000E0B16368D3B12368C3B1D0F82033002B2E
:109D10003BD12046FFF782FF0646E0B1304608B04F
:109D200070BD1B4C40F2655322461A491A4828F070
:109D30006FFD40F26551204633F0A7F8144C40F215
:109D4000665322461549144828F062FD40F26651D8
:109D5000204633F09AF8A06AE16A00220023CDE998
:109D60000623002304930E2303930C9B0293019577
:109D700000940B4B4FF400621EF0AAF8A368C3F8DE
:109D80002003616A1DF086FFC8E76FF07706C5E71C
:109D90001C710500C0CE05006C2B0500B8720500D3
:109DA0001598010010B518B18268916469B110BDB1
:109DB000074C40F2157322460649074828F028FD53
:109DC00040F21571204633F060F829F0D2FDEEE73D
:109DD0001C710500C0CE05006C2B050010B582B0CB
:109DE00004461346002200920A4601460548FBF746
:109DF0003BFB23691B790BB902B010BD20462AF04A
:109E0000A9F8F9E76D3F040070B50C46037873B10B
:109E10002388C21812F8012C11498A5C12F0080F2D
:109E200006D0013B9BB22380002BF1D1037070BDA3
:109E30000022C25413461D4601339BB24119425DB4
:109E4000074EB25C12F0080FF5D1002DEFD022883A
:109E5000521B013237F0E4FB23885B1B2380E6E7CB
:109E6000421906002DE9F8430746056800269CE0E4
:109E70006C1C4DB12846F4F735F882B221462846CD
:109E800037F0CEFB254690E00022F7E76E1C4DB17F
:109E90002846F4F727F882B23146284637F0C0FB4F
:109EA000264682E00022F7E76C1C4DB12846F4F705
:109EB00019F882B22146284637F0B2FB002674E03A
:109EC0000022F7E76C1C2846F4F70CF882B2214612
:109ED000284637F0A5FB254667E04FF0000802242E
:109EE000042C0CD82B5DA3F13002D2B2072A06D87D
:109EF00042EAC8025FFA82F80134E4B2F0E7022CC9
:109F00006DD904F1FF39A94465B12846F3F7EAFF9A
:109F100082B2023C121B4946284637F081FB05F805
:109F2000018B42E00022F4E7A3F16102D2B2052ADC
:109F300014D8573BDBB243EA08135FFA83F80134C5
:109F4000E4B2032C16D82B5DA3F13002D2B2092A59
:109F5000EAD842EA08125FFA82F8F0E7A3F1410278
:109F6000D2B2052A06D8373BDBB243EA08135FFAC0
:109F700083F8E4E7022C17D904F1FF39A94465B14D
:109F80002846F3F7AFFF82B2023C121B494628462F
:109F900037F046FB05F8018B07E00022F4E7154B8C
:109FA0001B5D13F0080F20D101352C78ECB146B9B8
:109FB000272C3FF46BAF5C2C3FF45AAF222C3FF4BC
:109FC00065AFA6423FF470AF002EE8D05C2CEBD119
:109FD0006B789E423FF476AF302B3FF47EAF782B08
:109FE000E2D14FF000080224ABE73D603046BDE807
:109FF000F88300BF4219060070B582B004460E46D1
:10A0000001921D460020206007E0531C01930023AD
:10A01000137002E001A8FFF725FF019A117869B1DA
:10A02000074B5B5C13F0080FEFD123685A1C2260CA
:10A03000019A46F823202368AB42EBD102B070BDF1
:10A04000421906008C46034698B110B51446D2B1A9
:10A050008068002831D01C4B984221D31B4B98427A
:10A060001ED20368114660469847206828B32046F0
:10A0700023E01749174A521ABCEB920F01D251F84C
:10A080002C3018467047144C40F2291322461349CD
:10A09000134828F0BDFB40F22911204632F0F5FEAE
:10A0A000104B984202D3104B984207D300680CEB38
:10A0B0008C0C00EB8C0003681BB110BD0CF1010C83
:10A0C000F5E71846F9E700BF3427050034270500F7
:10A0D0000026050030260500AC750500DC7505007E
:10A0E0006C2B05003026050034270500002835D0EC
:10A0F000F8B50646F3F7F6FE85B275B30024274699
:10A1000006E00137BFB2013292B20EE00134A4B2D0
:10A11000AC466B1E9C4220DA2046335D104AD35C6D
:10A1200013F0080FF2D0621C92B29542EED906EB02
:10A13000020EB35C0A49CB5C13F0080FE1D1002F8B
:10A14000E4D00130ACEB020201327146304437F00A
:10A1500067FAEF1BBDB20027D8E7F8BD704700BF14
:10A160004219060070B484460020064605E0002B24
:10A170000DDD15E00126013080B213FB00F411FA69
:10A1800084F4A4B20CB9002B0ADB9442EFD01CF883
:10A190000440044D2C5D14F0070FEBD1002EEAD0E3
:10A1A00070BC70474219060008B58368D3F8743252
:10A1B00013F0200F00D108BD0249406929F0F9FFD2
:10A1C000F9E700BF6427050008B58368D3F8743247
:10A1D00013F0200F00D108BD0249406929F0E9FFC2
:10A1E000F9E700BF6827050008B58368D3F8743223
:10A1F00013F0200F00D108BD0249406929F0D9FFB2
:10A20000F9E700BF70270500082915D814D008B554
:10A21000836893F83F208A4207D083F83F10836811
:10A22000D3F8743213F0200F00D108BD0A46034959
:10A23000406929F0BEFFF8E7704700BFF0750500E0
:10A2400008B50A1E09DD4123002A0ADB8168D1F81E
:10A25000741211F0200F06D108BD002AFCD0422351
:10A26000F2E75242F2E70249406929F0A2FFF3E720
:10A27000FC75050008B50A1E09DD4323002A0ADB28
:10A280008168D1F8741211F0200F06D108BD002AA0
:10A29000FCD04423F2E75242F2E70249406929F038
:10A2A00088FFF3E7FC75050010B504460A4683688D
:10A2B000B3F85210481CA3F852000B4483F8562000
:10A2C000A368D3F8741211F0020F0DD0D3F87432D2
:10A2D00013F0040F00D02A220649606929F069FFB3
:10A2E000204629F0CBFF00B910BD0349606929F071
:10A2F00060FFF9E700760500788E050010B504468A
:10A3000029F0BCFF18B9204629F061FF18B10249B5
:10A31000606929F04EFF10BD788E0500F8B505463E
:10A320008468B4F85020B4F8521004F1300029F0D9
:10A3300066FEA78EE68E284629F049FF70B9B7421F
:10A3400011D0E18EA38EC91A2846FFF779FF218E1E
:10A35000638EC91A2846FFF78DFFF8BD0549686965
:10A3600029F027FFEBE7218E638EC91A2846FFF7F5
:10A3700081FFF2E7788E05002DE9F84305468468F1
:10A3800014F1560006D0F3F7ADFD86B294F83C7098
:10A3900000231BE00026F9E71C44224492F8569063
:10A3A0004FF0000882F85680AA6850331A440632EB
:10A3B0000F49686929F0FDFEAB68234483F8569085
:10A3C000AB685B8FDB1BF61A23464746AA68548F9F
:10A3D000E41BB442E0DB002E01DCBDE8F88350331F
:10A3E0001A4406320349686929F0E3FEF5E700BF25
:10A3F0005C67050064DC05002DE9F04182B0F0B136
:10A40000884614460746D1B10025002C3ED0786816
:10A410000368DE6801AB224608EB0501B047D8B9F6
:10A42000019BA34225D81D44E41A002BEDD1BB6843
:10A430001B7D032BE9D0384629F0F9FEE5E7154CE2
:10A4400040F2B11322461449144828F0E1F940F2D1
:10A45000B111204632F019FD0E4C40F2BB132246DA
:10A460000F490E4828F0D4F940F2BB11204632F0D3
:10A470000CFD084C4FF4DE7322460A49074828F0C9
:10A48000C7F94FF4DE71204632F0FFFC02B0BDE8A0
:10A49000F08100BF04760500307605006C2B0500C6
:10A4A000885B05003C760500082921D808B583683B
:10A4B00093F83E208A4209D083F83E1008290CD038
:10A4C0008368D3F8743213F0200F00D108BD0A4618
:10A4D0000849406929F06DFEF8E78368D3F87432C3
:10A4E00013F0200FF2D00449406929F062FEEDE735
:10A4F000704700BF50760500742705000CB470B596
:10A5000082B0069EE0B10D46044683682BB34269D3
:10A5100082B3002E3BD0D3F8783213F4005F03D11E
:10A5200035F099FA00283FD107AB0193324629460E
:10A53000204629F06EFF02B0BDE8704002B07047BF
:10A54000214C40F21A2322462049214828F060F984
:10A5500040F21A21204632F098FC1B4C40F21B239B
:10A5600022461C491A4828F053F940F21B21204684
:10A5700032F08BFC144C4FF40773224616491448F2
:10A5800028F046F94FF40771204632F07EFC0E4C5D
:10A5900040F21D23224611490D4828F039F940F2B6
:10A5A0001D21204632F071FC074C40F21E2322464A
:10A5B0000B49074828F02CF90A4828F029F940F2FD
:10A5C0001E21204632F061FC04760500C0CE050055
:10A5D0006C2B0500B0720500547305006473050010
:10A5E0005C760500FC7205008168B1F85020002AF5
:10A5F00046D070B50546B1F85230002B3FD04F33EE
:10A600000B44063301F1560C002402E00134A4B2DD
:10A61000013B634502D319782029F7D0634506D35F
:10A620001978202903D00134A4B2013BF6E75E1C5F
:10A63000611C121B1944304636F0F2FFAA68B2F8CA
:10A6400050301B1BA2F85030AB68B3F850201344B5
:10A65000002283F85620614209B2284629F029FEDB
:10A660002846FFF7A1FD3346064A08212846FFF792
:10A6700045FF2846FFF7A8FD2846FFF7B5FD70BD4A
:10A68000704700BF64DC0500F8B504460E46174667
:10A690006AB9A068D0F8743213F0040F27D0B0F86C
:10A6A0005230503318440630F3F71CFC07E0FFF734
:10A6B0008BFDEEE71349606929F07BFD2846451EB6
:10A6C0000028F7D1A368B3F85020A3F85220204601
:10A6D00029F07DFD28B107B11EB10B49606929F051
:10A6E00068FD714209B2204629F0E3FDF8BDB0F8DB
:10A6F0005230503303440633044A08212046FFF702
:10A70000FDFEDFE750870500788E050064DC05005C
:10A7100008B58368024A0221FFF7F0FE08BD00BFBA
:10A7200064DC050070B592B098B106460023019331
:10A730004FF47A74706803681D6901AB402202A966
:10A74000A847019B1BB110B9013C002CF2DC12B0F0
:10A7500070BD064C40F22A2322460549054828F0E0
:10A7600057F840F22A21204632F08FFB047605008C
:10A77000C0CE05006C2B0500002979D02DE9F843E7
:10A78000804616460D460BB9002404E01146FFF73B
:10A7900071FDF9E701342B5D364AD35C13F0080FE5
:10A7A000F8D156E0D8F8140029F0D4FB3A4629191C
:10A7B0004046FFF721FE09F101042F49D8F81400A3
:10A7C00029F0CAFF31464046FFF754FD2919D8F851
:10A7D000140029F0C1FF2849D8F8140029F0BCFF63
:10A7E000BDE8F88300278742F0D204EB070915F88B
:10A7F00009300A2BD6D00137F5E79A1996450DD9BD
:10A800000133E218A95C1B4A12F801C01CF0080FC2
:10A81000F3D00A2901D01F46EFE71F46D8F81400ED
:10A8200029F098FB3A4629194046FFF7E5FD3C44DC
:10A8300000E001342B5D0F4AD35C13F0080FF8D110
:10A840000D49D8F8140029F087FF31464046FFF73C
:10A8500011FD2846F3F746FB80B2001BD8F80830FC
:10A86000B3F83AE0AEEB06078742BBD20023C8E755
:10A87000704700BF42190600788E050000293ED0BF
:10A880002DE9F04184B0064615461F4602F1060840
:10A890001FFA88F80C460B7813B904B0BDE8F081B4
:10A8A0000846F3F71FFB80B22D1AADB220238DF8B6
:10A8B0000F300094124B134A08213046FFF71EFE5A
:10A8C0000FB100240CE01049706929F045FFE4E75E
:10A8D00001220DF10F013046FFF78EFD0134A4B2C5
:10A8E000AC42F5D3064B094A08213046FFF706FE75
:10A8F0000023424639463046FFF73EFFCDE770471A
:10A90000BC760500A4760500788E0500C4610500BC
:10A91000F0B583B005460E460F68AFB13846F3F781
:10A92000E1FA84B20334A4B2084B00933B46084AD0
:10A9300008212846FFF7E2FD0023224671682846D9
:10A94000FFF71AFF03B0F0BD0024EBE7B87605006F
:10A95000A476050010B504460749F3F7B9FA30B1FB
:10A9600006492046F3F7B4FA18B1002010BD0120C3
:10A97000FCE70120FAE700BFAC760500B0760500E1
:10A9800010B504468368D3F8743213F0200F07D152
:10A99000A368D3F8743213F0200F06D1002010BD45
:10A9A0000449406929F025FFF2E70349606929F06D
:10A9B00020FFF3E77C2705008427050008B583689E
:10A9C000D3F8743213F0200F00D108BD024940695A
:10A9D00029F00FFFF9E700BF8C27050008B5836851
:10A9E000D3F8743213F0200F00D108BD024940693A
:10A9F00029F0FFFEF9E700BF9027050010B50446D7
:10AA00008368D3F8743213F0200F07D1A368502263
:10AA10005A87A36818221A87002010BD024940698E
:10AA200029F0E7FEF2E700BF9427050008B5836927
:10AA30001A68024929F045FA002008BDC0760500D1
:10AA400000B583B002290DD08368D3F8743213F0B7
:10AA5000020F11D0094A0A4929F033FA002003B045
:10AA60005DF804FB53680093064B1268064929F011
:10AA700046FA6FF01500F2E7044AECE7C408060056
:10AA8000F8760500D4760500EC760500D076050052
:10AA900008B50249FFF77AF8002008BDE86A05000A
:10AAA00070B582B00646144929F00BFA134C002207
:10AAB0000AE0551CADB2636A0093A36810493046A2
:10AAC00029F0FFF930342A460E4B9C4205D80D4B35
:10AAD0009C42EED3002002B070BD0B4CE623224610
:10AAE0000A490B4827F094FE0A4827F091FEE62118
:10AAF000204632F0CAF900BF0C770500D0250500CA
:10AB000024770500002605003877050068770500E2
:10AB10006C2B05007C60050070B582B004460025F2
:10AB200009E06E1CA36803F5AB732A460B49204667
:10AB300029F0C7F93546A2680DF1060302F5AB729C
:10AB40000121E06829F04FFFBDF80630002BE8D165
:10AB5000A368002083F8560102B070BD807705001D
:10AB60002DE9F04383B004460E46154600278DF8C4
:10AB700003700F80178080684FF48072394600F5AB
:10AB8000AB7036F067FD4849606929F032FE6069B4
:10AB900029F0E0F9B846B8F57A7F15D36FF0730065
:10ABA0007BE04FF47A7034F032FD08F101081FFAAF
:10ABB00088F8F0E7522B1DD0A2683A4482F856314B
:10ABC0000137BFB2092F62D860680368D3F81090CC
:10ABD00001AB01220DF10301C847019B002BE0D01E
:10ABE0009DF803301B2BE5D0A26892F856211B2A52
:10ABF000E0D0E9E7A3683B44002283F85621A3682C
:10AC000093F857215B2A15D10222A368134493F8C5
:10AC100056113B2914D02B8803EB83035B009BB2B6
:10AC2000013292B20B44303B2B80FF2AEDD96FF0FA
:10AC3000790032E0002283F856216FF004002CE006
:10AC4000013292B2FF2A2BD8A368134493F856110D
:10AC500071B1338803EB83035B009BB2013292B284
:10AC60000B44303B3380FF2AEED96FF0790014E0BB
:10AC70003388FA2B01D9FA2333802B88FA2B01D998
:10AC8000FA232B80A368002083F8560105E0A3680F
:10AC9000002283F856216FF00B0003B0BDE8F0836B
:10ACA0006FF00400F9E700BFC877050010B582B067
:10ACB0000446012904D129F040FE58B902B010BD64
:10ACC000536800930A4B12680A4929F018F96FF08B
:10ACD0001500F3E7A36850225A87A36818221A8741
:10ACE0000549204629F0FCF86FF00700E6E700BFB1
:10ACF000D4760500EC7605008C77050010B5044687
:10AD000029F020F902460349204629F0DAF800200C
:10AD100010BD00BF6CCA05002DE9F04786B0814622
:10AD20000F4616464FF00008414602250DE0334617
:10AD30001C4A03214846FFF7E1FBB8F1000F27D179
:10AD4000284606B0BDE8F08721464C1C01AA3846CB
:10AD5000FFF778F982460028EFD00022DAF80010D9
:10AD600030462AF015F90028EED1D9F8080033460C
:10AD7000DAF8002000F1540100F5AB7029F0DDFE97
:10AD800005460128D3D00028D7D108F10108DBE718
:10AD9000D9F80800324600F1540100F5AB7029F0F3
:10ADA0004AF9CDE7847F050008B5034827F0D1FABA
:10ADB000024827F0CEFA08BDE07F050018800500A4
:10ADC00070B58CB000230193029303930493059311
:10ADD0000693C0B10C46054629B32A4B1B68002BCD
:10ADE00031D0284B1B68002B3ED00293236803937D
:10ADF000A388ADF81030244B059301A928460EF026
:10AE00000FFA0CB070BD214C40F2B7132246204916
:10AE1000204827F0FDFC204827F0FAFC40F2B7114B
:10AE2000204632F032F8194C4FF4DC7322461B49AD
:10AE3000184827F0EDFC184827F0EAFC4FF4DC71C5
:10AE4000204632F022F80DF11C0C154E0FCEACE866
:10AE50000F0033688CF8003007AA0C2111480DF060
:10AE60009FFD084B1860BCE7084C40F2BF13224618
:10AE70000D49084827F0CCFC40F2BF11204632F0C3
:10AE800004F800BF385A0020ADAE0100488005002C
:10AE9000788005006C2B050080800500B4900500CB
:10AEA0009C270500708205009880050008B5074BB7
:10AEB000D3E8EF1F0131C3E8E21F002AF8D10022D6
:10AEC000002303481CF01EFD08BD00BFB82700206A
:10AED00030200020E0B100B585B02DF047FF0328F9
:10AEE00003D9043805B05DF804FB0A4B1B6813F066
:10AEF000070F01D10020F5E70390074B02930020D4
:10AF00000190009003460122024929F0BEFEF1E7BC
:10AF100000207047FC2F0020A0800500F0B589B00C
:10AF200004AF0546324B5868FFF7D4FF0446F8607B
:10AF300000F1080323F00703ADEB030D04AB3B6006
:10AF40000022BA80421CFA80BB601146384602F0EB
:10AF50005FFE58B1064607F10C01013015F062F8AA
:10AF6000B0B9002420461437BD46F0BD214B1B6804
:10AF700013F0070F02D16FF00B04F3E71E4B02939F
:10AF800001900090034601221A4929F07EFEF2E763
:10AF9000174B1A7C337862F304033370DBB26FF320
:10AFA00047133370F968611A384602F0B7FD394625
:10AFB0002846FFF705FF044630B90D4C207C29F0E8
:10AFC00060FE2074FC68CDE730F031FD094B1B6852
:10AFD00013F0060FC6D00394084B02930020019093
:10AFE000009003460222034929F04FFEBAE700BF52
:10AFF000B0270020FC2F0020D08005000081050034
:10B0000008B5154BD3E8AF3F13F0020F00D108BDD0
:10B01000124B5868FFF782FF002807DD104BD3E87A
:10B02000EF1F0139C3E8E21F002AF8D114F0F0FF46
:10B0300030B94FF4F01200230A481CF063FCE6E735
:10B04000074BD3E8AF3F002BE1D000220023054897
:10B050001CF058FCDBE700BFBC270020B027002015
:10B06000B82700203020002008B5064BD3E8EF1F9A
:10B0700021F00201C3E8E21F002AF7D102481CF0C8
:10B0800049FC08BDBC2700203020002030B589B025
:10B0900000230593069307930791012A34D80546A8
:10B0A000144605AA1C4901200AF090F99DF81430B5
:10B0B00013B1069BAB420FD1184B1B6823B11B6821
:10B0C00013B12846984710B324BB144B5B68AB42BE
:10B0D00015D0022009B030BD114B1B6813F0060FCC
:10B0E00002D16FF07F00F5E70E4B02930020019034
:10B0F0000090034602220A4929F0C7FDF1E72846DD
:10B10000FFF7B2FF0220E5E76FF01200E2E76FF011
:10B110000200DFE70220DDE7A94C0400B027002091
:10B12000FC2F00203481050008B50C4BD3E8EF2F2D
:10B1300042F00201C3E8EC1FBCF1000FF6D112F09F
:10B14000020F07D10C3B5B682BB10022002304489F
:10B150001CF054FB08BD034B5860F6E7BC270020E9
:10B1600030200020B0270020F0B585B005461646F7
:10B170001C46BDF8287001220DF040FC00284BD081
:10B18000284B1B682BB11B681BB128469847002829
:10B1900045D04FB9012C1AD13178284629F090FDBD
:10B1A00040B3204605B0F0BD1F4B1B6813F0060FDF
:10B1B00002D16FF00600F5E71C4B029300200190CE
:10B1C000009003460222184929F05FFDF1E7164B73
:10B1D0001B6813F0060F02D16FF00C00E2E7144B6E
:10B1E0000293002001900090034602220E4929F0AC
:10B1F0004CFDF1E70C4B1B6813F0060F02D16FF00A
:10B20000FE00CFE70B4B0293019000900346022211
:10B21000054929F03AFDF2E76FF08000C2E76FF0D0
:10B220000200BFE7B0270020FC2F0020708105003E
:10B2300098810500C481050010B584B001240294F2
:10B24000044C0194BDF8184000940DF0F5F804B0DA
:10B2500010BD00BF4019060010B584B0352402941B
:10B26000044C0194BDF8184000940DF0E5F804B0CA
:10B2700010BD00BFF88105002DE9F04F99B00546DB
:10B280000E461746984614A814F05AF9DDF8509067
:10B290004846F2F727FE00F12E04402C29D88346B9
:10B2A0000DF1100AD446DFF878E0BEE80F00ACE8F4
:10B2B0000F00BEE80F00ACE80F009EE80F00ACE8FE
:10B2C0000700ACF800305A4649460DF13E0036F012
:10B2D0009AF9A4B20294CDF804A0BDF88830009386
:10B2E00043463A46314628460DF0A6F819B0BDE867
:10B2F000F08F094B1B6813F0070F02D16FF00C00A1
:10B30000F4E7064B029300200190009003460122CF
:10B31000014929F0BAFCF1E7FC2F0020308205003A
:10B32000408205002DE9F04383B006460D461746DE
:10B330009846BDF82890CC681D4B1B681BB11B6854
:10B340000BB1984770B35FFA84FCBCF1030F2CD8A3
:10B35000DFE80CF0020D161FCDF8009043463A4688
:10B3600029463046FFF768FF03B0BDE8F083CDF80B
:10B37000009043463A462946304629F0AFFCF3E7B1
:10B38000CDF8009043463A4629463046FFF774FF11
:10B39000EAE7CDF8009043463A4629463046FFF7A3
:10B3A0005BFFE1E76FF00100DEE76FF00900DBE72C
:10B3B000B027002008B50B4B5B68834200D008BD66
:10B3C000FFF752FE074B00225A601A74083302221C
:10B3D000D3E8EF1FC3E8E02F0028F9D102481CF0A2
:10B3E00099FAECE7B02700203020002008B5024889
:10B3F00021F044FA08BD00BF5C840500B0F5680F79
:10B4000017D00CD840F6BA63984214D0B0F5683F14
:10B4100013D03A2801D00120704700207047094B13
:10B4200098420CD0084B984201D001207047002070
:10B4300070470020704700207047002070470020B0
:10B44000704700BF3A00003A2C5F5CA928B308B5EA
:10B450004368B3F5683F0AD0B3F5680F14D01249BA
:10B460008B421FD000681AF0E3FF002014E003684D
:10B470000022D3E8EF1F012903D1C3E8E02F002801
:10B48000F7D10DD1104607E003681B7803F58073F0
:10B490000020064A42F8230008BD6FF4E0407047E0
:10B4A0000348F9E70348F7E72C5F5CA90000035065
:10B4B000E98FFFFFEA8FFFFF88B308B54368B3F554
:10B4C000683F0FD0B3F5680F19D016498B4224D0CE
:10B4D00000684FF0FF324FF0FF331AF091FE68B171
:10B4E00011480BE003680122D3E8EF1F002903D1C4
:10B4F000C3E8E02F0028F7D10BD1002008BD036876
:10B500001B7803F58073094A52F823301BB90020D9
:10B51000F4E70548F2E70448F0E70548EEE76FF482
:10B52000E04070472C5F5CA9E98FFFFF00000350EB
:10B53000EA8FFFFF10B50446A8B16368B3F5683F12
:10B5400010D0B3F5680F0DD00D4A93420AD013F412
:10B55000686F0DD021680B481AF036FD0023236078
:10B56000074B636010BD084B5B6808489847E4E7E9
:10B57000236800221A605A609A60DA601A61EFE765
:10B580002C5F5CA93C5F0020B82C0020648405007F
:10B5900010B5044668B36068B0F5683F28D0B0F5D0
:10B5A000680F25D0174B984228D0FFF727FFC0B16E
:10B5B0004FF0FF324FF0FF33214613481AF072FC70
:10B5C00008B923681BB9114B5B6811489847236879
:10B5D00000221A605A609A60DA601A614FF4686358
:10B5E0006360206834F0A8F8636843F03A0363604E
:10B5F00010BD064B5B6807489847CCE72368002BD3
:10B60000D3D1D5E72C5F5CA93C5F0020B82C00208B
:10B610008C8405006484050008B540231422044985
:10B62000044834F064F80449044821F0EBF908BDFB
:10B630003C5A00203C5F0020BC840500D0840500FB
:10B64000F0B58DB00546764B1B6813F0070F0BD194
:10B65000734B1B6813F0070F17D1714B1B6813F066
:10B66000070F23D100242FE0036842688168059109
:10B67000049203936B4B02930020019000900346C9
:10B680000122674929F04DFBE2E7EB682A69696905
:10B69000059104920393644B029300200190009063
:10B6A000034601225E4929F03CFBD6E7EB69039390
:10B6B0005E4B0293002001900090034601225849FE
:10B6C00029F02FFBCEE704340F2C2CD8544B1B68E9
:10B6D00013F0070FF7D004F1080355F8230004F125
:10B6E000010E04F1090255F82260A21C04F10A01BE
:10B6F00055F82170E11C04F10B0C55F82C300A931D
:10B700000991089707920696CDF814E004900394E7
:10B71000474B0293002001900090034601224049CC
:10B7200029F0FFFACFE73E4B1B6813F0070F1CD13F
:10B73000AC6E74B13A4B1B6813F0070F22D1384B33
:10B740001B6813F0070F2ED1354B1B6813F0070F42
:10B750003AD1334B1B6813F0070F46D1304B1B68AF
:10B7600013F0070F4ED10DB0F0BD2B6E0393314B8C
:10B77000029300200190009003460122284929F0FD
:10B78000D0FAD5E723686268A16805910492039313
:10B79000294B02930020019000900346012220498A
:10B7A00029F0BFFACBE7E368226961690591049249
:10B7B0000393224B02930020019000900346012244
:10B7C000174929F0AEFABFE7A369E269216A05913A
:10B7D000049203931A4B02930020019000900346B9
:10B7E00001220F4929F09DFAB3E72B6F0393154B04
:10B7F000029300200190009003460122084929F09D
:10B8000090FAABE7AB6903930F4B029300200190D2
:10B81000009003460122024929F083FAA3E700BF02
:10B82000203000206485050094850500C48505004E
:10B83000D485050018860500288605005886050071
:10B8400088860500B8860500CC86050030B585B031
:10B8500004460D4611B10846FFF7F2FE012C05D053
:10B860002946204631F00FFC05B030BDEFF30583CB
:10B87000103B084A126812F0070FF1D00393064BF1
:10B88000029300200190009003460122014929F013
:10B8900048FAE5E720300020FC860500014B1860DF
:10B8A000704700BF0028002008B5034B1B6898476D
:10B8B00000F008F808BD00BF0028002030BFFFF7E7
:10B8C000FDBF00BF074B9B6893F90E20002A08DBE1
:10B8D000044A126A934204D0034A536843F08053E7
:10B8E000536070471053002000ED00E081690D4B5C
:10B8F0005A6942F480725A61BFF34F8FBFF36F8F62
:10B9000031F8021C5A6922F480725A61BFF34F8FDA
:10B91000BFF36F8F4DF60273994201D0002070473C
:10B920000120704700ED00E04FF0000C83F800C0EC
:10B9300002F07F4CBCF17F4F23D102F00C0CBCF124
:10B94000080F04D012F0080F18D0084670470E4BAD
:10B950001B6813F0070F01D10020704700B585B0B8
:10B960000A4B0293002001900090034601220649F1
:10B9700029F0FCF9002005B05DF804FB01221A70E3
:10B9800070470020704700BF20300020108705005E
:10B99000F0B585B006460F461546654B1B6813F09B
:10B9A000070F0BD1634B9B6A13F4805F1DD0604B74
:10B9B0001B6813F0070F0CD1172417E05E4B02939E
:10B9C00000200190009003460122594929F0CEF948
:10B9D000E8E75A4B029300200190009003460122B1
:10B9E000534929F0C3F9172400E01624514B9B6AF0
:10B9F00013F4006F05D04E4B1B6813F0070F1ED1D8
:10BA000018244C4B9B6A13F4007F3CD0484B1B68B6
:10BA100013F0070F1FD1474B9A6B9B6A13F4004F2B
:10BA200030D0434B1B6813F0070F1FD1002F4DD0B0
:10BA3000404A936A23F400439362192423E0404B65
:10BA4000029300200190009003460122384929F01A
:10BA50008DF91824D5E73B4B02930020019000900C
:10BA600003460122324929F081F9D4E70392364B8B
:10BA70000293002001900090034601222C4929F0F6
:10BA800075F9D3E719242B4B9B6A13F4806F05D00B
:10BA9000274B1B6813F0070F1AD11A24254B9B6AFA
:10BAA00013F4807F2CD0224B1B6813F0070F1BD19F
:10BAB0001B24204A936A43F47F439362012130465A
:10BAC00029F052F92870204605B0F0BD1924DAE7B4
:10BAD0001E4B02930020019000900346012214495E
:10BAE00029F044F91A24D9E7194B02930020019058
:10BAF0000090034601220E4929F038F91B24D8E7AB
:10BB00000C4B9B6A13F4005FD3D0094B1B6813F0F6
:10BB1000070F01D11C24CCE70E4B029300200190AB
:10BB2000009003460122024929F020F91C24C0E7B5
:10BB30002030002000ED00E03C8705005487050020
:10BB4000688705007C87050098870500B087050099
:10BB5000CC870500E487050000B585B05E4B1B6807
:10BB600013F0070F0BD15D4B9B6A13F0007F1DD0C4
:10BB7000594B1B6813F0070F0CD11E2017E0584BD0
:10BB8000029300200190009003460122524929F0BF
:10BB9000EDF8E8E7534B0293002001900090034634
:10BBA00001224D4929F0E2F81E2000E01D204B4BF8
:10BBB0009B6A13F0807F05D0474B1B6813F0070F7B
:10BBC00041D11F20454B9B6A13F4801F05D0424B87
:10BBD0001B6813F0070F42D10220404B9B6A13F4FD
:10BBE000002F05D03C4B1B6813F0070F43D12120D9
:10BBF0003A4B9B6A13F4802F05D0374B1B6813F028
:10BC0000070F44D12220354B9B6A13F4003F05D027
:10BC1000314B1B6813F0070F45D123202F4B9B6A34
:10BC200013F4803F05D02C4B1B6813F0070F46D14F
:10BC300024202A4A936A6FEA03436FEA134393620C
:10BC400005B05DF804FB284B0293002001900090A2
:10BC500003460122204929F089F81F20B2E7234B2F
:10BC60000293002001900090034601221A4929F016
:10BC70007DF80220B1E71E4B029300200190009056
:10BC800003460122144929F071F82120B0E7194B2D
:10BC90000293002001900090034601220E4929F0F2
:10BCA00065F82220AFE7144B02930020019000902A
:10BCB00003460122084929F059F82320AEE70F4B2B
:10BCC000029300200190009003460122024929F0CE
:10BCD0004DF82420ADE700BF2030002000ED00E04B
:10BCE000148805002C880500408805005C88050044
:10BCF00088880500A8880500D0880500EC88050024
:10BD000000230B700A4B1B6813F0070F00D170471C
:10BD100000B585B0074B02930020019000900346C8
:10BD20000122034929F022F805B05DF804FB00BFA9
:10BD300020300020188905000E4B1B6813F0070FF8
:10BD400016D000B587B00F2910DC0B4B10390491C9
:10BD500003930A4B029300200190009003460122B6
:10BD6000044929F003F807B05DF804FB044BEDE744
:10BD7000704700BF203000203C8905007089050015
:10BD8000548905002DE9F04184B004460F4616465B
:10BD9000784B1B6813F0070F0BD1774B9B6A13F09E
:10BDA000100F1DD0734B1B6813F0070F0CD111251A
:10BDB00017E0724B0293002001900090034601228D
:10BDC0006C4928F0D3FFE8E76D4B02930020019007
:10BDD000009003460122674928F0C8FF112500E0C2
:10BDE0001025654B9B6A13F0080F05D0614B1B684B
:10BDF00013F0070F1FD112255F4B9B6A13F0020F40
:10BE00003DD05C4B1B6813F0070F20D15A4BD3F881
:10BE100034809B6A13F0800F70D0564B1B6813F070
:10BE2000070F1FD1002F6DD0534A936A23F0800370
:10BE30009362132525E0534B02930020019000905C
:10BE4000034601224B4928F091FF1225D4E74E4BBF
:10BE5000029300200190009003460122454928F0FA
:10BE600085FFD3E7CDF80C80484B0293002001906A
:10BE70000090034601223F4928F078FFD2E76FF097
:10BE800015083D4B9B6A13F0010F05D0394B1B6819
:10BE900013F0070F38D11425374B9B6A13F0200F8E
:10BEA00005D0344B1B6813F0070F39D11525324BE1
:10BEB0009B6A13F0100F04D12F4B9B6A13F0020FF3
:10BEC00004D02D4B5B6813F4006F35D12A4B9B6A6D
:10BED00013F0200F04D0284A536A23F4005353620E
:10BEE000254A936A43F0FF0393620121204628F01C
:10BEF0003BFF3070284604B0BDE8F0816FF01508B4
:10BF00001325BEE71325BCE7214B029300200190C7
:10BF1000009003460122174928F028FF1425BBE7AB
:10BF20001C4B02930020019000900346012211490E
:10BF300028F01CFF1525BAE72146404600F09EFB7D
:10BF4000A0B90D4B9B6A13F0100FBFD0124C40F2FA
:10BF50002D1322461149124826F05AFC114826F0AA
:10BF600057FC40F22D11204630F08FFF80F30988F6
:10BF70000225ABE72030002000ED00E084890500B9
:10BF80009C89050068870500D0890500E8890500BF
:10BF9000008A0500E4870500208A0500548A050010
:10BFA0006C2B0500A08A050070B584B006460C46CF
:10BFB000564B1B6813F0070F0DD100232370544B11
:10BFC000DD6A15F002051ED0504B186810F007000E
:10BFD0000CD104B070BD4F4B029300200190009033
:10BFE00003460122494928F0C1FEE6E74A4B029385
:10BFF000002401940094234601224449204628F05D
:10C00000B5FE2046E5E7424BDB6A002B15DB404BD3
:10C01000DB6A13F0804F68D03C4B1B6813F0070FAE
:10C020001CD13046FFF762FC00282FD0374B1B682D
:10C0300013F0070F1DD13068CBE7344B186810F0B0
:10C040000700C6D0354B02930020019000900346B4
:10C0500001222E4928F08AFE2846BAE7304B029387
:10C0600000200190009003460122284928F07EFE1E
:10C07000D7E7336803932B4B029300200190009085
:10C0800003460122214928F071FED4E7204B9B6A28
:10C0900013F0FF0F0DD11E4B9B6A13F47F4F0ED18F
:10C0A0001B4B9B6AB3F5803F0FD33046FFF754FD1F
:10C0B0008FE7224601213046FFF764FE89E72246DA
:10C0C00001213046FFF764FC83E7174C40F2FA2366
:10C0D00022461649164826F09BFB164826F098FB88
:10C0E00040F2FA21204630F0D0FE0F4C40F2FE2301
:10C0F00022460E490E4826F08BFB0F4826F088FB9F
:10C1000040F2FE21204630F0C0FE00BF203000206B
:10C1100000ED00E0C48A0500DC8A0500008B050004
:10C12000108B0500308B0500208A0500B02D05001E
:10C130006C2B05004C8B0500708B05002DE9F04140
:10C140009EB0064615461F46254C6468C4F3080495
:10C150004FF0000C8CF31188BFF36F8F0DF1760355
:10C16000FFF7E2FB60B180460DF17702214628F02F
:10C170000CFE04469DF8773093B11EB0BDE8F08107
:10C18000184C4FF4856322461749184826F040FBA7
:10C19000174826F03DFB4FF48561204630F075FED0
:10C1A00068224146684635F02EFA1A971B961C9570
:10C1B0009DF876304BB1079BC3F308025AB96FEA7A
:10C1C00053236FEA4323079305E0079B23F4FF7390
:10C1D00023F00103079369462046FFF737FBCCE7BE
:10C1E00000ED00E0208A0500A08B05006C2B050007
:10C1F000B48B0500064B5A6942F010025A615A6925
:10C2000042F480625A615A6922F008025A6170470A
:10C2100000ED00E0EFF30880EFF3098101B506B40B
:10C220002DE9F00F6B46724630F002FE0AB001BDF8
:10C23000002080F31488BFF36F8F002080F30A88FA
:10C2400080F30B88144880F3088800201349087095
:10C2500016F0E8F9002012490860BFF34F8F00F094
:10C2600037F8202080F311880E484FF0AA014FF4D0
:10C27000825233F0FAF90B484FF48251401880F3A0
:10C280000988EFF314800221084380F31488BFF378
:10C290006F8F00F057F90000004701204B910020FC
:10C2A00094ED00E080EA0020084BD3F89000C0F342
:10C2B0000720002306E0054AC2F898300021C2F8A2
:10C2C000A01001338342F6DB704700BF00ED00E0B1
:10C2D00010B572B6002484F31388FFF7E5FF2346F8
:10C2E00008E003F120010E4A4FF0FF3042F8210030
:10C2F0000133DBB20F2BF4D9002308E003F1600116
:10C30000074A4FF0FF3042F821000133DBB20F2B18
:10C31000F4D962B6BFF34F8FBFF36F8F10BD00BF6C
:10C3200000E100E008B50A4B9B68834202D015F09B
:10C330001DFD08BDEFF30583002BF8D0054B5A68AF
:10C3400042F080525A605A6A22F400425A62EEE782
:10C350001053002000ED00E001B533F0ABFBBDE869
:10C36000014029498A6882F805E14FF040001044F5
:10C37000EFF3098C80E8F01F1EF0100F03D102F1DB
:10C38000C40080EC108A202080F31288BFF36F8FE6
:10C390001E4F4FF000660A6A8A603E6092F905E11E
:10C3A000D2F8BC000023C2F8BC3080F311881EF024
:10C3B000100F03D00023E1EE103A03E002F1C400B5
:10C3C00090EC108AEFF3148323F0040383F31488B2
:10C3D000BFF36F8F04B5104600F01CFABDE80440AF
:10C3E00002F1400090E8F01F8CF3098802F1000090
:10C3F00004B528F00DFDBDE8044001B51BF0A6FD15
:10C40000BDE80140704700001053002004ED00E03B
:10C410001EF0040F0CBFEFF30880EFF30980816971
:10C4200011F8021C0229FFD001B5EFF3098106B40F
:10C430002DE9F00F6946724628F082FC0AB001BD72
:10C44000002807DB00F01F02400901239340024A45
:10C4500042F82030704700BF00E100E000280CDB0C
:10C4600000F01F024009012393402030034A42F8A4
:10C470002030BFF34F8FBFF36F8F704700E100E0B4
:10C48000002808DB4901C9B200F1604000F56140B5
:10C4900080F80013704700F00F004901C9B2014B4A
:10C4A0001954704714ED00E04209054B53F822205F
:10C4B00000F01F00012303FA00F01040704700BF96
:10C4C00000E100E070B505460C460131072903D8AC
:10C4D00040B2FFF7D5FF70BD084E582332460849D9
:10C4E000084826F095F907232A462146064826F0F3
:10C4F0008FF95821304630F0C8FC00BFF48B05009E
:10C500002C8C05006C2B0500488C05000C4BD3F8D7
:10C51000882022F47002C3F88820D3F8882042F4DF
:10C52000A002C3F8882003F500734FF040425A631D
:10C53000BFF34F8FBFF36F8F0023E1EE103A7047C8
:10C5400000ED00E008B5094B23F07F03084A936033
:10C55000BFF34F8FBFF36F8FFFF7D8FF19F070FA5B
:10C560001DF0F4F900F00CF919F0CAFA00C200004D
:10C5700000ED00E010B4017B11F0020F09D0D0F8FB
:10C58000AC104031C0F8AC10D0F8B0104039C0F851
:10C59000B010A2F12004154942F8081C21F0010155
:10C5A00042F8081C42F8203C019B42F81C3C029BCC
:10C5B00042F8183C039B42F8143C4FF0807342F859
:10C5C000043C04660023C0F8BC30C0F80431FD23ED
:10C5D00080F80531037B13F0020F03D04FF60853A8
:10C5E000C0F804315DF8044B704700BF8B23040092
:10C5F000037B13F0020F1ED190F8053113F0100FDA
:10C6000019D01D4A536B23F080435363D0F8043193
:10C6100013F0080F2DD023F00803C0F80431D0F830
:10C62000AC30403BC0F8AC30D0F8B0304033C0F84C
:10C63000B03040207047104A536B43F0804353633F
:10C64000D0F8043113F0080F0DD143F00803C0F8FF
:10C650000431D0F8AC304033C0F8AC30D0F8B03052
:10C66000403BC0F8B030037B43F0020303738020EB
:10C6700070474020704700BF00EF00E0164B9B68FA
:10C68000FBB1D3F8042112F0080F0FD0802210F173
:10C69000160F0DD010B4D3F8AC40A21A824212D8B3
:10C6A000844214D98C4209D800200DE04022EEE7E4
:10C6B000D3F8AC208A420CD800207047D3F8AC00E5
:10C6C00002E00020704700205DF8044B7047002016
:10C6D000FAE7D3F8AC00704710530020124B9B6868
:10C6E00083421BD1EFF30583DBB9EFF311822023E3
:10C6F00083F31288BFF36F8F037B23F0020303736E
:10C70000EFF3148323F0040383F31488BFF36F8FD4
:10C7100082F31188BFF36F8F002070476FF0150010
:10C7200070476FF0150070471053002008B504469D
:10C730000E46154628F05EFB0B4B9C601BF006FC7A
:10C74000204600F067F8D4F8AC3083F30B882C4611
:10C7500086F309880020054B9847204600210022D7
:10C760000023034C204700BF105300201B4E040041
:10C770008B230400014B10221A61704700ED00E08A
:10C78000002207E003F1604303F56143202183F8B1
:10C7900000130132442A09DC53B2002BF2DA03F011
:10C7A0000F030349194420230B76F2E7704700BFBB
:10C7B000FCEC00E008B5EFF30583103B044A02EB04
:10C7C000C301496852F833008847FFF77BF808BD7A
:10C7D0008C1F050010B584B00A4C23460A4A01217B
:10C7E0000A4800F087FA0023019302930393084B51
:10C7F0000193E41A0294012101A800F09DFA04B00B
:10C8000010BD00BF0000072000200020888C05001C
:10C810002034002010B50446FFF7EAFE0346D4F8A2
:10C82000AC20121A044802604360044B1B6883600A
:10C83000012100F0A3FA10BD5C5F0020B0270500C5
:10C84000024B034AC3F8C020704700BF00ED00E070
:10C85000AAFF4400034BC3F89800C3F89C10C3F828
:10C86000A020704700ED00E00E4BC3F89800C3F81D
:10C870009800D3F89C000A7A60F304020A72D3F895
:10C88000A020C2F34202087A62F347100872D3F87C
:10C890009C2022F01F020A60D3F8A03023F01F036F
:10C8A000CB60704700ED00E070B505460E460024F1
:10C8B00000E00134A6421EDD04EB44039A0005EBC0
:10C8C000830359680029F4D0A85828F012FB04EB20
:10C8D00084030B4A42F8230010F1160F0CD0094BC9
:10C8E0001B78984209DA04EB840302EB83010431DC
:10C8F000FFF7BAFFDDE7002070BD6FF01500FBE722
:10C90000685F00203E91002010B584B00446104BB3
:10C91000D3F89030C3F30723013B984204D828F0A2
:10C92000C2FA204604B010BD0A4B1B6813F0070F73
:10C9300002D16FF01500F5E70390074B029300203A
:10C940000190009003460122024928F0E3FAF0E743
:10C9500000ED00E010300020988C05002DE9F04F2C
:10C960008BB0814604910593144600275DE06C4B23
:10C970001B6813F0070F02D16FF0150411E0039745
:10C98000684B02930190009003460122644928F00D
:10C99000C1FAF1E7624B1B6813F0070F05D16FF086
:10C9A000150420460BB0BDE8F08F03965E4B029352
:10C9B00000200190009003460122594928F0AAFA6C
:10C9C000EDE7D84564D12946C0B228F0B2FA2BE091
:10C9D000564AC2F89860D2F89C3003F01F0321F049
:10C9E0001F010B43C2F89C302946E0B228F0A1FA9F
:10C9F000044610F1160FD4D0013415E0013B4B4929
:10CA0000C1F89860D1F8A02002F01F0223F01F03A4
:10CA10001343C1F8A0302946E0B228F08AFA044650
:10CA200010F1160FBDD001340137049B9F42B8DAD4
:10CA300007EB47054FEA850A09EB85056E68002E6E
:10CA4000F2D0059B23B1284628F041FA00288ED069
:10CA5000314659F80A0028F04CFA064610F1160F34
:10CA600098D0844296DD314BC3F89800D3F89C20CF
:10CA700022F01F02C3F89800D3F8A03043F01F083B
:10CA800059F80A306968194401F1FF3B934298D084
:10CA900093429DD0D845B1D0013B2449C1F898605C
:10CAA000D1F8A02002F01F0223F01F031343C1F8A6
:10CAB000A0302946E0B228F03CFA044610F1160FE7
:10CAC0003FF46FAF0130194BC3F89860D3F89C1056
:10CAD0009DF8202061F304028DF82020D3F8A030C7
:10CAE000C3F34203D2B263F347128DF8202059F802
:10CAF0000A306A681344069323F01F03A8EB0B085F
:10CB00004344013B23F01F03099306A9C0B2FFF77A
:10CB1000FBFE044610F1160F3FF443AF013483E7E8
:10CB200010300020C08C0500E48C050000ED00E012
:10CB300010B5034C01232278FFF710FF207010BDC1
:10CB40003E910020F8B505460E46144B1F783A4634
:10CB500006E0134BC3F898200021C3F8A01001325F
:10CB60000F4BD3F89030C3F307239342F1DC00243A
:10CB7000002C06DD01233A4631462846FFF7EEFE3B
:10CB8000F8BD084B04EB840203EB8201043153F837
:10CB9000220028F088F90134EAE700BF3E91002026
:10CBA00000ED00E0685F0020F0B587B0054605A8FD
:10CBB000FAF70CFF064600244CE05768095827F0A6
:10CBC0001F0390680344013B23F01F030197029168
:10CBD0009DF80C10012060F304018DF80C10C9B20F
:10CBE000022060F347118DF80C100493D36813F002
:10CBF000010F25D0304C742322463049304825F0AF
:10CC000007FE304825F004FE7421204630F03DF93F
:10CC10005768095827F01F0392681344013B23F01B
:10CC20001F03019702919DF80C20022161F3040279
:10CC30008DF80C20D2B26FF347128DF80C200493BC
:10CC400001A92878FFF760FE00282EDB2B7801333E
:10CC50002B700134B4422BD22001059901EB041250
:10CC6000D3681B0D1B05B3F5001FA6D0B3F5800FCD
:10CC7000CED0B3F5801FECD15768095827F01F03B9
:10CC800092681344013B23F01F03019702919DF822
:10CC90000C20012161F304028DF80C20D2B261F363
:10CCA00047128DF80C200493CAE76FF0150000E0DE
:10CCB000002007B0F0BD00BF088D0500388D0500CD
:10CCC0006C2B0500608D0500044B0522C3F89420F1
:10CCD000BFF34F8FBFF36F8F704700BF00ED00E0D1
:10CCE000BFF35F8F024B0022C3F89420704700BF50
:10CCF00000ED00E038B50C46FFF71AFF10F1160FF3
:10CD000000D038BD084D40F26F132A460749084845
:10CD100025F07EFD2146074825F07AFD40F26F118F
:10CD2000284630F0B2F800BF088D0500B02D050090
:10CD30006C2B0500908D050038B50C46FFF7B4FD4F
:10CD400010F1160F00D038BD084D40F27F132A466F
:10CD50000749084825F05CFD2146074825F058FDA5
:10CD600040F27F11284630F090F800BF088D050092
:10CD7000B02D05006C2B0500BC8D050038B50C46A8
:10CD8000FFF7E0FE10F1160F00D038BD084D4FF44C
:10CD9000C7732A460749084825F03AFD2146074847
:10CDA00025F036FD4FF4C771284630F06EF800BF0D
:10CDB000088D0500B02D05006C2B0500EC8D0500DD
:10CDC00038B52D4B1D682D4BD3F89030C3F3072396
:10CDD0009D4205D8FFF784FFFFF732FD00241DE0D8
:10CDE000274C4FF4D37322462649274825F010FDDF
:10CDF000224BD3F89020C2F307222946234825F07E
:10CE000007FD4FF4D371204630F03FF81A4B5968B4
:10CE100001EB0411204628F046F80134A542F5D86C
:10CE20001B480570FFF7C0FE10F1160F02D0184B1B
:10CE30001A7816E0124C4FF4E87322461149124852
:10CE400025F0E6FC134825F0E3FC4FF4E87120469A
:10CE500030F01BF8094BC3F898200021C3F8A0104C
:10CE60000132064BD3F89030C3F307239A42F1DB2B
:10CE7000FFF72AFF002038BD7C8E050000ED00E0A2
:10CE8000088D0500B02D05006C2B05001C8E0500DB
:10CE90003E910020508E05000C4BC3F1005303F56A
:10CEA000E023B3F5006F01D30020704710B5084CA4
:10CEB0008B2322460749084825F0AAFC074825F09D
:10CEC000A7FC8B2120462FF0E0FF00BFF4000320D9
:10CED000B48E0500E48E05006C2B0500308F050034
:10CEE000014B1860704700BF04280020F8B50546C4
:10CEF0000F46002404E0094B1B6830789847013442
:10CF0000BC4208DA2E192B5D0A2BF4D1034B1B68A7
:10CF10000D209847EFE73846F8BD00BF04280020F1
:10CF200008B505220249012028F028F8FEE700BFD5
:10CF3000B88F05000246084B1968084BC8180A4408
:10CF4000C3F1005303F5E0239A4202D2024B1A6068
:10CF500070474FF0FF3070477C5F0020F4000320E3
:10CF600010B530B14FF0FF324FF0FF3319F048F9F0
:10CF700010BD064C4FF4E07322460549054825F0E4
:10CF800047FC4FF4E07120462FF07FFFB48E050080
:10CF9000C08F05006C2B050010B510B119F048FAD0
:10CFA00010BD064C4FF4EE7322460549054825F0A6
:10CFB0002FFC4FF4EE7120462FF067FFB48E050072
:10CFC000C08F05006C2B05000346002800F09380FD
:10CFD000F0B50078212803D05E2801D0002601E0BA
:10CFE00001330126184610F8013B9C4612F0080454
:10CFF00005D0464DED5C05F00305012D04D05FFA28
:10D000008CF70123002555E003F1200CF7E712F01F
:10D01000010F55D110F8013B9C462CB13B4FFF5CF2
:10D0200007F00307012F02D05FFA8CF748E003F105
:10D03000200CF9E790F801C0634644B1DFF8CCE07A
:10D040001EF80CE00EF0030EBEF1010F11D013F02C
:10D05000FF033BD05D2B39D000F1020C5C2B0BD0D1
:10D060006046002B4DD08F4230DC8B422EDB0125F9
:10D070002CE00CF12003EAE712F0010F13D100F1CC
:10D08000030C8078034644B1DFF880E01EF800E02E
:10D090000EF0030EBEF1010F02D0DBB26046E0E7F6
:10D0A00000F12003F9E76046DBE701250EE05FFAB7
:10D0B0008CF700235D2F19D02F2F1DD05C2FA6D009
:10D0C000EFB103782D2BB5D08F42EED010F8013B95
:10D0D0009C46002CEBD00D4F17F803E00EF0030E2A
:10D0E000BEF1010FE3D103F1200CE0E7002BE3D107
:10D0F000B54208D0F0BD70474FF0FF30FAE700208E
:10D10000F8E70020F6E70020F4E700BF4219060028
:10D11000002800F02C812DE9F84F89461546044679
:10D12000002900F0268103F1FF3A002B00F0238153
:10D130000E46E9E002F12003F4E09BB12A2B0DD169
:10D140003A781346B8F1000F05D09349895C01F095
:10D150000301012931D0DBB23C4632E03C46C5E058
:10D160003C46C3E015F0100F02D033782F2B03D0CC
:10D170003078003818BF0120BDE8F88F3378002BD5
:10D1800000F0FB802F2B04D02E2B07D001363C461D
:10D19000BAE015F0020FF7D00120EDE715F0040F0B
:10D1A000F4D04E4500F0EB8015F0020FEED016F8EB
:10D1B000013C2F2BEAD10120DEE702F12003CAE770
:10D1C000DBB22A2B0ED114F8012F1346B8F1000F51
:10D1D000F6D07149895C01F003010129F0D102F117
:10D1E0002003EDE732782E2A0FD0EBB12F2B3BD165
:10D1F00015F0020F38D02F21304634F046FB06469A
:10D20000002840F081800120B6E715F0040FECD033
:10D210004E4500F0B68015F0020FE6D016F8012C4E
:10D220002F2AE2D10120A7E715F00200A4D015F0C3
:10D23000100F07D12F21304634F027FB00289BD058
:10D24000012099E7002097E713F0FF0700F09B808B
:10D25000534625F0040231462046FFF759FF0128C6
:10D260008AD12F2F0ED0013632781346B8F1000F35
:10D27000EAD04949895C01F003010129E4D102F1B6
:10D280002003E1E715F0020FEDD075E796F800B046
:10D29000BBF1000F79D0BBF12F0F16D05946B8F172
:10D2A000000F06D03C4B13F80B3003F00303012BA7
:10D2B00010D02A463846FFF787FE0446002866D07D
:10D2C000B0F1FF3F09D001361EE015F0020FE5D0A6
:10D2D000012051E70BF12001EBE7BBF15B0F58D1C7
:10D2E0003C46F0E702F1200337E03C4616F8012BFC
:10D2F0001146B8F1000F05D02748805C00F003000C
:10D3000001282FD08B4230D1274617F8012B134626
:10D3100015F0080806D02049895C01F003010129B5
:10D320003FF408AFDBB218463F2B3FF427AF7FF73F
:10D3300004AF5B2BAAD05C2B7FF412AF15F0010F6A
:10D34000D3D102343A781346B8F1000F05D0124910
:10D35000895C01F003010129C4D013F0FF03C5D19A
:10D360003C46C3E702F12001CCE7012004E701209D
:10D370007047012000E70320FEE60120FCE60120C3
:10D38000FAE60120F8E60120F6E60120F4E60120A5
:10D39000F2E60120F0E600BF4219060008B500F0F1
:10D3A000D3F801220260426000238360C3600361FE
:10D3B0000649416106490A6006490A60064A136047
:10D3C000064A1360064A136008BD00BFE86A0500FC
:10D3D0002428002020280020885F0020845F00206F
:10D3E000805F00202DE9F04106460F46154600F00B
:10D3F000ABF80446C3681BB943691A78002A54D1B4
:10D400000023E360616857F821306361B14231DA8B
:10D410005A1C62611A782D2A2CD19A1C62615A78A2
:10D42000A2602D2A2ED04AB9394B63612D2128469E
:10D4300034F02BFA002832D02D23A360D4F80880D2
:10D440004146284634F021FAB8F13A0F32D000288C
:10D4500030D043783A2B38D00023236163691B789E
:10D4600013B9636801336360204600F053F8A06885
:10D47000BDE8F081264B6361204600F04BF84FF089
:10D48000FF30F5E79B78002BCDD101316160204B57
:10D490006361204600F03EF84FF0FF30E8E7204699
:10D4A00000F038F84FF0FF30E2E75A1C42611B7879
:10D4B0008360C3E763691B7813B9636801336360F2
:10D4C000204600F027F83F20D2E763691A7832B18E
:10D4D00023610F4B6361636801336360C4E7636872
:10D4E00001336360B34203DA57F823302361F0E776
:10D4F000074B63612B783A2B04D0204600F00AF8E2
:10D500003F20B5E7204600F005F83A20B0E700BF1D
:10D51000E86A05000268074B1A604268064B1A6009
:10D520008268064B1A60C268054B1A600269054B97
:10D530001A6070472428002020280020885F0020DF
:10D54000845F0020805F002000487047082800208A
:10D55000034BC01A8010034B03FB00F0704700BF61
:10D560004C320020C54EECC43422024B02FB00308A
:10D57000704700BF4C32002010B5437A33B943687E
:10D580007BB9002303824369C36010BD0A4C5A2350
:10D5900022460A490A4825F03BF95A2120462FF035
:10D5A00074FC054C5B2322460649054825F030F9FA
:10D5B0005B2120462FF069FC1C900500449005007B
:10D5C0006C2B0500589005002DE9F04D84B0054600
:10D5D000039190461C46684632F083FBDDE900ABC0
:10D5E0002DB305F11C06EFF31187202383F3128876
:10D5F000BFF36F8F30461CF071F818B330461CF043
:10D6000097F8698C002976D02B8C99423AD2002267
:10D610000023284619F0B2F8044698B330461CF0AF
:10D620006DF8F0B187F31188BFF36F8F3AE0564C75
:10D63000EE2322465549564825F0EAF8EE212046C9
:10D640002FF023FC534C882322465349504825F0A1
:10D65000DFF83146514825F0DBF8882120462FF0CD
:10D6600014FC4C4C40F2311322464D49484825F0F9
:10D67000CFF831464B4825F0CBF840F23111204627
:10D680002FF003FC6C8C631E6B8430461CF036F864
:10D6900000B387F31188BFF36F8F2146284627F028
:10D6A0007CFC0446039D002D47D1002363610123C8
:10D6B0002372002161726160039B6382E27A04F14C
:10D6C000180033F0C7FF2046FFF756FF204604B08E
:10D6D000BDE8F08D2F4C40F23113224630492C48E2
:10D6E00025F096F831462F4825F092F840F2311196
:10D6F00020462FF0CAFB30461CF000F860B187F3DB
:10D700001188BFF36F8F42462346284619F036F83A
:10D7100004460028C6D1D9E71E4C40F231132246F8
:10D720001F491B4825F074F831461E4825F070F853
:10D7300040F2311120462FF0A8FB52465B46684666
:10D7400032F005FBDDE9002303A9204627F03AFC6F
:10D750000646606190B1039B9D42A8D90A4C40F2F5
:10D760004513224610490A4825F052F80F4825F083
:10D770004FF840F2451120462FF087FB204627F056
:10D7800035FC3446A2E700BF1C90050074900500EC
:10D790006C2B05007C5D0500DC5D0500F45D05007B
:10D7A000AC5D0500C45D05007C900500909005000F
:10D7B00070B500B30C46054651B3EFF31186202334
:10D7C00083F31288BFF36F8F29481BF087FF60B384
:10D7D00027481BF0ADFF002323606B68002B33D07C
:10D7E0001C606C6022481BF089FF80B386F31188AF
:10D7F000BFF36F8F70BD1F4C4FF4D07322461E498C
:10D800001E4825F005F84FF4D07120462FF03DFB5F
:10D81000184C40F2A11322461949184824F0F8FF89
:10D8200040F2A11120462FF030FB164C88232246EF
:10D830001549124824F0ECFF0D49144824F0E8FF84
:10D84000882120462FF021FB6C602C60CAE70D4C2C
:10D8500040F2311322460E49084824F0D9FF04490A
:10D860000C4824F0D5FF40F2311120462FF00DFB7B
:10D870008C5F00201C900500246B05006C2B0500BC
:10D88000B49005007C5D0500DC5D0500F45D0500DD
:10D89000AC5D0500C45D050070B5F8B10646EFF358
:10D8A0001185202383F31288BFF36F8F23481BF069
:10D8B00015FF00B321481BF03BFF346824B12368F7
:10D8C00033607268944225D01C481BF017FF18B3D0
:10D8D00085F31188BFF36F8F204670BD184C40F25E
:10D8E000AD1322461749184824F092FF40F2AD11BB
:10D8F00020462FF0CAFA154C8823224614491248B4
:10D9000024F086FF0D49134824F082FF8821204629
:10D910002FF0BBFA7360D7E70C4C40F2311322466C
:10D920000D49094824F074FF04490C4824F070FFA5
:10D9300040F2311120462FF0A8FA00BF8C5F002082
:10D940001C900500246B05006C2B05007C5D050018
:10D95000DC5D0500F45D0500AC5D0500C45D0500FF
:10D9600038B5044680B9124C4FF4E373224611498E
:10D97000114824F04DFF4FF4E37120462FF085FA53
:10D98000204627F033FB2C4684B16568237A013B9F
:10D99000DBB2237253B9E3606360A07AFFF7E4FD62
:10D9A000836A002BECD020469847ECE738BD00BFD7
:10D9B0001C900500B49005006C2B050018B1027A8C
:10D9C00001320272704710B5064C4FF4F8732246CC
:10D9D0000549064824F01CFF4FF4F87120462FF04B
:10D9E00054FA00BF1C900500B49005006C2B050094
:10D9F000034620B118465B68002BFBD1704710B579
:10DA0000064C40F23B2322460549064824F000FF1D
:10DA100040F23B2120462FF038FA00BF1C90050051
:10DA2000B49005006C2B050038B558B10C4605467E
:10DA3000A9B1436823B10846FFF7DAFF6B6843607A
:10DA40006C6038BD0C4C40F2462322460B490C4812
:10DA500024F0DEFE40F2462120462FF016FA064C56
:10DA600040F2472322460749054824F0D1FE40F200
:10DA7000472120462FF009FA1C90050094900500DC
:10DA80006C2B05009C90050038B549B104460D4645
:10DA900098B1FFF7ADFF2946FFF7C6FF204638BD16
:10DAA000084C40F2522322460749084824F0B0FEB1
:10DAB00040F2522120462FF0E8F90846FFF77EFF9A
:10DAC000EDE700BF1C9005009C9005006C2B050045
:10DAD00010B528B1828872B982680A44026010BD0C
:10DAE0000A4C2B2322460A490A4824F091FE2B2196
:10DAF00020462FF0CAF9054C2C232246064905483A
:10DB000024F086FE2C2120462FF0BFF9B8900500A6
:10DB1000B49005006C2B0500E490050083888B42CF
:10DB200005D35B1A9BB2838000681844704710B518
:10DB3000054CB02322460549054824F069FEB02172
:10DB400020462FF0A2F900BFB8900500F490050020
:10DB50006C2B050082888A4206D30346521A8280C3
:10DB6000006808441860704710B5064C40F2C313B3
:10DB700022460549054824F04BFE40F2C3112046D9
:10DB80002FF083F9B8900500F49005006C2B050088
:10DB9000034600689A888A4204D3521A9A80014444
:10DBA0001960704710B5064C40F2CF132246054964
:10DBB000054824F02DFE40F2CF1120462FF065F9E4
:10DBC000B8900500F49005006C2B050038B50446AC
:10DBD0000D4627F06BFAA84206D32068401B206050
:10DBE000A3882B44A38038BD064C40F2551322462F
:10DBF0000549064824F00CFE40F2551120462FF04E
:10DC000044F900BFB8900500049105006C2B050095
:10DC1000F8B504460D46036886889F1927F051FA27
:10DC2000A84203D32E44A6803846F8BD054C3E23B7
:10DC300022460549054824F0EBFD3E2120462FF001
:10DC400024F900BFB8900500289105006C2B050051
:10DC500068B108B5064A074B1B680749A1FB0313C7
:10DC60009B0C00FB03F042F00103984708BD70478E
:10DC7000002A0500C42B002083DE1B4338B51A4B55
:10DC80001B780133194AA2FB031202F4FE7101EB67
:10DC900092029C1AE5B22DF0D4FC154B1B782BB1E7
:10DCA000144A52F82530C01A07281AD94FF05023C9
:10DCB000D3F8143163B14FF050230022C3F814217C
:10DCC000D3F81431084B1D7015B9094B01221A7095
:10DCD000054B1C782DF0B5FC064B43F824000120C1
:10DCE00038BD0020FCE700BF40910020CDCCCCCC5B
:10DCF0003F910020905F002038B50546046820461B
:10DD000027F003FA40B104F01F032B6064091DD013
:10DD1000012C0ED10E4838BD0E4C4FF46C732246C8
:10DD20000D490E4824F074FD4FF46C7120462FF01D
:10DD3000ACF8084C40F2B93322460949074824F0B0
:10DD400067FD40F2B93120462FF09FF80548E2E721
:10DD5000002884505C910500909105006C2B050013
:10DD6000B02D05000025845038B50124104BC3F8B0
:10DD70000045104D0223C5F8D0360321002027F0BE
:10DD8000D6F90321204627F0D2F9C5F80447C5F893
:10DD90000449C5F8004B002405E00121064B185D3D
:10DDA00027F0C5F90134032CF7D9002038BD00BF96
:10DDB0000010005000400050B491050000B583B041
:10DDC0000DF1070014F07CFD114B98421CD1114B52
:10DDD0004FF48062C3F8B8254FF40062C3F83C25C5
:10DDE0000D499DF8070014F053FD0C499DF80700FC
:10DDF00014F036FD9DF807300120984014F02AFDFC
:10DE0000002003B05DF804FB6FF00B00F9E700BFE2
:10DE10000000AD0B00A002502CA0025028A102501F
:10DE200008B50249024824F083FD08BD4892050068
:10DE3000A45F002030B100220260426082600122B3
:10DE40004260704710B5064C4FF485732246054971
:10DE5000054824F0DDFC4FF4857120462FF015F8BD
:10DE6000BC910500EC9105006C2B050010B584B049
:10DE7000C8B101A8FFF7DEFF69461448F8F74EFA6B
:10DE8000002805DB029B13F0030F13D1039B0FE067
:10DE90000F4C3C2322460F490F4824F0B9FC3C218B
:10DEA00020462EF0F2FF0948F8F7ECFA002801DBD3
:10DEB00004B010BD064C442322460649064824F00F
:10DEC000A7FC442120462EF0E0FF00BFA45F002005
:10DED000049205003C9205006C2B0500BFF34F8FA8
:10DEE0000549CA6802F4E062044B1343CB60BFF3F8
:10DEF0004F8F00BFFDE700BF00ED00E00400FA0512
:10DF000010B50F4C00E004340E4B9C4207D80D4B6B
:10DF10009C4212D22368002BF5D09847F3E70A4CB5
:10DF2000F923224609490A4824F072FC094824F0E2
:10DF30006FFCF92120462EF0A8FF002010BD00BF85
:10DF4000C4250500D0250500549205008C920500DB
:10DF50006C2B05007C6005000146094B186808B170
:10DF6000036804E0034602E01A461846134630B13F
:10DF700042898A4203D0002BF6D01A68F5E7704731
:10DF8000C45F00200B4B1A680AB1136804E0134603
:10DF900002E019461A460B4632B15189814203D03C
:10DFA000002BF6D01968F5E70AB1D0687047002059
:10DFB000704700BFC45F002000230360054B5B680F
:10DFC0001BB11860034B58607047024B58601860D3
:10DFD000704700BFC45F00202DE9F04182B00446C5
:10DFE0000E46904685682F1D0221384631F0D0FA42
:10DFF000F0B94FF000080221384631F0D3FA18EAA0
:10E00000000F29D06A682B68DB68D21A083A694683
:10E01000304627F011F96B682A68D1685B1A1382C1
:10E020006946204627F049F9002002B0BDE8F0819A
:10E0300002220A49384631F08FFA10B94FF0000831
:10E04000D9E74146384631F05CFA10B14FF001088B
:10E05000D1E74FF00008CEE70720E6E7B0920500D1
:10E060000AB90120704770B504460D461646A0F85F
:10E070004810A0F84A200322194931F06DFA08B976
:10E08000002070BD0221204631F082FA08B900203C
:10E09000F7E705221349204631F05EFA08B900205F
:10E0A000EFE72946204631F037FA08B90020E8E7C3
:10E0B00002220D49204631F04FFA08B90020E0E76E
:10E0C0003146204631F028FA08B90020D9E702216C
:10E0D000204631F067FA08B10120D2E70020D0E7EE
:10E0E00044620500B4920500B09205002DE9F041AC
:10E0F00094B0836813F0030F1DD1074625F044FA4E
:10E1000000EB00231B0443EA002340EA0305D7F891
:10E1100008800026464539DAA8EB06043F2C00D9D2
:10E120004024234604AA3146384625F0C1F9002888
:10E1300007DB002323E0184B184A482118482EF02B
:10E14000E0FC184B1B6813F0070F01D10B2020E0F7
:10E150000390154B0293002001900090034601228A
:10E16000104927F083FAF1E7B3EBA20F0CDA14AAF7
:10E1700002EB830252F8402CAA4209D10133224615
:10E18000002CF1DAE21CEFE74036C3E7012000E0A3
:10E19000002014B0BDE8F081BC9205007494050025
:10E1A000D4920500F02F002020930500032802D808
:10E1B00080F00100704710B5064C792322460649CD
:10E1C000064824F025FB064824F022FB792120464E
:10E1D0002EF05BFE48930500AC9305006C2B050008
:10E1E000CC93050010B588B027F04FFA041E44DB2D
:10E1F00007A9E0B2F9F708FC00280CDB0798FFF745
:10E2000075FF0446D8B1012835D0079825F04FF99D
:10E21000204608B010BD1A4B1B6813F0070F01D140
:10E220000A24F5E704900394164B02930020019012
:10E23000009003460122124927F018FAF0E70798E8
:10E240008268002125F080F904460028DDD00C4BBF
:10E250001B6813F0070F01D10D24D6E703900A4B7A
:10E26000029300200190009003460122044927F008
:10E27000FDF90D24C9E70024C7E70E24C8E700BF55
:10E28000F02F0020E89305000C940500F0B589B04C
:10E290000F4615461E4627F0F8F9041E39DB07A97C
:10E2A000E0B2F9F7B1FB68B933462A463946079818
:10E2B00025F0FEF80446079825F0F9F8B4B9204691
:10E2C00009B0F0BD144A126812F0070F01D10A24F8
:10E2D000F5E704900394114B029300200190009005
:10E2E000034601220C4927F0C1F9F0E70A4B1B68ED
:10E2F00013F0070F01D10B24E1E70394084B0293BD
:10E3000000200190009003460122034927F0AEF956
:10E31000F1E70E24D3E700BFF02F0020E8930500BB
:10E320002C94050070B50C4615461E4628B9094BBD
:10E330001978094825F007FA38B933462A462146A4
:10E34000054825F0E1F910B970BD0A20FCE70C2062
:10E35000FAE700BFFC610020CC5F002000230B60C7
:10E360004B608B60CB600B614B614368B3F1FF3F47
:10E3700000F09B8070B58AB005460C46002B7FD11B
:10E3800003691F2B70D98368B3F1FF3F6ED00B6018
:10E3900000234B60C6683268474B9A4268D1826955
:10E3A000202A67D842B1454B1B68B3F1FF3F03D029
:10E3B000424B1B7B9A4222D0286827F076F9E06016
:10E3C000002859DB07A9C0B2F9F71EFBF0B9AA680B
:10E3D000079883689A422ED825F069F82B7F002B86
:10E3E0005DD008A827F091FA002847D106F1140162
:10E3F00008A827F06AF9002851DB1B2058E0416982
:10E400002F4833F0F0F80028D6D151E02D4A126899
:10E4100012F0070F01D10A204AE00490E368039349
:10E42000294B0293002001900090034601222549C8
:10E4300027F01CF9EFE725F03AF8224B1B6813F0A0
:10E44000070F01D11E2033E0AB68079A926804924F
:10E4500003931E4B0293002001900090034601227B
:10E46000184927F003F9EDE7162021E015201FE0F9
:10E4700017201DE018201BE0092019E01A2017E0E2
:10E480000E4B1A68CA609968216000226260426877
:10E490005B689A420BD103691A4491420AD32B69F3
:10E4A000A36001232374002002E0142070470020A1
:10E4B0000AB070BD1F20FBE73DB8F396FC61002059
:10E4C00009620020F02F0020E89305005094050019
:10E4D00070B588B00D4627F0D8F8041E23DB07A9D5
:10E4E000E0B2F9F791FA064648B9079825F04CF8DA
:10E4F0002870079824F0DBFF304608B070BD0B4B46
:10E500001B6813F0070F01D10A26F5E70490039466
:10E51000074B02930020019000900346012203491B
:10E5200027F0A4F8F0E70E26E6E700BFF02F002062
:10E53000E8930500032802D880F00100704710B569
:10E54000064C792322460649064824F061F906481C
:10E5500024F05EF9792120462EF097FC48930500BF
:10E56000AC9305006C2B0500CC930500032801D863
:10E570004010704710B5074C6A23224606490748E9
:10E5800024F046F9064824F043F96A2120462EF08B
:10E590007CFC00BF48930500AC9305006C2B050084
:10E5A000CC930500F0B595B00C461746866804AAD2
:10E5B00002922023039313AB6946204600F0B6FB7A
:10E5C00010B1012015B0F0BD043605460F213046CC
:10E5D00030F0DEFF50B915F00100F3D00F213046C6
:10E5E00030F0E0FF05F001052840EBE7052249493E
:10E5F000304630F0B1FF0028EDD06108304630F0F1
:10E600008BFF0028E7D004224349304630F0A4FFB6
:10E610000028E0D004F00101304630F07DFF0028F2
:10E62000D9D007223D49304630F096FF0028D2D09D
:10E630000CA9684600F0DCF9002865DB00238DF8A2
:10E64000483019220CA9304630F090FF0028C2D083
:10E6500004223349304630F07FFF0028BBD002A9A6
:10E66000304630F06FFF0028B5D008222D493046E3
:10E6700030F072FF0028AED0139B13F0100F0CBFC8
:10E6800001210021304630F0AFFF0028A3D007223F
:10E690002549304630F060FF00289CD0C7F3400188
:10E6A000304630F0A1FF002895D009221F4930469E
:10E6B00030F052FF00288ED0C7F38001304630F092
:10E6C00093FF002887D006221949304630F044FFD6
:10E6D000002880D007F00101304630F085FF002887
:10E6E0003FF479AF09221349304630F035FF002856
:10E6F0003FF471AFC7F3C001304630F075FF00281A
:10E700003FF469AF012566E705220B49304630F03A
:10E7100023FF9BE798940500A0940500146805006A
:10E72000B0940500B8940500C4940500CC9405008D
:10E73000D8940500E0940500A8940500F0B58BB0CE
:10E7400007460E46154626F0A0FF09A9C0B2F9F704
:10E750005BF9002830D12A46B74214BF00210121BD
:10E76000099811F0B9F90446F0B1144B1B6813F085
:10E77000070F07D1012C16D0042C1BD0032C10D06E
:10E78000012411E006950596049703900C4B029323
:10E7900000200190009003460122084926F0B5FFB1
:10E7A000E8E7172400E00C24099824F080FE2046B6
:10E7B0000BB0F0BD1D24F7E70A24F8E7F02F002086
:10E7C000EC9405002DE9F04782B0064687680437CF
:10E7D00006224549384630F0BFFE20B9002427F014
:10E7E00060F8002517E00421384630F0CCFE08B16F
:10E7F0000124F4E70024F2E74FF0010A25E04FF08E
:10E80000000944453EDA524621463046FFF7CAFE2B
:10E8100070BB00240135002C46D0012D44D80023C4
:10E820008DF807300DF10701284626F07DFF81465F
:10E83000284627F038F80446FFF77CFE80469DF80E
:10E840000730022BD8D04FF0050AA145D7D033B1FD
:10E85000022B07D0012B08D04FF00009D1E74FF071
:10E860000A09CEE74FF00409CBE74FF00209C8E7E9
:10E870004A4641463046FFF795FE08B10124C9E7F4
:10E880000024C7E74A4641463046FFF78BFE08B9E9
:10E890000024BFE7524621463046FFF783FE08B109
:10E8A0000124B7E70024B5E724B10421384630F04D
:10E8B00074FE28B926F0F6FF072002B0BDE8F08705
:10E8C0000B220A49384630F047FE20B10021384675
:10E8D00030F017FE18B926F0E5FF0720EDE726F027
:10E8E000E1FF0020E9E700BF4095050048950500DD
:10E8F000F0B597B0054600238DF85730149312AA4F
:10E9000012931393364908910421099135490A91CC
:10E910000B928DF83030344A0D9207220E92334A12
:10E920000F920DF1570210928DF844308068071D48
:10E93000686814AB022208A9043026F011FE041EF8
:10E940000CBF0126002646D126F0ABFF139AEAB988
:10E950009DF857309BB126F0A8FF26F0A4FF9DF844
:10E96000571026F022FF58BB2846FFF72BFF05461D
:10E9700068BB26F097FF86B3204617B0F0BD18227B
:10E9800001213846FFF76CFB0646F2E7202A06D045
:10E99000182201213846FFF763FB0646E9E7129982
:10E9A000684632F030FE0021684626F090FF0028CD
:10E9B000D5DA082201213846FFF752FB0646D8E790
:10E9C00082B201213846FFF74BFB0646D1E726F01D
:10E9D00069FF2C46D0E70324CEE70724CCE700BF2D
:10E9E000B09405006BF004005495050029F1040073
:10E9F00070B582B004460E46437842880192009377
:10EA000003780F4A1921304621F062F8051E0EDB0B
:10EA100063680BB900200BE00A4AC5F119017019AF
:10EA200021F056F8002803DA4FF0FF3003E0002011
:10EA3000002D02DB284402B070BD4FF0FF30FAE732
:10EA40005C95050068950500042810D91C281CD881
:10EA5000092814D3012383400D4A134211D10D4AD2
:10EA60001A4082B913F4004F07D1012070470328E0
:10EA700001D2012070470520704702207047012015
:10EA8000704703207047062070470120704700BF81
:10EA9000004078030002001810B5054C3022002118
:10EAA000204632F0D7FD4FF0FF33236010BD00BF8A
:10EAB000FC61002008B50248FFF77EFA08BD00BFE0
:10EAC00028280020032802D880F00100704710B5E4
:10EAD000064C792322460649064823F099FE06484B
:10EAE00023F096FE792120462EF0CFF948930500B9
:10EAF000AC9305006C2B0500CC93050010B5846821
:10EB0000043403220849204630F026FD08B90720C6
:10EB100010BD064B5968204630F009FD08B10020B1
:10EB2000F6E70720F4E700BFD0760500FC6100207F
:10EB30002DE9F0478AB086680436062272493046CD
:10EB400030F00AFD08B9002474E00A21304630F0A4
:10EB50001AFDF8E705226D49304630F0FDFC08B992
:10EB600000237CE06108304630F0D6FC08B9002371
:10EB700075E005226649304630F0EEFC08B9002306
:10EB80006DE00421304630F0FEFC08B1012366E060
:10EB9000002364E004225F49304630F0DDFC08B910
:10EBA000002366E04146304630F0B6FC08B1012350
:10EBB0005FE000235DE05146304630F0A2FC08B132
:10EBC000012568E0002566E004225349304630F014
:10EBD000C3FC002872D1079B9A680AAB03EB880339
:10EBE00043F8082C1AF0010500F0878067083846C2
:10EBF00026F059FE81450DD00F224849304630F0AD
:10EC0000ABFC002864D03946304630F085FC054620
:10EC100000285DD0079824F04AFC0421304630F0EB
:10EC2000C1FC284010F0FF0567D0B8F1000F51D1AA
:10EC30000134E4B2032C5BD8A146204626F025FD22
:10EC4000074614F001080DD100230893099304210D
:10EC5000304630F09DFC00287FF47CAF00231D4639
:10EC6000002B4AD00421304630F092FC002891D18C
:10EC700000231D46002B40D007A9F8B2F8F7C4FEC8
:10EC800082460028A0D002222549304630F064FC9C
:10EC9000002890D10025234B1B6813F0070FBCD030
:10ECA000CDF810A00397204B029300200190009014
:10ECB000034601221B4926F0E5FDAEE7079B996854
:10ECC000304630F029FC002885D04FF0010A82E759
:10ECD000002512E00421304630F05FFC054660B1AB
:10ECE0000421304630F05EFC05460028A0D104E047
:10ECF0000A21304630F051FC05461DB100200AB013
:10ED0000BDE8F0870720FAE74095050098940500D4
:10ED10006C950500A094050088900500A895050055
:10ED2000B0920500F02F002074950500F0B58DB06D
:10ED300004460E4615461F460DF10301FFF7C8FBBA
:10ED4000002840F08180202304AA00212046FFF7FC
:10ED50009DFA0246002878D12EB108229DF80310B2
:10ED6000304632F077FC9DF8033003EB03221204A7
:10ED700042EA03221343049A39498A4203D09A4251
:10ED800025D0172261E01EB109AB03CB3060716062
:10ED90000FB1089B3B60BDF81830079A13440293EB
:10EDA00046F6081301AA02A9204626F050FD10B924
:10EDB000019B043B029346F6071301AA02A92046D1
:10EDC00026F045FD0746002842D100260FE0032229
:10EDD0003BE0BDF80E104FF6FF72914217D10522AD
:10EDE00033E0BDF80E30029A1344043302930299C3
:10EDF0000A1D019B9A4224D8042303AA2046FFF748
:10EE000045FA024608BBBDF80C30FF2BE1D0102BB1
:10EE1000E7D1BDF80E30202BE3D1DEB9029B191DDE
:10EE2000029165B12433019A934215D820232A46D2
:10EE30002046FFF72BFA024638B90126D7E701260C
:10EE4000D5E75EB13A4600E0022210460DB0F0BDB3
:10EE50000422FAE70622F8E70722F6E70822F4E799
:10EE60003DB8F39670B58AB085684468043426F0DE
:10EE70001CFD26F018FDFFF725FE079000230693E2
:10EE80001A4A019204220292194A039207AA049292
:10EE90008DF8143006AB012201A9204626F060FB54
:10EEA00010BB0435064600231A4608A90798FFF749
:10EEB0003DFF18B9079826F059FC48B90798FFF7A5
:10EEC00091F90446FFF7E8FD44B930460AB070BD39
:10EED000092201212846FFF7C3F8F6E7A2B2012173
:10EEE0002846FFF7BDF8F0E70326EEE7A0940500FB
:10EEF00057F004002DE9F04FB3B005468668476827
:10EF00000437002431940DF1A40820222146404604
:10EF100032F0A0FB4FF0FF332A932B93794B0493ED
:10EF200005230593784B0693CDF81C808DF820407F
:10EF3000764B099304230A93754A0B922CAB0C93DE
:10EF40008DF83440734B0E9303230F937249109145
:10EF50002BA811908DF84840704813901493159188
:10EF60002AA916918DF85C406D49189119931A924F
:10EF70002EAB1B938DF870406A4B1D9307231E9395
:10EF8000694B1F9330AB20938DF8844031AB062240
:10EF900004A9384626F0E4FA041E0CBF0127002716
:10EFA00040F0AB80043622A94046FFF7D7F98046EF
:10EFB00000282CD19DF89890B9F1000F5AD05B4BE6
:10EFC000259A1A60229A9A60DDF8A8A0BAF1000F7B
:10EFD00055D02D9B002B00F08480544A51680B447F
:10EFE0009268934262D00023249A2C995046FFF7EE
:10EFF00099F9804600285BD14C4A536824990B4408
:10F0000053609268934210D04FF000090DE0484BD6
:10F010001B6813F0070F21D11FFA88F20121304637
:10F02000FFF71EF807464FF00009404B59689B68F0
:10F030004246994214BF002101212A98B0FA80F07B
:10F04000400926F034FCB8F1000F4DD0FFF724FD45
:10F05000002F54D0204633B0BDE8F08F0390354BDD
:10F06000029300200190009003460122304926F0CF
:10F0700009FCD1E72846FFF741FD0446EAE70022F4
:10F080005A60DDF8BCB083F80CB05A462E9903F1F3
:10F090000D0032F0B8FA0BF10800244B1844CBF104
:10F0A00020020021053032F0D5FA92E74B469BE76B
:10F0B0001F4B1B6813F0070F07D11FFA88F20121BD
:10F0C0003046FEF7CDFF0746AFE703901A4B029399
:10F0D00000200190009003460122154926F0D2FB42
:10F0E000EBE74FF00009A0E72846FFF707FDB9F16D
:10F0F000000FADD0FFF7D0FCAAE70324AAE707244E
:10F10000A8E700BF9894050057F00400E4A90500A3
:10F110006BF004002491050061F00400D076050036
:10F12000B8950500BC95050029F10400FC6100209C
:10F13000F02F0020C4950500E495050008B50248AD
:10F14000FEF73AFF08BD00BF38280020F0B589B0AF
:10F150008468406806AA002306930793304900910B
:10F16000052101912F49029103928DF8103005ABD2
:10F1700001226946043026F0F3F900284CD104340A
:10F180000646059BD3B90A222749204630F0E4F908
:10F1900050B9304600F001000127002F36D000287A
:10F1A0003CD0304609B0F0BD07222049204630F05F
:10F1B000D3F908B10120EDE73046EBE7184A012109
:10F1C000684626F02CFA0746F0B1079A042A01D0C7
:10F1D0000027E2E70699164832F005FA054610B115
:10F1E00038460027D9E704221149204630F0B4F907
:10F1F00010B905F00100D0E70221204630F081F976
:10F200000028F6D00125F4E70120C6E703220021FB
:10F210002046FEF725FFC2E70326C2E70726C0E720
:10F220005896050075F00400609605006C96050080
:10F230006C3D05002DE9F047CAB0064648AF0024F2
:10F24000489449940894FC22214609A832F002FA15
:10F25000B5687068B84B029306230393B74B0493C9
:10F2600005978DF8184007AB012202A9043026F05B
:10F2700077F9002840F08881043506462146224669
:10F2800004E0013189B240F2EF140132499B93420C
:10F290005CD9489B9B5C613B152BF6D801A050F8CC
:10F2A00023F000BF83F201008BF201008BF201001A
:10F2B0008BF201008BF201008BF201008BF2010056
:10F2C0008BF2010039F301008BF201008BF2010097
:10F2D0008BF2010025F3010007F3010043F3010065
:10F2E0002FF301008BF2010011F30100FDF2010088
:10F2F0008BF201008BF201001BF3010044F00104CA
:10F30000013189B2C1E744F00204013189B2BCE79E
:10F3100044F00404013189B2B7E744F00804013134
:10F3200089B2B2E744F02004013189B2ADE744F07C
:10F330004004013189B2A8E744F08004013189B268
:10F34000A3E744F48074013189B29EE78B4240F018
:10F35000CF8004B9012414F0010F40F0D2800027BF
:10F360003B4614F0020F1DD008AA02EB0709C7F5AF
:10F370008078002B00F0D180DFF8C4A102F0FCF807
:10F38000034652464146484620F0A2FB0028C0F200
:10F390000081804540F2FF8017FA80F087B224F0A8
:10F3A0000204012314F0040F17D008AAD019C7F5DE
:10F3B0008078002B00F0B480614A624B414620F017
:10F3C00087FB0028C0F2E980804540F2E88017FA08
:10F3D00080F087B224F00404012314F0080F17D042
:10F3E00008AAD019C7F58078002B00F09B80544AFA
:10F3F000554B414620F06CFB0028C0F2D28080457E
:10F4000040F2D18017FA80F087B224F0080401237B
:10F4100014F0200F17D008AAD019C7F58078002B58
:10F4200000F08280464A494B414620F051FB0028BB
:10F43000C0F2BB80804540F2BA8017FA80F087B2F4
:10F4400024F02004012314F0400F16D008AAD0198C
:10F45000C7F58078002B69D0394A3D4B414620F0F2
:10F4600037FB0028C0F2A580804540F2A48017FA3F
:10F4700080F087B224F04004012314F0800F19D0EB
:10F4800008AAD019C7F58078002B51D0314A324BE9
:10F4900001930093314B414620F01AFB0028C0F243
:10F4A0008C80804540F28B8017FA80F087B224F080
:10F4B0008004012314F4807F11D008AAD019C7F565
:10F4C0008074002B36D0264B264A214620F000FBC4
:10F4D000002876DB844276D917FA80F087B20622BC
:10F4E0002149284630F038F8002845D107264CE05D
:10F4F000022200212846FEF7B3FD002845D1072649
:10F5000043E01A4B93E803000890ADF82410090C6F
:10F510008DF826100627012323E7DFF854A02DE7F6
:10F52000134A4AE7124A63E7114A7CE7104A94E714
:10F53000104AACE7084BC7E78496050075F0040055
:10F540004CDD050094960500F8670500A4960500BB
:10F55000A896050074960500E86A0500B4960500B3
:10F56000D0610500C0960500CC9605008C9605007C
:10F5700064DC05007C9605003A4608A928462FF071
:10F58000EBFF10B9072600E0032630464AB0BDE87D
:10F59000F0870726F9E70726F7E70726F5E70726A6
:10F5A000F3E70726F1E70726EFE70726EDE707264B
:10F5B000EBE70726E9E70726E7E70726E5E707265B
:10F5C000E3E70726E1E70726DFE700BF10B5846819
:10F5D000043408220F4920462FF0BEFF08B9072047
:10F5E00010BD40F6AB1120462FF096FF08B907205A
:10F5F000F6E70922084920462FF0AEFF08B9072098
:10F60000EEE7042120462FF087FF08B10020E7E74E
:10F610000720E5E7D4960500E096050008B54FF40D
:10F6200000520023024818F0E9F8002008BD00BF8E
:10F630006020002030B589B04568846806A90023A1
:10F6400006930793114A00920122019210480290FA
:10F6500003918DF8103005AB6946281D25F080FF19
:10F6600080B90434054601220A4920462FF074FF70
:10F6700008B9072507E006A920462FF068FF10B952
:10F68000072500E00325284609B030BD00390500F4
:10F6900075F004000479050010B582B0074C2046CF
:10F6A00017F04AFF064B009303234FF4805205499D
:10F6B0002046EFF7E9FD002002B010BD483E0020D3
:10F6C0000C98050080C2002008B5002200230248E3
:10F6D00025F0C4FC08BD00BFB833002010B5C36AD4
:10F6E00063B1044626F074F90B49204617F0E2FC9A
:10F6F00004F1100030F073F8002010BD074C922385
:10F7000022460749074823F083F8074823F080F88A
:10F71000922120462DF0B9FB695904004497050059
:10F72000809705006C2B0500A897050010B50446CE
:10F73000103030F061F82146014830F052F910BD28
:10F74000483E0020C36B002B3BD0F0B589B0044687
:10F750000F4617F011FD10F0050F03D101A830F08E
:10F760003EF807E0204617F075FEF7E7314601A89E
:10F7700030F042F804F1100500220023284616F06C
:10F78000FDFF064668B1E36B3946304698470028CE
:10F79000ECD12146304626F00FF9EBE7284630F051
:10F7A0002BF80022002301A816F0E8FF01460028EC
:10F7B000F4D123691BB12146024830F012F909B097
:10F7C000F0BD7047483E00200023042B0DD803EB0A
:10F7D0000312074951F83220824201D00133F4E785
:10F7E00003EB031301EBC30070470020704700BF19
:10F7F000703F002030B585B00546FFF7E5FF0446B1
:10F8000029461448FFF79EFF9CB1002584F86950F3
:10F81000204640F8085B18F07DF804F1380018F035
:10F8200079F884F8685004F16C0017F057F805B0C7
:10F8300030BD094B1B6813F0070FF8D00395074B39
:10F84000029300200190009003460122024926F015
:10F8500068F9ECE72C620020F82F002014980500CE
:10F8600070B50024042C36D804EB0413264A52F851
:10F8700033300BB10134F5E704EB041342F83300E5
:10F88000002516E00133042B12D89C42FAD003EB7A
:10F8900003121D4951F83220002AF3D003EB031163
:10F8A000194A02EBC10292F869209042EAD100E0C5
:10F8B0000125DDB91549087804EB0412124B03EB5E
:10F8C000C20383F86900431CDBB20B700BB9831CC5
:10F8D0000B700023D7E70E4CA12322460D490E489A
:10F8E00022F096FFA12120462DF0CFFA260104EB4D
:10F8F0000410C0006830044D2844043017F0F8F8B4
:10F90000264405EBC60070BD703F002041910020E9
:10F9100038980500B02D05006C2B050010B50C467D
:10F92000084826F05AF8002800DB04B110BD054C49
:10F93000204626F0C1F8002303600371204626F01C
:10F94000ADF8F3E72C62002030B583B00446FFF732
:10F950003BFF60B1054690F8683013F0010F08D006
:10F960004FF42032002305F1080017F0CBFF03B05D
:10F9700030BD084A6B4692E8030083E8030019464D
:10F98000204626F0E3F895F8683043F0010385F847
:10F990006830E5E7B42705002DE9F04385B0074658
:10F9A00015461C46FFF710FFC0B18046DFF89C905B
:10F9B000484626F012F8064622462946484626F0D2
:10F9C00014F8054610F10C0F39D0002819DB002E71
:10F9D00024DB7DB3204605B0BDE8F083194B1B68DE
:10F9E00013F0070F02D16FF01000F4E70397164BE6
:10F9F00002930190009003460122124926F091F8EB
:10FA0000F1E7484626F058F810B100220260027172
:10FA10000E4826F043F86FF01200DCE70B4826F0A2
:10FA20004BF806463846FFF78FFF376098F8693085
:10FA30003371CEE70021054826F018F8CAE76FF0C9
:10FA40001000C8E7F82F0020149805002C62002051
:10FA500000B585B0024690F8303013F0010F0CD09D
:10FA600009496B4603C983E80300194652F8380C6C
:10FA700026F06CF805B05DF804FB02AB034903C93E
:10FA800083E803001946F1E7B4270500BC27050009
:10FA900010B582B004466B46084A92E8030083E83A
:10FAA0000300194654F8080C26F050F894F860301A
:10FAB00023F0010384F8603002B010BDBC270500BC
:10FAC0002DE9F04F91B0044600230A930B930C9359
:10FAD0000D930E930F93424B0B93C3680C93414BC2
:10FAE0000E9325F0EDFF002868D0804602A905F0AE
:10FAF000FFFF05460190002862D19DF82430022BBB
:10FB00000BD0052504F1180025F0DCFF204625F078
:10FB10003BFF284611B0BDE8F08F204626F032F8B2
:10FB2000074600284ED04046FFF74EFE814600288B
:10FB30004AD090F86930002B48D0227F934201D000
:10FB40000525DFE700F16C0B584616F0D1FF4FF0AA
:10FB5000000A564618E0ADF834700AA9404609F08C
:10FB60005FFB054610F10C0F1DD0B8BB3E44B6B28A
:10FB7000E36833440C934FF0FF324FF0FF335846A5
:10FB800016F024FF4FF0010A238AB342BAD999F83C
:10FB90006920EAB1217F8A421CD1F2199A42DADD4A
:10FBA0009B1B9FB2D7E7BAF1000F03D1132F13D9D4
:10FBB000C7F34F0719F0A2F8019DE5E70525A1E776
:10FBC00005259FE701259DE705259BE7052599E785
:10FBD000052597E7052595E7022593E7012591E798
:10FBE0007C280020135B040070B5002411E025017F
:10FBF00004EB0413D8000830074E0849304417F0CE
:10FC00004FFD2B19D80038300549304417F048FD16
:10FC10000134042CEBD970BD703F002091FA010033
:10FC200051FA010008B5024808F0F8FD08BD00BF10
:10FC30004828002010B584B01E4B01221A70FFF72F
:10FC4000D3FF00240CE004EB0410C00068301A4B12
:10FC500018440430012200212FF0EBFD0134E4B2FE
:10FC6000042CF0D91548164BC362164B0363164B90
:10FC70004363164B8363164BC363FFF72FFD0246A6
:10FC800030B1144B1B6813F0070F07D104B010BD3F
:10FC9000FFF7C8FF02460028F8D0F2E703920E4BA8
:10FCA000029300200190009003460122094925F0AB
:10FCB00038FFEBE741910020703F00202C620020CC
:10FCC000C1FA0100855B0400D15A0400C55A040042
:10FCD000DF5A0400F82F00207898050038B5044654
:10FCE000D0F88420011D064825F0A3FF05462046D4
:10FCF0000DF004F81DB129460248FFF717FD38BD85
:10FD0000BC6200207462002008B502E01846FFF7CC
:10FD1000E5FF00220023034816F030FD03460028CB
:10FD2000F4D108BD3032002010B50748074BC3623C
:10FD3000074B0363FFF7D2FC044608B1204610BD11
:10FD400004480DF053F8F9E774620020A15B040049
:10FD50009B5B040059FD010008B5014603482FF0E4
:10FD60004BFD034817F0C8FA08BD00BF3032002031
:10FD70002029002010B586B003461446009103AA3E
:10FD8000052104A8F5F716FF38B9039B042B0FD102
:10FD9000042104A8A04706B010BD0B4C9D232246A9
:10FDA0000A490B4822F034FD9D2120462DF06DF8C4
:10FDB000054C9E2322460749054822F029FD9E2135
:10FDC00020462DF062F800BFF49805003899050030
:10FDD0006C2B0500409905002DE9F04F83B00646D5
:10FDE0008846174625F015FF824640F60613ADF803
:10FDF00002304FF05D090024A3460125444580F2FE
:10FE00009C8002210DEB0100B8470346002840F01A
:10FE1000958075B9A8EB040215464A45A8BF4D4622
:10FE2000A9EB0202012A1ED9012A1FDD4FF0010BA6
:10FE30001CE008F10202C2F3072343EA02239BB24B
:10FE4000ADF80230ADF8043033788DF806303A461C
:10FE5000032101A8FFF78EFF034600286ED101346D
:10FE6000A9F10309D6E7013D4FF0000B022D11DD8A
:10FE70003319325B9B78ADF804208DF806303A4692
:10FE8000032101A8FFF776FF0346002856D103346B
:10FE9000033DEBE7BBF1000F08D0A8EB0402012AF9
:10FEA0001DD0022A2DD06AB1002B47D1012125484F
:10FEB000B8470346002841D141F20443ADF802306F
:10FEC00000259BE7CAF30F238DF804308DF805A0B9
:10FED0003A46022101A8FFF74DFF0346E4E7651CFF
:10FEE000335D8DF80430CAF30F238DF805308DF89B
:10FEF00006A03A46032101A8FFF73CFF03462C4623
:10FF0000D2E7631C325D8DF80420F35C02348DF877
:10FF10000530CAF30F238DF806303A46032101A8B5
:10FF2000FFF728FF034648B98DF804A03A4601219F
:10FF300001A8FFF71FFF0346B6E70023184603B0EA
:10FF4000BDE8F08F788E050008B504482FF065FBFA
:10FF500008B1002008BD6FF01200FBE79C1E0500F1
:10FF6000F0B58BB004460D4616460378032B38D8FF
:10FF7000DFE803F002212B311D4B93E803000790CB
:10FF8000ADF82010090C8DF8221063792279E17800
:10FF9000A07867780DF11C0CCDF814C0049703907D
:10FFA000029101920093A379124A3146284622F029
:10FFB000DEF90BB0F0BD104B93E803000790ADF8ED
:10FFC0002010090C8DF82210DFE70C4A07AB07CA96
:10FFD00003C31A80D9E70A4A07AB07CA03C31A80CA
:10FFE000D3E7084A0A2107A822F0C1F9CDE700BFEC
:10FFF000B4450500C4450500BC450500E8450500BD
:020000040002F8
:10000000F4450500D8C40500402928BF402100233D
:100010008B421CD230B410F803C04FEA1C1C5A00AB
:100020000D4D15F80CC00D4C04F813C010F803C0AA
:100030000CF00F0C013215F80C50A55401338B4213
:10004000E9D30648002200F8132030BC704703486B
:10005000002200F81320704770990500E462002028
:1000600010B5034C1E222146FFF77AFF204610BD33
:10007000C462002070B584B002AE002402940394E0
:10008000084B0293084D284617F056FA00960A23AB
:100090004FF4E86205492846EFF7F6F8204604B029
:1000A00070BD00BF8C99050018420020C0D200200E
:1000B00008B50146014817F023FB08BD184200208F
:1000C00008B50146014817F0A1FB08BD1842002001
:1000D00008B5014601482FF084FC08BD18420020F5
:1000E00010B586468C460378012B18D0022B32D0EF
:1000F00003B110BD224C0FCCCCF80000CCF804109A
:10010000CCF80820CCF80C3023788CF81030BEF8EE
:1001100002308CF80D301B0A8CF80E30E9E7184CD1
:100120000FCCCCF80000CCF80410CCF80820CCF8A8
:100130000C3023788CF81030DEF804308CF80D3059
:10014000C3F307228CF80E201A0C8CF80F201B0E1C
:100150008CF81030CDE70068DEF80410DEF80820D7
:10016000DEF80C30CCF80000CCF80410CCF80820F5
:10017000CCF80C309EF810308CF81030B9E700BF86
:100180009899050010B5044618F0B0FC034B1B68A5
:100190000BB12046984718F0F5FC10BD68630020AD
:1001A00038B5054602281ED0082801D020280CD1D9
:1001B0000F4824F053FF04462CB1012104F10C0038
:1001C000FDF786FC2576204638BD0A4C642322467E
:1001D00009490A4822F01CFB094822F019FB642156
:1001E00020462CF052FE074824F038FF0446E3E78F
:1001F0004C320020AC990500DC9905006C2B050001
:10020000249A05001C33002010B50F2810D80E28A2
:1002100010D2A1B10C4824F021FF044634B10121D1
:1002200004F10C00FDF754FC02232376204610BD98
:100230001328EED1054824F011FF0446EEE7022012
:10024000FFF7AEFF0446F1E7E8320020EC33002070
:1002500038B50B6893B105460C464A68DA600B68FE
:100260004A895A820868FDF77BFB0023236063609C
:10027000A360E360284625F01CFE38BD054CF12341
:1002800022460549054822F0C3FAF12120462CF008
:10029000FCFD00BFAC990500449A05006C2B0500DD
:1002A0002DE9F0417AB305460C461E4690460028DB
:1002B00034D001F10C07384624F0F8FE002838D07D
:1002C000204625F015FE00283ED105F10C013846E8
:1002D00024F0D0FE384624F0E9FE1FFA88F31844D3
:1002E00068822B8201236B7241463846FDF732FC4F
:1002F000E36873600023E360628A72816382346022
:100300002846BDE8F081164CCD23224615491648F3
:1003100022F07EFACD2120462CF0B7FD104CCE23E2
:1003200022461249104822F073FACE2120462CF0C2
:10033000ACFD0B4CD22322460D490B4822F068FA43
:10034000D22120462CF0A1FD054CD4232246094998
:10035000054822F05DFAD42120462CF096FD00BF1E
:10036000AC990500249105006C2B0500549A0500FA
:100370005C9A05007C9A05000023042B0DD8074ADF
:1003800032F813200AB10133F7E740F47040034A12
:1003900022F81300024AD15470477047746300205A
:1003A0006C63002040F470400023042B0DD8084AF1
:1003B00032F81320824201D00133F6E7044A0021CB
:1003C00022F81310034AD05C70470020704700BF2A
:1003D000746300206C630020C2685178084B83F876
:1003E00070105188A3F87210117983F87110B2F867
:1003F0000710A3F87410B2F80520A3F87620704710
:1004000090200020C268034BD2F80100D2F80510FA
:1004100003C370476821002030B5C46804F1010CA3
:10042000094D4134AE46DCF80000DCF80410DCF87D
:100430000820DCF80C30AEE80F000CF1100C75460B
:10044000A445EFD130BD00BF10210020C268034B8E
:10045000D2F80100D2F8051003C37047082100202C
:1004600008B5C068013025F05EFD024BC3E93801D4
:1004700008BD00BF90200020C3685A78014B83F864
:100480002221704790200020032801D9024870479C
:10049000024B53F820007047E89A05003CA5050080
:1004A000022807D1052901D903487047034B53F8A7
:1004B0002100704700487047E89A050024A5050010
:1004C000032801D902487047024B53F820007047B7
:1004D000E89A050014A50500054BD3E8AF2F02F0FC
:1004E0000902D3E8EF1FC3E8E02F0028F9D17047D5
:1004F0006421002008B5C368B3F8012091B209B1A6
:10050000D97801B908BD0548A0F80421D9780A4670
:1005100000F584702FF08DF9F4E700BF90200020E3
:1005200008B5C268084BB3F8043103B108BDB2F88E
:1005300001300548A0F8043191880A4600F584701E
:100540002FF077F9F2E700BF90200020C2680B4B34
:100550001B6813F0060F00D1704700B585B0137803
:100560000393074B02930020019000900346022260
:10057000024925F030FD05B05DF804FB902F002006
:10058000F09A050030B587B0054608464FF0000CDC
:10059000634526D902EBCC0112F83C40AC4208D1AD
:1005A000038A4A78934207D34B689847002007B0E4
:1005B00030BD0CF1010CEBE70B4A126812F0070F8B
:1005C00002D16FF01500F2E704950393074B0293F5
:1005D00000200190009003460122034925F0FBFC16
:1005E000EFE76FF05E00E2E7902F0020189B050018
:1005F00000B970472DE9F04186B00E461546804699
:10060000544B0022D3E8EF4FC3E8E12F0029F9D182
:1006100027468CB9504B1B6813F0070F25D0CDF837
:100620000C804E4B02931046019200921346012219
:10063000494925F0D0FC18E0204624F0EFFC00EBFF
:100640004000474B03EB80035B88434538D0424B67
:100650001B6813F0070F0FD13E4AD2E8EF3FC2E804
:10066000E14F0029F9D11F46EBB917B13846FDF724
:1006700077F906B0BDE8F081204624F0CFFC00EB0E
:100680004000374B03EB80035B880493CDF80C806C
:10069000344B0293002001900090034601222E4922
:1006A00025F099FCD8E7304C40F6841322462F49B8
:1006B0002F4822F0ADF840F6841120462CF0E5FBDF
:1006C000A5420FD02046FCF757FF0223237604F102
:1006D0000C0801214046FDF7FBF92A8AE9684046EB
:1006E00024F0F8FC204624F099FC00EB40001C4B61
:1006F00003EB80035B6803B1EEB1204624F08EFC6F
:1007000000EB4000164B03EB80039B68002BACD042
:10071000204624F083FC124D00EB400005F82060D9
:10072000204624F07BFC00EB400005EB8005A86828
:1007300016F0D4F899E7204624F070FC00EB400056
:10074000074B03EB80035B681A7A5968186825F039
:100750007EFCD2E7D8210020902F00203C9B050092
:1007600080630020649B0500989B0500CC9B0500DE
:100770006C2B0500012801D00020704708B5062227
:10078000074B93F86F0005F07FF900B108BD052213
:100790000449034B93F86F0005F076F9F6E700BFC4
:1007A000902000205099050010B584B003F010F897
:1007B0001030D0E8EF3F23F08003C0E8E23F002A8A
:1007C000F7D100210120FFF7D5FF044648B13C23B3
:1007D0000373002104F0F8FC204604F09BFC04B0F5
:1007E00010BD074B1B6813F0070FF8D0054B0293A1
:1007F0000190009003460122014925F0ECFBEEE751
:10080000902F0020D49B050000B587B03C2807D06E
:100810000C4B1B6813F0060F05D107B05DF804FB05
:10082000FFF7C2FFF9E7084B04930390074B0293CD
:1008300000200190009003460222024925F0CBFBE4
:10084000EBE700BF902F0020E86A0500F89B050049
:1008500030B585B0C368B3F801401B780BB105B063
:1008600030BD0F21204604F083FD054648B100212C
:1008700004F0AAFCAB78012B13D0284604F04AFC04
:10088000EDE70A4B1B6813F0070FE8D00394084B01
:1008900002930190009003460122044925F09BFB3E
:1008A000DDE7284604F036FCD9E700BF902F002092
:1008B000149C050010B584B0C368B3F80140012151
:1008C000204604F055FD18B104F024FC04B010BD1E
:1008D000074B1B6813F0070FF8D00394054B0293E6
:1008E0000190009003460122014925F074FBEDE7D9
:1008F000902F00203C9C050010B584B0C3681C8874
:100900000121204604F034FD18B104F003FC04B0CA
:1009100010BD084B1B6813F0070FF8D00394064B6B
:1009200002930190009003460122024925F053FBF7
:10093000EDE700BF902F00203C9C050030B585B04E
:10094000C468B4F801500121284604F011FD80B1BB
:1009500003462278EAB11A1DD2E8EF0F40F40030C6
:10096000C2E8E10F0029F7D1184604F0D3FB05B027
:1009700030BD0C4B1B6813F0070FF8D003950A4BE2
:1009800002930190009003460122064925F023FBC3
:10099000EDE7D4F80310D4F80720C0F89510C0F89C
:1009A0009920D8E7902F00203C9C05002DE9F041CC
:1009B00086B0C668327893000133018A8B4217D81B
:1009C000002733789F4218DA06EB8703B3F80180DB
:1009D000B3F803500F21404604F0CAFC0446002837
:1009E0005AD1424B1B6813F0070F17D10137E8E7C4
:1009F0003E48006810F0070F02D106B0BDE8F08154
:100A00000591049303923A4B0293002001900090C9
:100A100003460122354925F0DEFAEEE7CDF80C80D9
:100A2000344B029301900090034601222F4925F098
:100A3000D2FADBE72D4B1B6813F0070F0ED12E4CBB
:100A400040F25D2322462D492D4821F0E1FE40F27F
:100A50005D2120462CF019FAA2612EE0294B029369
:100A600000200190009003460122204925F0B3FAAE
:100A7000E5E71360236204F1C003D3E8AF2F22B38C
:100A8000D3E8EF1F0139C3E8E21F002AF8D10021A3
:100A9000204604F0F9F845466B1E1FFA83F80DB3A3
:100AA000204603F0B7FF15F019FF6369002BC1D092
:100AB0001A686261A1699942CED000221A60226A46
:100AC000002AD6D12362E361D5E70B4C4FF41973AA
:100AD00022460D490A4821F09BFE4FF41971204629
:100AE0002CF0D3F9204604F015FB7FE7902F00206F
:100AF000609C05008C9C0500989B0500B02D0500AE
:100B00006C2B0500A89C0500C09C050000B585B0B5
:100B100001210C30FDF73CF80A4B1B6813F0070F5E
:100B200002D105B05DF804FB03780393064B0293F2
:100B300000200190009003460122024925F04BFA63
:100B4000EFE700BF902F0020DC9C050070B586B059
:100B500005460C46FFF716FD10F15F0F01D006B0F9
:100B600070BD0C4B1B6813F0060FF8D0268A314677
:100B7000E068FFF749FA059004960395064B029347
:100B800000200190009003460222024925F023FA3A
:100B9000E5E700BF902F0020009D050030B585B02F
:100BA0000446038A012B15D902210C30FCF7F0FF13
:100BB0000546007825F0EEF910F0020F1FD006234D
:100BC000174A21462878FFF7C1FF2046FCF7C8FEE8
:100BD00005B030BD134A126812F0070F03D120464A
:100BE000FCF7BEFEF4E703930F4B02930020019045
:100BF0000090034601220B4925F0EDF9EFE740F69E
:100C0000CE330A4A0A490B4821F002FE002383F33F
:100C10001188BFF36F8F0323184602DFCFE700BFB1
:100C200074A50500902F0020249D0500989B0500C9
:100C3000409D05006C2B050010B5044601210C30C9
:100C4000FCF7A6FF0823034A21460078FFF77EFF42
:100C500010BD00BFA4A5050070B586B005460C46C2
:100C6000FFF790FC10F15F0F01D006B070BD0C4B88
:100C70001B6813F0060FF8D0268A3146E068FFF7AC
:100C8000C3F9059004960395064B0293002001904A
:100C9000009003460222024925F09DF9E5E700BFD6
:100CA000902F0020709D050010B5044601210C30E6
:100CB000FCF76EFF0023034A21460078FFF7CCFFC4
:100CC00010BD00BFE4A5050000B585B001460E4883
:100CD000FCF76EFD0D490E482EF083FE002802DB66
:100CE00005B05DF804FB0B4B1B6813F0070FF7D042
:100CF0000390094B029300200190009003460122CB
:100D0000044925F068F9EBE7DC21002040290020A8
:100D100040430020902F0020A49D050070B586B0B0
:100D20000446038A032B15D8304A126812F0070FC5
:100D300004D12046FCF714FE06B070BD03932C4B83
:100D4000029300200190009003460122274925F0DC
:100D500042F9EEE704210C30FCF71AFF42880088C4
:100D6000050BC0F30B00A083FF236376238A934215
:100D700015D01E49096811F0070F03D12046FCF772
:100D8000EFFDD9E7049203931A4B029300200190E0
:100D9000009003460122154925F01DF9EEE70F21C9
:100DA00004F0E6FA064658B104F03CFB60762A46A9
:100DB0002146304625F0D0FF304604F0ABF9BBE7C2
:100DC0000A4B1B6813F0070F03D12046FCF7C8FD40
:100DD000B2E7A38B0393084B029301900090034664
:100DE0000122024925F0F7F8EFE700BF902F00201D
:100DF000C49D0500E89D05000C9E050010B584B05B
:100E00002048FCF749FD88B10446037E022B0FD031
:100E1000082B10D1FFF782FF1B4BD3F84C312BB1BD
:100E20001A491B482EF0DDFD002819DB04B010BD67
:100E3000FFF7B4FEF0E7174A126812F0070F03D16C
:100E40002046FCF78DFDE7E70393134B0293002048
:100E500001900090034601220E4925F0BCF8EFE70F
:100E60000C4B1B6813F0070FE0D003900B4B029361
:100E700000200190009003460122064925F0ABF8BE
:100E8000D4E700BFDC210020902000204029002072
:100E900040430020902F0020309E0500A49D0500B7
:100EA00070B586B0C568B5F801600121304604F020
:100EB0005FFA002848D004462B781A2B54D02B78A0
:100EC000002B40F09380B5F803309AB2A4F8863036
:100ED000B5F80530A4F88C30B5F80730A4F88E309A
:100EE000931F9BB240F67A418B4204D9504B1B684A
:100EF00013F0060F56D1B4F88C30B3F5FA7F04D353
:100F00004B4A126812F0060F58D1B4F88E20A2F1A5
:100F10000A039BB240F676418B4204D9444B1B68CE
:100F200013F0060F56D1231DD3E8EF1F21F4805193
:100F3000C3E8E21F002AF7D1204604F0B9FB20469F
:100F400004F0E8F806B070BD394B1B6813F0070FCA
:100F5000F8D00396374B029301900090034601228C
:100F6000334925F038F8EDE7C378012BA7D10E21DE
:100F7000043025F057F80028A1D1B4F88830ADF836
:100F80001030B4F88A30ADF81230B4F89030ADF8C3
:100F90001430B4F89230ADF8163004A9204626F08B
:100FA0005DF9CCE70392244B02930020019000905E
:100FB000034602221E4925F00EF89CE703931F4BBF
:100FC000029300200190009003460222184925F068
:100FD00002F89AE703921A4B0293002001900090C6
:100FE00003460222124924F0F6FF9CE7261D0C213D
:100FF000304624F0E5FF10B12B78202B08D0D6E83E
:10100000EF3F23F48053C6E8E23F002A94D0F6E78E
:1010100094F89430002BF2D0013B84F894304FF4D4
:101020002032002304F1400016F0E8FB84E700BF03
:10103000902F00203C9C0500449E05006C9E0500FE
:10104000949E050010B50C460A604B609DF8083070
:101050000B7223F0E3FF00EB4000024B03EB800335
:101060005C6010BD806300202DE9F8430646884689
:101070004FF0FF324FF0FF33194823F0EFFF0446E3
:1010800058B300F10C0701213846FCF721FD01237C
:101090002376204623F0C2FF124D00EB400005EB03
:1010A00080004680204623F0B9FF00EB400305EBAB
:1010B00083034FF00009C3F80890204623F0AEFFE9
:1010C00000EB400005EB8005C5F80490032138468D
:1010D000FCF79EFD068080F802802046BDE8F8837C
:1010E000843300208063002070B584B0C3681C780E
:1010F000B3F801600F21304604F03AF9D8B1054643
:101100004CBB8378012B32D0204625F050F80246A4
:101110002146284604F0EAFB44B11F4B1B6813F03C
:10112000070F2DD12146284604F006FA284603F081
:10113000F1FF04B070BD184B1B6813F0070FF8D017
:101140000396164B02930190009003460122124928
:1011500024F041FFEDE7204625F029F8024621461C
:10116000284604F0C3FB284603F0D4FFE1E70AF069
:101170009DF8284624F0F2FE0028C5D10524C3E7D7
:10118000074B029300200190009003460122024980
:1011900024F021FFC6E700BF902F0020149C05001B
:1011A000C09E0500F0B585B0C668B6F80170357808
:1011B0000F21384604F0DCF800B3044675BBC27A50
:1011C000F3789A4236D0C3728278012A47D02846F3
:1011D00024F0EDFF02462946204604F087FB45B186
:1011E0002A4B1B6813F0070F44D12946204604F010
:1011F000A3F9204603F08EFF05B0F0BD234B1B681A
:1012000013F0070FF8D00397214B02930190009041
:10121000034601221D4924F0DEFEEDE7284624F0B6
:10122000C6FF02462946204604F060FB204603F034
:1012300071FFE1E7154A126812F0060F03D120464C
:1012400003F068FFD8E70393124B0293002001904C
:101250000090034602220D4924F0BDFEEFE733B9AA
:10126000204624F07BFE0028B1D10525AFE70AF027
:101270001DF8F5E7084B029300200190009003460B
:101280000122024924F0A7FEAFE700BF902F002003
:10129000149C0500E89E0500C09E050010B590B0A6
:1012A00086460DF1040C0D4C0FCCACE80F000FCCB2
:1012B000ACE80F000FCCACE80F0094E807008CE816
:1012C0000700BEF10E0F02D9054810B010BD10ABDB
:1012D00003EB8E0E5EF83C0CF7E700BFC427050059
:1012E000E89A050030B589B03C4B1B6803F0070352
:1012F000022B13D93A4BDB79012B11D9394C3848E1
:10130000FEF7AEFE04900394374B02930020019049
:10131000009003460322314924F05DFE012402E0DF
:10132000324CECE701342E4BDB79A34218DD2B4B1A
:101330001B6803F00703022BF4D9C4EBC400284B4D
:101340001844FEF78DFE04900394294B029300206D
:101350000190009003460322204924F03CFEE1E77F
:101360001E4B1B6803F00703022B07D81B4B1B689F
:1013700003F00703022B1AD809B030BD184C94F8BB
:1013800070502846FFF78AFFB4F87230B4F8762020
:101390000692059304950390164B0293002001904A
:1013A0000090034603220D4924F015FEDEE70C4DA4
:1013B00095F871402046FFF771FFB5F8743005933A
:1013C000049403900C4B029300200190009003467C
:1013D0000322024924F0FFFDCEE700BF902F00203A
:1013E00090200020189F05001C9F0500E86A05005A
:1013F0002C9F0500409F0500809F050008B5014611
:10140000034BD3F8700182689268904708BD00BF13
:101410009020002070B586B0044600F10C052846E7
:1014200023F044FEADF81400238AADF81630012BEA
:101430001DD902212846FCF7ABFB0646007824F0B4
:10144000A9FD054610F0010F27D005231D4A2146AE
:101450003078FFF77BFB15F0020F2ED06369BDF8E3
:1014600014201344E360BDF81630238207E0164AC7
:10147000126812F0070F04D12046FCF771FA06B08B
:1014800070BD0393114B029300200190009003461E
:1014900001220D4924F09FFDEEE740F6EE730C4A61
:1014A0000C490D4821F0B4F9002383F31188BFF3F0
:1014B0006F8F0323184602DFC7E72046FCF750FA78
:1014C000DDE700BF4CA50500902F0020249D0500FE
:1014D000989B0500A89F05006C2B050030B585B0D2
:1014E0000446037E022B06D0082B1AD1FFF7ECFB33
:1014F000002005B030BDC368187824F04BFD0546C8
:1015000010F0010F04D115F0020F05D10020F0E713
:101510002046FFF77FFFF6E72046FFF7D5FB0020C8
:10152000E7E70B4A126812F0070F05D12046FCF7D7
:1015300017FA6FF01500DCE70393064B02930020C7
:101540000190009003460122014924F044FDEDE79B
:10155000902F0020C49F050008B5064BD3E8EF1F6D
:1015600041F00401C3E8E21F002AF7D1FFF7BAFEF9
:1015700008BD00BF6421002000487047D89F0500C7
:1015800008B5024815F0B8FE08BD00BF302900209C
:1015900030B585B004460D4669B140F635439C42EE
:1015A00011D0294615482EF027F9FFF7E9FF00244E
:1015B000204605B030BDFFF757FD05460028ECD1A9
:1015C0006FF06804F4E72846FFF718FF0446002888
:1015D000EED00B4B1B6813F0070F03D12846FCF726
:1015E000BFF9E5E70390074B0293002001900090BC
:1015F00003460122024924F0EEFCEFE7E42100203B
:10160000902F0020EC9F050070B50446052140F6A0
:101610003540FFF729FD0546C0B105F10C06012153
:101620003046FCF7F5FA0123037004213046FCF73D
:10163000EFFA0480012383700023C370294640F62B
:101640003540FFF7A5FF044690B970BDFB23124A51
:101650001249134821F0DCF8124821F0D9F8002390
:1016600083F31188BFF36F8F0323184602DFD4E79B
:1016700040F20513084A0C49094821F0C9F82146EF
:101680000A4821F0C5F8002383F31188BFF36F8F58
:101690000323184602DFD8E7989B0500B4900500A5
:1016A0006C2B050010A00500885B050030A005002C
:1016B00070B584B00446868B457E24F09BFCA37EE7
:1016C0002BB91E4B93F88A3013F0200F01D104B0D0
:1016D00070BD284604F022FB044668B1437B073BFB
:1016E000DBB2012B23D9164B1B6813F0060F13D165
:1016F000204603F00FFDEAE7114B1B6813F0060FBD
:10170000E5D003950F4B029301900090034602220F
:101710000B4924F060FCDAE70B4B029300200190A8
:10172000009003460222064924F055FCE0E703F04E
:10173000F1FC3046FFF768FFC9E700BF90200020AA
:10174000902F002054A0050080A0050070B584B043
:1017500005460C46122142F21A00FFF785FCC0B183
:10176000064612210C30FCF753FA034623F8025BBD
:10177000D4F800C06568A168E268C0F802C05D6086
:101780009960DA60314642F21A00FFF701FF04B0B7
:1017900070BD074B1B6813F0070FF8D0054B029381
:1017A0000190009003460122014924F014FCEEE769
:1017B000902F0020ACA0050030B585B00446022172
:1017C00042F21B00FFF750FC60B1054602210C30CD
:1017D000FCF71EFA0480294642F21B00FFF7D8FEF0
:1017E00005B030BD074B1B6813F0070FF8D0064B50
:1017F00002930190009003460122024924F0EBFB82
:10180000EEE700BF902F0020ACA0050070B588B0B7
:10181000C46825880121284603F0AAFDA0B1064628
:10182000D4F80220D4F8063004A90191618900910E
:1018300027F002FFC0B104A92846FFF787FF304612
:1018400003F068FC08B070BD094B1B6813F0070F6C
:10185000F8D00395074B02930190009003460122B4
:10186000034924F0B8FBEDE72846FFF7A5FFE6E7BC
:10187000902F00203C9C050070B584B005460C46B6
:10188000032142F22100FFF7EFFB68B10646032176
:101890000C30FCF7BDF905808470314642F221001E
:1018A000FFF776FE04B070BD074B1B6813F0070FFF
:1018B000F8D0064B029301900090034601220249A2
:1018C00024F089FBEEE700BF902F0020C4A00500A4
:1018D00030B587B0C3681C885A88ADF810209A8844
:1018E000ADF81220DA88ADF814201B89ADF8163057
:1018F0000121204603F03CFD68B1054604A903F030
:1019000045FFE8B91E212046FFF7B6FF284603F041
:1019100001FC07B030BD0D4B1B6813F0070F04D15D
:1019200002212046FFF7A8FFF3E70394084B029338
:101930000190009003460122044924F04CFBEFE79C
:1019400004A9204624F073FCE0E700BF902F00209C
:101950003C9C050030B585B000220023314814F0CE
:101960000DFF0446002836D02F4BD3F8483163B121
:101970002E4B1B6813F0070F3DD12B4DD5F84801B6
:10198000FBF7EEFF0023C5F848312046FCF716F8B8
:10199000254BC3F848012046FFF730FDC8B1234A64
:1019A000126812F0070F31D1214814F097FF20463A
:1019B00023F034FB00EB40001E4B03EB8003224678
:1019C0001F215888FEF714FE2046FBF7C9FFFFF7DA
:1019D000D7FD05B030BD40F6DD33174A174918482A
:1019E00020F016FF002383F31188BFF36F8F0323CA
:1019F000184602DFB8E7134B0293002001900090D5
:101A000003460122094924F0E6FAB6E703900E4B9B
:101A1000029300200190009003460122034924F024
:101A2000DAFAC1E7E421002090200020902F002066
:101A3000C021002080630020989B0500B490050021
:101A40006C2B0500E0A00500EC9F050008B50B46D7
:101A50000849D1F8541151B10246074814F0B6FFB5
:101A600008B1002004E0FFF775FF012000E000202E
:101A700008BD00BF90200020C0210020F0B58DB02F
:101A800006461746002948D00D46887AFBF76CFDBC
:101A90005B4B834249D106AC0122002120462DF048
:101AA000C8FE284623F0BAFA00EB4000554B03EB82
:101AB00080039C602846FBF781FF014652482DF0C9
:101AC0009BFEFFF75DFD17F015FB504B83424ED098
:101AD0004FF4A022002306A814F078FF0446002843
:101AE00051D1284623F09AFA00EB4000454B13F8F9
:101AF0002040002C77D0464B1B6813F0060F57D1BF
:101B00002846FBF72DFF093C092C69D8DFE804F0D3
:101B10005F686865756868686862FFF7A5FA0546DA
:101B20000028B8D16FF0680060E03A4C4FF4C373FE
:101B300022463949394820F06BFE4FF4C3712046E4
:101B40002BF0A3F94FF4D873324A3549334820F0CB
:101B50005FFE3146334820F05BFE002383F311889B
:101B6000BFF36F8F0323184602DFA542B0D026488B
:101B70002DF059FE04464FF4A0200021FFF766FF28
:101B80000028F2D1DEE74FF4DB73224A26492348CE
:101B900020F03EFE22463146244820F039FE002344
:101BA00083F31188BFF36F8F0323184602DF98E792
:101BB0001F4B0593049403961E4B02930020019043
:101BC000009003460222124924F005FA98E76FF0CC
:101BD0006E000BE06FF0150008E06FF00C0005E000
:101BE0006FF0040002E01FB13D6000200DB0F0BDB9
:101BF0002846FBF7B5FE0020F8E76FF00B00F5E78D
:101C00008433002080630020E4210020585300200A
:101C1000902F0020989B0500B02D05006C2B05002F
:101C2000FCA0050004A10500885B050024A10500B7
:101C3000E86A05006CA1050010B584B0264B93F846
:101C40008A3013F0200F12D1244B1B6813F0060FBB
:101C500002D1002004B010BD214B0293002001905E
:101C60000090034602221D4924F0B5F9F1E707214F
:101C700040F63340FFF7F8F9044638B307210C303B
:101C8000FBF7C6FF00220260C0F803206FF00403D8
:101C9000037042700623C3700271214640F6334040
:101CA000FFF7ECFE0028D5D1012140F63140FFF7C7
:101CB000DBF9044668B101210C3023F016FA00224A
:101CC000214640F63140FFF7D9FEC3E76FF06800C8
:101CD000C0E76FF06800BDE790200020902F002043
:101CE0008CA1050038B5082142F20100FFF7BCF9CC
:101CF000B8B3044608210C30FBF78AFF02461A4BA2
:101D000093F8D83013F0400F26D040F2022E4FF057
:101D1000000C4EF00C00614613F0020F01D04EF0A3
:101D20002C0013F0200F01D040F040000E4D95F82C
:101D3000D9C01CF0090F01D040F4006013F0010F6E
:101D400001D040F0100024F0DDF80022214642F2DC
:101D50000100FFF793FE38BD4FF0030E4FF0000C6B
:101D6000D7E76FF06800F6E79020002010B582B04A
:101D70000B4BB3F804311BB10024204602B010BD58
:101D800001AA002141F20500FFF778FE0446002871
:101D9000F3D10198FEF7C4FB0198FBF7E1FDECE7F6
:101DA0009020002030B58BB009AA00214FF60140E9
:101DB000FFF764FE00282ED1099BDC68554B1B6899
:101DC00003F00703022B38D8524B1B6803F00703BC
:101DD000022B44D84F4B1B6803F00703022B52D849
:101DE0000998FBF7BDFD09AA00214FF60240FFF755
:101DF00045FE002860D0474B1B6813F0060F0FD03C
:101E0000454B029300200190009003460222414975
:101E100024F0E1F804E03F4B1B6813F0060F01D1FA
:101E20000BB030BD3D4B0293002001900090034663
:101E30000222384924F0CFF8F2E7B4F801502846DE
:101E4000FEF722FB04950390354B0293002001908E
:101E50000090034603222F4924F0BDF8B4E7B4F8FC
:101E600003502946B4F80100FEF71AFB04950390CD
:101E70002C4B029300200190009003460322254939
:101E800024F0A9F8A6E765792846FEF719FBA3799F
:101E9000B4F80720D4F80910079106920593049529
:101EA0000390214B029300200190009003460322EF
:101EB000184924F090F893E70998C368B3F8013003
:101EC0001A4CA4F8C130FBF74BFD94F8C13013F065
:101ED000040FA5D009AA00214FF60340FFF7CEFD5D
:101EE00078B10C4B1B6813F0060F99D0104B02937E
:101EF00000200190009003460222064924F06BF86E
:101F00008EE70998C3685A78084B83F8C020FBF71E
:101F100027FD85E7902F002044A20500BCA1050005
:101F2000E0A10500FCA1050014A2050090200020FE
:101F300070A2050070B582B006460C46124B93F9AC
:101F40009B30002B1DDAC4B12546082C28BF08257C
:101F500001AA002142F21800FFF790FD034668B97C
:101F6000019BD9682A46013130462FF04CFB01987D
:101F7000FBF7F6FC2E44641BE5E70023184602B08D
:101F800070BD6FF08503F9E79020002070B586B032
:101F900005460C4605AA002142F22F00FFF76EFD10
:101FA000064690B1264B1B6813F0070F02D130464E
:101FB00006B070BD234B02930020019000900346B1
:101FC00001221F4924F007F8F1E70598C368B3F828
:101FD00001202A80B3F803302380FBF7C1FC2A8854
:101FE000A2F11B039BB2E02B04D9154B1B6813F025
:101FF000060F18D12288A2F5A4739BB244F24811AF
:102000008B42D4D90E4B1B6813F0060FCFD003922E
:102010000D4B0293002001900090034602220849D4
:1020200023F0D9FFC3E70392084B029300200190ED
:10203000009003460222024923F0CDFFDAE700BFF9
:10204000902F00209CA20500E4A20500BCA2050080
:1020500010B586B06B4B93F87C3013F0400F0AD06C
:1020600005AA002142F20300FFF708FD0346A8B1CC
:10207000184606B010BD644B1B6813F0070F02D161
:102080006FF01203F4E7614B02930020019000907F
:10209000034601225C4923F09EFFF1E70598FEF715
:1020A000B1F90598FBF75CFC05AA002142F2020099
:1020B000FFF7E4FC03460028DAD10598FEF71AFA88
:1020C0000598FBF74DFC4F4B1F22A3F8202193F8F6
:1020D0007C3013F0200F3DD04A4B93F89C3013F026
:1020E000080F50D1474B93F8D83013F0200F5BD135
:1020F000444B93F8D83013F0400F27D0022142F21E
:102100002E00FEF7B1FF0446002877D002210C30E4
:10211000FBF77EFD3B4BB3F8B8310380002221462C
:1021200042F22E00FFF7AAFC03460028A0D105AA20
:10213000002142F22A00FFF7A1FC0346002897D1B4
:102140000598FEF799F90598FBF70AFCFFF7CAFD19
:1021500003468DE7022140F66D40FEF785FF0446F9
:10216000002848D002210C30FBF752FD01230370F8
:1021700000224270214640F66D40FFF77FFC034687
:102180000028A9D074E705AA002142F21C00FFF73D
:1021900075FC034600287FF46BAF0598FEF760F9E5
:1021A0000598FBF7DDFB9DE70DF1120104A8FFF791
:1021B000EDFE034600287FF45BAF042142F22400C9
:1021C000FEF752FF044698B104210C30FBF720FDC6
:1021D000BDF810300380BDF8123043800022214644
:1021E00042F22400FFF74AFC0346002880D03FE774
:1021F0006FF068033CE76FF0680339E76FF068033E
:1022000036E700BF90200020902F002008A3050093
:1022100000B585B024F030F8034618B1184605B073
:102220005DF804FBFFF714FF03460028F6D1174BB7
:1022300093F87C3013F0200F0ED0144BB3F8043118
:1022400083B1ECF7D5FF03460028E7D1FFF7AAFDDD
:1022500001F03AF90346E1E7FFF788FD034600285D
:10226000EFD0DBE70A4B1B6813F0070F02D16FF0CA
:102270000403D3E7074B029300200190009003462C
:102280000122034923F0A7FEF1E700BF90200020C0
:10229000902F00202CA3050008B524F035F8024B40
:1022A0001B6803B1984708BDF863002070B584B07F
:1022B0000446384BD3F870012DF0AFF900283FD019
:1022C000354BD3E8EF2F22F00202C3E8E12F0029BB
:1022D000F7D1D3E8EF2F42F00101C3E8E01F002857
:1022E000F7D112F0010F52D12C4B1C602C4D012262
:1022F000114628462DF09DFA05F124002DF06FFAC5
:10230000284E304615F018F9002300936FF00703AC
:102310004FF4805224493046ECF7B6FF234930464B
:1023200015F0B8FC286C83681B682149984705465E
:10233000C0B944B31F4814F0DFFF284604B070BD95
:102340001D4B1B6813F0070F02D16FF01205F4E765
:102350001A4B02930190009003460122164923F084
:102360003AFEF2E7144B1B6813F0070FE5D0039019
:10237000134B0293002001900090034601220E4966
:1023800023F029FED9E723F0BFFF0546D5E76FF01C
:102390007705D2E79020002064210020F863002018
:1023A000C02100204043002040DA002068A305003F
:1023B000F961040054210020902F002050A3050053
:1023C00074A30500F0B589B005788DBB0446B0F85C
:1023D00001603046FDF7E6FF074600F0E5FCE378D4
:1023E000012B32D02B46224604A906A823F06CFE0E
:1023F00004A9E078FEF7BEF90546E378012B28D062
:10240000B5B3224604A9284623F03EFEEB78012B03
:1024100047D00721284602F0D7FE002F40F08B80DE
:10242000284624F0E2FC284602F074FE09B0F0BD14
:10243000444C40F23F5322464349444820F0E8F9D7
:1024400040F23F5120462AF020FD414B93F86F5057
:10245000C8E701F0BDF900F11003D3E8EF1F21F048
:102460008001C3E8E21F002AF7D124F0A3FAC7E7EE
:10247000384B1B6813F0070F04D11321304623F0AB
:1024800052FFD3E7201DFDF7EBFD0390324B029383
:10249000002001900090034601222E4923F09BFD6D
:1024A000EBE70698C5F87700BDF81C209DF81E30B4
:1024B000A5F87B2085F87D3001F08AF90D211030D8
:1024C00023F07EFD40BB012385F87E3004F10B062E
:1024D0000622224930462FF086F8A0B91C4BD3F8CB
:1024E0006920C5F87F20B3F86D30A5F88330184B0C
:1024F000D3F8E020D3F8E43003F03F031A4388D048
:1025000001F054FB85E7D4F80B30C5F87F30B4F800
:102510000F30A5F88330EAE72B7AC3EBC3030C49ED
:102520005A18CB58C5F87E3091889379A5F8821057
:1025300085F88430DBE72F730121284602F044FE42
:102540006EE700BF989B050090A305006C2B05006B
:1025500090200020902F0020A4A30500689905007A
:1025600000B589B0C3681878A8BB8DF80000B3F82F
:102570000120ADF80120DA788DF80320B3F80B20A4
:10258000ADF81720B3F80D20ADF81920B3F80F20DF
:10259000ADF81B205A7C8DF81D20586801901A89CF
:1025A0009B7AADF808208DF80A300C4BD3F86920DF
:1025B000CDF80B20B3F86D30ADF80F30084B1A682A
:1025C000CDF811209B88ADF81530684623F0C5FE84
:1025D00009B05DF804FBFEF717F9F9E79020002039
:1025E0006899050038B5044604210C30FBF7D0FA91
:1025F0004578224601784088FDF7FAFF05B938BDD5
:10260000024814F06BF9FEF7BBFFF8E7C021002089
:1026100030B587B0044603210C30FBF7B9FA0578D2
:10262000B0F80100E368197840F63543984205D0C8
:102630002246FDF7DDFFA5B907B030BD0C4B1B6886
:1026400013F0060FF8D00B4B049303910A4B02933F
:1026500000200190009003460222054923F0BBFCB4
:10266000EAE7064814F03AF9FEF78AFFE4E700BF0C
:10267000902F0020E86A0500C0A30500C0210020BB
:1026800070B50546002401E00134E4B2094BDB7962
:10269000A3420BD92646C4EBC4010722054B1944BB
:1026A00028462EF0A0FF0028EED101E06FF00106D1
:1026B000304670BD9020002030B585B0044606221B
:1026C0001E492EF090FF054610B9284605B030BDD2
:1026D000062142F20500FEF7C7FC054650B306226C
:1026E00021460C3022F0F6FC0022294642F2050079
:1026F000FFF7C4F9054650B9114B2268C3F86920A9
:10270000A288A3F86D20012283F86820DDE710F18C
:102710000D0FDAD10B4B1B6813F0060FD5D00A4B07
:10272000029300200190009003460222054923F005
:102730008AFECAE76FF06805C7E700BFF9200020EE
:1027400090200020A02F0020F4A5050010B586B031
:102750001C4A92F8A72012F0040F12D11A4B1B68E2
:1027600013F0060F02D1002006B010BD174B0293E4
:1027700000200190009003460222134923F063FEDB
:10278000F1E70346006804909A889B79ADF814201D
:102790008DF816308DF81710082142F24E00FEF722
:1027A00063FC044658B1082204A90C3022F092FCC4
:1027B0000022214642F24E00FFF760F9D4E76FF0A5
:1027C0006800D1E790200020A02F002004A605007B
:1027D000064BD3E8EFCF4CF4806CC3E8E2CF002A7D
:1027E000F7D1037A19430172704700BF64210020BA
:1027F00010B50D4CB4F8B8014FF47A7303FB00F038
:10280000410CC00340F2E733C0184FF47A724FF026
:10281000000341F10001EBF741FB02460B4604F5D2
:10282000C47014F0EBFF10BD90200020F0B587B00D
:1028300069B104460E460D68B5B110B32B7A13F09A
:10284000040F2BD14B68002B35D007B0F0BD304CB6
:1028500040F2BA3322462F492F481FF0D9FF40F2E9
:10286000BA3120462AF011FB294C40F2BB332246F4
:102870002A4929481FF0CCFF40F2BB3120462AF0FC
:1028800004FB234C4FF46F732246254922481FF066
:10289000BFFF4FF46F7120462AF0F7FA1C4C40F24C
:1028A000BE3322461F491C481FF0B2FF40F2BE3122
:1028B00020462AF0EAFA037A13F0040FC5D0072263
:1028C000411C681C2EF08FFE0746002300930193E5
:1028D000029303930493ADF814301022694605F176
:1028E0002A002EF080FE034640B13068102204F129
:1028F0002A012A302EF077FE38B9012303F00103B4
:102900000FB1002BA1D074609FE70023F6E700BF52
:1029100030A6050060A605006C2B050078A6050012
:102920009CA60500B4A6050000B583B000238DF871
:1029300007300DF10701044800F042FF9DF8070041
:1029400003B05DF804FB00BF7B640400C0BBF8B5B6
:102950000D4614460746272142F22700FEF784FB66
:10296000064680B327210C30FBF752F92B68036031
:10297000AA88AB798280837125686168A268E36860
:10298000C0F80750C0F80B10C0F80F20C0F8133083
:1029900007F117020D4B03EB02135C689968DA68C4
:1029A0001B69C0F81740C0F81B10C0F81F20C0F802
:1029B00023300022314642F22700FFF75FF8F8BDCE
:1029C0006FF0150070476FF06800F8E79020002066
:1029D00070B584B0044615460E4629B10722304929
:1029E00030462EF000FEF8B9684623F03EFA034662
:1029F000002851D16846FFF743FE0028F4DAC4EB03
:102A0000C4022849531800988850BDF804C09DF8A6
:102A10000600A3F804C0987186B18A5832609A887B
:102A20009B79B280B37109E0C4EBC4021D4953180D
:102A300030688850B188B27999809A7100230093E8
:102A40000193029303932DB11022694628462EF07C
:102A5000CAFDA0B91734134B03EB0414261D102133
:102A6000304601F065F90346B0B9A5B16068A168C8
:102A7000E268236928606960AA60EB600BE01734A4
:102A8000084B03EB04132C686868A968EA685C606B
:102A90009860D9601A610023184604B070BD00BF69
:102AA0005899050090200020002303604360836054
:102AB000C3601A4B93F8C23013F0020F00D1704775
:102AC00010B586B0044605AA00214FF60A40FEF76D
:102AD000D5FF78B1124B1B6813F0060F1BD0114BBA
:102AE0000293002001900090034602220C4923F03B
:102AF000AAFC10E00598C368D3F801C0D3F805100C
:102B0000D3F80920D3F80D30C4F800C06160A2608A
:102B1000E360FAF725FF06B010BD00BF902000204B
:102B2000A02F0020ECA605002DE9F04387B0384B1C
:102B300093F8C24014F0010413D1364B1B6813F014
:102B4000060F03D1204607B0BDE8F083324B029355
:102B5000002001900090034602222E4923F073FCCE
:102B6000F0E705460E4605AA00214FF60940FEF79C
:102B700085FF844640B90598D0F80C9099F801403B
:102B8000B44228BF34462DE0224B1B6813F0060FD9
:102B900001D10024D6E7214B029300200190009040
:102BA000034602221B4923F04EFCF2E7162101FBEB
:102BB0000CF16A1809EB0103D3F802E0D3F80680A0
:102BC000D3F80A70D3F80E6045F801E0C2F804802B
:102BD0009760D660D3F812E0C2F810E0DB8A9382E7
:102BE0000CF1010C6445E1DCFAF7BAFE002CA9D126
:102BF000084B1B6813F0060FA4D0094B029300206A
:102C00000190009003460222024923F01CFC99E740
:102C100090200020A02F00200CA7050038A7050059
:102C200058A7050098B500AF0D4BD3E8EF2F22F45D
:102C30008072C3E8E12F0029F7D16A4613F8CD3C32
:102C400013B99546BD4698BD1446073303F4FC738B
:102C5000ADEB030D6946034800F0B2FDA546F1E770
:102C600064210020B564040010B582B058BB03464F
:102C7000164AD2E8AF2F12F4807F01D0002419E069
:102C80001733134800EB03106946043023F070F843
:102C9000044690B96846FFF70FFD044680B90B4B18
:102CA000D3E8EF1F41F48071C3E8E21F002AF7D197
:102CB000FFF79EFD204602B010BDFFF799FDF9E732
:102CC000FFF796FDF6E76FF01504F3E764210020A7
:102CD0009020002070B584B000F07AFD0546B8B1B0
:102CE00000F110040721204623F0BCFB064608B97A
:102CF00000240FE00D21204623F0B4FB10B1002486
:102D0000264607E02C780021284623F027FE01E024
:102D1000002426462046FFF7A7FF18B905B196B94B
:102D200004B070BD0A4A126812F0060FF8D0039082
:102D3000084B0293002001900090034602220449B0
:102D400023F081FBECE70121284623F007FEE7E7AB
:102D5000A02F002084A70500F0B100B585B0826CDB
:102D600012F4002F05D10078FFF77EFF05B05DF863
:102D700004FB0B4B1B6813F0070F02D16FF05700D9
:102D8000F4E7084B029300200190009003460122D3
:102D9000034923F058FBF1E76FF01500704700BFBF
:102DA000A02F0020A8A7050008B5094BD3E8EF2FF6
:102DB00022F48061C3E8E01F0028F7D112F4806F8D
:102DC00000D108BD00220349022008F0D1FBF8E73A
:102DD000642100202966040000B583B0002300931D
:102DE000019300906A460449022008F0C1FB019853
:102DF00003B05DF804FB00BF2D280200002800F09E
:102E0000BD8030B585B004465D4B93F8223123B1C7
:102E10005B4A92F8232193420BD2594A92F823310C
:102E2000013382F82331237A43F00403237205B07F
:102E300030BD02220021084602F026FE054638B1C8
:102E400001212046FFF7C4FC284602F063F9EEE7B3
:102E500000214C4800F0B4FC494B93F823311BBBD4
:102E6000474B93F8232193F822319A424ED1464B97
:102E70001B6813F0060F2CD10022114642F22900E4
:102E8000FEF7FCFD00282FD03F4B1B6813F0070F07
:102E900034D03E4B02930020019000900346012263
:102EA000394923F0D0FA29E0002023F07FFB0028E5
:102EB000D6D0354B1B6813F0060F1FD0344B02934E
:102EC000002001900090034602222F4923F0BBFA14
:102ED00014E0304B02930020019000900346022240
:102EE000294923F0B0FAC7E7254A92F82331013384
:102EF00082F82331237A43F004032372012023F064
:102F000055FB0021244800F05BFC90E7651C22463D
:102F100012F82A0B2946FFF719FD78B11A4B1B68E6
:102F200013F0070FEAD01D4B029300200190009090
:102F300003460122144923F086FADFE7104A92F88B
:102F40002331013382F82331237A43F004032372BF
:102F500001212846FFF7FAFB0028CFD00A4B1B6857
:102F600013F0070FCAD00E4B02930020019000907F
:102F700003460122044923F066FABFE7704700BF09
:102F8000902000202B650400A02F00202CA8050015
:102F9000D0A70500F8A70500116504004CA805009E
:102FA0006CA80500002800F0928030B585B004467A
:102FB000474B93F822312BB1454A92F82321013334
:102FC0009A421ADD424B93F823314BB1013B404A00
:102FD00082F82331237A23F00403237205B030BD35
:102FE0003C4C40F2864322463B493C481FF010FCD3
:102FF00040F28641204629F048FF0222002108467F
:1030000002F042FD054638B102212046FFF7E0FB01
:10301000284602F07FF8E1E70021314800F0D0FBBC
:10302000002023F0C3FAF8B9294B93F8232193F831
:1030300022319A4229D8601C23F09BFA002832D111
:10304000234A92F82331013B82F82331237A23F07B
:10305000040323721E4B93F82331002B33D100213C
:10306000204800F0ADFBB9E71F4A126812F0070FC5
:10307000F0D003901D4B0293002001900090034676
:103080000122194923F0DFF9E4E7013A104B83F8F4
:103090002321237A23F004032372002214490220FF
:1030A00008F066FAD6E7104B1B6813F0070FD1D073
:1030B000104B0293002001900090034601220A4920
:1030C00023F0C1F9C6E7012023F070FAC7E7704783
:1030D0009020002030A6050088A805006C2B050074
:1030E0002B65040011650400A02F0020A4A8050092
:1030F00057650400D4A8050038B50C4658B10849F6
:10310000CD792268954228BF1546C5EBC5022EF041
:103110007AFA256038BD024BDB790B60FAE700BF15
:103120009020002070B588B00C46054620B10722DB
:103130002F492EF058FA60BB2E4BDB79012B54D06F
:103140002D4BD3E8AF3F13F0010F15D100230493AB
:10315000059306930793002D3BD007222449284668
:103160002EF041FA002834D09CB310220DEB02015E
:1031700020462EF038FA60B31E4BD879421CDA7123
:10318000064622462946FFF723FC28BB304608B0F6
:1031900070BD2846FFF774FA002823DA2B78012B3C
:1031A00004D1AB7903F0C003C02BC5D0134B1B680F
:1031B00013F0070F02D16FF01506E7E7104B0293EB
:1031C000002001900090034601220C4923F03BF9B6
:1031D000F1E76FF01506D9E70649CB79013BCB71D2
:1031E0000646D3E76FF07706D0E76FF00B06CDE722
:1031F000589905009020002064210020A02F002075
:10320000FCA80500F0B587B0D8B1044605AA002196
:1032100041F20900FEF732FC28BB059EF7687D1CD1
:103220000622214928462EF0DEF928B106221F4940
:1032300028462EF0D8F940BB3046FAF791FB002023
:1032400005E01B4B1B6813F0060F02D1002007B0EE
:10325000F0BD184B029301900090034602221449DE
:1032600023F0F1F8F2E7124B1B6813F0060F01D1BF
:103270000020ECE7104B02930020019000900346E1
:1032800002220B4923F0DFF8F2E7D7F80130C4F847
:103290000130AB88A4F80530002323700598FAF7B5
:1032A0005FFB0120D3E700BF689905006099050026
:1032B000A02F00202CA9050048A9050000B58BB05F
:1032C00008A8FFF79FFF0B4BD87118B900200BB06F
:1032D0005DF804FB6846FFF7E7FB04A9684626F0A3
:1032E00041FA28B1002208A90020FFF771FBEEE7A0
:1032F00004AAF8E79020002030B58DB01E4BDC7991
:103300007CBB012106A8FFF70FFC1B4BD87116E010
:1033100002AA06A9162305FB03F3C818CB58CDF85B
:1033200001308388ADF8053001238DF800306946FF
:103330002046FFF74DFB0346C0B90134E4B20E4B03
:10334000DB79A3420CD92546162306AA03FB0420E9
:1033500002A9063026F006FA0028D9D00022D8E7C4
:103360003BB900210846FFF7DDFE034618460DB0C5
:1033700030BD0023FAE700BF90200020002800F0B5
:10338000908070B584B00C4616461D460346002D4D
:1033900000F08A80017814F4002F1CD014F0040F80
:1033A00006D1FFF7D9FC08B901232B7004B070BD1A
:1033B000424B1B6813F0070F02D16FF01500F5E7C1
:1033C0003F4B0293002001900090034601223B49AD
:1033D00023F039F8F1E714F0010F3BD042B114F0BB
:1033E000200F05D0374A92F8D82012F0400F5ED057
:1033F00014F0040F13D0C1EBC1023248825C012AE1
:103400001CD00AB900232B70002E53D014F0200FCB
:1034100052D02B7843F002032B700020C6E71846E9
:10342000FFF79AFC0028C1D12EB114F0200F02D072
:1034300003232B70BAE701232B70B7E7C1EBC1015F
:1034400001440131184623F0D7F80028AED10123FA
:103450002B70D9E714F0040F1ED0C1EBC10219483C
:10346000825C012A0AD0AAB90020287014F0200F2B
:103470009CD02B7843F002032B7097E7C1EBC1017E
:1034800001440131184623F0B7F800288ED10123FA
:103490002B70EBE70020E9E7FFF75EFC01232B70C0
:1034A00084E76FF0150070476FF015007EE76FF04E
:1034B00085007BE7002079E7002077E7A02F002038
:1034C00068A905009020002010B584B0274C284939
:1034D000204614F0E5F8A4F5C474E37933B1254B24
:1034E000DB79C3B10024204604B010BDFFF7E6FE2F
:1034F00004460028F3D0204B1B6813F0070FF2D0CE
:103500001E4B0293002001900090034601221A49AD
:1035100022F099FFE7E7FFF7EFFE044678B1164B7C
:103520001B6813F0070FDED0144B029300200190AC
:10353000009003460122104922F085FFD3E710488E
:10354000FFF7BAF804460028CDD00B4B1B6813F0E8
:10355000070FC8D00B4B0293002001900090034648
:103560000122054922F06FFFBDE700BF18220020AD
:103570001366040090200020A02F002088A90500D9
:1035800091200020A8A905002DE9F04F87B006463C
:10359000884615469A464FF0000B5B46D3454FD2FE
:1035A00005EBCB0955F83B700024CDF810B005951C
:1035B00028E0254B1B6813F0070F04D16FF01500AE
:1035C00007B0BDE8F08F214B0293002001900090DE
:1035D000034601221C4923F097F8EFE75FFA82FBCC
:1035E000591CC9B20BF1010E06F805E09D1CEDB2A5
:1035F0007054DCF8041070192EF005F8AB445FFA33
:103600008BF30134D9F80420A24213D907EBC40C80
:103610009CF8012017F834001D46991802314145E5
:10362000DCD99A1CA8EB02020928C2D1002AC0DD0D
:103630000820D3E7DDF810B0059D0BF1010BADE7D5
:10364000109A13700020BBE76C2F0020D0A9050052
:1036500038B50446056925B1436803F02403242BDB
:1036600033D02078214BDB79984230D2C0EBC000B8
:1036700007221F491D4B18442DF0B5FF48B363685E
:1036800013F0010F07D1194A92F87020082A02D8C6
:10369000A2689F2A1FD913F0300F00D0EDB113F0AC
:1036A000100F07D135B103F46033B3F5603F1AD082
:1036B00001200DE0A268E1688A4210D81F2A10D9C3
:1036C000B1F5804FEFD9002002E0002000E000209B
:1036D00038BD0020FCE70020FAE70020F8E70020D2
:1036E000F6E70020F4E70020F2E700BF902000207A
:1036F000589905002DE9F04105468846044614F81E
:10370000096B194B83F86F600722184920462DF08A
:103710006AFF70B907461649304602F037F9044689
:10372000C8B1052101F050FDC8F800403846BDE899
:10373000F0812146304602F079F978B9214628789F
:1037400002F024F9044660B1062101F03DFDC8F8FD
:1037500000400027EAE76FF00B07E7E76FF0150777
:10376000E4E76FF00B07E1E790200020589905008F
:103770005099050070B504460D4600F10906072270
:103780000D4930462DF02FFF78B905220B492078DE
:1037900002F07AF904463CB125730021204601F07D
:1037A00013FD204601F0B6FC70BD0622314620789C
:1037B00002F06AF90446EEE75899050050990500B1
:1037C00008B503460148984708BD00BFA82000205F
:1037D00000487047A82000202DE9F04F8DB00592D9
:1037E0009846002307930E69B6EB030B18BF4FF002
:1037F000010BA44BD3E8AF3F13F0040F00F030816E
:1038000005460C46084623F04FF8002800F02B81AF
:10381000204622F006FF8246002800F0278105F1AD
:1038200010070721384622F049FF0490002840F095
:1038300020810023089309930A93CDF82B30A368C5
:10384000ADF82030E368ADF82230D4F80490484653
:1038500022F022FF8DF82D00484622F01BFF8DF844
:103860002E00884BD3E8EF2F22F48072C3E8E12FBB
:103870000029F7D122782A7003F8652C0DF1250371
:103880005A4661682846FFF779FD8146002840F0D6
:10389000C18026B323691A68C5F809209A889B79E4
:1038A000A5F80D20EB73204623F044F883466368A7
:1038B00013F0010F25D006B313F0100F19D0042315
:1038C0008DF8243023691A68CDF826209A889B79D0
:1038D000ADF82A208DF82C30DDF810A019E06A4BE5
:1038E0001A68C5F809209A889B79A5F80D20EB7312
:1038F000D9E701238DF82430E4E700238DF8243044
:1039000007E013F4007F01D1169B53B302238DF817
:1039100024300F2142F20600FDF7A6FB8146002865
:1039200000F0AA800F2208A90C3021F0D3FB00225E
:10393000494642F20600FEF7A1F88146002869D107
:10394000BEB1636813F0010F2BD007A92846FFF71B
:10395000D1FE30B310F10C0F40F09180DEB1814602
:1039600058E00228D2D003238DF82430DDF810A0CF
:10397000CFE7CDF80CB0CDF808A000230193179B3A
:103980000093169B42460599284622F006FF002820
:10399000D7D081463EE0626812F0020F0CD081461B
:1039A00038E00121284623F001F80546002835D1EA
:1039B000079808B101F0AEFB002E49D04A4602F04C
:1039C00001020E21384622F080FFBBF1010F14BF27
:1039D000002201220821384622F077FFBBF1020FB6
:1039E00014BF002201220921384622F06EFF6268CE
:1039F00002F001020A21384622F067FF52460B21ED
:103A0000384622F062FF6268C2F380020D21384618
:103A100022F05BFF48460DB0BDE8F08F1B4B1B68E2
:103A200013F0070F09D1079828B1002101F0CCFB52
:103A3000079801F06FFBA946ECE7154B02930020B5
:103A40000190009003460122104922F05DFEEAE752
:103A5000636813F0020F01D04A46B0E70122AEE7D7
:103A60006FF00A09D6E76FF01509D3E76FF0150973
:103A7000D0E76FF07709CDE76FF06809CAE78146B4
:103A8000C8E700BF64210020589905006C2F002072
:103A9000ECA905002DE9F04383B080460C4617469B
:103AA0001D4622F0D6FD814618B1484603B0BDE858
:103AB000F083FFF78DFE06460A9B019300953B4677
:103AC00022464146FFF788FE81463946204622F0CD
:103AD000C2FD0028E9D018360549304613F0E0FD54
:103AE0004FF470220023304613F00CFFDDE700BFD7
:103AF000713B020030B585B0FFF76AFEA0B1054604
:103B000022F058FF05F11004D4E8EF3F23F480437E
:103B1000C4E8E23F002AF7D10721204622F0CEFD7B
:103B200098B9002005B030BD0F4B1B6813F0070F8C
:103B300001D10020F6E70D4B02930190009003465F
:103B40000122094922F0E0FDF3E70A21204622F094
:103B5000B5FD20B90021284622F000FFE2E7002150
:103B60002846FFF707FEF5E76C2F002008AA05009E
:103B700000B585B0FFF7BEFF20B10A4A126812F007
:103B8000060F02D105B05DF804FB0390064B0293CB
:103B900000200190009003460222024922F0B4FD69
:103BA000F0E700BF6C2F00201CAA0500F0B587B01D
:103BB000FFF70EFE38B1054600F110040E21204635
:103BC00022F07CFD08B907B0F0BD0721204622F0A5
:103BD00075FD06460028F6D10A21204622F06EFD2A
:103BE0000028F0D005A92846FFF784FD0028EAD177
:103BF0000D21204622F062FDB0B92846FFF7ACF84F
:103C00000121284622F0D2FE002833D1059801F088
:103C100081FA002ED7D0D4E8EF3F43F48043C4E8C4
:103C2000E23F002ACFD0F6E70722174905F1090045
:103C30002DF0D9FC071E18BF0127284622F049FDA8
:103C400001460DF113033A462846FFF797FB00287B
:103C5000D6D00E4A126812F0070FB4D003900C4B66
:103C6000029300200190009003460122074922F0B0
:103C70004BFDA8E70021059801F0A6FA0E21204689
:103C800022F040FE0646C1E7589905006C2F00203F
:103C90003CAA0500884202D98B18834204D9884285
:103CA00005D283188B4202D8531E194415E010B573
:103CB0000B4C40F2B12322460A490B481EF0A8FDE6
:103CC0000A481EF0A5FD40F2B121204629F0DDF89A
:103CD00011F8013900F8013B013A002AF8D1704788
:103CE0007CAA0500B0AA05006C2B050008AB0500F6
:103CF00000B585B018F042F810B905B05DF804FBC6
:103D0000094B1B6813F0070F02D16FF00400F4E7B2
:103D10000390064B0293002001900090034601227D
:103D2000014922F071FEF0E79C2F00203CAB05001A
:103D300000B585B017F008FF30B10C4B1B6813F0CD
:103D4000070F04D16FF0040005B05DF804FB039089
:103D5000074B029300200190009003460122034983
:103D600022F052FE6FF00400EEE700BF9C2F00200F
:103D700058AB050070B592B000230B930C930D93D4
:103D80000E930F93109311930A93002879D00D4648
:103D900014460146002D77D0002A78D0102205A8BD
:103DA000FFF778FF4FF41053ADF82C308023ADF8B7
:103DB0002E304FF48073049304A822F016FE049B67
:103DC0000D93374B0E930AAB102205A90BA82CF0CC
:103DD0000BFC50BB1022294605A8FFF75BFF09AB7F
:103DE000029310230193009405AA2D490A9817F015
:103DF000BDFE064620B12B4B1B6813F0070F28D1E0
:103E00000A9817F051FE054620B1264B1B6813F0A7
:103E1000070F2AD1002E3DD1002D3ED11021204682
:103E200022F0CDFD284612B070BD1E4A126812F075
:103E3000070F02D16FF01505F4E703901A4B0293B8
:103E400000200190009003460122164922F0DCFD7B
:103E5000F0E70390154B0293002001900090034679
:103E60000122104922F0D0FDCAE70390104B0293C3
:103E7000002001900090034601220A4922F0C4FD6F
:103E8000C8E76FF01505CDE76FF01505CAE76FF0CD
:103E90001505C7E76FF00405C4E76FF00405C1E737
:103EA000004440049C2F002078AB050094AB050033
:103EB000B0AB050010B582B0044647F21213038080
:103EC0004FF48073438044F20103019301A822F070
:103ED000AAFD019BA360024BE36002B010BD00BFCE
:103EE00000000209884202D98B18834204D9884213
:103EF00005D283188B4202D8531E194415E010B521
:103F00000B4C40F2B12322460A490B481EF080FCBC
:103F10000A481EF07DFC40F2B121204628F0B5FF92
:103F200011F8013900F8013B013A002AF8D1704735
:103F30007CAA0500B0AA05006C2B050008AB0500A3
:103F400070B59EB000231793189319931A931B937F
:103F50001C931D9317A8FFF7ADFF16A917A82CF007
:103F6000CAFC18B3574A126812F0070F12D11F2566
:103F7000554BD3E8EF1F21F00101C3E8E21F002AEF
:103F8000F7D114F0B3FD514B1C68002C00F0898070
:103F9000043C86E003904E4B029300200190009079
:103FA00003460122474922F04DFDE0E704AB4122E0
:103FB00005A916982CF0EFFA90B1424A126812F057
:103FC000070F01D11F25D3E70390424B0293002036
:103FD00001900090034601223A4922F033FDF1E7B7
:103FE0000DF115043C4E0DF1550C35462068616805
:103FF000A268E3680FC510342E466445F5D104ABC2
:104000002022364916982CF076FA90B12D4A126883
:1040100012F0070F01D11F25AAE70390304B02933E
:1040200000200190009003460122264922F00AFD5B
:10403000F1E7169817F038FD054690B1214B1B6843
:1040400013F0070F01D11F2592E70390254B029330
:10405000002001900090034601221A4922F0F2FC50
:10406000F1E71D4E204C202231462046FFF73AFF53
:104070002022B118A018FFF735FF1C4BD3E8EF1F23
:1040800041F01001C3E8E21F002A3FF471AFF5E7E9
:10409000231D03D11C4604E000209847646804B146
:1040A000043C34B12368002BF2D0002DF4D10E482B
:1040B000F3E7064B00221A605A6014F063FD1EB04D
:1040C00070BD00BF882F00205C6400206464002065
:1040D000E0AB050000AC05001C640020FC63002080
:1040E00024AC050048AC05006C640020642100206D
:1040F00030B5A7B000211F912091219122912391E9
:104100002491259104230D933D220EA82DF0A2FAAF
:104110001FA8FFF7CFFE1EAB202244491FA82CF09A
:1041200063FA50B3424A126812F0070F19D16FF0C8
:10413000040514F0DBFC3F4B1C6874B100221A60CC
:104140003D4BD3E8EF1F21F00201C3E8E21F002A34
:10415000F7D1002D62D00020A04714F013FD27B046
:1041600030BD0390354B0293002001900090034630
:1041700001222F4922F066FCD9E72C4D05F12004DD
:104180000DF1350E6035A446BCE80F00CEF80000F6
:10419000CEF80410CEF80820CEF80C3064460EF1AC
:1041A000100EAC45EFD10CAB029320230193244BAE
:1041B000009341230DAA1E9922482CF052FB98B17E
:1041C0001B4A126812F0070F02D16FF00405B0E726
:1041D00003901D4B029300200190009003460122A2
:1041E000134922F02FFCF0E71E9817F05DFC0546FE
:1041F00000289ED00E4B1B6813F0070F02D16FF002
:10420000040596E70390114B029300200190009063
:1042100003460122064922F015FCF0E72022084956
:1042200004A8FFF75FFE04A8A04796E7FC63002000
:10423000882F0020606400205C64002068AC0500CA
:104240001C64002000000209A0AC0500BCAC050005
:1042500008B5402203492DF0C6F9B0FA80F04009B4
:1042600008BD00BF28AD050010B59EB00446002370
:1042700006930793089309930A930B930C9344F2C4
:104280001213ADF818304FF48073ADF81A304FF4B4
:104290008043049304A822F0C6FB049B08931B4BA5
:1042A000099304238DF83430202221460DF1350086
:1042B000FFF718FE2022A1180DF15500FFF712FE9E
:1042C00005AB41220DA906A82CF08EF9044606A8DC
:1042D0002CF00CFC3CB10E4B1B6813F0070F07D100
:1042E00000201EB010BD059817F0DEFB0120F8E796
:1042F0000394084B02930024019400942346012266
:104300000349204622F09EFB2046EAE7000002090E
:10431000882F0020DCAC050010B584B000284DD0FB
:104320000246294B1B6803B1043B33B1934248D08A
:104330005B68002BF9D0043BF7E7244BD3E8AF3F91
:10434000C3F3400413F0020F15D1111D1E4B186862
:10435000506019605B680BB31C4BD3E8EF2F42F041
:104360000101C3E8E01F0028F7D112F0010F18D0B7
:10437000204604B010BD164B1B6813F0060F02D187
:104380006FF00F04F4E7134B0293002001900090AC
:10439000034602220E4922F055FBF1E70A4B596011
:1043A000DAE70D4BD3E8EF1F21F01001C3E8E21F5D
:1043B000002AF7D10948FBF78BFED9E76FF0150407
:1043C000D6E76FF07704D3E7646400205C640020D4
:1043D000882F002000AD0500642100206029002006
:1043E000044BD3E8AF3F13F0100F01D002487047E1
:1043F00000207047642100206C64002038B51D4BFC
:104400001B688B4230D005461B4BD3E8AF3F13F0FF
:10441000100F2CD0174B1B681BBB184BD3E8AF3FBA
:1044200013F0010F1DD1154BD3E8EF2F42F002001E
:10443000C3E8E40F002CF7D112F0020F11D10D4B9D
:1044400019600F4C202229462046FFF74BFD202201
:10445000A918A018FFF746FD0A48FBF739FE00200F
:1044600038BD6FF00F00FBE76FF07700F8E76FF0F3
:104470007C00F5E760640020642100205C6400207B
:104480001C64002050290020082816D8DFE800F01E
:10449000051707090B0D0F1113000A4870470A484A
:1044A00070470A4870470A4870470A4870470A48E8
:1044B00070470A4870470A4870470A4870470A48D8
:1044C000704700BF70AD0500A0AD050094AD0500BC
:1044D000ACAD0500C4AD0500D4AD050054B6050073
:1044E000E8AD0500F8AD050080AD05000048704757
:1044F00058530020024B1868B0FA80F0400970470A
:1045000014320020054B5B8C2BB9044B1868B0FAB1
:1045100080F0400970470020704700BF50330020F2
:10452000024B93F8D800C0F3C000704790200020E1
:1045300038B505461A4B1C6804B11C3C74B163685D
:104540003BB1297B28469847E469002CF6D01C3CF7
:10455000F4E714F11C03F7D11C46EFE7114C00E01F
:104560002034114B9C4209D80F4B9C4216D26368F1
:10457000002BF5D0297B28469847F1E70B4C40F2F9
:10458000947322460A490B481EF042F90A481EF06D
:104590003FF940F29471204628F077FC38BD00BF07
:1045A00020650020E02205006023050004AE050020
:1045B00034AE05006C2B05007C60050038B505465F
:1045C0001A4B1C6804B11C3C74B123683BB1297BB5
:1045D00028469847E469002CF6D01C3CF4E714F117
:1045E0001C03F7D11C46EFE7114C00E02034114BBF
:1045F0009C4209D80F4B9C4216D22368002BF5D061
:10460000297B28469847F1E70B4C40F283732246FA
:104610000A490B481EF0FCF80A481EF0F9F840F26F
:104620008371204628F031FC38BD00BF2065002092
:10463000E02205006023050004AE050034AE05004D
:104640006C2B05007C60050010B5184B1C6804B18C
:104650001C3C64B1A3682BB19847E469002CF8D0E6
:104660001C3CF6E714F11C03F7D11C46F1E7104C93
:1046700000E020340F4B9C4207D80E4B9C4214D2D2
:10468000A368002BF5D09847F3E70B4C40F29663F4
:1046900022460A490A481EF0BBF80A481EF0B8F83C
:1046A00040F29661204628F0F0FB10BD2065002006
:1046B000E02205006023050004AE050034AE0500CD
:1046C0006C2B05007C60050038B508280AD8DFE8A7
:1046D00000F01B1B1D1D1D1D1D050700022016E0FF
:1046E000032014E004460A4D40F661332A46094986
:1046F00009481EF08DF8214608481EF089F840F65A
:104700006131284628F0C1FB002000E0012038BDBF
:1047100004AE0500B02D05006C2B050050AE050061
:1047200008B5014600234360836002482BF064F81B
:1047300008BD00BF1432002070B5044614F0DAFC46
:104740000546FFF7D3FE85421CD0174C4FF4897302
:104750002246164916481EF05BF84FF48971204630
:1047600028F093FB83F31188BFF36F8FD8B14568AE
:104770008668FFF7D5FF1DB1002231462046A847C5
:10478000FCF7FEFEEFF31183202282F31288BFF3C1
:104790006F8FE0690028E5D00268E261216A8842F3
:1047A000E0D12262DEE770BD04AE050068AE050010
:1047B0006C2B050070B561B1044608464D688E68E3
:1047C000FFF7AEFF25B16FF06D0231462046A847D6
:1047D00070BD054C40232246044905481EF018F8D8
:1047E0004021204628F051FB04AE0500B0AE050084
:1047F0006C2B050070B50C4616461D4622F05EF97E
:1048000050B1A3693360E3692B60E27A002104F1BF
:1048100018002CF01FFF70BD064C40F2DB3322461F
:10482000054906481DF0F4FF40F2DB31204628F030
:104830002CFB00BF04AE0500B4AE05006C2B0500D8
:1048400008B500220023024811F098FF08BD00BF00
:104850001432002010B5044600220023054812F04F
:10486000B5F800B110BDFFF7EFFE204612F044FD91
:10487000F8E700BFFC31002008B5024812F03CFD0B
:1048800008BD00BF70290020437B072B00D0704774
:1048900030B587B00446051D0A21284622F082F96A
:1048A00008B107B030BD1121284622F04DF920B9DA
:1048B0002046FFF735FE002835D1364B93F8D93026
:1048C00013F0010F04D0204622F01CF9002843D039
:1048D000304B93F8D83013F0200FE2D021F03BFC9E
:1048E0000028DED00DF1160105A8FDF74FFB0028CA
:1048F000D7D1BDF81620BDF81410204621F055FD83
:104900000028CED0244A126812F0070FC9D00390B5
:10491000224B0293002001900090034601221E4981
:1049200022F031F9BDE7204621F026FD20B11A4AD8
:10493000126812F0070F03D1637B072BB1D1BCE7DC
:104940000390174B02930020019000900346012230
:10495000114922F018F9EFE70021009102231A46CD
:10496000204621F03FFD20B10B4A126812F0070FDC
:1049700003D1637B072B94D1AAE70390094B0293E1
:1049800000200190009003460122034922F0FBF829
:10499000EFE700BF90200020782F002004AF050033
:1049A000C8AE0500ECAE050008B520F037FB024BA1
:1049B00003EB001008BD00BFAC64002070B50546D5
:1049C0000E4621F095FA90B90022002300210D48EF
:1049D000F8F7FAFD044640B1FFF7E6FF034632461A
:1049E00029462046FBF75CFC0446204670BD064C79
:1049F00098232246054906481DF00AFF98212046C3
:104A000028F043FA5033002004AE050020AF050023
:104A10006C2B0500034BB3F804310BB1024870470F
:104A20000020704790200020982100202DE9F043BD
:104A300085B017460A8A002A66D004460D46984675
:104A4000084621F055FA00286BD12046FFF7E2FF17
:104A50000022002311F0BAFF00286FD1FFF7F0FE0B
:104A6000064600287AD0C0F804800C9B83607B4BFC
:104A7000B3F80481B84501D31FFA87F82B7A012BCC
:104A80007CD12B8A434540F286802846F8F796FF72
:104A90004146FFF793FF8046B8F1000F00F0818098
:104AA0006E4BB3F804319F4240F2888094F8C450B2
:104AB000012384F8C43004F1C007D7E8EF3F013385
:104AC000C7E8E23F002AF8D104F11409002333605B
:104AD000A369002B7CD01E60A661204621F0E6FF72
:104AE000002878D1204621F0E9FF00287AD02A4614
:104AF0004146204622F0D7F80546002D40F083803D
:104B0000284605B0BDE8F083554C40F2912322467B
:104B1000544955481DF07CFE40F29121204628F072
:104B2000B4F94F4C40F2972322464E494E481DF0AF
:104B30006FFE40F29721204628F0A7F9484C40F23A
:104B4000A6232246474948481DF062FE47481DF00B
:104B50005FFE40F2A621204628F097F9404C4FF422
:104B60002C7322463F4940481DF052FE40481DF03C
:104B70004FFE4FF42C71204628F087F9384C4FF443
:104B8000317322463B4938481DF042FE4FF43171E3
:104B9000204628F07AF941462846FFF70FFF804665
:104BA0007AE72F4C40F2D223224633492E481DF09B
:104BB0002FFE40F2D221204628F067F994F8C43045
:104BC00023B10325002384F8C43074E70225F9E7F4
:104BD000A661666181E72A464146204622F037F801
:104BE00005468AE71E4D40F2F6232A461D491E4817
:104BF0001DF00EFEA17821481DF00AFE40F2F621BC
:104C0000284628F042F9D7E8EF3F013BC7E8E23FEA
:104C1000002AF8D13146484621F036FF184B1B6870
:104C200013F0070F0ED14046F8F79AFE31462046A2
:104C3000FFF7C0FD2046FFF7EDFE11F04FFE6FF0CD
:104C400004055DE703950F4B02930020019000904F
:104C5000034601220A4921F096FFE4E79020002054
:104C600004AE0500B02D05006C2B05003CAF05001F
:104C700054AF050064AF05007CAF050090AF0500A0
:104C8000782F0020EC9F050070B58AB004460E46D0
:104C900014F030FA0546FFF729FC854208D0243489
:104CA00021462AF09EFE051E06DBB6B90AB070BD8D
:104CB0002046FFF741FDF9E70A4C4FF4A573224661
:104CC00009490A481DF0A4FD294609481DF0A0FD28
:104CD0004FF4A571204628F0D8F86946204612F016
:104CE00013FBE3E704AE0500286205006C2B05000A
:104CF000B0AF050038B500238B4224D2D02404FB8A
:104D0000030404F1C8024FF0010CD2E8EFEFBEF14A
:104D1000000F03D1C2E8E5CF002DF6D111D174B157
:104D2000C822002120462CF095FC084904F14000DF
:104D300012F0B6FC064904F1240012F0BBF920463B
:104D400038BD6344D8E70024E9E700BF155C0200E2
:104D50000F6B040008B505210148FFF7CBFF08BD24
:104D60006844002070B586B004460D461646002102
:104D7000284621F0F2F9012E3ED0022E40F081802B
:104D800023693BB16A4B1B6813F0070F29D12046FA
:104D900021F0D9FF2846F8F711FE20612269138A15
:104DA000012B40F28780D2685178167846EA0126B6
:104DB0000436B6B29E4200F288802846F8F7D0FD4D
:104DC00025692B8A9E42C0F08B80002323612B7AB9
:104DD000012B40F09B8001222946204601F094FAE5
:104DE0005AE0544B029300200190009003460122A8
:104DF0004F4921F0C8FECAE72069B0B12E8A56B3E8
:104E00000C3020F05EF9B04234D2494B1B6813F0ED
:104E1000070F24D100222169204601F075FA0023F2
:104E200023612846F8F79CFD36E0414B1B6813F0E0
:104E3000070F06D1204621F086FF2846F8F790FD9F
:104E40002AE03D4B0293019000900346012238492D
:104E500021F099FEEEE72846F8F782FD1CE0374B7B
:104E6000029300200190009003460122304921F076
:104E70008AFECFE720692A8AE9680C3020F02AF9F7
:104E80008CE72B4B1B6813F0070F07D1204621F04E
:104E90005AFF2846F8F764FD06B070BD0396284B0C
:104EA000029300200190009003460122204921F046
:104EB0006AFEEBE72088FCF7A7FB0121284621F0DA
:104EC0004CF92846F8F74CFDE6E72088FCF79CFBF8
:104ED0000121284621F041F92846F8F741FDDBE79A
:104EE000134A126812F0070F03D1204621F02BFF5E
:104EF000D2E704960393134B029300200190009095
:104F0000034601220A4921F03EFEEEE70E4C40F234
:104F1000D91322460D490E481DF07AFC297A0D4816
:104F20001DF076FC40F2D911204627F0AEFF00BFFD
:104F3000782F0020CCAF0500ECAF05000CB00500C9
:104F400034B0050054B0050004AE050070B0050093
:104F50006C2B050080B0050010B5014680B101F151
:104F6000C803D3E8AF2FC2B1501CD3E8EFCF9445AC
:104F700003D1C3E8E40F002CF7D1F0D1084610BDEF
:104F8000074C40F2D5532246064907481DF040FC25
:104F900040F2D551204627F078FF0021EEE700BF10
:104FA00004AE0500788005006C2B050010B50446A2
:104FB00000F1BC030121D3E8EF2FC3E8E01F002874
:104FC000F9D112B1FCF7DCFA10BD2046FFF7C4FF9F
:104FD00013F08CFD04F1B8030022C4F8B820084A8D
:104FE000D2F8282132B11360054AC2F8283113F0F3
:104FF000C9FDE7E7024AC2F82831C2F82431F6E7D2
:105000009020002070B5FFF77DFA002873D13B4B4C
:10501000D3F82441002C56D0B83C14F1B80503D085
:10502000D4F8B85005B1B83D002651E0344C40F2F8
:10503000A5332246334934481DF0EAFB40F2A5313E
:10504000204627F022FF2046FFF754FA30B92046C9
:1050500021F047FD28B104F1B80644E004F1B80698
:1050600041E0204621F07BFD40B304F1B802B2429A
:1050700013D03146254821F0F4FC04F1BC03002292
:10508000D3E8EF1FC3E8E02F0028F9D1D4F8AC3003
:105090002046984770B9204670BD194C40F2C23383
:1050A00022461B4918481DF0B3FB40F2C23120468E
:1050B00027F0EBFE2046FFF779FFECE72046FFF7ED
:1050C0004BFF0446E7E72546AEE72B462C461D4638
:1050D000002CE0D0A542A9D0204621F014FE0028E3
:1050E000B1D004F1B806002DEFD0D5F8B830002BC0
:1050F000ECD0B83BEAE70024CDE700BF90200020C9
:1051000004AE050090B005006C2B0500B421002012
:105110009CB0050070B582B0B8B103468578C678FA
:10512000C833D3E8EF2F511EC3E8E01F0028F8D1A1
:10513000019201ABD3E8AF4F019B002B15DD012C91
:1051400023D0012D28D002B070BD174C40F2FD5382
:105150002246164916481DF05BFB16481DF058FB09
:1051600040F2FD51204627F090FE0F4C40F20D63B7
:10517000224611490E481DF04BFB10481DF048FB1C
:1051800040F20D61204627F080FE0D4811F0A6FB8D
:105190000C4812F0B1F8D4E7012ED4D1012CD2D1B1
:1051A000FEF704FDCFE700BF04AE050078800500E0
:1051B0006C2B0500B8B00500D8B00500E0B00500C4
:1051C000FC3100208029002070B584B00D46467B5C
:1051D0008E4210D00446417316B98378082B1FD134
:1051E000637B082B00F2A780DFE803F0398C9292F2
:1051F0009292921D9200584B1B6813F0060F00F01C
:1052000087800846FFF740F90390544B0293002033
:1052100001900090034602224F4921F0B4FC77E050
:10522000FFF79AFEDCE7A378042B71D000214C48ED
:1052300015F0F6FB00236363A363E378012B67D1CA
:10524000A378012B07D04FF42032002304F1400053
:1052500012F0D4FA5CE0032384F89430F3E7A378E7
:10526000042B08D0082E53D8DFE806F03B091B2595
:105270003337293B3B002046FFF74CFF48E004F161
:105280004005284612F046FB01212046FFF7FCFCB2
:10529000204621F058FD00220023284612F032FB60
:1052A00036E0237B1BB92046FFF734FF30E0204671
:1052B000FFF784F9F7E72046FFF72CFF28E0237B70
:1052C0001BB92046FFF726FF22E02046FFF776F9BC
:1052D000F7E72046FFF71EFF1AE02046FFF71AFF08
:1052E00016E01D4B1B6813F0060F11D003951D4BE4
:1052F000029300200190009003460222164921F0FB
:1053000042FC05E0237B3E2B04D0204621F003FD28
:1053100004B070BD104B1B6813F0060FF5D003945A
:10532000114B0293002001900090034602220A498B
:1053300021F029FCE9E7084B1B6813F0060FE7D0C2
:1053400003950A4B0293002001900090034602222D
:10535000014921F018FCDBE7782F002000B105009F
:105360009029002014B105002CB1050054B10500AE
:1053700070B584B004460D4602460521104821F060
:10538000F8FC064610B183782B4202D0304604B0B8
:1053900070BD0C4B1B6813F0060F04D13046FFF7AD
:1053A000B9FE0026F2E70394074B02930020019018
:1053B000009003460222034921F0E5FBEEE700BF1F
:1053C00068440020782F002070B105002DE9F041DD
:1053D000064688461746002405E03946C047284659
:1053E000FFF798FE0134042C0ED8D020074B00FBA9
:1053F0000430FFF7B1FD05460028F3D0837833422F
:10540000EBD1FFF787FEEDE7BDE8F08168440020AF
:1054100008B5002202490120FFF7D8FF08BD00BFF0
:10542000894802000D4BC31A18110D4A02FB00F007
:10543000B3F5507F01D8C0B2704710B5094C40F2A7
:1054400033632246084909481DF0E2F908481DF077
:10545000DFF940F23361204627F017FD6844002051
:10546000C54EECC404AE050088B105006C2B0500E8
:1054700054B20500F0B585B004460F4616461D46E9
:105480002AF0E9FA88B955EA06031BD194B33246EB
:105490002B4620461FF0E2FD044668B3791D0C3010
:1054A000F8F716FB204605B0F0BD1B4C40F24F63E9
:1054B00022461A491A481DF0ABF940F24F612046C6
:1054C00027F0E3FC13F016FE164B8342DED1164B99
:1054D0001B6813F0060F02D100263546D6E7134BA2
:1054E0000293002001900090034602220E4921F011
:1054F0004AFBF1E70E4CCAE70B4B1B6813F0060F93
:10550000D0D00C4B02930190009003460222064932
:1055100021F039FBC6E700BF04AE05007876050030
:105520006C2B050058530020782F002070B2050026
:10553000803200209CB2050038B50446437B023B14
:10554000062B26D8DFE803F00C06252525220400CB
:10555000002020E001730021FFF736FE00201AE052
:105560008378012B01D1002015E00B4D40F26A73C6
:105570002A460A490A481DF04BF9A17809481DF04E
:1055800047F940F26A71284627F07FFC21F01CFCA5
:1055900001E06FF07F0038BD04AE0500B02D0500BE
:1055A0006C2B0500C8B2050070B58AB000230993C2
:1055B0000793FFF727FD00282FD00446437B072BD6
:1055C0002DD0374B1B6813F0060F08D1D4F8A43048
:1055D00008AA4FF0FF3120469847014618E0039093
:1055E000304B0293002001900090034602222C4988
:1055F00021F0C9FAEAE7079B099A204621F004FB4B
:10560000D4F8A43008AA4FF0FF312046984701464D
:105610000029F0D12046FFF77DFD0AB070BDD0F81B
:10562000A43008AA2049B1F804119847054600287B
:10563000F0D01D4BB3F80421089B9A4206D307AB68
:1056400009AA01462046D4F8A860B047079B0093FA
:10565000099B089A29462046FFF7E8F9E0B1104A6D
:10566000126812F0070F0AD1079B099A29462046B3
:1056700021F0CAFA13212046FFF75EFFCAE704941F
:1056800003900A4B029300200190009003460122F0
:10569000034921F078FAE7E7FBF772FFBAE700BFAA
:1056A000782F0020E0B2050090200020F8B205001D
:1056B00070B50546041D0D21204621F045FA78B14C
:1056C000B5F88630B5F88820934209D3B5F88A201A
:1056D000934205D8D5F88C20D5F890309A4213D053
:1056E000234B1C6804B11C3CE4B12669AEB1B5F88B
:1056F0008E30B5F88C20B5F886102846B047E4699E
:10570000002CF1D01C3CEFE7D4E8EF3F23F400532A
:10571000C4E8E23F002AE3D0F6E714F11C03EED11F
:105720001C46E1E7134C00E02034134B9C420ED89A
:10573000114B9C421BD22669002EF5D0B5F88E3055
:10574000B5F88C20B5F886102846B047ECE70B4C2E
:1057500040F2CE7322460A490A481DF059F80A4819
:105760001DF056F840F2CE71204627F08EFB70BD3A
:1057700020650020E02205006023050004AE05003E
:1057800034AE05006C2B05007C600500F8B50646BC
:105790000D46084620F0E3FC0746002842D0244B83
:1057A0001C683CB11C3C05E014F11C030ED11C46E6
:1057B00000E01C3C74B1E368002BF5D0294630466C
:1057C000984770B3284620F0CAFC68B3E469002CFF
:1057D000EFD1EFE7174C00E02034174B9C4210D874
:1057E000154B9C421ED2E368002BF5D0294630466B
:1057F0009847D8B1284620F0B2FC0028ECD10746E3
:1058000010E00E4C40F6160322460D490D481CF0E0
:10581000FFFF0D481CF0FCFF40F61601204627F064
:1058200034FB07463846F8BD0746FBE70746F9E76D
:1058300020650020E02205006023050004AE05007D
:1058400034AE05006C2B05007C60050070B5054684
:10585000C37893B900F17E061D4B1C6804B11C3C53
:105860009CB1636963B105F17002314628469847DF
:10587000E469002CF4D01C3CF2E700F17706EBE77A
:1058800014F11C03F4D11C46EAE7124C00E020346A
:10589000114B9C420BD8104B9C4218D26369002BD1
:1058A000F5D005F17002314628469847EFE70B4CDA
:1058B0004FF41F6322460A490A481CF0A9FF0A4810
:1058C0001CF0A6FF4FF41F61204627F0DEFA70BDE2
:1058D00020650020E02205006023050004AE0500DD
:1058E00034AE05006C2B05007C60050070B50546E4
:1058F0000C46164621F008F92146284621F02DFCD9
:105900001B4B1C6804B11C3C7CB1A36943B13246FB
:10591000697A28469847E469002CF5D01C3CF3E7E7
:1059200014F11C03F7D11C46EEE7124C00E02034C2
:10593000114B9C420AD8104B9C4217D2A369002BF2
:10594000F5D03246697A28469847F0E70B4C40F686
:10595000622322460A490B481CF05AFF0A481CF0F1
:1059600057FF40F66221204627F08FFA70BD00BF36
:1059700020650020E02205006023050004AE05003C
:1059800034AE05006C2B05007C60050038B505467B
:105990000C46FFF7DFF90346D8B1057222680267AB
:1059A000A188A279A0F8741080F8762001224272B2
:1059B00082728270084AC0F8A420084AC0F8A82061
:1059C000074AC0F8AC201822A0F888202822A0F8A6
:1059D0008A20184638BD00BFD1600200F54702009A
:1059E000D76A0400F8B506460F460024042C19D8DF
:1059F000D0250D4805FB0400FFF7AEFA054658B167
:105A00008378012B06D13A46314621F048FA28B175
:105A10002846F8BDFFF77EFB0134E7E72846FFF78D
:105A200079FBF9E70025F3E76844002030B587B03B
:105A30000C46FFF7D7FF00B30546114B1B6813F068
:105A4000060F05D12846FFF765FB012007B030BDE2
:105A50002046FAF705FB0446687BFEF715FD059026
:105A600004940395074B0293002001900090034695
:105A70000222034921F087F8E4E70020E6E700BFAF
:105A8000782F00201CB305002DE9F04107460E4693
:105A9000904600250AE0FFF73DFB06E02046FFF7B1
:105AA00039FB02E02046FFF735FB0135042D19D8FC
:105AB000D0200E4B00FB0530FFF74EFA04460028BD
:105AC000F3D08378012BE6D12EB13246394621F04E
:105AD000E6F90028E2D0637B4345E3D1237ABB4259
:105AE00001D0DFE700242046BDE8F08168440020B3
:105AF00038B504460D4683780B70C3784B70037A33
:105B00008B70407BFEF7E0FD28770023EB77204683
:105B100021F0C3F96877204621F091F9A877A3789E
:105B2000012B36D104F17003AB60237AC3EBC303BE
:105B30001B4A13446B60E37823BB04F17703EB60EB
:105B400004F17E032B61B4F88630AB82B4F88C305C
:105B5000EB82B4F88E302B83D4F8A0302BB15B7B72
:105B600013F0100F01D00123EB77D4F8A0309BB1D4
:105B70005B7B13F0200F11D0EB7F43F00203EB7738
:105B800000200CE004F17E03EB6004F177032B614D
:105B9000D9E76FF0150002E0002000E0002038BDDA
:105BA0009020002038B504460D46084620F0D7FA6C
:105BB00050B3174B93F8D83013F0020F04D094F879
:105BC000953013F0020F13D1E378C3B9294620466C
:105BD00021F08EF9B8B92B88A4F888306B88A4F826
:105BE0008A30AB88A4F89030EB88A4F892300AE0B1
:105BF0000E21201D20F0A8FF0028E5D1E6E7294668
:105C0000204621F02BFB38BD6FF01500FBE700BFED
:105C10009020002070B588B0A0F1400510F8333C0A
:105C200093B3044610F83E3C012B47D1A0F13C064B
:105C30000D21304620F070FF002841D0B4F84830E4
:105C4000ADF81030B4F84A30ADF81230B4F8503036
:105C5000ADF81430B4F85230ADF8163004A9284627
:105C6000FFF7A0FFD0B1294B1B6813F0060F1DD022
:105C70000390274B029300200190009003460222DC
:105C8000224920F080FF11E0284621F04BFA2846F7
:105C9000FEF74EFC2846FFF73DFA0FE0D6E8EF3F4F
:105CA00023F48053C6E8E23F002AF7D1D6E8EF3F5D
:105CB00043F40063C6E8E23F002AF7D108B070BDA4
:105CC000144A06AB92E8030083E80300194628460D
:105CD000FFF768FF80B10D4B1B6813F0060FE5D08E
:105CE00003900D4B02930020019000900346022286
:105CF000064920F048FFD9E7D6E8EF3F43F4805348
:105D0000C6E8E23F002AD1D0F6E700BF782F002096
:105D100058B305000028050080B30500042807D803
:105D200008B5D022034B02FB0030FFF715F908BD80
:105D3000002070476844002010B50D4829F04FFD41
:105D4000002408E004EB44010A4B03EB81010848FE
:105D500029F052FD0134022CF4D922F005F905F0A6
:105D60004DFB044608B1204610BD21F097FAFAE732
:105D700014320020FC64002005490A78531CDBB271
:105D80000B700BB902320A70014B1878704700BFD4
:105D90004291002010B50268D2F8B030BBB119684A
:105DA000C2F8B010D2F8B440A3420DD000F14C02BA
:105DB0009A420CD150300022D0E8EF3FC0E8E12FEA
:105DC0000029F9D183B110BDC2F8B410EEE70D4C33
:105DD00040F2C32322460C490C481CF019FD40F246
:105DE000C321204627F051F8064C40F2C723224633
:105DF000074906481CF00CFD40F2C721204627F059
:105E000044F800BFD4B3050008B405006C2B0500AE
:105E100024B4050010B584B00023042B11D85822F7
:105E200003FB02F2124CA2580AB10133F5E7104A03
:105E3000582000FB03230F4A5A600B60002004B077
:105E400010BD0D4B1B6813F0070F02D16FF00B0054
:105E5000F5E70390094B0293002001900090034660
:105E60000122054921F0F5F86FF00B00E7E700BFCC
:105E70003465002000B60500A82F002028B40500D6
:105E80000B8A012B00D97047094B1B6813F0070FD1
:105E9000F9D000B585B0074B029300200190009027
:105EA00003460122024921F0D4F805B05DF804FB55
:105EB000A82F002050B4050070B584B0B1B10646DB
:105EC00014460D4601F110030022D3E8EF1FC3E88A
:105ED000E02F0028F9D1284621F0CAF822462946A9
:105EE000304621F00EF9012004B070BD084B1B684C
:105EF00013F0070F01D10020F6E7064B02930020B4
:105F00000190009003460122014921F0A2F8F2E736
:105F1000A82F00206CB4050070B582B00646234C53
:105F200011E0019B1033D3E8EF1F41F00101C3E8FA
:105F3000E21F002AF7D101984368DB6913B100F131
:105F4000100198470C341A4B9C421DD8184B9C42A8
:105F50002AD2636801A9304698470028F2DB019DE8
:105F60002388AB82AB84A26829463046FFF7A4FFA2
:105F7000D0B105F1300029F032FC019843681B686C
:105F8000002BCED09847CCE70A4C4FF4CA73224678
:105F900009490A481CF03CFC09481CF039FC4FF444
:105FA000CA71204626F071FF02B070BDBC22050008
:105FB000E0220500D4B3050090B405006C2B050069
:105FC0007C600500F8B506460F4615461C4654EAA7
:105FD000020306D12A462346391D3046FFF74AFA06
:105FE000F8BD13F087F8034B8342F3D100252C460C
:105FF000F0E700BF58530020F0B585B004460E46C8
:1060000015464FF48032002300210846FFF7DAFFDF
:10601000074648B104210C30F7F7FAFD04704670CA
:106020004580384605B0F0BD074B1B6813F0070FDD
:10603000F7D00394054B0293019000900346012290
:10604000014921F006F8ECE7A82F0020B8B40500BC
:1060500030B587B00446006868B3407B07282DD16F
:10606000087A8AB10225A84210DCC87A072828D904
:106070008A61CB6104F1300029F0BEFB204620F09C
:10608000FCFF002007B030BD0125ECE70E4B1B687C
:1060900013F0070F02D16FF01500F3E7049003959A
:1060A0000A4B02930020019000900346012206490A
:1060B00020F0CFFFEFE76FF07F00E3E76FF07F00A6
:1060C000E0E76FF01500DDE7A82F0020E0B4050041
:1060D0002DE9F04784B00D46174620F0A6FF044690
:1060E000002838D000F13009484629F09CFB0646CC
:1060F000A8B31FF0FDFEA8BBD4F85480B8F1000F80
:1061000004D1204620F073FF00283ED0B8F1000FE4
:1061100040D0D4F85480B6F810A0454501D3D045FE
:106120004AD045450BD3A28CA2F140039BB23F2B32
:1061300005D8D04554D000231A46B361F2614545D5
:1061400050D2636D3B609D4258D25B1B6365304605
:1061500004B0BDE8F087FBF713FA2646F7E7FBF734
:106160000FFAF4E7274B1B6813F0070F01D1002645
:10617000EDE70396244B0293002001900090034624
:106180000122204920F065FFF1E72046FFF702FEDB
:106190000026DCE73146204620F01CFF8046042123
:1061A00006F10C00F7F712FDA0F80080A38C4380E5
:1061B00008F104036365ACE700220023484610F0B1
:1061C000DDFA8642ADD0114C40F2D233224610495E
:1061D00010481CF01DFB40F2D231204626F055FE3F
:1061E0000D4BAAE72046FFF7D5FD204620F0EDFE37
:1061F0000028A6D0204620F040FFA2E700236365D8
:10620000A5E700BFA82F002000B50500D4B3050006
:1062100018B505006C2B0500BD71040070B586B083
:106220000B8A032B12D8334B1B6813F0070F02D1D4
:10623000002006B070BD304B02930020019000900A
:10624000034601222B4920F004FFF1E706460C46E5
:10625000042104F10C00F7F79BFC05464288238AD1
:10626000934211D02349096811F0070FE0D004923E
:106270000393224B029300200190009003460122D9
:106280001C4920F0E6FED3E743784BB10378012B9D
:10629000CED0132B14D121463046FFF7F1FDC7E7CE
:1062A000144B1B6813F0070FC2D0154B029300204C
:1062B00001900090034601220E4920F0CAFEB7E784
:1062C0000C4A126812F0060F07D16978002200927A
:1062D0001346306820F090FFAAE70393094B02931E
:1062E00000200190009003460222024920F0B1FEF6
:1062F000EBE700BFA82F002024B5050044B505003A
:1063000068B505008CB50500F0B585B00C460B8A64
:10631000032B14D81D4B1B6813F0070F04D1204624
:10632000F7F71EFB05B0F0BD194B0293002001905A
:10633000009003460122154920F08BFEEFE7054649
:106340001646042104F10C00F7F722FC4788394671
:10635000284620F071FF20B13246214620F04BFE46
:10636000E0E70A4B1B6813F0060F03D12046F7F74E
:10637000F7FAD7E70397074B029301900090034683
:106380000222024920F065FEF0E700BFA82F00209E
:10639000B4B50500D4B50500522833D81B2821D345
:1063A000A0F11B03372B2FD8DFE803F0372E393B42
:1063B0002E2A352E372E2E2E2E2E2E2E2E2E2E2EF1
:1063C0002E2E2E2E2E2E2E2E2E2E2E2E2E2E2E2EED
:1063D0002E2E2E2E2E2E2E2E2E2E2E2E2E2E2E2EDD
:1063E0002E2E2E3319280FD843B26BB101238340D0
:1063F000104A1A40BAB9104A1A402AB1012070470F
:1064000001207047D22810D010F0400F0FD1062085
:106410007047002070470220704703207047052016
:10642000704704207047022070470020704700200A
:10643000704700BFAAAA8A02545545012DE9F041D0
:1064400084B00346806850F85C2B1768DD68DE88EE
:10645000D3F81080002120F0C9FF10B1BDB1002495
:1064600013E00C4B1B6813F0070F10D00A4B02937C
:106470000190009003460122064920F0A8FF06E0A3
:1064800041463846A8470134A4B2A642F8D804B021
:10649000BDE8F081702F002034B6050010B584B03F
:1064A0008468002104F15C0020F0A0FF50B1236E4D
:1064B00033B14FF47022002304F1800011F022FA6E
:1064C00004B010BD074B1B6813F0070FF8D0064B44
:1064D00002930190009003460122024920F077FFC9
:1064E000EEE700BF702F002034B6050010B584B071
:1064F000437B072B0CD1042120F09EFE0446D8B12B
:106500000021583020F072FF28B354F8044C05E005
:10651000194B1B6813F0060F03D10024204604B06A
:1065200010BD164B029300200190009003460222FA
:10653000114920F04CFFF0E70F4B1B6813F0070FD9
:10654000ECD00F4B029301900090034601220A49C0
:1065500020F03DFFE2E7084B1B6813F0070F01D165
:106560000024DBE7074B02930190009003460122D1
:10657000014920F02CFFF3E7702F002050B60500F2
:1065800060B6050034B6050070B586B005460E4607
:10659000836A03B1B03B0593002202E0013205E0BB
:1065A0000593059C6CB12368AB42F7D0012A47D014
:1065B00014F1B003F4D0D4F8B030002BF0D0B03BDD
:1065C000EEE70022002305A91F480FF06BFC08BB73
:1065D000059CB822002120462BF03CF81B4BA36001
:1065E00004F1640029F0FBF8059B5C33D3E8EF2F3E
:1065F000C3E8E16F0029F9D1059B1D600599284684
:1066000020F005FF059C204620F06CFEA0B1F5238C
:10661000638316E00E4B1B6813F0060F11D02B6836
:1066200003930C4B0293002001900090034602223A
:10663000074920F0CCFE04E017236385638300E064
:106640000024204606B070BDD0300020A0290020D4
:10665000702F00207CB60500F0B587B007460C46C9
:106660000022002305A91B480FF01CFCD0B90546E9
:1066700012F040FD184B1860059E30220021304674
:106680002AF0E8FF3760059800214160816081624F
:10669000C162FFF779FF0346C0B104332360284687
:1066A00007B0F0BD0D4B1B6813F0070F02D16FF060
:1066B0000B05F4E703970A4B02930020019000902A
:1066C00003460122054920F082FEF0E76FF00B053A
:1066D000E5E700BFB03000200C680020702F0020DC
:1066E000A4B6050008B5011F01480FF06DFC08BDF8
:1066F000D03000202DE9F04184B005460E46144606
:10670000176800238DF808304FF42053ADF80A3095
:1067100002A900681FF055FB58B100238DF80C301A
:1067200042F60103ADF80E3003A928681FF049FBBB
:1067300050BB616828681FF044FB68BBE36893F8AE
:106740000080B8F1000F07D0384620F0CDFDA368D7
:106750001B8AC01A404525DBA06804210C30F7F7DE
:1067600057FA2061068023695E800194104B0093E4
:106770000023A2682946384620F021FF002813DBB9
:1067800023699BB101200AE023691BB15A88B242F8
:1067900000D25E80012002E000232361012004B0CA
:1067A000BDE8F0810020FAE70020F8E70020F6E7D6
:1067B000697304002DE9F04383B00546884614460A
:1067C000D2F80090D9F80470516800681FF0F9FA07
:1067D00020B10126304603B0BDE8F083952229465A
:1067E000384622F0C7FA0646207538B92946384699
:1067F00020F0A3FD48B908232375EBE7E3681B7875
:106800000BB1002323750026E4E700272775A06855
:10681000F7F7EEF802210C30F7F7FAF92061A0F84B
:1068200000800194114B00933B46A26829464846DC
:1068300020F0C5FE002808DB2369002BCAD048469B
:1068400020F052FDA368002206E020F06EFD2075C6
:10685000C0E7198A0A445B68002BFAD1861AE368FC
:106860001B789E4294BF00260126B3E73F730400C5
:106870002DE9F04F95B005460E4614461768D7F837
:10688000048000238DF8483042F60103ADF84A3009
:1068900012A900681FF095FA28B90023A36001200F
:1068A00015B0BDE8F08F00238DF84C304FF4205325
:1068B000ADF84E3013A928681FF083FA40B9384666
:1068C00020F012FD0146606803464FF0000C0AE01C
:1068D000A3681BB15A88B24200D25E800120DFE774
:1068E0001A8A94445B68002BFAD1A1EB0C03032BAA
:1068F00001D80020D4E7F7F77BF88146384620F02E
:10690000F3FC6368002202E0198A0A445B68002BEA
:10691000FAD1A0EB020A09F10C0B58461EF0D1FB8C
:1069200082452DD2384620F0DFFC6368002202E069
:10693000198A0A445B68002BFAD1801A20B36F6869
:106940000023009310230EAA29464046B847051E8F
:10695000A3DB227CAA4227D12A460EA9E0682AF0AE
:1069600042FE002899D100236374042109F10C0030
:10697000F7F74EF9A0600680A3685E8001208FE7DC
:1069800058461EF09EFBD9E76368987AF6F7ECFD4F
:10699000002200231EF062FB8146002880D00146C1
:1069A0006068F7F771F8CAE7E16809A81FF027FAED
:1069B00088B9184B1B6813F0060F3FF46EAF237CA9
:1069C0000393154B02930190009003460222114954
:1069D00020F0FDFC61E7EAB20EA904A81FF00FFA4F
:1069E00080B90C4B1B6813F0060F3FF456AF0395AC
:1069F0000A4B02930190009003460222054920F0C1
:106A0000E6FC4AE704A909A81FF0DBF90028AAD090
:106A100043E700BF702F0020CCB60500ECB60500A0
:106A200010B50446043804F15803D3E8EF1F41F0D1
:106A30000101C3E8E21F002AF7D120F015FD044947
:106A400004F17C0010F02CFE206802F047FF10BD1E
:106A500085770200F0B58BB004460D4616460378E4
:106A6000032B38D8DFE803F002212B311D4B93E8CC
:106A700003000790ADF82010090C8DF822106379FF
:106A80002279E178A07867780DF11C0CCDF814C05C
:106A900004970390029101920093A379124A314620
:106AA00028461BF064FC0BB0F0BD104B93E80300CC
:106AB0000790ADF82010090C8DF82210DFE70C4A82
:106AC00007AB07CA03C31A80D9E70A4A07AB07CA4C
:106AD00003C31A80D3E7084A0A2107A81BF047FC22
:106AE000CDE700BFB4450500C4450500BC45050021
:106AF000E8450500F4450500D8C4050010B5044676
:106B0000807AF6F731FD0C4B834208D120461EF007
:106B100085FA00EB4000094B03EBC00010BD084CA8
:106B200040F219132246074907481BF071FE40F254
:106B30001911204626F0A9F9B4320020EC66002095
:106B40000CB705003CB705006C2B05002DE9F0479C
:106B500086B006460C460846FFF7D0FF0546D0F83B
:106B600008A0E768002106F15C0020F03FFC78B344
:106B7000238A002B3ED0E3681B782B7100232B6007
:106B80003B78D22B43D004F10C001EF08FFA07465D
:106B9000ADF81400B4F81090ADF81690AE60002374
:106BA0001A462146301DFFF753FA804660B110F1B6
:106BB000690F48D0636913FA87F7E760A4F810906B
:106BC000C5F808A0C5F80080404606B0BDE8F087CB
:106BD000254B1B6813F0070F02D16FF01508F3E780
:106BE000224B029301900090034601221E4920F09F
:106BF000EEFBF2E71E4C40F2651322461D491E488B
:106C00001BF006FE40F26511204626F03EF933687F
:106C10002146186822F0A3FD80460028B3D0124B0D
:106C20001B6813F0070F03D12046F6F799FECBE758
:106C3000124B0293002001900090034601220A4962
:106C400020F0C5FBF0E7084B1B6813F0070FB1D02D
:106C50000B4B029300200190009003460122024951
:106C600020F0B5FBA6E700BF702F002034B605006A
:106C70000CB7050068B705006C2B050090B7050040
:106C8000A4B7050010B538B199B14A68F2B1026EE7
:106C90004ABB20F023FE10BD194C4FF4617322460D
:106CA000184919481BF0B4FD4FF46171204626F0D5
:106CB000ECF8134C40F285332246144912481BF07D
:106CC000A7FD40F28531204626F0DFF80C4C40F25B
:106CD000863322460E490C481BF09AFD40F286315D
:106CE000204626F0D2F8064C40F287332246094966
:106CF00005481BF08DFD40F28731204626F0C5F88F
:106D00000CB70500C8B705006C2B0500D0B705000F
:106D1000D4B70500E0B7050010B58068041D20F069
:106D2000E1FA18B9204620F091FE10BD064C40F261
:106D300031132246054906481BF06AFD40F2311125
:106D4000204626F0A2F800BF0CB70500ECB70500FE
:106D50006C2B050030B585B004460079FFF71CFBAD
:106D60000546A068F0B10368E3B11B68D3B123689E
:106D70009BB920F0B7FA18B3052D29D80123AB40F1
:106D800013F0140F0ED113F0090F1DD113F0220FC1
:106D90001ED02046FFF782FB04E0164A126812F06C
:106DA000070F01D105B030BD0393134B02930020B0
:106DB00001900090034601220E4920F008FBF1E704
:106DC0002046FFF7A9FFD7E72046FFF737FBE9E7A3
:106DD0000A4C40F2BB23224609490A481BF018FD21
:106DE000294609481BF014FD40F2BB21204626F03D
:106DF0004CF800BF702F00200CB805000CB7050040
:106E0000B02D05006C2B05002CB8050070B586B0C0
:106E100006460C46551C20F067FA85421CD82046D1
:106E2000FFF7BAFA022801D0042829D14FF47022C2
:106E3000002300212448FFF7C5F80546002833D079
:106E4000FFF75CFE8660012105F10C00F6F7E0FE1D
:106E50000470284606B070BD1C4B1B6813F0060F6B
:106E600001D10025F5E704950390194B029300200A
:106E70000190009003460222144920F0A8FAF0E79E
:106E800012F038F9134B984208D0134B1B68834219
:106E900007D04FF0FF324FF0FF33CAE70022002344
:106EA000C7E700220023C4E7084B1B6813F0070F55
:106EB000CFD00394094B0293019000900346012226
:106EC000024920F084FAC4E7B4320020702F002079
:106ED00048B80500585300200C680020B8B40500DD
:106EE0002DE9F04186B005460C46071F384620F0D4
:106EF00054FA238A9BB93E4B1B6813F0070F03D14A
:106F0000002006B0BDE8F0813A4B029300200190CA
:106F1000009003460122364920F059FAF0E78046F6
:106F2000012104F10C00F6F733FE064698F80D3007
:106F3000072BE5D155F8043C002BE1D0002300E0FD
:106F400001331D2B1CD831782B4A12F83320914283
:106F5000F6D1294D05EBC305238A6A78934230D3D5
:106F60006B68214638469847AB78012BC8D100287A
:106F7000C6D0034600223178384620F023FEBFE712
:106F80001B4B1B6813F0060F0ED134782046FFF719
:106F900003FA0028B4D00528B2D0062300222146E7
:106FA000384620F00FFEABE733780393134B029380
:106FB000002001900090034602220D4920F007FABC
:106FC000E3E70B4A126812F0070F01D10420CBE768
:106FD0003278049203930A4B0293002001900090B0
:106FE00003460122024920F0F2F90420BCE700BF69
:106FF000702F002070B8050048B905008CB8050056
:10700000A8B805002DE9F0418AB0044616461D4691
:1070100003688846003918BF0121186821F065FF10
:1070200028B175B9012738460AB0BDE8F0810321BF
:1070300004F15C0020F0AEFA08B10027F3E7122754
:10704000F1E70023049305930693079308930993AC
:107050003EB11A4631462046FFF7D8FE059000287B
:107060003AD023681B6804938DF81880BDF840302F
:10707000ADF82230119B0793BDF84830ADF82030B1
:1070800001238DF8243004AB0293144B01930022AA
:10709000009213462946284601F050FA9DF82470C4
:1070A00037B905990029BED0204620F03CFDBAE74B
:1070B00026B9B8F1180F0CD00027B4E70598F6F7F9
:1070C0004FFC9DF824302A464146204620F07AFDA8
:1070D000EFE79DF82470A6E71127A4E71D750400CB
:1070E0002DE9F04184B088461746FFF7FFF90446C2
:1070F00010B3846A24B3B03C14F1B00607D0D4F8BE
:10710000B06026B1B03E02E0334634461E46CCB1F4
:107110007D1C204620F0E8F8854207D9002EF3D0E8
:10712000D6F8B030002BF0D0B03BEEE73A464146FF
:107130002046FFF76BFE0446204604B0BDE8F08110
:107140002646E4E7084B1B6813F0060FF4D001371E
:107150000397064B02930020019000900346022201
:10716000014920F034F9E7E7702F0020C8B8050086
:10717000F0B585B004460F464FF470220023164840
:107180001DF06CFF0646A8B1204620F0ABF808BB06
:10719000092106F10C052846F6F79AFC3046FFF760
:1071A000ADFC846001212846F6F732FD07703046B9
:1071B00005B0F0BD094B1B6813F0070FF7D003971C
:1071C000074B02930190009003460122034920F0EF
:1071D000FEF8ECE70B21DCE7B4320020702F002032
:1071E000B8B405002DE9F0418AB005468846164638
:1071F0001F460024059406940794089409941121CD
:10720000FFF7B6FF079050B30595CDF81880012120
:107210000C30F6F7FDFC089022460470099405AB8B
:107220000293104B0193009423463946304601F0F7
:1072300085F9089B1C7844B10799284620F073FC17
:10724000002420460AB0BDE8F0810798F6F788FBD5
:107250000A2332461021284620F0B4FCF1E711241D
:10726000EFE700BFF566020070B588B006460D4630
:1072700003680121186821F038FE50B9032106F196
:107280005C0020F087F910B1002008B070BD12201A
:10729000FBE70023049305930693079321213046CF
:1072A000FFF766FF069058B304962B8A012B21D96D
:1072B00005F10C001DF0E7FE044601238DF81C309B
:1072C00004AB02930F4B0193002200921346014638
:1072D00001F034F99DF81C30002BE6D00698F6F743
:1072E0003FFB9DF81C3022462021304620F06AFCEE
:1072F0000020CAE70699304620F015FC0020C4E7BC
:107300001120C2E72177040070B588B006460D460B
:1073100003680121186821F0E8FD50B9032106F146
:107320005C0020F037F910B1002008B070BD1220C9
:10733000FBE7002304930593069307930F21304640
:10734000FFF716FF069058B304962B8A012B21D91C
:1073500005F10C001DF097FE044601238DF81C304A
:1073600004AB02930F4B0193002200921346014697
:1073700001F0E4F89DF81C30002BE6D00698F6F7F3
:10738000EFFA9DF81C3022460E21304620F01AFC00
:107390000020CAE70699304620F0C5FB0020C4E76C
:1073A0001120C2E7A1770400F0B589B004460F466A
:1073B00016461D4603680121186821F096FD20B18C
:1073C0006DB90126304609B0F0BD032104F15C001F
:1073D00020F0E0F808B10026F4E71226F2E70023D7
:1073E000049305930693079331462046FFF7C0FEAA
:1073F000069030B30494BDF83830ADF81430012352
:107400008DF81C3004AB02930F4B019300220092C5
:1074100013462946284601F091F89DF81C6026B9CC
:107420000699204620F07FFBCCE70698F6F798FAFD
:107430009DF81C302A463946204620F0C3FB002622
:10744000C0E71126BEE700BFA17704002DE9F04197
:107450008AB00546884616461F46002404940594C3
:1074600006940794089409940921FFF781FE069079
:1074700068B30495CDF8148001210C30F6F7C8FBF1
:107480000790224604700A238DF8243004AB02933F
:10749000104B0193009423463946304601F04EF8D4
:1074A0009DF824403CB90699284620F03CFB204634
:1074B0000AB0BDE8F0810698F6F752FA9DF824303C
:1074C00032460821284620F07DFB0024EFE71124F6
:1074D000EDE700BFB56702002DE9F0418AB005462F
:1074E0000E4617469846002405940694079408947F
:1074F00009940721FFF73CFE069060B305952246EC
:107500000794CDF820809DF840308DF824300A2370
:107510008DF8253005AB0293104B01930094234660
:107520003946304601F00AF89DF825403CB90699E5
:10753000284620F0F8FA20460AB0BDE8F081069807
:10754000F6F70EFA9DF8253032460621284620F03F
:1075500039FB0024EFE71124EDE700BF716802005A
:1075600070B588B004460E46154600230493059373
:10757000069307930521FFF7FBFD0590F8B10494EE
:1075800004AB02930F4B019300220092134629464D
:10759000304600F0D3FF069B33B10599204620F01A
:1075A000C2FA002008B070BD0598F6F7D9F90A2391
:1075B00032460421204620F005FB0020F2E711208E
:1075C000F0E700BF0378040030B583B005460C46F1
:1075D0000023019311F08EFD0D4B1B68834211D0E7
:1075E0002A46234601A90B480EF05CFC68B90198B5
:1075F0000023036043608360C36003614361836170
:1076000003B030BD00252C46EAE70020F8E700BFB4
:107610000C680020F030002010B50446806818B1D6
:10762000F6F79EF90023A360214602480EF0CCFC39
:1076300010BD00BFF03000202DE9F04784B00446B3
:107640000F4691461E46803010F064F9206EF0B16E
:10765000194B98422CD045684FF0000AC0F804A09E
:10766000206ED0F81880FFF7D7FFC4F860A020681C
:1076700020F089F93DB123681868CDF800804B46A9
:107680003A463146A847002004B0BDE8F0870B4BCE
:107690001B6813F0060F01D10025E8E7084B0293A1
:1076A000019000900346022204491FF090FEF3E788
:1076B00000252566DBE700BF10680020702F002042
:1076C000E4B8050038B50446CA68036EFBB1124938
:1076D0008B421ED0D5783DB90E252B46002211468F
:1076E0002046FFF7A9FF38BD294640681FF0F4FE89
:1076F00010B110F1100FF0D104F1800010F00AF970
:10770000226E137C43F0010313740020EBE70E2577
:10771000E3E70E25E1E700BF1068002070B582B0F6
:10772000054602E01846F6F71BF905F10C000022A9
:1077300000230FF023F803460028F3D10CE0AB60E0
:1077400011E0A369009300231A466FF067012868CF
:10775000B0472046FFF760FF6C6844B123686B6058
:10776000AA68A242EBD06668002EEAD1F1E70023B6
:107770002B60294602480EF027FC02B070BD00BF06
:10778000B030002010B58CB0044650F8803C18682A
:107790001FF0ACFB1E2204A9FFF75CF9174B1B6816
:1077A00013F0070F10D1A4F17C0020F0CFFC1321BF
:1077B00054F87C0CFDF7C0FE20B1104A126812F09C
:1077C000070F0ED10CB010BD04AB03930C4B02930A
:1077D0000020019000900346012208491FF0F7FDA8
:1077E000E1E70390074B02930020019000900346CD
:1077F000012202491FF0EBFDE4E700BF702F0020DB
:10780000FCB8050028B9050008B5036E8B4201D00D
:10781000002008BD034B03660846FFF7FDFE01206C
:10782000F7E700BF1068002038B570B10C46C9B149
:10783000FEF75CFE054610B321460C3027F0DCFF56
:10784000284620F03AF9002038BD104C40F68E73DF
:1078500022460F490F481AF0DBFF40F68E71204692
:1078600025F013FB094C40F68F7322460A4909485C
:107870001AF0CEFF40F68F71204625F006FB204619
:10788000F6F76EF86FF07F00DEE700BF0CB705007B
:10789000788005006C2B0500B490050038B5B0B1B8
:1078A0000C46054601B311F021F92846FEF71EFEED
:1078B000034630B30022226082683AB314608460C9
:1078C000184620F060F811F05DF9002038BD114C29
:1078D00040F6A3732246104910481AF099FF40F66B
:1078E000A371204625F0D1FA0A4C40F6A473224633
:1078F0000B490A481AF08CFF40F6A471204625F087
:10790000C4FA11F03FF96FF07F00DFE78460446054
:10791000D6E700BF0CB70500788005006C2B05008A
:10792000D0B705008068034B984214BF00200120A7
:10793000704700BF8580020010B559B10268B2F8E7
:1079400010E08E4506D81E4B1C6894B1A4F10803C4
:10795000002125E000F1080300228260184A5268E5
:107960001AB11360164A536010BD154A5360136074
:10797000FAE72346ECE731B100F10802083110487C
:1079800020F07FFCF0E700F1080284600C4B1A60E5
:107990005B68002BE8D10A4B5A60E5E719461346AD
:1079A000002BE1D01A68B2F810C0E645E3D313F11A
:1079B0000802F3D09A68002AF0D0083AEEE700BF38
:1079C000D4690020064B1A68C0F801209A889B7978
:1079D000A0F80520C371002303700381704700BF26
:1079E0005899050000B585B028F0E4FE10B905B03F
:1079F0005DF804FB094B1B6813F0070F02D16FF011
:107A00000400F4E70390064B0293002001900090DD
:107A100003460122014920F041FDF0E78C2F0020B0
:107A200050BA050030B58DB004460D4600230593CD
:107A300006930793089309930A930B934FF41053FB
:107A4000ADF814308023ADF816304FF48063049302
:107A500004A820F068FC049B0793204B089304F5CE
:107A60000A731022294605A828F0BEFD70B94FF40C
:107A70000A720021204629F0EDFD184AD4F8281298
:107A8000204628F092FEA8B90DB030BD144A126805
:107A900012F0070F02D16FF00400F5E70390114BCD
:107AA0000293002001900090034601220C4920F02F
:107AB000F5FCF0E70A4B1B6813F0070F02D16FF0DB
:107AC0000400E1E70390084B02930020019000902E
:107AD00003460122024920F0E1FCF0E70002C00366
:107AE0008C2F002068BA050094BA050000B587B055
:107AF00005AB10220D4928F071FE10B907B05DF8F2
:107B000004FB0B4B1B6813F0070F02D16FF004004E
:107B1000F4E70390074B0293002001900090034686
:107B20000122034920F0BAFCF0E700BF78480020AA
:107B30008C2F0020B4BA050070B50646002407E07B
:107B4000284607220D49013029F04DFDA0B101342E
:107B5000092C10D80A4D05EB0415002EF0D0230196
:107B6000074901EB04120132C95C30461FF097F956
:107B70000028ECD000E00025284670BD589905008B
:107B8000B868002070B505460E46002400E00134B8
:107B9000092C17D804EB44030B4A12F823309D42FA
:107BA000F5D104EB440302EB830007223146013098
:107BB00029F019FD0028EAD104EB4404024800EB47
:107BC000840000E0002070BD58690020F8B5074629
:107BD0000E4600240AE004EB840006EB4000072276
:107BE0000D49013029F0FFFC98B10134092C0FD860
:107BF00004EB840306EB4305002FECD02A46013248
:107C000016F8131038461FF04AF90028EDD000E0AE
:107C100000252846F8BD00BF5899050070B50646F6
:107C2000002407E0284607220D49013029F0DBFC3B
:107C3000A0B10134092C10D80A4D05EB0415002E13
:107C4000F0D02301074901EB04120132C95C304630
:107C50001FF025F90028ECD000E00025284670BD73
:107C600058990500E4690020F0B585B006460F4636
:107C700015461C46FFF786FF844678B1BCF80830ED
:107C800013B9BCF80A3043B323462A460CF10A0163
:107C90000CF1080020F056FB05B0F0BD1149FFF7CC
:107CA00071FF844650B1034603F8016B3A68C0F88F
:107CB0000120B988BA7999809A71DFE70A4B1B686D
:107CC00013F0070FE8D0094B029301900090034690
:107CD0000122054920F0E2FBDEE7ACF80850ACF8E1
:107CE0000A40D9E7589905008C2F0020CCBA05002E
:107CF0002DE9F04184B01E46BDF82830012B3AD85A
:107D000004461746B0463344012B37D8FFF714FF1B
:107D10000546C8B132463946284620F035FB80B3C7
:107D2000236FC5F80130B4F8742094F87630A5F8C4
:107D30000520EB71237A2B700121284620F097FC57
:107D4000404604B0BDE8F081FFF7F6FE0546002886
:107D5000E0D10D4B1B6813F0060F02D16FF0100835
:107D6000EEE70A4B02930190009003460222064977
:107D700020F094FBF2E76FF00608E1E76FF00C08E3
:107D8000DEE76FF01208DBE78C2F0020ECBA05006D
:107D900030B585B0044600F170052946007A1EF022
:107DA0003AFA40B92946207AFFF7ECFE08B120F0F4
:107DB000F9FB05B030BD2946207A20F0FBFB0028F6
:107DC000F7D0084A126812F0070FF2D00390064B62
:107DD000029300200190009003460122014920F007
:107DE0005DFBE6E78C2F002018BB0500154BD3E8A0
:107DF000EF2F42F00201C3E8E01F0028F7D112F094
:107E0000020F1ED1104B114A934209D80F4A9342D8
:107E100017D25A680E49088802440A800833F2E7EC
:107E200010B50C4C40F2E75322460B490B481AF0B0
:107E3000EFFC0B481AF0ECFC40F2E751204625F02D
:107E400024F87047D06900206023050090230500C6
:107E50002491002030BB050060BB05006C2B0500A1
:107E60007C60050010B5044620F0EBFA48B10B4BDE
:107E70001A68C4F801209A889B79A4F80520E37158
:107E800010BD074C40F6DD532246064906481AF05D
:107E9000BFFC40F6DD51204624F0F7FF589905005D
:107EA00030BB050088BB05006C2B050010B50446EF
:107EB000124BD3E8EF2F22F00202C3E8E12F002992
:107EC000F7D1D3E8AF3F13F0010F04D1204620F0E3
:107ED000A5F930B910BD0022002309480FF012FDAA
:107EE000F4E72046FFF728FE0028F3D0027A12F0CC
:107EF000010FEFD0012120F0BAFBEBE73049002061
:107F00000049002010B502460B46134CD4E8EF1F81
:107F100041F00100C4E8EC0FBCF1000FF6D111F004
:107F2000010F0AD1A4F150010A834B830A4BD3E815
:107F3000AF3F13F0020F07D010BD0849881E20F094
:107F400001FA0028F2D1F7E74FF4A47200230448A5
:107F50000FF0D8FCF0E700BF30490020FA480020BD
:107F6000004900202DE9F04F87B006460F469046A5
:107F70009946DDF844A0DDF848B01B4B1D6845B1BB
:107F8000083D06E0002411E000240FE0AD6805B1D3
:107F9000083D2DB315F1080FF4D0AB68002BF3D0DA
:107FA00053F8083C1B8AB342F0D900246B68A34203
:107FB000ECD9286804EB840300EB8300018ACDF838
:107FC00010B0CDF80CA010AB0293CDF80490CDF812
:107FD00000803B46324620F02AFC08B10134E5E738
:107FE00007B0BDE8F08F00BFD469002070B5214B09
:107FF000D3E8EF1F21F00801C3E8E21F002AF7D100
:108000004FF4A47200231C48F8F75AF8002411E03A
:1080100023010833194A13440433D3E8EF1F21F036
:108020000201C3E8E21F002AF7D10021284620F010
:108030001EFB0134092C1BD8104D05EB04156E1CDA
:1080400007220F49304629F0CEFA0028F1D02B7ACA
:1080500013F0010FEDD031460020FDF7C3FC0646BA
:108060000028D5D020F0DCF83046FDF753F8CFE7F4
:1080700070BD00BF3049002088480020B86800204B
:10808000589905002DE9F04385B01C46BDF8303005
:10809000CF68002B5CD181460E46631E9BB2012B3C
:1080A00059D8012C1FD95378157845EA032539464C
:1080B0004846FFF78BFD8046B8B1FB6E43B12A46B8
:1080C00031464846984700280ADB0138012845D840
:1080D000A8F80850B7F864309D4230D1A5B32046C7
:1080E00005B0BDE8F0831578E1E70DB92046F7E764
:1080F00039460020FFF76AFD804670B1D9F870302C
:10810000C0F80130B9F8742099F87630A0F805204D
:10811000C37199F808300370CFE7124B1B6813F056
:10812000060F02D16FF01000DAE70F4B02930190B7
:108130000090034602220B4920F0B0F9F2E73946DD
:10814000304620F09FFBC9E74046FFF73BFCC6E7FF
:108150006FF00600C4E76FF00C00C1E76FF00D0090
:10816000BEE700BF8C2F0020A0BB05002DE9F04F1B
:1081700083B082461746FFF7D5FB0090002857D002
:10818000DAF80C60B6F86430002B51D0002401946A
:1081900003E01846FCF7BEFF0134092C3FD804EB7E
:1081A000840506EB45052B89002BF5D004EB8403F1
:1081B00005F10108424616F8131038461EF06FFE0E
:1081C00078B904EB8403414616F81300FDF70AFC66
:1081D00003460028E0D0427B072ADAD1009A0192B8
:1081E000D7E707F1700B5946387A1EF014F850B9EA
:1081F000114B9E4203D02846FFF7E4FBCCE73846FC
:10820000FFF7C6FDF7E73B6FC5F80130BBF8042068
:108210009BF80630A8F8042088F80630BCE7019BDC
:1082200033B9A6F86430B36E13B1002150469847B5
:10823000012003B0BDE8F08FE029002000B585B033
:108240000A46012302930423019308230093034B5E
:10825000034920F05CFB05B05DF804FBB38A040021
:108260000B8E040000B585B00A464B6801210291CF
:108270008B40019320230093034B044920F047FBDC
:1082800005B05DF804FB00BF358A0400BF89040017
:1082900000B585B00A464B68012102918B400193DD
:1082A0000E230093034B044920F031FB05B05DF829
:1082B00004FB00BF5B8A04005B84040000B585B04A
:1082C0000A4601230293042301930C230093034BDA
:1082D000034920F01CFB05B05DF804FBA7890400EE
:1082E0000B8E040000B585B08C4611460CF11003CE
:1082F000D3E8EFEF4EF0080EC3E8E2EF002AF7D123
:10830000012302930423019312230093034B62463B
:1083100020F0FDFA05B05DF804FB00BF818A04007F
:1083200008B5024AFFF7DEFF08BD00BF4F87040013
:1083300070B586B0064600F17001007A1DF06BFF43
:1083400008B906B070BD3046FFF768FC0028F8D0C9
:10835000846824B1143C02E0646904B1143C002C2C
:10836000EFD004F110050321284620F02BF9002856
:10837000F2D10121284620F025F90028ECD1214630
:108380003046FFF7CDFF0028E6DA094B1B6813F0F3
:10839000060FE1D0059004940396064B029300204B
:1083A0000190009003460222014920F077F8D3E7BC
:1083B0008C2F0020BCBB0500094B1A68C0F80120B7
:1083C0009A889B79A0F80520C371002303720C30B2
:1083D000D0E8EF2FC0E8E13F0029F9D1704700BF96
:1083E000589905000F4BD3E8EF2F42F00101C3E885
:1083F000E01F0028F7D112F0010F00D0704710B530
:10840000FFF7F4FC084C094920460FF049F94FF4F6
:10841000A47200232046F7F74BFE054905480FF0EC
:108420003FF910BDD069002088480020238D04004A
:10843000398F02000049002010B584B0BDF8181033
:10844000BDF82040A14224D810465CB1079A62B121
:10845000641AA342A8BF23469CB22246079B194434
:1084600029F0D1F8204604B010BD0B4B1B6813F067
:10847000060F02D16FF00D00F5E70394074B02934E
:1084800000200190009003460222034920F006F8E4
:10849000F0E76FF00600E6E78C2F002000BC050037
:1084A00000283BD070B58446068A002E38D11D4C7A
:1084B000012003E06368034498B208341A4B9C42DD
:1084C0001AD8194B9C4227D221686145F2D86568B9
:1084D00005EB85039B00143B0B446345EAD3002363
:1084E0009D42EAD903EB830201EB8202624518D078
:1084F0000133013080B2F3E70C4C40F26173224645
:108500000B490C481AF084F90B481AF081F940F233
:108510006171204624F0B9FC304602E0002070472B
:10852000304670BD602305009023050030BB050078
:1085300028BC05006C2B05007C6005002DE9F04F80
:1085400089B08246079190469946139FDDF850B056
:10855000BDF848301BB94FF6FF73ADF848302D4BCE
:108560001B88534546D32C4E012413975746DDF8FC
:108570004CA01FE0002506977368AB4218D905EBA5
:108580008500CDF810B0CDF80CA012AB0293CDF859
:108590000490CDF80080079B069A2146376807EBC8
:1085A000800020F044F988B301350134A4B2E3E738
:1085B000069F0836194B9E4208D8184B9E4215D28A
:1085C0007368E118B942D5D28CB2F2E7144C40F688
:1085D00025032246134914481AF01AF913481AF0D1
:1085E00017F940F62501204624F04FFCCDF84CA0A9
:1085F000BA46139FCDF808B00197BDF848300093F4
:108600004B46424607995046FFF7ACFC09B0BDE81F
:10861000F08F00BF24910020602305009023050007
:1086200030BB050028BC05006C2B05007C600500F4
:1086300010B5ADF5147D002390939193929393938D
:1086400090A904A8FFF7EEF9E0B904AC02940F4B2F
:1086500001930022009213464FF6FF710120FFF7AD
:108660006DFF2046FFF742FA60B9102108481FF05D
:1086700044FE084BD3E8EF1F41F00801C3E8E21FB6
:10868000002AF7D10DF5147D10BD00BFBB84040096
:1086900078480020304900202DE9F04184B004469C
:1086A0000D4616461F461B49A1F130000FF092F906
:1086B000194BD3E8AF3F13F0080F17D02046FFF750
:1086C0003BFA18B1027A12F0010F12D11023029373
:1086D000124B0193BDF8283000933B4632462946A1
:1086E0002046FFF7A9FE04B0BDE8F081FFF7A0FF28
:1086F000E4E700F10C08002140461FF063FF00286A
:10870000E4D1D8E8EF3F43F00203C8E8E23F002A93
:10871000DCD0F6E7B8480020304900207848002037
:1087200008B5054BD3E8AF3F13F0080F00D008BDE4
:10873000FFF77EFFFBE700BF3049002000B587B0A0
:1087400001460022059205AB0293054B019300926E
:108750001346FFF7F3FE059807B05DF804FB00BF72
:10876000F78304002DE9F04184B00746046885884A
:10877000264B1B686BB1254B5B6803B1083B1A683D
:108780005B6803EB83039B00143B13441E8AB046D3
:108790000AE01F4B1E884FF0000805E0B04214D9D4
:1087A00006461434013DADB244B33DB3E37C6FF3F0
:1087B000C713E374208A0028F0D10136B6B22682AE
:1087C000DBB243F08003E374EBE7FFF7B7FF002869
:1087D000E7D0104B1B6813F0070F02D16FF01500A4
:1087E00011E0238A03930C4B029300200190009028
:1087F0000346012207491FF051FEEFE74146384684
:10880000FFF79AF8002004B0BDE8F081D469002099
:10881000249100208C2F002058BC050030B583B077
:10882000002844D004460368002B50D04368002B36
:108830005DD0FFF7DBFA2368186800238DF800305D
:108840004FF4C053ADF8023069461DF0BAFA002863
:108850005DD02368186800238DF8043041F60103C9
:10886000ADF8063001A91DF0ACFA00284FD010F089
:108870003DF92046FFF776FF051E4BDB294BD3E879
:10888000AF3F13F0010F48D02268636803EB830306
:108890009B00143B1344198A108AFFF733FBFFF740
:1088A000A5FB10F06FF90025284603B030BD1E4C23
:1088B00040F2AE6322461D491D4819F0A9FF1D482C
:1088C00019F0A6FF40F2AE61204624F0DEFA164C05
:1088D00040F2AF6322461849154819F099FF154830
:1088E00019F096FF40F2AF61204624F0CEFA0E4C0C
:1088F0004FF4D663224611490D4819F089FF0D48FF
:1089000019F086FF4FF4D661204624F0BEFA6FF0CE
:108910007705C9E710F036F9C6E710F033F90025FE
:10892000C2E700BFD069002030BB0500E4BB0500F2
:108930006C2B0500E8BB05007CBC050088BC05006D
:1089400010B584B004460A4600230360029007492C
:108950000191012100914FF6FF718088FFF7EEFD34
:108960002068003818BF012004B010BD3B8404000B
:1089700010B586B000240594FFF792FD013080B257
:1089800005AB0293054B0193009423462246014612
:10899000FFF7D4FD059806B010BD00BFFD830400AD
:1089A000F0B587B005460C46164600230593FFF741
:1089B00077FD074640B1CCB101194FF6FF739942DC
:1089C000A8BF194689B201E04FF6FF7105B187B122
:1089D00005AB0293084B0193012300930023324619
:1089E0003846FFF7ABFD059807B0F0BD4FF6FF71B5
:1089F000ECE70020F8E700BFFD830400F0B591B07C
:108A000048B10C4615460646A9B1437B072B22D038
:108A1000002011B0F0BDA34C40F684532246A24979
:108A2000A24819F0F5FEA24819F0F2FE40F6845172
:108A3000204624F02AFA9B4C40F6855322469D4955
:108A40009A4819F0E5FE9A4819F0E2FE40F6855181
:108A5000204624F01AFA086800238DF8243042F6E4
:108A60000303ADF8263009A91DF0ABF900284BD15E
:108A700067688FB10020009001230DF11F0221468D
:108A8000B847002817DB012833D08B4B1B6813F045
:108A9000070F22D10020BCE7874B1B6813F0070F9C
:108AA000F8D0864B02930190009003460122824940
:108AB0001FF0F4FCEEE7804B1B6813F0070FE9D0C2
:108AC000049003947E4B0293002001900090034693
:108AD000012279491FF0E2FCDCE70390794B029315
:108AE0000020019000900346012273491FF0D6FC3C
:108AF000D0E79DF81F3013F0300FCBD02046FFF7A2
:108B000037FF0446002846D0206800238DF828301F
:108B100042F60213ADF82A300AA91DF052F90028D6
:108B200049D1206800238DF82C3042F60213ADF8AD
:108B30002E300BA91DF045F9002852D020680023E3
:108B40008DF8303042F60303ADF832300CA91DF039
:108B500038F9002845D0206800238DF834304FF4D0
:108B60002053ADF836300DA91DF02BF9002838D070
:108B7000206800238DF8383042F60103ADF83A3012
:108B80000EA91DF01EF960B32046FFF7F1FE044662
:108B90000028C6D13DE7434C40F6A3532246454941
:108BA000424819F035FE484819F032FE40F6A3510C
:108BB000204624F06AF92046FFF7DAFE0446002832
:108BC000AFD1384C40F6A95322463A49374819F0FC
:108BD0001FFE3D4819F01CFE40F6A951204624F026
:108BE00054F9206800238DF83C3042F60213ADF8AA
:108BF0003E300FA91DF0E5F898B967689FB10023D2
:108C00000093022308AA21463046B84700281CDBFF
:108C100002283AD0284B1B6813F0070F29D10020F7
:108C2000F7E60020F5E6244B1B6813F0070F01D18F
:108C30000020EEE6214B02930020019000900346B5
:108C400001221D491FF02AFCF2E71B4B1B6813F0A1
:108C5000070F01D10020DCE604900394184B029327
:108C60000020019000900346012213491FF016FCDA
:108C7000F0E70390134B029300200190009003460D
:108C800001220D491FF00AFCC9E79DF821209DF83B
:108C9000203043EA02231D4201D10020B9E6012021
:108CA000B7E600BF30BB0500788005006C2B0500DF
:108CB00098BC0500988005008C2F0020B0BC0500F2
:108CC000C4BC0500ECBC050008BD05002DE9F04161
:108CD00084B005460F4614469422616820F04AF895
:108CE000002838D1022261682846FFF787FE002855
:108CF00044D0A68A023600961D230022214636481B
:108D00001FF0F1FD8046002863D032461D21284621
:108D1000FEF7E6F90646002842D00123002211465C
:108D20001FF0A3FAA18A023106F10C00F4F770FFDC
:108D300020F8027BA28A216928F065FCC8F8086047
:108D400041462846FEF7AAFD044600283DD12046AC
:108D500004B0BDE8F081214B1B6813F0060F02D16F
:108D60004FF0FF34F3E71E4B029300200190009078
:108D70000346022219491FF091FBF1E7174B1B68CC
:108D800013F0060F02D16FF01504E0E7154B0293C4
:108D9000019000900346022210491FF07FFBF2E78A
:108DA0000E4B1B6813F0060F05D14046FEF734FC4E
:108DB0006FF00B04CBE70C4B02930190009003463D
:108DC000022206491FF06AFBEFE74046FEF724FC4B
:108DD000BDE76FF00B04BAE70F8404008C2F00206E
:108DE00020BD050038BD050064BD050030B58DB05F
:108DF000002941D005460C464B68002B4CD0474B10
:108E0000D3E8AF3F13F0040F7FD015B16B7B072B76
:108E10007ED160680590FFF743FBADF8180021682C
:108E200000294CD005A8FFF78BFD002873D0059BC7
:108E30006360059B186800238DF82C3042F603030D
:108E4000ADF82E300BA91CF0BCFF48B90598C368DB
:108E50009B7913F0200F37D01FF00AFFADF81800F0
:108E6000002D34D00123A3752246BDF818102846E2
:108E7000FFF72CFF0DB030BD294C40F629432246A8
:108E80002849294819F0C4FC284819F0C1FC40F6CB
:108E90002941204623F0F9FF0B68002BAFD1204C6D
:108EA00040F62A43224622491F4819F0B1FC1F48C8
:108EB00019F0AEFC40F62A41204623F0E6FF0028D8
:108EC000B7D16FF00100D5E76FF01500D2E76FF072
:108ED0007F0307930223ADF8203009940023A37584
:108EE0008DF8283042F60212ADF82A2005AA029227
:108EF000104A0192012200920AAA4FF6FF71BDF8B2
:108F00001800FFF71BFB0798B4E76FF00A00B1E702
:108F10006FF07F00AEE76FF00100ABE76421002047
:108F200030BB05008CBD05006C2B0500E8BB0500BF
:108F300094BD05006593020030B583B0044600F18E
:108F40003005012128461FF03DFB38BB34F8083CB2
:108F5000ADF8043034F8063CADF80630D5E8EF3F04
:108F600023F00103C5E8E23F002AF7D1002024F8EE
:108F7000080C24F8060C164B44F81C3C154B44F81E
:108F8000183C01AB44F8103C042324F80C3CA4F139
:108F90002001FFF72BFF88B103B030BD0E4C40F22B
:108FA000415322460D490E4819F032FC0D4819F084
:108FB0002FFC40F24151204623F067FFD5E8EF3FF8
:108FC00043F00203C5E8E23F002AE5D0F6E700BF20
:108FD00094BF0500AD7E020030BB0500B4BD0500A6
:108FE0006C2B0500E8BD050030B585B0044600F1E6
:108FF0007001007AFEF7C6FD28B3054603890BB958
:10900000438903B32046FCF70DFA2B89144A22F852
:1090100020306B8902EB80025380124D00EB40033D
:1090200005EBC30310495960104999601A61042285
:109030009A8219462046FFF7D9FE20B10C4B1B68D7
:1090400013F0070F01D105B030BD0A4B0293002089
:10905000019000900346012205491FF01FFAF2E734
:109060002C6800204068002094BF0500F5870400AC
:109070008C2F002004BE05002DE9F04385B0064684
:109080001746D2F80080FEF74DFCB0B3F568002417
:1090900005E0284B1B6813F0060F32D10134092C70
:1090A0002BD804EB840305EB43031B89002BF5D07D
:1090B00004EB840305EB4302013215F8131040461C
:1090C0001DF0EDFE0028E9D04FF495723146404680
:1090D0001FF050FE50B10328DBD005281DD04FF003
:1090E000020940461DF0D9FE814519D8294630466F
:1090F0001FF0C8FB104B9D4218D0012005B0BDE801
:10910000F08303960D4B02930020019000900346DC
:10911000022208491FF0C2F9C0E74FF00309E0E757
:109120003B799945BAD987F80490B7E74046FFF7ED
:109130005BFFE2E78C2F0020E029002024BE050021
:10914000F0B585B005460E461446942261681FF0BE
:1091500011FE30BB012261682846FFF74FFC002852
:1091600032D0A28902321B212846FDF7B9FF0746FB
:1091700000283BD0A18902310C30F4F749FD20F8DA
:10918000026BA289A16828F03EFA01236269216975
:1091900038461FF06AF839462846FEF745FB05B009
:1091A000F0BD1B4B1B6813F0060F02D14FF0FF30D0
:1091B000F5E7184B0293002001900090034602222D
:1091C00013491FF06BF9F1E7114B1B6813F0060F01
:1091D00002D16FF01500E2E70F4B0293019000906F
:1091E000034602220A491FF059F9F2E7084B1B68AF
:1091F00013F0060F02D16FF00B00D0E7074B02937C
:10920000019000900346022201491FF047F9F2E75E
:109210008C2F002020BD050038BD050038BE05009C
:1092200030B58DB000293FD004460D464B68002B69
:109230004AD0454BD3E8AF3F13F0040F7BD014B1B5
:10924000637B072B7AD168680590FFF729F9ADF8A1
:109250001800296800294AD005A8FFF771FB0028EB
:109260006FD0059B6B60059B186800238DF82C3030
:1092700042F60303ADF82E300BA91CF0A2FD48B94D
:109280000598C3689B7913F0100F35D01FF0F0FCE0
:10929000ADF81800002C32D02A46BDF81810204630
:1092A000FFF74EFF0DB030BD284C40F64833224644
:1092B0002749284819F0ACFA274819F0A9FA40F6CE
:1092C0004831204623F0E1FD0B68002BB1D11F4C43
:1092D00040F64933224621491E4819F099FA1E48A2
:1092E00019F096FA40F64931204623F0CEFD0028C9
:1092F000B9D16FF00100D5E76FF01500D2E76FF03C
:109300007F0307930122ADF82020099500238DF8F3
:10931000283042F60211ADF82A1005A90291104931
:10932000019100920AAA4FF6FF71BDF81800FFF7ED
:1093300005F90798B6E76FF00A00B3E76FF07F0012
:10934000B0E76FF00100ADE76421002030BB0500FD
:109350008CBD05006C2B0500E8BB050094BD050025
:10936000659302002DE9F04784B007461646FEF7E4
:10937000D9FA002800F0B380FD685A4B9D422DD0E9
:10938000002470E033691A6908EB4800538812889A
:109390002146554C14F82000FEF766FC08F1010840
:1093A000B8F1090FECD808EB48034F4C04EB8304E9
:1093B000013407224D49204628F015F90028EDD048
:1093C00008EB480307222146474810F82300FCF722
:1093D0005BFB0028D6D0FBF79DFEDFE74FF00008CF
:1093E000DEE7FBF797FE3DE04046FBF793FE39E0F2
:1093F0003F4B1B6813F0060F03D14046FBF78AFE74
:1094000030E03C4B02930020019000900346022282
:1094100037491FF043F8F0E704EB840205EB420202
:10942000128912F0020F48D03269B1884046FFF726
:109430004DFC824670B93269937D0133937509E022
:1094400004EB840305EB43031B8913F0010F39D1AF
:109450004FF0000A4046FBF75DFEC6F808A0BAF1DF
:10946000000F38DB0134092C33D804EB840305EBFF
:1094700043031A89B3899A42F4D104EB840305EBC0
:109480004301013115F81300FCF7ACFA80460028BF
:10949000E8D0437B072BA4D12B6F1BB139469847EB
:1094A0000028A1D09422394640461FF063FC814633
:1094B00000289DD1B389022BAED0012BC0D04FF034
:1094C000000AC7E73269B1884046FFF739FE824695
:1094D000C0E74FF00109484604B0BDE8F0874FF0FF
:1094E0000109F8E7E0290020586900205899050093
:1094F0008C2F002020BD050010B584B078B1F1B1EB
:109500000B68E3B1437B072B40D14B683BB3012B86
:109510002BD90B7B33B3FEF7A5FE04B010BD1D4C59
:1095200041F2AD3322461C491C4819F071F91C4820
:1095300019F06EF941F2AD31204623F0A6FC154C2E
:1095400041F2AE3322461749144819F061F9144824
:1095500019F05EF941F2AE31204623F096FCFEF799
:109560006DFEDAE7FEF794FED7E74B895BB901237E
:109570000293022301930A2300930B4B0A460B49E3
:109580001FF0C5F9C9E7FEF799FEC6E76FF07F0047
:10959000C3E700BF30BB0500788005006C2B0500D9
:1095A000E8BB050064BE0500938904000B8E04002F
:1095B0002DE9F04F87B080460D461746B1F8089068
:1095C000B1F80AA05C1EA4B202F1010B2CE0374BEB
:1095D0001B6813F0070F40D0354B02930020019019
:1095E00000900346012231491EF058FF35E0023B4E
:1095F0009BB24A4525D3524523D8298100930BF1CC
:1096000002032A46002140462E68B04728B33B7823
:109610009C423DD32B896A89934231D001332B81FF
:109620003B78E41AA4B29B44002C31D0BBF8001064
:109630008AB2002ACBD03B78A342D8D9A31E9BB2D2
:10964000D7E71A4B1B6813F0060F09D12C680023CB
:1096500000932A460E214046A04707B0BDE8F08F90
:10966000CDF814A0CDF810900392124B0293002075
:1096700001900090034602220C491EF00FFFE5E71F
:109680002C68002100910B462A464046A047E4E79B
:1096900029464046FFF730FF0028DEDA2C68002319
:1096A00000932A460E214046A047D6E78C2F002083
:1096B0007CBE05008CBE0500F8B580B10C460646A0
:1096C000E9B1437B072B63D1FEF7A8FA07460028D0
:1096D00061D0836803B1143B0020054623E0324C7F
:1096E00041F2BB5322463149314819F091F83148D3
:1096F00019F08EF841F2BB51204623F0C6FB2A4CEC
:1097000041F2BC5322462C49294819F081F82948D6
:1097100019F07EF841F2BC51204623F0B6FB01203F
:109720005B6903B1143B3BB1A342F8D0198922898C
:109730009142F5D10125F3E780B3022104F1100035
:109740001EF040FFD8B93DB90023A3811B4A214632
:109750003046FEF7C7FD88B904F1140107F108008F
:109760001EF0BBFD38461EF06CFE68B9CDB1256811
:1097700000231A4621463046A8470020F8BD21465E
:1097800030461FF082FBDEE73846FEF76BFBEDE765
:109790006FF07F00F2E76FF01500EFE76FF0150054
:1097A000ECE70020EAE700BF30BB05007880050049
:1097B0006C2B0500E8BB05008CBD0500CB860400C2
:1097C0002DE9F04784B0824616469846BDF83090A1
:1097D0008C68002C37D0143C14F114050AD065694C
:1097E00045B1143D06E0002D2FD0696901B114394F
:1097F0002C460D465CB32389B342F4D12146504632
:109800001EF024FE0028EED04B464246214650462C
:109810002768B8470028E6D121465046FFF74CFF9D
:109820000028E0D00B4A126812F0060FDBD003903C
:10983000094B029300200190009003460222054943
:109840001EF02CFECFE72546D4E72946D0E704B02A
:10985000BDE8F0878C2F0020F4BE0500F0B58BB07A
:1098600005460C461746FEF7D9F918B306463A46A0
:10987000214607A81BF0F8FBBDF82030042B19D9AE
:10988000042107A8F4F784F902884488BDF8203041
:109890009C420AD80094031D31462846FFF790FFEA
:1098A000214607A8F4F774F9E6E70A4B1B6813F0A2
:1098B000070F01D10BB0F0BD04970394064B029340
:1098C0000020019000900346012202491EF0E6FDAF
:1098D000F0E700BF8C2F002014BF050010B586B044
:1098E0000446049001208DF8140004AB0293144B3D
:1098F00001930022009213464FF6FF71FEF71EFE01
:1099000020461DF0CAFA9DF81410884201D306B013
:1099100010BD20461DF09DFA0028F8D0094A1268B3
:1099200012F0060FF3D00390074B02930020019032
:1099300000900346022203491EF0B0FDE7E700BF96
:10994000799002008C2F002030BF0500F8B5054645
:109950000E4617460A4B1C6804B1043C74B12368D8
:1099600043B13A463146284698476468002CF5D002
:10997000043CF3E7231DF8D11C46EFE7F8BD00BF18
:10998000DC69002070B586B00446049001268DF88D
:109990001460FEF7CDFC04AB02930C4B0193002541
:1099A00000952B462A464FF6FF713046FEF7C6FD5E
:1099B000294620461FF099FA08B106B070BD4FF64F
:1099C000FF713046FEF79EFAF7E700BF799002007C
:1099D00010B584B004460290084B01930022009217
:1099E00013464FF6FF710120FEF7A8FD20461EF03A
:1099F000BAFE20461FF078F804B010BD6D81020059
:109A000042680B4B9A4200D0704783690BB11982B0
:109A1000FAE710B5074C41F68D1322460649074870
:109A200018F0F6FE41F68D11204623F02EFA00BF05
:109A30000B8E040030BB05008CBD05006C2B0500AF
:109A400010B584B006211DF0F7FB044620B1A0F14B
:109A5000EC04204604B010BD074B1B6813F0070F41
:109A6000F7D0064B02930190009003460122024971
:109A70001FF0F8FAEDE700BFB02F0020F4C005009A
:109A800010B584B00023042B1BD803EB430C184AF9
:109A900002EBCC12D2F8EC200AB10133F3E7144800
:109AA00003EB430200EBC212124CC2F8F04003EB8E
:109AB0004303DB01E833034404330B60002004B0AC
:109AC00010BD0D4B1B6813F0070F02D16FF00B0098
:109AD000F5E70390094B02930020019000900346A4
:109AE000012205491FF0BEFA6FF00B00E7E700BF47
:109AF0003849002078C50500B02F002010C10500AE
:109B000038B505460024042C11D804EB4403094859
:109B100000EBC310294604301FF0BDFA08B9013428
:109B2000F1E704EB4404034800EBC41000E000201C
:109B300038BD00BF3849002000F5BC70074B1A68DB
:109B4000074BD0E8EF1F994204D1C0E8EC2FBCF1DD
:109B5000000FF6D1D0E8AF0F704700BF306500208E
:109B60003849002008B5FFF7E7FFC0B10346026897
:109B700032B1416821B1816899B90D49097891B133
:109B80000B49097821B11AB1996809B1012003E0A4
:109B90005B6853B90AB1002008BD0320FCE703202D
:109BA000FAE70420F8E70420F6E70220F4E700BF14
:109BB0004391002010B502460C46037BC17C03EAAA
:109BC000010010F0080F07D0D07A92F812C040EAD6
:109BD0000C0010F0010F0ED1042C0ED80B4313F023
:109BE00004000BD01046FFF7BDFF04EB8404044BC8
:109BF0002344185C02E0052000E0002010BD00BFF7
:109C000018C6050038B50446FFF796FF0546D4F898
:109C1000EC309B7A032B16D007D8013BDBB2012B2B
:109C200001D8012038BD0020FCE7042B09D12046D3
:109C3000FFF798FF032816D0104B1B78DBB90020E4
:109C4000F0E70020EEE72046FFF78CFF032801D065
:109C50000120E7E72DB1EB680BB10120E2E700201E
:109C6000E0E70020DEE725B1EB68002BE4D100201F
:109C7000D8E70020D6E70120D4E700BF43910020B9
:109C800000F5BE70084B1B78D0E8EF2FB2F1FF3F14
:109C900003D1C0E8E13F0029F6D1D0E8AF0F00388A
:109CA00018BF0120704700BFEF2E002038B50546D1
:109CB0000E4B1B788BB101F00F042846FFF752FFC3
:109CC00003280DD044F004042846FFF7D9FF50B113
:109CD00044F0010000F0EF0038BD01F00704ECE7AC
:109CE00004F00B04F0E704F0FE00F3E743910020DA
:109CF00010B588B00446037A052B0ED8DFE803F0D0
:109D0000210303210D49D0F8D83090F8DC20D3404E
:109D100003F0010343F0800314E0204A126812F0BC
:109D2000070F01D1082020E003931D4B0293002070
:109D3000019000900346012218491FF093F9082072
:109D400013E0002304AA009204F1370215490968C0
:109D500004F157001FF03AFE48B910220DEB020142
:109D600004F1170027F03FFCA8B908B010BD0B4B59
:109D70001B6813F0070F01D10820F6E70A4B029386
:109D80000020019000900346012204491FF06AF967
:109D9000F2E70020E9E70420E7E700BFB02F00204A
:109DA00038C10500846A002054C1050030B585B073
:109DB00073B905460C460023EC30FCF749F920B393
:109DC00010F1690F11D02046F3F7CAFD05B030BD80
:109DD000124C40F2327322461149124818F018FD15
:109DE00040F23271204623F050F80F4B1B6813F0FD
:109DF000070FE8D00D4B029300200190009003461E
:109E0000012209491FF02EF9DDE74FF470220023EB
:109E100005F5A4700DF076FDD8E700BF70C1050010
:109E2000A0C105006C2B0500B02F0020A4B70500D1
:109E300070B584B00546047A2246022C09D863B274
:109E40009BBB4CB1284B1B6813F0070F37D1082080
:109E500029E0032CF6D100241022032128461FF00C
:109E60001FFA064600283CD010210C30F3F7D0FE34
:109E70000090234605F1270205F157011B480068B1
:109E80001FF0A4FD40BB00231A4631462846FFF7C9
:109E90008DFF0435D5E8EF3F23F00103C5E8E23F2D
:109EA000002AF7D1002004B070BDD0F8D84090F857
:109EB000DC30DC4004F0010444F08004CCE7039281
:109EC0000B4B0293002001900090034601220649AB
:109ED0001FF0C8F80820E6E73046F3F741FD0820F8
:109EE000E1E70820DFE700BFB02F0020846A0020F0
:109EF00038C1050030B585B00446CB68051DD5E8EE
:109F0000EF2F22F40062C5E8E12F0029F7D118688D
:109F100059689A68DB68C4F81700C4F81B10C4F8C5
:109F20001F20C4F82330237A012B0ED0022B27D117
:109F3000D4E8EF3F43F01003C4E8E23F002AF7D132
:109F40002046FFF775FF05B030BD0A2128461FF0F7
:109F5000A2F858B9D4E8EF3F43F01003C4E8E23F59
:109F6000002AF7D12046FFF763FFECE7D5E8EF3F83
:109F700043F00103C5E8E23F002AF7D10020E2E701
:109F8000094A126812F0070F01D10820DBE703939A
:109F9000064B0293002001900090034601220249E3
:109FA0001FF060F80820CEE7B02F002038C1050070
:109FB00038B5044640220C211FF072F900283ED02B
:109FC000054640210C30F3F723FE1E4B1B68D3F8E7
:109FD00000E0D3F804C09968DA68C0F800E0C0F87F
:109FE00004C08160C260D3F810E0D3F814C099694E
:109FF000DA69C0F810E0C0F814C08161C261D3F81A
:10A0000020E0D3F824C0996ADA6AC0F820E0C0F8EA
:10A0100024C08162C262D3F830E0D3F834C0996BB7
:10A02000DA6BC0F830E0C0F834C08163C26300234B
:10A030001A4629462046FFF7B9FE002038BD082001
:10A04000FCE700BF846A0020F0B591B0044600230D
:10A050000493059306930793037A052B6DD8DFE8E5
:10A0600003F0060303066C61D0F8D830049304F1C2
:10A07000370604F12707D4F8EC3003F17E0204F12F
:10A08000C70504F1470102910195009277333A46E2
:10A09000314604F1970001F001FC002861D104F180
:10A0A0001102D4F8EC3003F17E01773308A8039055
:10A0B00002930191009204AB3246394628461FF0C4
:10A0C000ACFC00285FD1237A052B6ED004F10A0284
:10A0D000D4F8EC3003F177017E330CA8039002939F
:10A0E0000191009204AB3A46314628461FF095FC98
:10A0F00000286CD110220CA904F1B70027F073FAE4
:10A10000002876D108A920461FF0EEF840B90434A3
:10A11000D4E8EF3F43F00203C4E8E23F002AF7D15E
:10A1200011B0F0BDD0F8E430002BA0D004AD186819
:10A1300059689A68DB680FC599E72F4A126812F0D0
:10A14000070F01D10820EBE703932C4B029300206B
:10A15000019000900346012227491EF083FF08204A
:10A16000DEE7254B1B6813F0070F01D10820D7E766
:10A17000234B0293002001900090034601221E49C8
:10A180001EF070FFF2E71C4B1B6813F0070F01D1A4
:10A190000820C5E71B4B0293002001900090034666
:10A1A000012215491EF05EFFF2E7D4F8E03043B11A
:10A1B0000DF1100C186859689A68DB68ACE80F005C
:10A1C00084E7002304930593069307937EE70A4BE5
:10A1D0001B6813F0070F01D10820A1E70A4B029377
:10A1E0000020019000900346012203491EF03AFF2F
:10A1F000F2E70B2094E700BFB02F002038C1050024
:10A20000BCC10500D4C10500F8C1050070B5044605
:10A21000D0F8EC60FFF790FC0546042104F1D8006B
:10A22000F9F786FD00BBD4F8D820104BA3FB02132E
:10A230009B0C0F4901FB1322C4F8D820002384F89B
:10A24000DC307DB12B686BB1231DD3E8EF1F41F4E7
:10A250000061C3E8E21F002AF7D12B68D4F8D810B8
:10A2600030469847002070BD0820FCE783DE1B4382
:10A2700040420F0010B584B0041DD4E8EF3F43F412
:10A280008073C4E8E23F002AF7D111495730FAF74A
:10A29000B5F810B9002004B010BDD4E8EF3F23F4A6
:10A2A0008073C4E8E23F002AF7D10A4B1B6813F021
:10A2B000070F01D10820EEE7074B02930020019021
:10A2C00000900346012203491EF0CCFEF2E700BFD6
:10A2D000AB970400B02F00201CC2050070B584B0FD
:10A2E0000446FFF729FC0546261D0E2130461EF0C8
:10A2F000D2FE38B92022454B196804F1570027F0E7
:10A3000072F968B12046FFF753FE034600285CD17E
:10A31000237A052B65D8DFE803F014382214645B38
:10A320003B4B1B6813F0060F01D108234DE0394B5E
:10A330000293019000900346022235491EF092FEDE
:10A34000F3E7D4E8EF3F43F01003C4E8E23F002A0C
:10A35000F7D12046FFF76CFD034690B335E0204669
:10A36000FFF754FF034680BBD4E8EF3F43F00803F8
:10A37000C4E8E23F002AF7D1D4E8EF3F43F480433A
:10A38000C4E8E23F002A1CD0F6E7D4E8EF3F43F0F0
:10A390000803C4E8E23F002AF7D1D4E8EF3F43F4D2
:10A3A0008043C4E8E23F002AF7D1D6E8EF3F43F408
:10A3B0008063C6E8E23F002AF7D16B68D4F8EC006E
:10A3C000984720461FF085F80346184604B070BD34
:10A3D000D4E8EF3F43F01003C4E8E23F002AF0D096
:10A3E000F6E70B4A126812F0070F01D10823ECE7D9
:10A3F0000393094B02930020019000900346012231
:10A4000003491EF02FFE0823DFE700BF846A002007
:10A41000B02F002038C2050038C1050010B54FF03C
:10A42000FF324FF0FF3314480BF0EAFE48B9134CEB
:10A4300020460DF091FBA4F114000BF0F9FF68B970
:10A4400010BD0F4C41F2292322460E490E4818F048
:10A45000DFF941F22921204622F017FD084C41F294
:10A460002E2322460749084818F0D2F941F22E213E
:10A47000204622F00AFD00BF6C2A0020802A00201E
:10A4800070C10500885B05006C2B050038B50446DB
:10A49000EC22002127F0DEF8102104F12700F9F763
:10A4A00047FC054668B9D4E8EF3F43F02003C4E811
:10A4B000E23F002AF7D1F9F793FF034B18602846D3
:10A4C00038BD0825FBE700BF846A0020F8B50446C4
:10A4D0000D46D0F8EC70FFF72FFBED68EB78102BF2
:10A4E00040F0B280D7F8A030002B00F09280261DFB
:10A4F0000F2130461EF0CFFD28B92046FFF7C6FFDA
:10A50000002840F09280012363722B68C4F80A305F
:10A51000AB88E38102232374A9782046FFF7C6FBAA
:10A52000E0742046FFF71EFB6074102323752B791F
:10A5300003F0030363756B7903F00303A375E37CF6
:10A5400013F0080F13D0AB7813F0080F0FD0D6E834
:10A55000EF3F43F02003C6E8E23F002AF7D1637DD6
:10A5600003F002036375A37D03F00203A3750521C5
:10A5700030461EF090FD002859D0364B1B78A3744E
:10A58000E37C13F0200F0BD0AB7813F0200F07D033
:10A59000D6E8EF3F43F48013C6E8E23F002AF7D144
:10A5A000E37C13F0010F03D0AB7813F0010F42D11D
:10A5B00000236375A375A37D84F8E830637D84F878
:10A5C000E930D6E8EF3F43F00803C6E8E23F002A4F
:10A5D000F7D129782046FFF7EDFA2072D7F8A010BE
:10A5E00020461EF0A2FD88B320461EF0CCFD60BBC5
:10A5F000052130461EF04FFD50B3D4E8EF3F43F441
:10A600008053C4E8E23F002AF7D120461EF0B0FE96
:10A610001BE007F17001387A00F018FFC7F8A000BE
:10A6200000287FF464AF08200FE0C0B20DE00A4BB1
:10A630001B78A374A4E7D6E8EF3F43F40053C6E8C1
:10A64000E23F002AB7D0F6E70620F8BD0320FCE77A
:10A650000320FAE7459100204491002070B584B0B2
:10A66000D0F8EC50D5F8A0303BB1044690F8E800A3
:10A6700010F0020018D104B070BD3B4B1B6813F002
:10A68000070F01D10820F6E705F17000F5F7E8FCA7
:10A690000390364B02930020019000900346012264
:10A6A00031491EF0DFFCEDE71022082120461EF0A4
:10A6B000F7FD0646B0B310210C30F3F7A9FA2A7A59
:10A6C00017322B4B03EB0213D3F804C09968DA68F6
:10A6D0001B69C0F800C041608260C36000231A4655
:10A6E00031462046FFF762FB0722092120461EF073
:10A6F000D7FD064638B307210C30F3F789FA2B7AD9
:10A70000C3EBC3031A495A18CB5803609188937955
:10A71000818083710023174A31462046FFF746FBAC
:10A720000020A8E7104B1B6813F0070F01D1082089
:10A73000A1E7114B029301900090034601220A49C0
:10A740001EF090FCF3E7084B1B6813F0070F01D1D4
:10A75000082090E7094B02930190009003460122E4
:10A7600001491EF07FFCF3E7B02F002054C2050022
:10A7700090200020319904006CC2050094C20500AD
:10A7800030B585B004460D46FFF7D6F9EB6804F105
:10A790005705D3F800C058689968DA68C4F857C0FC
:10A7A000C4F85B00C4F85F10C4F86320D3F810C08D
:10A7B00058699969DA69C4F867C0C4F86B00C4F8CD
:10A7C0006F10C4F87320D3F820C0586A996ADA6A07
:10A7D000C4F877C0C4F87B00C4F87F10C4F88320A5
:10A7E000D3F830C0586B996BDA6BC4F887C0C4F8E3
:10A7F0008B00C4F88F10C4F893202846F9F728FD81
:10A8000038B3244B1B6803F00703022B14D8231D15
:10A81000D3E8EF1F41F48041C3E8E21F002AF7D1DB
:10A8200020461EF06BFE90B11B4B1B683BB32046CD
:10A83000FFF754FD05B030BD184B02930020019086
:10A8400000900346032213491EF00CFCDFE70320AF
:10A85000F0E72846F9F708FD0028E5D10D4B1B6805
:10A8600013F0060F01D10A20E4E70D4B029301908B
:10A8700000900346022207491EF0F4FBF3E704347C
:10A88000D4E8EF3F43F04003C4E8E23F002AF7D1A9
:10A890000020CFE7B02F0020846A0020C0C205004E
:10A8A000E4C2050070B584B004460D460D210430A5
:10A8B0001EF0F1FBB8B1ED68D4F8EC3003F170068E
:10A8C0003246197A022000F06FFF0346B0B12E68BD
:10A8D0006868A968EA68C3F82A60C3F82E00C3F85C
:10A8E0003210C3F83620D4E8EF3F43F40073C4E8D5
:10A8F000E23F002AF7D1002004B070BD0A4B1B686C
:10A9000013F0070F01D10820F6E73046F5F7A8FB52
:10A910000390064B02930020019000900346012211
:10A9200001491EF09FFBEEE7B02F002000C3050099
:10A9300030B585B090F8E93013F002040DD10D4622
:10A940000846F8F749FA00B31A4B1B6813F0060FD4
:10A9500010D10324204605B030BD174C40F63273A9
:10A9600022461649164817F053FF40F6327120462A
:10A9700022F08BFA134B02930020019000900346C3
:10A9800002220C491EF06EFBE3E72846F8F724FA92
:10A9900018B92846F8F732FADCE7074C40F64E7350
:10A9A00022460949064817F033FF40F64E7120460B
:10A9B00022F06BFAB02F002070C105001CC3050007
:10A9C0006C2B050038C3050074C3050070B586B054
:10A9D00004460D46FFF7B0F80646EB681D68586858
:10A9E0009968DB68C4F83750C4F83B00C4F83F10DE
:10A9F000C4F84330237A052B00F29980DFE803F096
:10AA000020383803976F04F1370205AB009304F147
:10AA100027035549096804F1570000F0A9FF0028F1
:10AA200040F09980231DD3E8EF1F41F48061C3E813
:10AA3000E21F002AF7D1B3680599D4F8EC009847D3
:10AA4000D4E8EF3F43F40053C4E8E23F002AF7D1D3
:10AA5000231DD3E8EF1F41F48031C3E8E21F002A31
:10AA6000F7D120461EF061FC0546284606B070BDB1
:10AA70002046FFF73DF905460028F6D1D4E8EF3F20
:10AA800043F00803C4E8E23F002AF7D120461EF055
:10AA90004CFC05460028E8D194F8DC300133DBB2E9
:10AAA00084F8DC30142B08D0102104F12700F9F7CA
:10AAB0003FF90028D9D00825D7E7D4E8EF3F43F481
:10AAC0000053C4E8E23F002AF7D10434D4E8EF3F52
:10AAD00043F48033C4E8E23F002AC6D0F6E71021F1
:10AAE00004F12700F9F724F9002836D1002E36D0DA
:10AAF000F368002B35D01D4B1B88ADF8103004A92E
:10AB000020461EF097FA0025C4F8E050C4F8E4503F
:10AB1000231DD3E8EF1F41F48051C3E8E21F002A50
:10AB2000F7D1F36804A9D4F8EC0098479DE7104AE0
:10AB3000126812F0070F01D1082596E703930D4B19
:10AB400002930020019000900346012208491EF064
:10AB500089FA082589E7082587E7082585E702257A
:10AB600083E7022581E700BF846A002008280500EA
:10AB7000B02F002038C1050038B50446A0F1EC051F
:10AB80000C495C300CF08CFD28461EF029FB04F1CA
:10AB90008C03094AD3E8EF1FC3E8E02F0028F9D15E
:10ABA00090344FF0FF33D4E8EF2FC4E8E13F0029A1
:10ABB000F9D138BD59B2020038490020F0B585B04E
:10ABC0000646D0F8EC50D5F8A0306BB30846002903
:10ABD0003DD01EF0D5F90746D5F8A0306BB11B7BF0
:10ABE00023B10221301D1EF056FA30B1D5F8A00075
:10ABF00000F002FE0023C5F8A030341D02212046DB
:10AC00001EF049FA002841D0032120461EF043FAE5
:10AC1000002856D0334B1A68002A40D052F80C490D
:10AC2000002C41D00C3C3FE02F4B1B6813F0060F6B
:10AC300001D10820CDE72D4B029300200190009018
:10AC40000346022228491EF00DFA0820C1E70D2113
:10AC5000301D1EF020FA0746224B1A6822B152F826
:10AC60000C4934B10C3C04E0144602E02346224671
:10AC70001C4632B3136813B1394628469847002C56
:10AC8000F4D0E368002BF2D00C3BF0E738461EF01E
:10AC9000AFF901463A462846FAF728FEB4E71446CB
:10ACA00002E0234622461C465AB1536813B1394686
:10ACB00028469847002CF4D0E368002BF2D00C3BD8
:10ACC000F0E730461EF08CFA6B7B072B01D005B005
:10ACD000F0BD6A7AAB7A9A42F9D028461EF05BFD45
:10ACE000F5E700BF28650020B02F002094C30500C1
:10ACF000F0B585B004460D46071D022138461EF00A
:10AD0000CAF920B1B4F8E830F3B1002600E000261B
:10AD1000032138461EF0BFF920B9012138461EF044
:10AD2000BAF998B129462046FFF748FF06B31F4BF2
:10AD30001B6813F0060F10D10521D4F8EC00FAF7C8
:10AD4000FBFB002005B0F0BD0126E1E70F213846EE
:10AD50001EF0A1F90028E9D0E4E7154B029300208A
:10AD6000019000900346022210491EF07BF9E3E7B0
:10AD70000122052120461EF093FA064690B10121DA
:10AD80000C30F2F745FF057000231A46314604F1F6
:10AD9000EC00FBF75DF90028D4D03046F2F7E0FD77
:10ADA0000020CFE76FF06800CCE700BFB02F002095
:10ADB000C0C3050030B585B00446184B1860FFF7D6
:10ADC0002DFB0CB1002412E0154B1B6813F0060F8D
:10ADD00001D105B030BD134B0293002001900090CB
:10ADE000034602220E491EF03DF9F2E70134042C1D
:10ADF000EFD804EB44030C4D05EBC3150621281DC9
:10AE00001EF049F90028F1D02846FFF767FA0146FD
:10AE10000028EBD02846FFF76BFFE7E7846A0020A5
:10AE2000B02F002018C4050038490020F0B587B0C5
:10AE30000B8A93B9594B1B6813F0070F02D10020FE
:10AE400007B0F0BD564B02930020019000900346DE
:10AE5000012252491EF006F9F1E704460D46A0F121
:10AE6000EC07012105F10C00F2F792FE06460421E1
:10AE7000A4F1E8001EF00FF9F8B931780E292ED8A8
:10AE8000484B53F83130002B3AD0A4F1EC001EF0BF
:10AE9000EFF900284AD0298A3278424B03EBC203EB
:10AEA0001B7999426BD03D4B1B6813F0070F59D1AA
:10AEB0000A213846FFF71CFFC1E7384B1B6813F027
:10AEC000060FBCD033780393374B029300200190D8
:10AED00000900346022231491EF0C4F8AFE72F4B21
:10AEE0001B6813F0060FAAD00391304B0293002089
:10AEF000019000900346022228491EF0B3F89EE715
:10AF0000264B1B6813F0060F04D107213846FFF7C4
:10AF1000EFFE94E70391264B0293002001900090EE
:10AF2000034602221D491EF09DF8EEE71B4B1B68ED
:10AF300013F0060F0AD138461EF04CF900283FF4F2
:10AF40007EAF08213846FFF7D3FE78E733780393C6
:10AF5000184B029301900090034602220F491EF005
:10AF600081F8E8E704920391134B029300200190CB
:10AF700000900346012209491EF074F898E7094B36
:10AF800053F83230294638469847014600283FF4A6
:10AF900056AF3846FFF7ACFE51E700BFB02F002098
:10AFA00034C40500A0C5050050C4050084C40500D4
:10AFB000A8C40500C4C40500A8B805002DE9F041E7
:10AFC00086B00446D0F8EC60CD6890F8E93023F004
:10AFD000020380F8E9302B7823B1AB7903F0C0038A
:10AFE000C02B33D106F1700707222946384626F0D8
:10AFF000FAFA78B12946307A00F08AFB804648B1E7
:10B00000014620461EF091F8002800F0A980404635
:10B0100000F0F2FB0D21201D1EF03DF8002840D16C
:10B0200094F8E93013F0040F07D0D4E8EF3F43F46D
:10B030008063C4E8E23F002AF7D1B4F8E830002B7F
:10B0400000F08880002006B0BDE8F081454B1B6809
:10B0500013F0070F06D1434B1B6813F0070F10D1F5
:10B060000A20F0E72846F4F7FBFF03903E4B0293DB
:10B07000002001900090034601223A491DF0F2FFA2
:10B08000E9E706F17000F4F7EBFF0390374B02930A
:10B090000020019000900346012232491DF0E2FF9A
:10B0A000DEE73A46317A022000F07EFB804690B11E
:10B0B000F37833BB06F17E031A78012A04D19A791A
:10B0C00002F0C002402A1FD041462046FFF730FC64
:10B0D0000028A5D0B7E7234B1B6813F0070F01D159
:10B0E0000820B0E73846F4F7BBFF0390204B0293EB
:10B0F000002001900090034601221A491DF0B2FF82
:10B10000EEE706F17703D7E7D3F80120C8F83A2035
:10B11000B3F80530A8F83E3096F87030002BD3D045
:10B1200096F8763003F0C003C02BCDD00497059578
:10B1300004AA10490120FAF749F92B68C8F8013030
:10B14000AA88AB79A8F8052088F807303046FAF7C6
:10B150007DFBB9E700212046FFF730FD002072E7B4
:10B16000082070E7B02F0020E0C40500F4C40500FB
:10B1700000C305001D9204002DE9F04184B004468F
:10B180000E46D0F8EC80FEF7D7FC0546F668164B65
:10B190001B6813F0070F12D1271D0A2138461EF035
:10B1A00067F8C8B11DB12B690BB14046984731789B
:10B1B0002046FFF703FD002004B0BDE8F08133789E
:10B1C00003930A4B02930020019000900346012252
:10B1D00005491DF047FFDFE70B2138461EF048F810
:10B1E0000028E4D0DEE700BFB02F0020FCC405003B
:10B1F0008378012B00D0704710B50C4606211BF058
:10B20000CBFF034658B1EC3813F8042CE14349B2A4
:10B210000A4003F8042C33F8043C83B110BD0A4CF7
:10B2200040F2BD2322460949094817F0F1FA0948BE
:10B2300017F0EEFA40F2BD21204621F026FE002153
:10B24000FFF7BCFCEAE700BF70C10500C8B7050006
:10B250006C2B050020C5050030B585B00446A0F56F
:10B26000A475104B1B6813F0070F0FD10821284657
:10B27000FFF7A4FCA4F5A274D4E8EF3F43F0100359
:10B28000C4E8E23F002AF7D105B030BD064B029377
:10B290000020019000900346012202491DF0E2FEC9
:10B2A000E4E700BFB02F002038C50500F0B585B039
:10B2B0000446FEF7C5FB002844D00546061D0321C1
:10B2C00030461DF0E8FE00283CD0D4F8A00008B1BC
:10B2D00000F092FA04F170073946207A00F0B6F8CF
:10B2E000C4F8A00080B30E2130461DF0D4FE28B172
:10B2F000D4F8A020537B43F0020353732B7A032B23
:10B300003BD9053BDBB2012B3AD8D4F8A020537BC4
:10B3100043F020035373D4F8A020537B43F0010380
:10B320005373D4F8A07028461DF05BFE38730521D6
:10B3300030461DF0B0FE80BBD4F8A020537B23F034
:10B340001003537305B0F0BD2A4B1B6813F0070FB1
:10B3500004D108212846FFF7CBFCF3E73846F4F781
:10B360007FFE0390244B029300200190009003463F
:10B37000012220491DF076FEEBE75BB2002BCAD11B
:10B38000D4F8A020537B23F020035373D4F8A020DB
:10B39000537B23F001035373C3E7D4F8A020537BFE
:10B3A00043F0100353730D2130461DF074FE002846
:10B3B000C8D02021D4F8A00000F0DCF9D4F8A030E7
:10B3C000D5F84760D5F84B00D5F84F10D5F8532085
:10B3D000C3F81A60C3F81E00C3F82210C3F8262071
:10B3E000D4F8A020002313615361D4F8A020138364
:10B3F000A8E700BFB02F002000C3050000B585B04E
:10B400001DF0BCFD0D4B187030B10D48F8F784FFEE
:10B41000002005B05DF804FB0A4B1B6813F0070F12
:10B4200002D16FF00100F4E7074B02930190009006
:10B430000346012203491DF015FEF2E74391002067
:10B44000882A0020B02F002044C505002DE9F843CC
:10B4500021B1054689460526002413E0214C5E23D0
:10B4600022462149214817F0D3F95E21204621F0D8
:10B470000CFD384607224946013026F0B4F858B989
:10B480001BE00134A046042C14D8A301184A02EB97
:10B490008417D35C9D42ECD0052EF2D1144800EB0A
:10B4A000841007221349013026F09DF80028E8D1C6
:10B4B0004646E6E7042E03D900273846BDE8F88360
:10B4C000B2010B4B03EB86179D54D9F80030C7F837
:10B4D0000130B9F8042099F80630A7F80520FB716F
:10B4E000EBE700BF3CC605006CC605006C2B0500F1
:10B4F000886A002058990500F0B583B021B105464F
:10B5000016460F4600240BE0154CA523224615498C
:10B51000154817F07DF9A521204621F0B6FC01342D
:10B52000042C1AD8114B03EB8413DB89002BF6D0C3
:10B53000A3010E4AD35CAB42F1D102EB8413D3F8E2
:10B5400001000090B3F80520DB79ADF804208DF8F8
:10B55000063031466846B847E1E703B0F0BD00BFAA
:10B560003CC6050080C605006C2B0500886A0020DB
:10B57000F8B521B1054616460F4600240BE00D4CE8
:10B58000BC2322460C490D4817F042F9BC21204645
:10B5900021F07BFC0134042C0BD8094B03EB841302
:10B5A000DB891D42F6D03146054800EB8410B847D0
:10B5B000F0E7F8BD3CC6050080C605006C2B050011
:10B5C000886A0020F8B522B105460E4617460024C9
:10B5D0000BE0144CC92322461349144817F018F9FC
:10B5E000C921204621F051FC0134042C17D8104BFE
:10B5F00003EB8413DB891D42F6D0A3010C4AD35C14
:10B60000B342F1D102EB841007223946013025F014
:10B61000EAFF0028E8D1064800EB841000E0002093
:10B62000F8BD00BF3CC605006CC605006C2B0500CC
:10B63000886A0020F8B559B106460D460B78012BF3
:10B640005BD18B7903F0C003402B0CD100240DE0BB
:10B650002B4CF22322462B492B4817F0D9F8F22124
:10B66000204621F012FC002048E00134042C19D8B7
:10B67000264B03EB8413DB8913F0020FF5D0A301F3
:10B68000224AD35CB342F0D1A101383111440622E1
:10B690000231681C25F0A7FF0028E6D11B4800EB0B
:10B6A00084102BE0002400E00134042C23D8174B35
:10B6B00003EB8413DB8913F0020FF5D0A301134AC7
:10B6C000D35CB342F0D1A001283010446F1C39463E
:10B6D00002301AF039FB0028E6D0A00100F138034F
:10B6E0000A4A1344D5F80110C3F80210B5F8051042
:10B6F000D980104402E0002000E00020F8BD00BF27
:10B700003CC605006CC605006C2B0500886A00204D
:10B7100070B519B105460E4600240DE0114C40F2FB
:10B72000231322461049114817F072F840F22311F2
:10B73000204621F0AAFB0134042C11D8A3010C4AA5
:10B74000D35CAB42F7D102EB8410072231460130C3
:10B7500025F049FF0028EED1054800EB841000E0F9
:10B76000002070BD3CC605006CC605006C2B0500B2
:10B77000886A002018B1C2891143C181704710B591
:10B78000064C40F2331322460549064817F040F8AC
:10B7900040F23311204621F078FB00BF3CC6050083
:10B7A00094C605006C2B0500F8B542B105460C4661
:10B7B0001746FFF707FF064660B13046F8BD0B4C51
:10B7C000DB2322460A490B4817F022F8DB212046EA
:10B7D00021F05BFB39462046FFF738FE064600287D
:10B7E000EBD02946FFF7C6FFE7E700BF3CC60500E0
:10B7F0006CC605006C2B050010B550B10446037AE9
:10B8000013F0040F12D140220021204625F022FF20
:10B8100010BD084C4FF49D7322460749074816F0A7
:10B82000F7FF4FF49D71204621F02FFBF7F7BAFB8D
:10B83000E9E700BF3CC6050094C605006C2B050077
:10B84000884202D98B18834204D9884205D28318D2
:10B850008B4202D8531E194415E010B50B4C40F230
:10B86000B12322460A490B4816F0D2FF0A4816F0C7
:10B87000CFFF40F2B121204621F007FB11F801393A
:10B8800000F8013B013A002AF8D170477CAA050074
:10B89000B0AA05006C2B050008AB0500F0B59BB005
:10B8A00086460F4616461D460DF1300C2E4C0FCC29
:10B8B000ACE80F000FCCACE80F000FCCACE80F00E9
:10B8C00094E803004CF8040B8CF800102022714619
:10B8D0006846FFF7B5FF08AB20226946234800F011
:10B8E00083F8044610B120461BB0F0BD1022394643
:10B8F0000DF13500FFF7A4FF102231460DF1450090
:10B90000FFF79EFF294611F8013B8DF855300622BE
:10B910000DF15600FFF794FF209911F8013B8DF8C7
:10B920005C3006220DF15D00FFF78AFF219B352276
:10B930000CA908A800F058F804460028D3D110211B
:10B9400021981EF02DF801238DF83030229B3522EE
:10B950000CA908A800F048F804460028C3D110211B
:10B9600022981EF01DF8BEE70C280500B0C60500A1
:10B97000F0B599B00F4615461E461E9C2022014682
:10B9800004A8FFF75DFF202239460CA8FFF758FFF7
:10B990001022314614A8FFF753FF102229466846AB
:10B9A000FFF74EFF6B46502204A9684600F01CF8D2
:10B9B000A0B9039A2260130A03F47F4343EA126397
:10B9C000110201F47F010B4343EA0263044AA2FB24
:10B9D0000312920C034901FB1232226019B0F0BD30
:10B9E00083DE1B4340420F002DE9F0418EB0054637
:10B9F0000E46174698460024069407940894099426
:10BA00000A940B940C944FF41053ADF81830802323
:10BA1000ADF81A304FF44063049304A81EF04FF8B9
:10BA2000049B0893224B09930DAB1022294606A8CC
:10BA300024F0DAFDA0B905AB029310230193CDF8F1
:10BA400000803B4632461A490D9824F0FCFE04461D
:10BA50000D9810F029F8BCB9B0B90EB0BDE8F0816E
:10BA6000144A126812F0070F02D16FF00400F4E7D5
:10BA70000390114B02932046019400942346012227
:10BA80000C491EF02BF8F0E70A4B1B6813F0070F68
:10BA900002D16FF00400E0E70394084B029300200A
:10BAA000019000900346012202491EF017F8F0E7CA
:10BAB0000002C0037C2F002078AB0500CCC6050037
:10BAC00021B1012907D06FF0850070470020054B98
:10BAD000C3F800057047034B0122C3F8002500207E
:10BAE000704700BF00E00050074B0122C3F800255B
:10BAF00090F8863013B1044BDA607047024B012294
:10BB00001A605A60704700BF00E0005069B938B54C
:10BB1000064CD4F82C56D4F8341689B274301EF082
:10BB200038F80544C4F82C5638BD704700E0005082
:10BB30004268044B93F8A8301A4214BF0120002039
:10BB4000704700BF5022002010B444680D4B93F89A
:10BB5000A8100D4BD3F82C06012302E002305B0045
:10BB60009BB299420BD3E2B21A42F8D01942F5D0F7
:10BB7000B0F90020002AF1DA00220280EEE75DF839
:10BB8000044B70475022002000E00050027CA2F1DC
:10BB90000803062B0DD8DFE803F0260C280C040C54
:10BBA0000A000222124BC3F8F0250020704703223E
:10BBB000F8E7104B1B6813F0070F02D16FF0150068
:10BBC000704700B585B003920B4B029300200190A3
:10BBD00000900346012207491EF04DF86FF0150052
:10BBE00005B05DF804FB0022DCE70122DAE700BFC4
:10BBF00000E000505C2F0020F4C6050000B585B0C1
:10BC0000012901D9437C4BB9437C082B19D8DFE8C3
:10BC100003F02B2B2B2B2B2B2B2B2B00174B1B68C9
:10BC200013F0070F02D16FF0150021E0144B0293BF
:10BC30000020019000900346012210491EF01BF8DD
:10BC4000F1E70E4A126812F0070F14D003930D4B60
:10BC500002930020019000900346012207491EF044
:10BC60000AF86FF0150003E0074AC2F8F435002027
:10BC700005B05DF804FB6FF01500F9E75C2F0020BC
:10BC80001CC7050050C7050000E0005010B586B085
:10BC900004461DF07EFF236813B19B8903FB00005F
:10BCA000E368834202D3002006B010BD0A4A12683E
:10BCB00012F0070F02D16FF00B00F5E70490039329
:10BCC000064B029300200190009003460122024996
:10BCD0001DF0D1FFEFE700BF5C2F002074C7050007
:10BCE000F0B587B000230493CDF813300D7905F03B
:10BCF0001F058E79072D00F2AA800C460B780C2BBD
:10BD000030D8DFE803F00A07172F1B2F1F2F2F2330
:10BD1000272F2B0001238DF812306378032B36D0A8
:10BD2000042B37D04B4B1B6813F0070F60D16FF01B
:10BD300015075AE002238DF81230EEE703238DF841
:10BD40001230EAE704238DF81230E6E705238DF878
:10BD50001230E2E706238DF81230DEE707238DF874
:10BD60001230DAE73B4B1B6813F0070F02D16FF07C
:10BD700015073AE0384B02930020019000900346EB
:10BD8000012234491DF077FF6FF015072DE00123E4
:10BD90008DF8133005A960881DF0FDFE07460028C8
:10BDA00033D1237913F0200F42D001238DF81530C1
:10BDB0002A4890F8A820217901F01F018B4022EA3F
:10BDC000030380F8A8306279244B2B4483F8A02029
:10BDD000234C04AA294620461DF095FE51352B011F
:10BDE00004EB05150022E2506E60384607B0F0BD46
:10BDF0001C4B02930020019000900346012215493C
:10BE00001DF039FF6FF01507EFE7124B1B6813F0B9
:10BE1000070F02D16FF01507E7E7134B02930020DD
:10BE200001900090034601220A491DF024FFF1E72A
:10BE300000238DF81530094890F8A830217901F0D9
:10BE40001F0101228A40134380F8A830BBE76FF03E
:10BE50001507CAE75C2F00209CC705005022002070
:10BE600000E00050BCC70500E0C7050010B582B077
:10BE700000F10804D0F88800410CC003084BC0183A
:10BE8000084A4FF0000341F10001E2F707F8009083
:10BE900001910022002320460EF0FCF802B010BDF4
:10BEA0003F420F0040420F00F0B585B04E68731E50
:10BEB000FE2B03D80D4600231C4638E0404B1B6880
:10BEC00013F0070F02D16FF0150358E03D4B0293BA
:10BED0000020019000900346012239491DF0CBFE5D
:10BEE000F1E7374B1B6813F0070F02D16FF0150312
:10BEF00045E00392344B02930020019000900346EA
:10BF000001222F491DF0B7FEF0E7304901EB031085
:10BF1000D0F8182522F08072C0F8182503F15102DC
:10BF20001201002088500133DBB2072B22D81A46B9
:10BF300026FA03F111F0010FE7D02549194491F8D1
:10BF4000A070002FCDD0697C003918BF0121DFF827
:10BF50007CC00CEB031EDEF8180520F0807040EA70
:10BF60000160CEF81805513212014CF8027001340C
:10BF7000E4B2D8E72846FFF709FE034610B1184699
:10BF800005B0F0BD21462846FFF738FE03460028DD
:10BF9000F5D121462846FFF779FE03460028EED169
:10BFA000AA680A4BC3F82C26C3F83046084C294629
:10BFB00020461DF06FFE20461DF050FE0346DEE7D2
:10BFC0005C2F00200CC805002CC8050000E00050C4
:10BFD0005022002070B504460D46084E002211463E
:10BFE00030461DF032FE29462046FFF75DFF04462D
:10BFF00006F140000AF072FC204670BD502200207D
:10C0000038B504460E4B0025C3F80451D3F804217B
:10C01000C3F81051D3F810211222C3F804230E20C4
:10C0200018F0D8FE2A4601210E20F0F74BFA0548F9
:10C030001DF05BFE044920461DF099FD38BD00BF90
:10C0400000E0005050220020C1BA0200164BD3F885
:10C050000431C3B110B50446134B0022C3F80421C8
:10C06000D3F8041101219960C3F800250F48FFF7A8
:10C070005FFD20B921460E481DF03FFE10BD0B4864
:10C08000FFF762FDF6E7084BD3F8103153B1064BCA
:10C090000022C3F81021D3F8102101229A601A60FF
:10C0A0005A607047704700BF00E00050C422002073
:10C0B00050220020F0B585B00E460769097E04299C
:10C0C00017D0102917D0012916D0234A126812F070
:10C0D000070F02D16FF0220426E003911F4B029359
:10C0E000002001900090034601221B491DF05BFED9
:10C0F000F0E7022100E0052106F10C0018F0DAFF5C
:10C100000025032D0DDC328AF168381DEAF7C0FBEB
:10C11000044610F10C0F04D14B2023F078FA0135BE
:10C12000EFE7002C06DB00243046F1F719FC20462F
:10C1300005B0F0BD084B1B6813F0070FF4D0039453
:10C14000074B029300200190009003460122024910
:10C150001DF029FEE8E700BF942F002074C80500F9
:10C1600084C80500F0B589B0012913D906460F46E9
:10C170001DF00DFE044636F8023BADF81C30023FC0
:10C18000B7EB132F2BD0374B1B6813F0070F13D1CE
:10C1900000254DE0334B1B6813F0070F01D100253C
:10C1A00046E0314B029300200190009003460122AB
:10C1B0002C491DF0F8FDF2E72C4B02930020019072
:10C1C00000900346012227491DF0EDFDE0E7002223
:10C1D00000232146F4F718F8054640B1BDB99DF893
:10C1E0001C00002CF3D14FF4A0220023F1E7FCB98E
:10C1F0001C4B1B6813F0060FF0D01D4B02930190EF
:10C2000000900346022217491DF0CDFDE6E705F137
:10C210000C04022207A9204618F05CFF204618F003
:10C2200050FFB84207D33A463146204618F052FF35
:10C23000284609B0F0BD0B4B1B6813F0070F04D163
:10C240002846F1F78DFB0025F2E704900397094B90
:10C2500002930020019000900346012201491DF045
:10C26000A2FDEDE7942F00209CC80500C0C8050082
:10C27000E4C805001CC90500F0B589B0032922D91E
:10C2800005460C46002200230820F3F789FF0646E6
:10C2900068B355F8043B0793043C00F10C070422F3
:10C2A00007A9384618F016FFBDF81E30A3422ED15C
:10C2B000384618F006FF84423ED8224629463846C2
:10C2C00018F008FF05E0284B1B6813F0070F03D197
:10C2D0000026304609B0F0BD244B029300200190A7
:10C2E00000900346012220491DF05DFDF0E71E4B42
:10C2F0001B6813F0070FECD01D4B02930020019038
:10C3000000900346012218491DF04DFDE1E7164B50
:10C310001B6813F0070F04D13046F1F721FB00260C
:10C32000D7E7144B029300200190009003460122AE
:10C330000D491DF038FDEFE70B4B1B6813F0070F9D
:10C3400004D13046F1F70CFB0026C2E704900394B9
:10C35000094B0293002001900090034601220249FC
:10C360001DF021FDEDE700BF942F002040C905001E
:10C3700060C905007CC905001CC90500F0B589B07D
:10C38000032927D905460C46002200232020F3F775
:10C3900007FF064690B355F8043B0793043C00F1B1
:10C3A0000C07042207A9384618F094FE394B0022E6
:10C3B0001A60BDF81E30C3F30D03A3423ED13846C8
:10C3C00018F07FFE84424ED822462946384618F09F
:10C3D00081FE05E0304B1B6813F0070F03D10026E8
:10C3E000304609B0F0BD2D4B029300200190009023
:10C3F0000346012228491DF0D6FCF0E7254B1A68B8
:10C40000274BA3FB02135B09642101FB132323B910
:10C41000214B1B6813F0070F04D11E4A1368013328
:10C420001360DDE703921F4B029300200190009000
:10C430000346012218491DF0B6FCEEE7164B1B68B7
:10C4400013F0070F04D13046F1F78AFA0026C7E748
:10C45000154B0293002001900090034601220E49E3
:10C460001DF0A1FCEFE70C4B1B6813F0070F04D184
:10C470003046F1F775FA0026B2E7049003940B4BAF
:10C4800002930020019000900346012202491DF012
:10C490008AFCEDE7C86B0020942F0020A0C905009E
:10C4A0001F85EB51C0C90500E0C905001CC9050086
:10C4B00030B585B004460569084610F8013B511EA9
:10C4C000042B14D0052B1FD0022B19D0104A126850
:10C4D00012F0070F12D003930E4B0293002001902D
:10C4E0000090034601220A491DF05DFC06E0FFF7BB
:10C4F00039FE014611B12B682046984705B030BD82
:10C50000FFF7BAFE0146F5E7FFF738FF0146F1E70E
:10C51000942F002004CA050070B584B00E4605694A
:10C52000002000F0EBF8A0B10446314B1B6813F07B
:10C53000070F02D1204604B070BD03902D4B02932B
:10C540000020019000900346012229491DF02BFC98
:10C55000F0E7E86BEAF79EF8044698B110F1780F1F
:10C5600010D0234B1B6813F0070FE3D00390224B2E
:10C570000293002001900090034601221C491DF007
:10C5800012FCD7E705F10C02291DE86BEAF7F2F877
:10C59000044680B1164B1B6813F0070FCAD00390F6
:10C5A000164B02930020019000900346012210498F
:10C5B0001DF0F9FBBEE705F124004FF480320023A3
:10C5C0000AF004FA044608B92E60B3E7084B1B686A
:10C5D00013F0070FAED00390094B02930020019097
:10C5E00000900346012202491DF0DDFBA2E700BFD7
:10C5F000942F002018CA050040CA050070CA050023
:10C6000094CA050030B585B00569281DEAF7F0F831
:10C61000A0B10446214B1B6813F0070F02D120463E
:10C6200005B030BD03901E4B029300200190009096
:10C630000346012219491DF0B6FBF0E7E86BEAF763
:10C6400061F8044680B1154B1B6813F0070FE6D064
:10C650000390144B029300200190009003460122A6
:10C660000E491DF0A0FBDAE700201DF0B9FB0446DF
:10C6700010B900232B60D2E7084B1B6813F0070F9B
:10C68000CDD00390084B0293002001900090034608
:10C69000012202491DF087FBC1E700BF942F002053
:10C6A000B4CA0500E0CA050004CB050010B501F5C9
:10C6B000887450F8244014F480740AD1B2B1102266
:10C6C0000BB14FF48074224301F5887140F82120AA
:10C6D00010BD074C40F2E63322460649064816F0E4
:10C6E00097F840F2E631204620F0CFFB2246E7E7FC
:10C6F00060CB050094CB05006C2B050008B500232A
:10C70000012219460348FFF7D1FF0120F1F7AEFBE4
:10C71000002008BD0030005000487047686C0020C1
:10C72000014BC01A40117047E06B002030B583B058
:10C7300005460C46FFF7F4FF0146402300932346CD
:10C74000054A06481DF0BCFB011E01DB03B030BDED
:10C750002846A047FAE700BF099F04003C1E0500D9
:10C7600010B5EFF31184202383F31288BFF36F8F8A
:10C77000074A136823F00201116013F0010F04D07F
:10C7800084F31188BFF36F8F10BD1DF0D9FBF7E75D
:10C79000906C002030B10022026042608260012271
:10C7A0004260704710B5064C4FF485732246054928
:10C7B000054816F02DF84FF48571204620F065FBF2
:10C7C000BC910500EC9105006C2B05000346032984
:10C7D00029D8DFE801F0020D1823D3F81804C0F3BC
:10C7E000004072B3D3F8183403F00303137070479A
:10C7F000D3F80C04C0F300401AB3D3F80C3403F0A0
:10C80000010313707047D3F85C04C0F30040C2B159
:10C81000D3F85C3403F0010313707047D3F8540469
:10C82000C0F30040704710B5064C40F2A7432246C3
:10C830000549064815F0ECFF40F2A741204620F0DC
:10C8400024FB7047E4CB0500B02D05006C2B0500E0
:10C8500010B582B0EFF31184202383F31288BFF365
:10C860006F8F154A136843F00201116013F0010F36
:10C8700009D1002384F31188BFF36F8FB3B91DF082
:10C880004BFB02B010BD0DF1070201214FF050200B
:10C89000FFF79CFF9DF80730012B01D00023E9E74B
:10C8A000FFF73AFF1DF0E8FA0123E3E70021034810
:10C8B0001DF0F4FAE5E700BF906C00203C1E050077
:10C8C00010B5C9B2032905D81DF090FA806800F0B0
:10C8D000070010BD054C7F2322460549054815F089
:10C8E00097FF7F21204620F0D0FA00BF18CC05002A
:10C8F00058CC05006C2B050070B505461646CCB229
:10C9000021461DF073FA032C0DD8314608301DF076
:10C910007EFA002806DB214628461DF06EFA4368A1
:10C920009847002070BD064C4FF4DF73224605493E
:10C93000054815F06DFF4FF4DF71204620F0A5FA91
:10C9400018CC050058CC05006C2B050038B5054601
:10C950000C46FFF7E5FE014640220348FFF7CCFFF7
:10C9600001462846A04738BD3C1E050010B50928E1
:10C970002FD8DFE800F0051C2E2E2E2E2E211712A8
:10C9800000211A481DF032FA836813F0070F08D10E
:10C99000002116481DF082FA03E0022113481DF021
:10C9A0007DFA10BD032111481DF078FAF9E7012145
:10C9B0000E481DF073FAF4E70D4C40F2DD232246D9
:10C9C0000C490D4815F024FF40F2DD21204620F0EF
:10C9D0005CFA074C40F2ED2322460649064815F062
:10C9E00017FF40F2ED21204620F04FFA3C1E0500D3
:10C9F00018CC0500B02D05006C2B050070B582B079
:10CA00000546012807D14FF05023D3F81C3403F01A
:10CA10000303022B36D023F01EF8044610B92B4B2B
:10CA20001B7873B9EFF31186202383F31288BFF3C9
:10CA30006F8F012494B94FF050230222C3F80823CA
:10CA40000CE00026F6E7FCB1304618F006FA4FF08D
:10CA50005023D3F81835DBB2012B19D00DF10702A2
:10CA600000214FF05020FFF7B1FE0028EBD09DF8D9
:10CA70000730022B01D0012DE5D104B386F31188D4
:10CA8000BFF36F8F02B070BD01201DF072FADEE7B8
:10CA90004FF05023D3F80431002BDFD04FF0502358
:10CAA0000022C3F80421D3F804210222C3F8182578
:10CAB000074A2021C2F8801101229A60CEE74FF088
:10CAC00050230222C3F80423DCE700BF4B9100206F
:10CAD00000E100E000B587B0CDF800D0CDF804D07B
:10CAE000002302930123039304AB049305936B4645
:10CAF000064A1DF001FA002805DB4FF480420023AE
:10CB0000684609F063FF07B05DF804FB9F9F0400CF
:10CB100070B50646002201210520EFF7D3FC11482D
:10CB200005F072FF104B984219D105F07FFF0024E9
:10CB3000032C12D8214630461DF058F905462146EF
:10CB400030461DF060F9094915F0F2FE002805DBBA
:10CB50000123AB601C44E4B2EAE7002070BD6FF033
:10CB60000400FBE76DC902000000AD0B7CCC0500A2
:10CB700070B504461C4B0121D3E8EF2FC3E8E01F3A
:10CB80000028F9D142B134B1631EDBB2012B1ED8AB
:10CB90002046FFF733FF70BD14481DF034F90546F9
:10CBA000134E3046FFF7F6FD311F2846E9F7B6FB76
:10CBB0000028E8DA0F4C40F2912322460E490F4834
:10CBC00015F026FE40F29121204620F05EF9094C36
:10CBD00040F2A32322460A49084815F019FE40F204
:10CBE000A321204620F051F9DC6B00203C1E0500FB
:10CBF000D06B002018CC0500286205006C2B0500C6
:10CC0000B02D050010B504460A2806D0E1B206484A
:10CC100083685B689847204610BD034883685B685B
:10CC20000D219847F2E700BFB41E050010B5044C73
:10CC30002046F0F755F92046E8F72EF910BD00BF61
:10CC400005CC020008B5054822F0E7FC18B1FFF753
:10CC5000EDFF002008BD6FF01200FBE7B41E0500D9
:10CC600070B506460C46084B9D68EB6A13B1064842
:10CC7000984728B12B6923B122463146024898478C
:10CC800070BD6FF05700FBE7B41E050038B50446D1
:10CC900006E014F8011B054883685B68984729463D
:10CCA0004D1E0029F5D1002038BD00BFB41E05007F
:10CCB00010B504461DF092F920461DF083F90022BC
:10CCC000034920461DF070F920461DF081F910BD82
:10CCD00089CD020000B583B00022002301A90648D7
:10CCE00009F0E0F830B901980023C0F8843003B0AF
:10CCF0005DF804FB0020FAE71031002008B501467A
:10CD0000014809F061F908BD1031002038B5054629
:10CD10001B4B1B7813B91B4B1B68B3B1194B1C6819
:10CD2000174B1B7843B9D4F884307F2B17D85A1C83
:10CD3000C4F8842023441D710A2D1ED1104B1B788A
:10CD4000BBB9104B00221A6018E0FFF7C3FF0D4B70
:10CD500018600028E2D10A4B01221A70DEE7204653
:10CD6000FFF7CCFF074B00221A60054B01221A7017
:10CD7000E2E70024024B1C7000E00024204638BD8E
:10CD800046910020946C002030B589B011481DF008
:10CD900034F9E0B10F481DF027F9C0B120216846F1
:10CDA000FFF75EFF05460028F0D0002400E00134C4
:10CDB000AC42EBDA04F120036B4413F8200CFFF7CC
:10CDC000A5FF0028F3D0044A12689047EFE709B0A6
:10CDD00030BD00BFB41E0500986C002008B5024AA3
:10CDE000F2F7FAFF08BD00BF8DCC020008B5054B75
:10CDF0001860054822F011FC00B908BD0248FFF791
:10CE000057FFFAE7986C0020B41E0500F0B583B018
:10CE100030B10F46164671B14FF48065002420E012
:10CE20001A4C182322461A491A4815F0F1FC182109
:10CE3000204620F02AF8154C192322461649154899
:10CE400015F0E6FC1921204620F01FF801AB2A4618
:10CE5000391900200FF04AFD70B9019BAB420FD188
:10CE60002C44A64205D9331BB3F5806FEED21D4684
:10CE7000ECE708D0162001E06FF0150003B0F0BD1C
:10CE80006FF01500FAE70020F8E700BF34CD050089
:10CE900064CD05006C2B050078CD05004B1EDBB280
:10CEA000032B11D81C304B1E5B0850F8233011F0B7
:10CEB000010F00D11B0CC3F3072113F0FF030FD0A8
:10CEC000117053700020704710B5074C7F23224625
:10CED0000649074815F09CFC7F2120461FF0D5FF2E
:10CEE0006FF01500704700BFC0CD0500ECCD050008
:10CEF0006C2B0500034BD3F8003413F0010FF9D06D
:10CF0000704700BF00900350024B0B600123136079
:10CF1000704700BF9C6C002000487047A8CE0500F9
:10CF2000F0B587B00E46154620F014FD044629469C
:10CF300030461DF012F9002835D0B6FBF4F304FB9F
:10CF4000136353B9B5FBF4F304FB13532BB9AC4291
:10CF500018D90024204607B0F0BD1D4B1B6813F004
:10CF6000070F02D16FF01504F4E704950396194BEF
:10CF700002930020019000900346012214491DF005
:10CF800020F9EFE7144F4FF0FF324FF0FF333846F0
:10CF900009F01CFD294630461DF005F904463846C7
:10CFA00009F09CFCD6E70A4B1B6813F0070F02D16F
:10CFB0006FF01504CEE704950396084B029300200A
:10CFC000019000900346012201491DF0FAF8EFE7B5
:10CFD000C42F002004CE0500A46C002024CE050040
:10CFE0002DE9F04186B00C4616461D4619462046EE
:10CFF0001DF0B3F850B114F003071BD115F0030F67
:10D0000018D165BB384606B0BDE8F0811D4B1B68E2
:10D0100013F0070F02D16FF01507F3E7049503949F
:10D02000194B0293019000900346012215491DF00F
:10D03000C8F8F0E7134B1B6813F0070F02D16FF02D
:10D040001507DFE704950394104B0293002001902D
:10D050000090034601220B491DF0B3F8EFE7DFF81B
:10D0600030804FF0FF324FF0FF33404609F0AEFC06
:10D070002A46314620461DF0C6F80746404609F0CC
:10D080002DFCBFE7C42F002024CE050044CE0500B0
:10D09000A46C002070B586B00D4616461C46194695
:10D0A00028461DF05AF818B1B4B9002006B070BD7A
:10D0B0000D4B1B6813F0070F02D16FF01500F5E759
:10D0C00004940395094B02930190009003460122BA
:10D0D00005491DF076F8F0E722462946304624F04F
:10D0E00092FA0020E2E700BFC42F002024CE050002
:10D0F00010B501221146064822F09BFB20F02EFCC1
:10D10000044C206020F026FC6060002010BD00BFB1
:10D11000A46C00209C6C002000487047E8D00500FB
:10D120002DE9F04788B0074688461646D0F810909B
:10D1300009F11D055368002B2BDB13F1010A2CBFED
:10D14000012300234FEADA0A4AEA437A474B1B6875
:10D1500003F00703022B16D93B68BAF5801F27D2CC
:10D160004FEA9A22BAF5801F25D26B2105910492CD
:10D1700003933F4B0293002001900090034603224B
:10D180003A491DF078FB0023C9F81D306B6001247B
:10D190001BE023F0004A0122AAF12003CAF120017A
:10D1A00002FA03F322FA01F10B4302FA0AFAC9E781
:10D1B0004FEA1A52D6E74D21D8E72A462146304693
:10D1C000FFF76CFE02350134E4B2042CF5D998F86F
:10D1D00003300A2B13D9B36AC3F30312012393401C
:10D1E000A9F826307B689B699A450BD1336813F404
:10D1F000C02F1AD10024204608B0BDE8F0874FF4B4
:10D200008073EDE7194B1B6813F0070F02D16FF025
:10D210001504F0E7174B029300200190009003469D
:10D22000012212491DF027FBF1E707AA31464046CB
:10D230001CF0FFFE08B10024DDE79DF81C10384605
:10D240001DF03DFA04460028F5D0084B1B6813F08A
:10D25000070FD0D00390084B02930020019000905C
:10D260000346012201491DF006FBC4E730300020CF
:10D27000B0CE0500C4CE0500ECCE050043689A6927
:10D28000196ADB6903FB01F0824201D1002070477B
:10D290000D48006810F0070F02D16FF015007047BD
:10D2A00000B587B0059104930392084B02930020C8
:10D2B000019000900346012203491DF0DCFA6FF053
:10D2C000150007B05DF804FB3030002010CF0500DA
:10D2D00070B58CB00446466830461DF0BEFA002892
:10D2E00000F0038120461CF0CCFF20461DF05AFAC6
:10D2F000002845DB20461DF04BF8051E0DDD15F01E
:10D30000010F0AD07A4B1B6813F0060F4FD1002291
:10D31000002320461DF04EF8054620461DF08EF8ED
:10D32000002D4FDB0BA920461DF0AFF900285DD181
:10D33000032206F124010BA824F055F9002869D135
:10D3400096F82C3073B120461CF09BFF20461DF050
:10D350001FF8051E00F3838020461DF06FF8002D96
:10D3600040F0878020461DF095FA002840F0958017
:10D370002046FFF783FF002840F0A3800CB070BD6B
:10D380005B4B1B6813F0070F05D120461DF056F8C4
:10D390006FF01200F2E70390564B029300200190C9
:10D3A00000900346012252491DF065FAEDE7524B09
:10D3B0000293002001900090034602224C491DF088
:10D3C0005AFAA4E74A4B1B6813F0070F02D16FF01B
:10D3D0001200D3E70395494B02930020019000907F
:10D3E0000346012242491DF046FAF0E7404A12681E
:10D3F00012F0070F02D16FF01200BFE70390404B0D
:10D4000002930020019000900346012238491DF04C
:10D4100032FAF0E7364B1B6813F0070F02D16FF0BA
:10D420001500ABE79DF82C309DF82D209DF82E10AF
:10D4300096F8240096F8254096F82650089507940B
:10D4400006900591049203932E4B029300200190C5
:10D4500000900346012226491DF00DFADFE796F8F9
:10D460002C3025EA0303D9B220461CF0C2FF054642
:10D4700072E71F4B1B6813F0070F02D16FF0120009
:10D480007CE70395204B0293002001900090034617
:10D49000012217491DF0EFF9F0E7154A126812F062
:10D4A000070F02D16FF0120068E70390174B029349
:10D4B000002001900090034601220D491DF0DBF988
:10D4C000F0E70B4B1B6813F0070F02D16FF012004F
:10D4D00054E703900E4B0293002001900090034606
:10D4E000012203491DF0C7F9F0E76FF0120045E78C
:10D4F000303000203CCF050054CF050074CF05002C
:10D50000A0CF0500BCCF0500FCCF050014D005005E
:10D510002CD0050010B5044600694FF0FF32012100
:10D5200022F087F9024920461CF08DFE10BD00BF95
:10D53000B7A8040028B1012801D103487047002092
:10D5400070470248704700BF541E05006C1E05005E
:10D5500070B569B1044616460D464B68B3B1036811
:10D5600013B31DF0EDF950BBFEB96FF0150022E0CA
:10D57000164C3F2322461649164815F049F916481D
:10D5800015F046F93F2120461FF07FFC0F4C402349
:10D59000224612490F4815F03BF9114815F038F9A9
:10D5A000402120461FF071FC32B123682B602560BA
:10D5B000636843B1002070BD6FF01500FBE7002EDB
:10D5C000F3D10020F7E765600020F4E7F0D0050014
:10D5D0002CD105006C2B050038D1050048D1050081
:10D5E0005CD1050038B50546046820461DF0B8F941
:10D5F00040B104F01F032B6064091DD0012C0ED133
:10D600000E4838BD0E4C4FF46C7322460D490E483F
:10D6100015F0FEF84FF46C7120461FF036FC084CF4
:10D6200040F2B93322460949074815F0F1F840F2B3
:10D63000B93120461FF029FC0548E2E70028845054
:10D640005C910500909105006C2B0500B02D050044
:10D650000025845070B50E461546016821B10C684E
:10D66000ACB1A1B90C4612E00C4610E0114C642399
:10D6700022461149114815F0CBF8114815F0C8F8A9
:10D68000642120461FF001FC234621461C4681B13F
:10D690008A682A4004D04B68002BE7D03046984770
:10D6A000002CF1D02368002BEFD0002CEDD12346C5
:10D6B000EBE770BDF0D0050074D105006C2B0500C0
:10D6C0005CD105002DE9F04786B08846154699469D
:10D6D000446801F01F07237B47EA431720461DF0EB
:10D6E00051F9002853D0B5F5001F2AD00DF10C0ACE
:10D6F000002603960496494628461DF0B2F98DF897
:10D700000C00009601960296CDF804A0A36823FAB7
:10D7100008F313F0010F02D1B5F1A07F18D0103437
:10D720006A463946204620F0C6F81C4B984231D153
:10D7300001223946204620F0E2F8002006B0BDE87C
:10D74000F087394604F1100020F0DDF80020F5E7FD
:10D7500038461DF0A2F90028E1D104F110050DF1C1
:10D7600017023946284620F0B2F80D4B984203D0F4
:10D770000DF117030493D2E70DF11701284620F0AD
:10D78000BAF8064B9842F3D06FF00B00D6E76FF073
:10D790008500D3E76FF01500D0E700BF0000AD0BA8
:10D7A0000400AD0B2DE9F04389B0074689461446C5
:10D7B000456801F01F082B7B48EA431810461DF00E
:10D7C000E6F88DF81E0040F206332340B3F5837F60
:10D7D0006AD016D8062B63D006D9B3F5807F0DD159
:10D7E00001238DF81D3024E003B3022B03D1042361
:10D7F0008DF81D301DE06FF015077AE06FF015070A
:10D8000077E040F20222934252D0B3F5407F03D139
:10D8100003238DF81D300CE0B3F5007F03D1022304
:10D820008DF81D3005E06FF0150762E000238DF8DC
:10D830001D30012606FA09F6314638461DF0B5F8C6
:10D84000071E56DB14F4002F36D06B689E60284606
:10D850001DF098F8B0B310350DF11F02414628466F
:10D8600020F035F8064614F4403F46D1414628469C
:10D8700020F039F8404B9E423BD19DF81F102846BE
:10D8800020F035F83C4B984233D03C4CEC232246F8
:10D890003B493C4814F0BCFFEC2120461FF0F5FA50
:10D8A00006238DF81D30C4E707238DF81D30C0E72F
:10D8B00005238DF81D30BCE714F4802FC7D06B68AA
:10D8C000DE60C4E7C4F340438DF8083014F4803FB1
:10D8D0000CBF012300238DF81030002301930DF1BC
:10D8E0001D0300930DF11E0304AA02A940461DF07A
:10D8F000E3F8384609B0BDE8F08302AA002302939A
:10D900000393049305930693059204AA414628467F
:10D910001FF0D1FF184B984202D06FF01507E8E7CF
:10D9200014F4003F1AD09DF81D308DF8103014F417
:10D93000803F0CBF012300238DF811309DF81E306D
:10D940008DF81230002304AA414628461FF0B7FF85
:10D95000094B98428ED06FF01507CAE70023049355
:10D96000059306930DF11E03049304AA414628462D
:10D970001FF0A1FFECE700BF0000AD0B80D1050058
:10D98000ACD105006C2B050010B5446820461CF096
:10D99000F9FF08B9002010BD103420461FF09FFF8A
:10D9A00008B10020F7E7002120461FF094FF094B43
:10D9B00098420BD10022084920461FF084FF002224
:10D9C00005210D20EEF77EFD0020E4E76FF0040056
:10D9D000E1E700BF0000AD0B6FAB040008B50B69B9
:10D9E0000278012A0CD0022A0DD012B1074A1A631C
:10D9F00001E0074A1A6303F1180008F06FFF08BD41
:10DA0000044A1A63F7E7044A1A63F4E70100AD0B0E
:10DA10000000AD0B0100AE0B0200AE0B2DE9F04F84
:10DA200091B00C900F4692460D9304690F94436891
:10DA30009A6A0A929B8B0B934FF0FF324FF0FF33A1
:10DA40001DF0CCF804F1180318460E9300220023B1
:10DA500008F0BCFF0026344609963AE04FF0010B6F
:10DA600001E04FF0000B6A6804EB020C0B98844550
:10DA70005AD813F0010F74D06B6823449CB2BBF1E9
:10DA8000000F25D1002C74D157F80990AB880D9A5E
:10DA900000924A46297A0C9800F0FEF8031E09937A
:10DAA000C0F287804FF4804200230E9808F08EFF6A
:10DAB0000990002861D10F9B1A6B434B9A427FD18A
:10DAC0002B7A13F0010F02D00A9B99455CD00024F9
:10DAD000464656456DD206EB46054FEA850907EBEB
:10DAE00085052B7A13F0080F60D157F8091001F063
:10DAF000604206F10108D0450ED213F0020F0BD19F
:10DB000008EB480007EB8000007A10F0040F03D107
:10DB1000584010F0010FA1D0002CA2D1B2F1005F4B
:10DB200024D04FF0000B9EE7284B1B6813F0070F23
:10DB300003D16FF01B0309933BE00C9B1B6806931A
:10DB4000059004920394224B0293002001900090D0
:10DB5000034601221D491DF019F86FF01B030993BC
:10DB600027E00A9BE01823F04EFD85E74FF0000BFD
:10DB700085E72346DDF8289089E70C9800F02AF81D
:10DB80006FF00403099314E01D4606E0A41AA4B242
:10DB90002919385823F037FD013E06EB460398005B
:10DBA00007EB83035A689442F0D290E76FF0850345
:10DBB00009930C981DF017F8099811B0BDE8F08F83
:10DBC0006FF004030993F4E70000AD0BD02F0020A1
:10DBD00030D2050070B544682368D3F80855D3F8EF
:10DBE0000C65204606F0FAFE3146284606F0DEFFB8
:10DBF00005460021606A1DF00DF8204606F0C0FEC3
:10DC0000034B9D4201D1002070BD6FF00F00FBE778
:10DC10000000AD0B436811F0010F35D1C1F3420193
:10DC2000022912D0032917D0012907D0184B1B68ED
:10DC300013F0070F17D16FF0150070471B684FF0F6
:10DC4000CC72C3F82425002070471B684FF0C862CF
:10DC5000C3F82425002070471B684FF07F62C3F88B
:10DC600024250020704700B585B00A4B02930020A0
:10DC7000019000900346012205491CF0F5FF6FF06A
:10DC8000150005B05DF804FB6FF01500704700BF8C
:10DC9000D02F002088D3050010B58CB04068002438
:10DCA0000794089409940A940B9401F001048DF8E8
:10DCB0001C40BDF838408DF81D4008930A92828DB3
:10DCC0009A4210D311F0020F22D0002207A906F0C9
:10DCD000BFFE134B984220D00B3398421AD06FF0FE
:10DCE00004000CB010BD0F49096811F0070F02D1F4
:10DCF0006FF01B00F5E7049203930B4B0293002097
:10DD0000019000900346012206491CF0ADFFEFE7A9
:10DD10002022DBE76FF00F00E3E70020E1E700BF20
:10DD20000000AD0BD02F00209CD3050030B585B08E
:10DD300005464468236A98470121606A1CF06AFF1F
:10DD40002B46A26904F10801204606F0BFFD0F4BE7
:10DD5000984205D10E4928461CF04AFF05B030BD57
:10DD60000C4B1B6813F0070F02D16FF00400F5E7AE
:10DD70002B680393084B0293002001900090034608
:10DD8000012204491CF070FFEFE700BF0000AD0B5B
:10DD900035AC0400D02F0020E4D3050030B585B0A9
:10DDA0000C46056943680F2906D81B68CB4013F061
:10DDB000010F1CD1002300E00023002B4BD0C2B97F
:10DDC000D5F88430E34013F0010F47D0E0B205F0FE
:10DDD00053FCD5F884300122A24023EA0203C5F89F
:10DDE0008430D5F884308BB3002005B030BD0123DA
:10DDF000E3E7D5F88430E34013F0010F31D1002A76
:10DE0000E4D055F824306BB1D5F88430D3B1D5F8CF
:10DE100084300122A2401343C5F88430E0B205F0FB
:10DE20000BFCDEE7104B1B6813F0060FECD00F4B1A
:10DE30000293002001900090034602220A491CF040
:10DE400033FFE1E72A2016F0C5FFE0E72A2016F0AD
:10DE5000C6FF0020C9E76FF01500C6E76FF0770036
:10DE6000C3E76FF07700C0E7E42F002004D405007B
:10DE7000F0B585B004460D46D1F880707B680F2858
:10DE800006D81B68C34013F0010F20D1002300E027
:10DE9000002323B91A4B1B6813F0060F19D1D5F8CC
:10DEA0008430E34013F0010F04D1154B1B6813F0CD
:10DEB000060F19D155F824603EB104F11002002379
:10DEC00055F8222021463846B04705B0F0BD012361
:10DED000DFE70C4B029300200190009003460222E2
:10DEE00007491CF0E1FEDAE7074B0293002001909E
:10DEF00000900346022202491CF0D6FEDAE700BF7A
:10DF0000E42F002034D4050050D405000F2803D896
:10DF1000800000F0FC00704710B5064C40F2ED1395
:10DF200022460549054814F073FC40F2ED112046E5
:10DF30001EF0ABFF70D40500A4D405006C2B0500C7
:10DF400010B50F2808D8FFF7E1FF00F1A04000F559
:10DF500028300123036010BD054CCB232246054920
:10DF6000054814F055FCCB2120461EF08EFF00BF63
:10DF7000B0D40500F0D405006C2B050030B585B099
:10DF800005460C4622B1134B1B6813F0060F09D14E
:10DF90006B680F2C11D85B68E34013F0010F14D1AC
:10DFA00000230BE00C4B02930020019000900346ED
:10DFB000022208491CF078FEEAE700233BB1E0B2F8
:10DFC000FFF7BEFF002005B030BD0123F6E76FF07C
:10DFD0001500F8E7E42F002000D5050010B5A6B025
:10DFE00044688422002105A823F034FB6368B3F55C
:10DFF000803F04D3244B1B6813F0060F0BD123681A
:10E00000B3F5803F04D3204B1B6813F0060F0DD1EE
:10E010000023259316E01D4B0293002001900090F1
:10E020000346022218491CF03FFEE8E7184B029312
:10E030000020019000900346022213491CF034FE98
:10E04000E6E701330F2B1AD86268DA4012F0010FAD
:10E0500006D001229A4026A901EB830141F8842CC5
:10E060002268DA4012F0010FEBD00121994003F150
:10E07000100226A800EB820242F8841CE1E705A802
:10E0800005F08EFA26B010BDE42F00201CD5050047
:10E0900048D5050010B504460269C2F8800007495A
:10E0A000002005F053FA002201212A20EEF70AFA97
:10E0B0002046FFF793FF002010BD00BF71DE020075
:10E0C00038B50546046820461CF016FE40B104F041
:10E0D0001F032B6064091DD0012C0ED10E4838BDE2
:10E0E0000E4C4FF46C7322460D490E4814F090FB11
:10E0F0004FF46C7120461EF0C8FE084C40F2B93354
:10E1000022460949074814F083FB40F2B931204602
:10E110001EF0BBFE0548E2E7002884505C91050034
:10E12000909105006C2B0500B02D05000025845052
:10E13000F0B583B001900C4617461E4601A8FFF7C4
:10E14000BFFF0199803150F82130094D1D4044EA4C
:10E15000470444EA86039DF8202043EA02239DF801
:10E16000242043EA02432B4340F8213003B0F0BDA2
:10E17000F0F0FCFF2DE9F04F85B007468B46904646
:10E18000002423E04FF0FF3535E0C8F80C55012698
:10E1900003963146B5F1FF3F16D0B1F1FF3F40F095
:10E1A000138157F80A3013F4004F02D001260022E1
:10E1B000039200220192CDF80090C3F3412332462E
:10E1C00003992846FFF7B4FF0134E4B25C4580F0C0
:10E1D000FF804FEA840A57F82430C3F3C322C3F305
:10E1E0000805082A00F2F6807E4911F8029040F2F4
:10E1F000FF129542C6D01B0E222B00F2EE8001A228
:10E2000052F823F08BE1020091E202009FE202004B
:10E21000ABE20200B9E20200C7E20200D3E2020070
:10E22000DBE30200DBE30200DBE30200DBE30200EE
:10E23000E1E20200F5E20200DBE30200DBE30200C0
:10E24000DBE30200DBE30200DBE30200DBE30200CE
:10E25000DBE30200DBE30200DBE3020009E3020090
:10E260001BE302002DE302003FE30200DBE30200B8
:10E27000DBE30200DBE3020051E3020061E30200A2
:10E280006DE302007DE302008DE302009DE30200E6
:10E29000C8F81455002603964FF0FF317AE7C8F806
:10E2A000085501260396314674E7C8F81055002634
:10E2B00003964FF0FF316DE7C8F80855002601239B
:10E2C0000393314666E7C8F80C55012603960021F2
:10E2D00060E7C8F81055002603964FF0FF3159E764
:10E2E000C8F80855B9F1000F5ED0002603964FF02C
:10E2F000FF314FE7C8F80C55B9F1000F5CD000268C
:10E3000003964FF0FF3145E7C8F8605557F80A10FB
:10E31000C1F30041012603963CE7C8F8645557F85D
:10E320000A10C1F300410126039633E7C8F8685587
:10E3300057F80A10C1F30041012603962AE7C8F8EE
:10E340006C5557F80A10C1F300410126039621E7E6
:10E35000C8F824550126002303934FF0FF3119E735
:10E36000C8F8285501260396314613E7C8F83055FA
:10E370000126002303934FF0FF310BE7C8F8345513
:10E380000126002303934FF0FF3103E7C8F8385507
:10E390000126002303934FF0FF31FBE6C8F83C55FC
:10E3A000012603963146F5E64E46CDF80C904FF027
:10E3B000FF314FF00609EDE64E46CDF80C904FF0D8
:10E3C000FF314FF00609E5E628461CF0C1FCE8E6FF
:10E3D000002004E06FF0150001E06FF0850005B04B
:10E3E000BDE8F08FACD50500F8B505460E46476888
:10E3F00021F031FB20B9154B1B7843B1002300E01D
:10E40000012353B928461CF03BFE044611E00123CA
:10E41000F7E784F31188BFF36F8FEFF311842023A4
:10E4200083F31288BFF36F8F28461CF0FDFC002891
:10E43000EFD0FB691E700122F96928461CF01BFD14
:10E4400084F31188BFF36F8FF8BD00BF4B9100209C
:10E4500030B585B005460C4601F10C0004F030FAE9
:10E46000124B98420ED105F10C0205F59071207BFC
:10E470001EF0E5FE237B0120984004F0EBF900201C
:10E4800005B030BD0A4B1B6813F0070F02D16FF0C7
:10E490000400F5E7074B029300200190009003462B
:10E4A000012203491CF036FEF1E700BF0000AD0B6E
:10E4B0003C300020B8D5050010B50446426811680C
:10E4C0001369C1F82435537D92F816C043EA0C0352
:10E4D000B2F818C043EA0C03127D1343C1F86C353F
:10E4E0001CF027FE00B110BD024920461CF038FC8C
:10E4F000F9E700BF01B10400144B984216D2144B47
:10E50000984215D2134B984214D2134B984213D809
:10E51000124B984212D8124B984211D8114B984284
:10E5200010D8114B98420FD91048704707487047D0
:10E5300007487047074870470D4870470D487047B7
:10E540000D4870470D4870470D4870470048E80176
:10E550000024F40000127A00FF083D007F841E00B2
:10E560003F420F001FA107008FD0030090D003008F
:10E5700000093D0080841E0040420F0020A10700DA
:10E5800048E8010010B543681C68012303FA01F153
:10E590000C4204D09AB18368DB68984710BD0A4CDE
:10E5A00040F2636322460949094814F031F90948E9
:10E5B00014F02EF940F2636120461EF066FC836879
:10E5C0001B699847EAE700BFF82A05002C2B0500D5
:10E5D0006C2B05008C2B050038B5436805691C6859
:10E5E00001238B401C4208D02C68234202D0B2FA8F
:10E5F00082F25209FFF7C6FF38BD084C40F28C6327
:10E6000022460749074814F003F9074814F000F9B7
:10E6100040F28C6120461EF038FC00BFF82A05004D
:10E620002C2B05006C2B05008C2B050038B50546FE
:10E63000046820461CF0D1FD40B104F01F032B609C
:10E6400064091DD0012C0ED10E4838BD0E4C4FF47C
:10E650006C7322460D490E4814F0DAF84FF46C71D1
:10E6600020461EF012FC084C40F2B93322460949FC
:10E67000074814F0CDF840F2B93120461EF005FCF1
:10E680000548E2E7002884505C9105009091050060
:10E690006C2B0500B02D050000258450F8B5866868
:10E6A0004768046912F0FC6F33D1134602F0300260
:10E6B000302A3ED0504A1A40504DAA4249D003F069
:10E6C0000602042A55D013F4402202D013F4003F6E
:10E6D0005CD0B2F5402F69D013F4801F05D022B171
:10E6E00013F0010F01D083F4402323F480123D681E
:10E6F0004FF0010C0CFA01FC15EA0C0F66D013F078
:10E70000010F73D023684CEA0303236033689847F2
:10E71000F8BD3B4C40F2DE3322463A493A4814F009
:10E7200077F83A4814F074F840F2DE3120461EF0D3
:10E73000ACFB334C40F2E13322463549324814F009
:10E7400067F8344814F064F840F2E13120461EF0D6
:10E750009CFB2B4C40F2E53322462F492A4814F00B
:10E7600057F82E4814F054F840F2E53120461EF0D8
:10E770008CFB234C4FF47A7322462949224814F02B
:10E7800047F84FF47A7120461EF07FFB1C4C40F294
:10E79000EB33224623491C4814F03AF8224814F07F
:10E7A00037F840F2EB3120461EF06FFB144C40F27C
:10E7B000EF3322461D49144814F02AF81C4814F07F
:10E7C00027F840F2EF3120461EF05FFB0C4C40F280
:10E7D000FB33224617490C4814F01AF8164814F077
:10E7E00017F840F2FB3120461EF04FFB236823EA66
:10E7F0000C0323608AE700BF02000300020001004F
:10E80000F82A0500A02B05006C2B0500002C050044
:10E81000242C0500602C0500A02C0500E82C050028
:10E82000382D05006C2D0500B42D0500F02D0500D8
:10E83000342E05002C2B05008C2B05002DE9F04112
:10E840008EB005460C4606694768D7F8088096F8EA
:10E850006D301BB13368994200F0F080A28812F449
:10E86000006F64D112F0010F74D112F0080F40F064
:10E870008680C2F34512082A40F094802268704BCB
:10E880009A4240F2A2806F4B984508D94FF050232E
:10E89000D3F8583513F0030F01D0DFF8A8810DF13C
:10E8A000100C07F10C0EBEE80F00ACE80F00BEE83C
:10E8B0000F00ACE80F009EE803008CE8030020681E
:10E8C000404528BF4046FFF717FE0990A38813F084
:10E8D000020F00F08D8013F0040F00F08E800323F0
:10E8E0008DF82830A38813F0100F00F08A800123E0
:10E8F0008DF829303B68D3F80805A188C1F34001A1
:10E900001CF007FD96F86D30002B7CD12B464E4A4B
:10E9100004A9384605F08AFA4C4B98427AD1012373
:10E9200086F86D30346000200EB0BDE8F081484BB1
:10E930001B6813F0070F02D16FF08500F4E7454B19
:10E9400002930020019000900346012240491CF0F0
:10E9500055FDF1E73E4B1B6813F0070F02D16FF036
:10E960001500E1E72B6803933B4B029300200190D5
:10E9700000900346012236491CF040FDEFE7344B7E
:10E980001B6813F0070F02D16FF01500CCE7334B73
:10E990000293002001900090034601222C491CF0B4
:10E9A0002DFDF1E72A4B1B6813F0070F02D16FF022
:10E9B0001500B9E72A4B029300200190009003460E
:10E9C000012223491CF01AFDF1E7214B1B6813F0CB
:10E9D000070F02D16FF01500A6E7224B029300202B
:10E9E000019000900346012219491CF007FDF1E750
:10E9F00013F0040F03D0012372E7022370E7002312
:10EA00006EE7002374E7384605F05CFA002386F8C9
:10EA10006D307BE70E4B1B6813F0070F02D16FF0D0
:10EA2000040081E70390104B0293002001900090B6
:10EA30000346012206491CF0E1FCF0E7002073E7E1
:10EA400047E801000024F400DDEB02000000AD0BFC
:10EA50003430002050D605006CD6050090D6050055
:10EA6000B0D60500E0D6050014D7050030B585B056
:10EA700004460020034605E0626C02EBC3025268C4
:10EA800010440133A26C9342F6D30022134605E0F2
:10EA9000E16C01EBC30149680A440133216D8B42EB
:10EAA000F6D3824238BF02464FF4FA5303FB02F01A
:10EAB000254655F8283B1B68B0FBF3F0C830410CE5
:10EAC000C00340F2E733C0184FF47A724FF00003EE
:10EAD00041F10001DFF7E2F902460B46284607F054
:10EAE00075FF10B9206C05B030BD094B1B6813F0E1
:10EAF000070F02D16FF07300F5E7064B0293002079
:10EB0000019000900346012201491CF077FCF1E7D7
:10EB1000343000203CD705002DE9F04184B0054693
:10EB200004694768A26D002A49D0236E002B48D0A3
:10EB3000934228BF1346002B4BD0616DD4F85C8004
:10EB40003E8F9E4200D31E4669B162B101F0604320
:10EB5000B3F1005F07D0082E00D908263246206F97
:10EB600022F051FD216FE26D5AB1236E4BB108F0D6
:10EB70006043B3F1005F04D0082E00D90826D4F812
:10EB80007480A6660091636DEBB1A36DEBB9019340
:10EB9000CDF80880DAB1236E03B91E460396002231
:10EBA0006946384605F000FA0B4B984204D06FF0E6
:10EBB000040128461CF0E6FB04B0BDE8F081236E9A
:10EBC000B9E71346B7E70023E1E73346DFE700265E
:10EBD000E4E70021EDE700BF0000AD0B10B584B005
:10EBE0000C6903784BBBA26E4AB3E36D4BB1216E47
:10EBF00039B1C16829B1994203D0616F184622F03A
:10EC000002FDA26EA36D43B19A421ED89B1AA36562
:10EC10005BB3636D0BB113446365A26E236E4BB19E
:10EC20009A4233D89B1A2366002B3FD0E36D0BB179
:10EC30001344E365606EFFF76FFF04B010BD6FF023
:10EC40007301606E1CF09EFBF7E7214B1B6813F00D
:10EC5000070FE2D01F4B0293002001900090034663
:10EC600001221B491CF0CAFBD7E7636C08336364BD
:10EC7000A36C013BA364012304F1580204F1480191
:10EC800004F144001CF0BBFA6065C6E7104B1B683A
:10EC900013F0070FCED00F4B02930020019000908D
:10ECA000034601220A491CF0A9FBC3E7E36C0833C1
:10ECB000E364236D013B2365012304F1600204F149
:10ECC000500104F14C001CF09AFAE065B2E700BF75
:10ECD0003430002064D705002DE9F04385B00446A8
:10ECE0000D4690461F460669D0F8049000910E9B91
:10ECF0000D9A9DF8301030461CF061FB29462046E5
:10ED0000FFF79CFD0546E8B9012386F86C30D9F879
:10ED10004010B1F1FF3F1DD101233A464146304634
:10ED20001CF084FA0022012130461CF0AFFA204684
:10ED3000FFF7F2FE3046FFF799FE054610F1740F1B
:10ED40001FD078BB294630461CF02CFB284605B066
:10ED5000BDE8F08309F144001CF0AFFB10F1740F23
:10ED6000DAD1134B1B6813F0060FD5D0114B029369
:10ED7000002001900090034602220D491CF03EFB4A
:10ED8000CAE70027B766484605F09CF886F86D701C
:10ED90006FF0730120461CF0F5FA06F1280007F029
:10EDA000A7FECFE7012120461CF090FACAE700BF7A
:10EDB0003430002084D7050030B587B0054684681C
:10EDC00017E0174B1B6813F0070F02D16FF012000A
:10EDD00023E023681B68227904920393114B02936A
:10EDE00001900090034601220D491CF007FBEDE75E
:10EDF0000834AB68EA6803EBC2039C420CD220687B
:10EE000020F00BFC0028DCD04FF4B01120461CF0A1
:10EE100088FA0028ECDA00E0002007B030BD00BF1F
:10EE200034300020B0D70500F0B585B006464568FF
:10EE300007690021E86B1CF001FB041E12DB296C42
:10EE4000B1F1FF3F11D16B6B98473846FFF7B4FF24
:10EE5000041E07DB38461CF06FFA194930461CF0D7
:10EE6000AAF90446204605B0F0BD05F1440000F0C3
:10EE700089F8044610F1130F12D010F1050FE2D1FA
:10EE8000104B1B6813F0070FECD00F4B02930020C0
:10EE900001900090034601220A491CF0AFFAE1E715
:10EEA000084B1B6813F0070FDCD0084B02930020BF
:10EEB000019000900346012202491CF09FFAD1E71D
:10EEC0006DB404003430002000D80500D4D705000C
:10EED00038B50546046820461CF0D1FA40B104F06C
:10EEE0001F032B6064091DD0012C0ED10E4838BDC4
:10EEF0000E4C4FF46C7322460D490E4813F088FCFB
:10EF00004FF46C7120461DF0C0FF084C40F2B9333D
:10EF100022460949074813F07BFC40F2B9312046EC
:10EF20001DF0B3FF0548E2E7002884505C9105001E
:10EF3000909105006C2B0500B02D05000025845034
:10EF4000F0B583B001900C4617461E4601A8FFF7A6
:10EF5000BFFF0199803150F82130094D1D4044EA2E
:10EF6000470444EA86039DF8202043EA02239DF8E3
:10EF7000242043EA02432B4340F8213003B0F0BD84
:10EF8000F0F0FCFF30B587B004460D4601238DF844
:10EF9000173002238DF80C300DF1160104910DF19C
:10EFA0001703009303AB0193002302931EF0A3FC0D
:10EFB0000C4B984212D16A46294620461EF07BFC33
:10EFC000084B984202D1002007B030BD9DF81610C2
:10EFD00020461EF08CFC6FF00400F5E76FF0120085
:10EFE000F2E700BF0000AD0B21F07F4100F5A870F3
:10EFF000014B43F820107047005001504FF480330C
:10F000008340024AC2F84433704700BF00500150A9
:10F010004FF480338340024AC2F84833704700BF40
:10F0200000500150014BD3F80405704700500150C7
:10F030002DE9F843054689469046FFF7E9FF284643
:10F040001CF0C7FA4E46032710E0FFF7EBFF04461B
:10F0500049461CF0ADFAB0F5000F26D928461CF041
:10F06000B8FAB8F1000F22D13E19013731462846CF
:10F07000FFF7BAFF2846FFF7C1FFFFF7D3FF0446AB
:10F08000C11C30461CF094FA0A4B98420AD9284613
:10F090001CF092FA0028D8D1B8F1000FE4D06FF03C
:10F0A000150000E00020BDE8F8830020FBE76FF0CA
:10F0B0001500F8E7FDFF7F00034B044AC3F808235F
:10F0C000C3F84823704700BF0050015003000F00F1
:10F0D000B1F5805F02D2C0F80815704710B5064C34
:10F0E0004FF4CD7322460549054813F091FB4FF4C8
:10F0F000CD7120461DF0C9FEC4D80500F8D8050022
:10F100006C2B05004FF480338340124AD2F804235D
:10F11000134201D10020704710B5044601238340FB
:10F12000DB430D49D1E8EF2F02EA0300C1E8EC0F01
:10F13000BCF1000FF6D122FA04F313F0010F03D152
:10F1400020461CF039FA18B120461CF042FA012082
:10F1500010BD00BF00500150F86D002010B5012314
:10F1600083406FEA030C0C4AD2E8EF1F01EA0C0E51
:10F17000C2E8E4EF002CF7D14FF480328240074818
:10F18000C0F80823BFF35F8FBFF36F8F0B4214BF2C
:10F190000120002010BD00BFFC6D00200050015078
:10F1A00038B51446104619461CF01FFA02460D49A0
:10F1B0000B68E01A1B184C6844F100040B604C60AB
:10F1C000A2F50013B3F5400F09D2074B1B68190ACB
:10F1D0001B06D41841F10005044BC3E900450AF0B1
:10F1E00029FD38BDC8500020006E0020D0500020FE
:10F1F00001B97047012383400D4AD2E8EFCF4CEAB2
:10F20000030CC2E8E1CF0029F7D14FF480338340EB
:10F21000084AC2F80433084BD3E8AF3FC34013F0A9
:10F22000010FE6D0054B4FF40012C3F80021E0E7D0
:10F23000FC6D002000500150F86D002000E100E05E
:10F2400038B50D4B1C68250A2406BFF35F8FFFF706
:10F25000E9FE0346001945F10001B3F5801F0AD20B
:10F26000064BD3E90023904271EB030303D210F164
:10F27000807041F1000138BD006E0020D0500020A8
:10F280002DE9F04782B00446FFF73CFF10B902B009
:10F29000BDE8F087FFF7D4FF82460D461CF0A8F9C1
:10F2A0000646154B03EB0413D3E90289C24575EBFF
:10F2B00009050BD2002530461CF0A2F9002DE6D03E
:10F2C000009742464B462046A847E0E70A4A2301FA
:10F2D00002EB0411D5584F680020D0504FF0FF3298
:10F2E0004FF0FF33C1E902232046FFF791FE20468D
:10F2F0001CF06FF9DFE700BFB850002010B50D4BD0
:10F30000D3F8043313F0020F03D10024002C0BDDDB
:10F3100010BD022107481CF015F90028F5D0064A57
:10F32000136801331360F0E72046FFF7A9FF0134AB
:10F33000ECE700BF00500150006E00202DE9F041C5
:10F34000064614461D469DF82080104619461CF0BE
:10F350004CF90746FFF774FFA04271EB050319D281
:10F36000201A65EB01011B4B984271F100012BD271
:10F37000194B03EB0613D3E90223AB4208BFA242A9
:10F3800001D1002014E0424639463046FFF750FED6
:10F3900070B117E0B8F1000F19D10123B3400F4A43
:10F3A000D2E8EF0F1843C2E8E10F0029F8D100209E
:10F3B000094B320103EB0616C6E90245069999503E
:10F3C000079B7360BDE8F0816FF01500FAE76FF0FE
:10F3D0001500F7E701008000B8500020F86D00200C
:10F3E00030B585B0FFF768FE00211E48FFF770FEBC
:10F3F0000023002B25DD1B4C0225C4F804531A4BB7
:10F400004FF40012C3F88021002201211520EDF7EE
:10F4100059F8152015F0DEFC0123A3602360134A80
:10F420001360002402940194114B0093114A0023AD
:10F4300020461CF0EAF82846FDF79AFB204605B066
:10F4400030BD0D4A02EB03124FF0FF304FF0FF3199
:10F45000C2E902014FF480329A400249C1F8042304
:10F460000133C6E70050015000E100E0FC6D0020D0
:10F47000A1F10200FFFF7F00B850002010B584B05A
:10F48000B0F1FF3F18D001281BDD154B9842A8BFF3
:10F4900018460446134B01221A70FFF7D1FE124B97
:10F4A0001A685B68801AB0F5000F0CD20444B4F5FA
:10F4B000000F09D30A4C07E00A4B00221A70084CCF
:10F4C000EBE70124E6E7064C0020121902900190B8
:10F4D0000649009143F100031CF097F804B010BDF9
:10F4E000FFFF7F0049910020C8500020A1F10200D9
:10F4F00008B5FFF7A5FE024B1B68C01A08BD00BF88
:10F50000C850002008B5074B01225A60152015F09D
:10F5100066FCFFF7D1FD044B4FF40012C3F88021C5
:10F5200008BD00BF0050015000E100E008B54FF4F5
:10F53000007102480BF06CFE08BD00BF046E002095
:10F54000044B0360044B4360044B8360044BC36073
:10F55000704700BF742B00200C4405005864050060
:10F56000B496050038B505460B4B1C6814B1083C31
:10F5700000E01C466CB120222946206822F09AF94E
:10F5800038B114F10803F4D0A468002CF2D0083C80
:10F59000F0E7204638BD00BF0470002070B58AB087
:10F5A000044620F05EFA10B1054603783BB92346C5
:10F5B0001C4A0B2107A812F0DAFE0AB070BDFFF753
:10F5C000D1FF06460028F8D006A9204620F069FAA7
:10F5D00088B1154A126812F0060FEED00490039518
:10F5E000124B0293002001900090034602220E4924
:10F5F0001CF045F8E1E7069970681DF053FB002800
:10F60000DBD0094B1B6813F0070FD6D0084B0293D1
:10F610000020019000900346012203491CF02FF8BE
:10F62000CBE700BF18B305000430002068D90500FF
:10F6300090D9050090B102689AB100F1080200214A
:10F640008160094B5B6823B11A60074B5A60002048
:10F650007047054B5A601A60084670476FF01500F6
:10F6600070476FF0150070470470002008B5002146
:10F6700002480AF0C3F800F0A3F808BD9DF50200A7
:10F68000144BD3E8AF3F19BB00B585B053B1114B54
:10F69000D3E8EF1F0131C3E8E21F002AF8D105B01B
:10F6A0005DF804FB13201DF00FFB0028EFD00A4A81
:10F6B000126812F0060FEAD00390084B0293002064
:10F6C000019000900346022203491BF0F3FFDEE79E
:10F6D000704700BF0C70002004300020CCD905001A
:10F6E00010B584B0184BD3E8AF3F002B0BDD012BD6
:10F6F00014D0154BD3E8EF1F0139C3E8E21F002AED
:10F70000F8D104B010BD114C3B23224610491148DA
:10F7100013F07EF83B2120461DF0B7FB13201DF0AF
:10F72000E0FA0028E5D00C4A126812F0060FE0D08B
:10F7300003900A4B0293002001900090034602229E
:10F7400005491BF0B7FFD4E70C70002010DA050064
:10F7500054DA05006C2B05000430002060DA050047
:10F7600010B586B0002400E00134012C1FD804EB52
:10F770004400104B03EB8000FFF75CFF0028F3D040
:10F780000D4A126812F0060FEED0049004EB440309
:10F79000084A52F823300393084B0293002001904B
:10F7A00000900346022204491BF084FFDCE706B008
:10F7B00010BD00BF842B002004300020A4DA050017
:10F7C00010B588B00123059300248DF8134005A9D6
:10F7D00006A8F3F791FC06E00DF113021C49E0B214
:10F7E000FBF78AFE0134059BA342F5D89DF8131060
:10F7F00015201DF057FA20B1164A126812F0070FB3
:10F800000DD1154BD3E8AF1F14201DF04BFA20B1DA
:10F81000104A126812F0070F0DD108B010BD039006
:10F820000E4B0293002001900090034601220949EB
:10F830001BF040FFE5E70390094B02930020019085
:10F8400000900346012203491BF034FFE5E700BFA7
:10F85000ADB60400043000200C700020ECDA050086
:10F8600020DB050001780023012B15D810B41846C1
:10F870005A000A4C54F82240A1420AD00132074CE7
:10F8800054F82220914204D00133DBB2012BEED98F
:10F8900000205DF8044B7047002070479CDC050099
:10F8A00008B51022034921F09EFE08B1022008BDD0
:10F8B0000120FCE7D8DC050070B584B006468168FD
:10F8C000103921F0070513F05FFE01466C46102247
:10F8D000204621F0BFFE074B0FCB84E80F0010231A
:10F8E00022462946304613F0FEFD08B904B070BD2B
:10F8F0000120FBE7D8DC050010B582B00E2A11D834
:10F9000004460E2915D841EA02118DF807101BF0A4
:10F9100000FF014601230DF1070220461BF04AFFBC
:10F9200002B010BD064B074A40F2991106481DF07F
:10F93000E8F8064B034A40F2991103481DF0E1F83C
:10F9400068DB0500ACDC05007CDB0500C0DB0500E6
:10F9500070B58AB0054608A913F093FD012811D0AF
:10F96000002840F0A0806B00013306A9504A52F8ED
:10F9700023001BF0B5FF01280BD0002840F0958034
:10F9800000242EE008A94A4B53F835001BF0A8FFCD
:10F99000E6E7484B1B6803F00703022B0DD803234F
:10F9A0008DF8183001228DF819208DF81A308DF855
:10F9B0001B3000238DF81C30E2E703953E4B029389
:10F9C000002001900090034603223A491BF092FE6A
:10F9D000E5E73379042B29D09DF82220934225D0E6
:10F9E0000134022C49D804EB4403344A02EB4306A9
:10F9F0009DF8201012F813001BF091FE0028EFD0A4
:10FA00009DF8181070781BF08AFE0028E8D0B378B3
:10FA1000042B03D09DF823209342E1D1F378042BEB
:10FA2000D7D09DF81B209342DAD1D2E7214B1B6837
:10FA300003F00703022B17D97379022B07D0032B8E
:10FA400019D0042B01D01E4B02E01E4B00E01E4BD0
:10FA5000049303951D4B02930020019000900346F0
:10FA6000032214491BF046FE7079831EDBB2022B81
:10FA70000AD9FF2008E0164BEAE70E4B1B6803F09B
:10FA80000703022B02D801200AB070BD0395114B69
:10FA900002930020019000900346032205491BF0C9
:10FAA00029FE0120F0E7FF20EEE7FF20ECE700BF92
:10FAB0009CDC0500EC2F002000DC0500C4DC050008
:10FAC000E4DB0500F8DB0500DCDB050048DC0500B5
:10FAD000D4DB050068DC0500F0B583B004461746AA
:10FAE0000E4601B10F46694620461BF0AEFEC0B976
:10FAF0009DF80050022D2DD0032D11D0012D06D0E0
:10FB0000194B1A4A40F24A2119481CF0FAFF46B133
:10FB10009DF80330032B04D120461BF085FE00E046
:10FB20000EB103B0F0BD2046FFF7C6FE0028F8D1A5
:10FB300067B90028F5D107B902252046FFF792FEE4
:10FB4000C2B229462046FFF7D7FEEAE720461BF05F
:10FB50006BFEEEE70EB10420E3E7A2680021204629
:10FB600013F0DCFC0320DCE7B02D05008CDC050085
:10FB70007CDB050000B583B00023019301A801F0F0
:10FB8000F7FA40B1019A0649012002F007F8002077
:10FB900003B05DF804FB0349012001F0FFFFF6E725
:10FBA0008C2805007428050008B50449012001F0DF
:10FBB000F5FF1DF004FA002008BD00BFA8280500CD
:10FBC00008B51BF0C3FE054B1B6805484DF6AD613B
:10FBD000C3E900014FF0FF3008BD00BF9C2B00209F
:10FBE0000000EFBE08B5024B98474FF0FF3008BD4C
:10FBF000ADDEEEEE08B5024B98474FF0FF3008BD82
:10FC000001000060044B1B68044840F6AD31C3E9B5
:10FC100000014FF0FF3070479C2B00200000FECA0F
:10FC200008B501280DDD0B4600221146586810F07A
:10FC30007DF8034602680649012001F0AFFF00206D
:10FC400008BD0449032001F0A9FF4FF0FF30F7E79A
:10FC50005C29050044290500084B1B78022B04D0C1
:10FC6000032B09D1054B58687047044B586803684B
:10FC700008331844043070470020704704DD050045
:10FC8000F0B591B00BA81BF07BFE48B11A4B1F7862
:10FC9000002500952522294601A821F0DBFC1DE066
:10FCA0001649012001F07AFF22E005F140036B4480
:10FCB00013F8146C6C0030091BF05AFE04F1400379
:10FCC0006B4403F8400C06F00F001BF051FE04F1EA
:10FCD00041030DEB030404F8400C0135132DE4D966
:10FCE000022F07D0064A6B460649012001F056FF55
:10FCF00011B0F0BD044AF6E704DD050028DD05007B
:10FD00001CDD050040DD050018DD050000B585B0EF
:10FD1000002300930193029303936846FFF710FCBE
:10FD2000009AC2B11049012001F038FF019AA2B136
:10FD30000E49012001F032FF029A82B10C490120E4
:10FD400001F02CFF039A62B10A49012001F026FF5D
:10FD500005B05DF804FB084AE4E7074AE8E7064A0D
:10FD6000ECE7054AF0E700BF58DD050060DD05005F
:10FD70006CDD05007CDD050050DD050070B59EB032
:10FD800006460C46502922D801AD124B5B68ADF8EF
:10FD900004301B0C8DF806300DF107022146304669
:10FDA0001CF01DF902340C4BA3FB04346408A300BF
:10FDB00003333A22EA5401341EAB03EB84040023DC
:10FDC00004F8743C284602F0FFF91EB070BD01F043
:10FDD00085F8D9E774290500ABAAAAAAF0B585B0C1
:10FDE0000E461446074608BB1A4A137A8DF80C30A3
:10FDF000527A1AB163F07F038DF80C30C7F1010518
:10FE0000A54228BF25462A4603ABD919304621F022
:10FE1000FAFB2E44641B384634B10E4BDB685B683A
:10FE200022463146984718B105B0F0BD0138F3E7D6
:10FE3000084B1B7A009323463A460749032001F0FA
:10FE4000ADFE2246102C28BF1022EF21304621F0B3
:10FE500001FCE9E7207000208CDD050008B52822B0
:10FE60000021034821F0F6FB002000F047FA08BD0E
:10FE70002070002008B5034BDB689B689847FFF7AC
:10FE8000EDFF08BD20700020F8B507460D460024A0
:10FE900014E0194B03EBC403586800F02FFA08B1C3
:10FEA00001231DE000231BE0144B2E706A706B6071
:10FEB0001B68384698470346D8B90134032C17D835
:10FEC0000D4B13F834600123B3400D4A12681342FE
:10FED000F3D0094B03EBC4035B78002BD9D100238B
:10FEE0001A46002BE0D1044B03EBC4035B68DCE74C
:10FEF00000231846F8BD00BF74DE0500A0DE050033
:10FF0000A02B0020F0B585B006460C4601A81BF0DA
:10FF100079FD054610B9284605B0F0BD019F0137AF
:10FF200028220021204621F095FB2346012203F8D8
:10FF3000042B04AA12E9070083E807002761034B9A
:10FF40006361267602481CF048F9E4E7DDFD020013
:10FF50003070002038B538B10C46014624B1134B3F
:10FF60001B7843B9002038BD114A1249032001F023
:10FF700015FE0020F7E7256822460F481CF08AF896
:10FF800023682BB158B1094B1B7E63B90120EAE706
:10FF90002A460A49032001F001FE0020E3E7FFF7AB
:10FFA00069FF0120DFE70220DDE700BF20700020AD
:10FFB00054DE0500C8DD050030700020E4DD0500DA
:10FFC00010B570B10C4661B10E4B1B7883B10D4A70
:10FFD000136A003B18BF0123D269237062600120BD
:10FFE00010BD094A0949032001F0D8FD0020F7E7B8
:10FFF00004490078FFF786FF0028E8D120606060A0
:020000040003F7
:10000000EEE700BF2070002038DE0500C8DD0500E7
:1000100008B5034B187800B108BD1BF0F3FCFBE7F3
:100020002070002070B584B004460D4600238DF882
:100030000C3001A903A8FFF7C3FF064610B93046EC
:1000400004B070BD29462046FFF784FF0128F6D092
:1000500002460349032001F0A1FD0026EFE700BF9F
:1000600014DE05000B4B93F83C30012B0AD0094AF3
:10007000D2F8C0309269934208D39B1A054AD069DE
:1000800018447047034BD3F8C4007047014BD8693C
:10009000704700BF4870002008B5CC2200210448FA
:1000A00021F0D8FA034B1B689B68984708BD00BF36
:1000B000487000201471002038B50C460A460146ED
:1000C0000A481CF0C9FA05465CB1094BD3F8C420B4
:1000D0002A44C3F8C420187C10B1022283F83C20C3
:1000E00038BD02481CF0B4FAEFE700BF547000209E
:1000F0004870002070B506460D46002405E02A1B16
:1001000031190A481CF0A8FA0444AC42F7D1084B54
:100110009A6B5B689A4201D0002070BD034C204668
:100120001CF096FA012084F83000F6E754700020A5
:100130004870002070B5002510E0641B802C28BF9B
:1001400080240D4B1B685B680C4E224631462846C6
:10015000984721463046FFF7CDFF2544084B5C68A1
:10016000AC42EAD11846DC689C60302200210C3099
:1001700021F070FA204670BD1471002085700020B7
:100180004870002038B50546084B1B681B680848B6
:100190009847044618B1074B9B6813B12B60204663
:1001A00038BDFFF7C7FF2860F9E700BF14710020D2
:1001B0004C700020487000202DE9F8432B4B1B7C2D
:1001C000002B50D081468846284BD3F8C0109C693C
:1001D0008C4224D80024254EB769336A1F44D6F8D0
:1001E000C0507D1B454528BF4546FFF73BFF204BD0
:1001F0001B685B682A4609EB04019847D6F8C030B3
:100200002B44C6F8C0302C44BB4220D0174AD2F849
:10021000C8302344C2F8C8302046BDE8F883641AC9
:10022000444528BF44461D4619442246113121F059
:10023000EAF9D5F8C0302344C5F8C030B8EB04085B
:10024000C9D1D5F8C8302344C5F8C830E4E7002345
:10025000C6F8C030012286F83C2033617361B36177
:10026000F3613362D2E70024D6E700BF4870002074
:100270001471002030B585B001921D4BD3F8C83001
:10028000834203D00023184605B030BD039101A975
:1002900003A81BF0D0FB03460028F4D1144BD3F87D
:1002A000C4205C68A24218D0A41A802C28BF8024E5
:1002B000FFF7D8FE0F4B1B685B680F4D224629469F
:1002C000984721462846FFF7F7FE01A903A81BF02F
:1002D000B2FB03460028E1D0D5E700210846FFF72E
:1002E000EBFE01A903A81BF0A6FB0123CBE700BF8F
:1002F000487000201471002085700020084B1B6896
:1003000083420AD010B50446CC220021054821F0D2
:10031000A1F9034B1C60012010BD0120704700BFF4
:10032000147100204870002000487047ACDE0500C2
:1003300038B5054D28461CF079F8044628461CF0CF
:1003400063F8204438BD00BF347100202DE9F04728
:1003500082B007468A46904628481BF082FB07EB8E
:100360000803834248D8254B9C68BC4203D83F1BF6
:1003700000252C4623E0E41B444528BF44460837AB
:100380001946394422460431504621F03CF9A8EB85
:100390000408A2440027EBE7391BE41B344444451E
:1003A00028BF444623465246294415481BF07EFF89
:1003B000E0B1A2443544A8EB040827444C46B8F108
:1003C000000F17D00023ADF80430022301AA2946FC
:1003D0000B481BF06BFF48B10235BDF80460023ECC
:1003E00004EB0609B945D7D23544E7E7002002B04F
:1003F000BDE8F0870120FAE70020F8E71871002037
:100400003471002010B582B00446002101604160C3
:100410008160C1600161ADF80410022301AA09489E
:100420001BF044FF58B1BDF804304FF6FF72934201
:1004300005D062680132626022681A44226002B00C
:1004400010BD00BF34710020104B1B7803B97047FA
:1004500010B582B0044601F05BFD64B10B4B5968E6
:100460000B481BF0C5FF01F05FFD084B00221A602E
:100470005A6002B010BD054B5968ADF80410022354
:1004800001AA03481BF0CEFFEDE700BF2C7100204E
:100490003471002038B504460D4601F039FD2A4676
:1004A000214606481BF0B7FF044601F03DFD1CB194
:1004B000034A53682B445360204638BD34710020F2
:1004C0002C710020114B1B780BB10020704710B528
:1004D00082B04FF6FF73ADF8043001F019FD02222F
:1004E00001A90B481BF097FF044601F01DFD14B94C
:1004F000002002B010BD054B064A92E8030083E8D5
:10050000030003481BF080FFF3E700BF2C710020BD
:10051000347100207C2905000A4B1B6803B9704721
:1005200010B501F0F5FC074C216807481BF048FFA7
:10053000002323606360A360E360236101F0F4FCA7
:1005400010BD00BF187100203471002070B586B056
:10055000054601F0DDFC12481BF083FA044601F069
:10056000E3FC1CB12C60012006B070BD01F0D0FC92
:1005700001A8FFF747FF0A4E34460DF1040CBCE812
:100580000F000FC4DCF80030236001F0CDFC3046D2
:100590001BF067FA2860003818BF0120E4E700BFAD
:1005A0001871002008B50A46014607481BF066FE90
:1005B000064A002313605360054A1360536093603A
:1005C000D3601361034808BD347100202C710020F2
:1005D00018710020B8DE0500002300E001331F2B56
:1005E0000ED8094A02EB031292F90B20002AF5DA21
:1005F000054A02EB031292898242EFD198B270470A
:100600004FF6FF70704700BF4471002008B500230B
:100610004FF6FF7002E098B208BD01331F2B13D8CC
:100620000D4A02EB031292F90B20002AF5DB0A4A6D
:1006300002EB0312926832F00042ECD04FF6FF72E8
:100640009042EAD198B2E8E74FF6FF739842E3D1BF
:100650001846FFF7C1FFDFE744710020034B9B689A
:1006600033F000430CBF012000207047447100208C
:10067000044A5368013353609268934201D9014A96
:1006800093607047A42B0020024A5368013B5360DB
:10069000704700BFA42B00202DE9F04180460C4696
:1006A00017461BF003FA64B3FFF7E2FFFFF7AEFF54
:1006B00005464FF6FF73984227D0154E2A0106EBE8
:1006C00005130021B15059609960D96046F8028045
:1006D0005C609A6867F31E029A60DA7A42F08002E0
:1006E000DA720C4A9189998195812846FFF774FF47
:1006F0004FF6FF73984204D006EB00134FF6FF72DB
:100700009A811BF0D7F9BDE8F08100F0E7FBD4E750
:1007100044710020A42B002038B505461BF0C6F913
:10072000002D39D0FFF7B0FF002407E01C4B03EB8E
:1007300004139A891B4B9A811DE001341F2C2BD87E
:10074000174B03EB04135B68AB42F6D1144B03EB7E
:10075000041393F90B30002BEFDA114B03EB041366
:10076000DA7A6FF3C712DA72A0B2FFF735FF0D4BDA
:100770009B89A342DAD04FF6FF73984206D0084B0C
:1007800003EB0412928903EB00139A81044B03EBF1
:1007900004134FF6FF729A811BF08CF938BD00BF2D
:1007A00044710020A42B00200346044A507810B165
:1007B00092789A4200D870470020FCE744730020EA
:1007C00008B508220249002000F0AAFC08BD00BFBD
:1007D0006473002038B505460C46012006E020462B
:1007E000A8472268637A13440233236040B122464B
:1007F00052F8081B022303481BF058FD0028EED1D5
:1008000038BD00BF54730020F0B583B006460C46D7
:100810001BF0FAFD241A002C33DD30461BF006FED7
:100820000546A04201DA00272CE000F0E7F9074670
:1008300080B1002726E0154A93680133936029466A
:1008400030461BF0BDFD641B002C18DD30461BF04C
:10085000EDFD0546B5B10021ADF80410022301AA53
:1008600030461BF023FD9DF8055002359DF80430FD
:100870003F2BE0D9054A53685B1B5360DFE7012734
:1008800000E00127384603B0F0BD00BF44730020EC
:10089000014B9868704700BF44730020014BD86833
:1008A000704700BF4473002038B50B4B5C780CB91F
:1008B000204638BD0546FFF783FF074B1B8D83425B
:1008C00008D1054B196A5A6A2B602C236B60A9600A
:1008D000EA60EDE70024EBE74473002038B50446F6
:1008E000064D28461BF0A2FD224652F8081B0223A3
:1008F000411A28461BF096FD38BD00BF54730020F6
:1009000000B583B00346006800915A7A811C034801
:100910001BF01EFD03B05DF804FB00BF5473002004
:100920002DE9F04782B006460D4614461F469DF855
:100930002880FFF739FFB8B1802C28BF802404F14C
:100940000209B8F1000F12D149461B48FFF75CFFBE
:10095000814678B9194A936801339360B8F1000F62
:1009600024D1B9F1000F24D102B0BDE8F08701F025
:10097000CFFAE9E7DFF844A0DAF80C300133CAF81F
:100980000C30394630461BF099F88DF804008DF88C
:1009900005400AF1100A022201A950461BF03BFD56
:1009A0002246294650461BF036FDD7E701F0BCFA37
:1009B000D7E71BF096F8D7E7547300204473002064
:1009C000F8B1F8B50C460746E9B1104B5B780BB1AE
:1009D000002019E00D4E2C220021304620F03AFE76
:1009E00001253570B57037627462FFF7E9FE308516
:1009F0002246394606F110001BF040FC757028466F
:100A000002E0002070470020F8BD00BF44730020C2
:100A100070B50446074D6E683822002120F01AFE9A
:100A2000A4464CF8086B05F108030FCB8CE80F00C7
:100A300070BD00BFD850002010B592B000240194C2
:100A40000294039404A80290FFF7E2FF01A908486A
:100A50001BF03BF801F05CFA064B1C605C609C608C
:100A6000DC601C615C6101F05FFA12B010BD00BF78
:100A700079BB0400D850002070B505460C464E687E
:100A800006F1080204211BF09FF900B970BD042192
:100A900028461BF04BFD0028F8D031684900284655
:100AA0001BF094FD0028F1D0214603481BF00DF8FF
:100AB00096F82C00EAE700BFF5BB040070B596B0CD
:100AC00006460D4614464822002104A820F0C2FD27
:100AD000049605950694002301930293039308A8B6
:100AE0000290FFF795FF4FF0FF3304AA07490EA8C5
:100AF0001BF0F9FC01A90EA8FFF7BEFF0798A04262
:100B000014BF0020012016B070BD00BFABBB0400B5
:100B100038B505460C46097A01F007011BF006FDC1
:100B2000034648B1237A13F0080F07D1617A2846AB
:100B30001BF040FD38B90023184638BD617A2846BD
:100B40001BF019FDF6E704492046FFF7D9FE08B16E
:100B50000123F1E70023EFE73DBC040070B592B03C
:100B60000B4B1D7815B9284612B070BD044604AE73
:100B70003046FFF74DFF0023019302930393029643
:100B800001AA04490AA81BF0B6F92060EBE700BFF0
:100B9000D8500020790A0300164B1B7803B1704728
:100BA00000B585B0039300930193029303AB0193C7
:100BB000694611481AF089FF039B13B905B05DF827
:100BC00004FB01F0A5F90B4B1B787BB90948012305
:100BD00000F8083B1AF068FF10B9064B00221A72A1
:100BE000039A044B5A6001F09FF9E7E701F09CF982
:100BF000E4E700BFD850002063BB0400014B187825
:100C0000704700BFD850002010B5114B1C68D4B1FC
:100C10002268104B9A4218D040220021204620F032
:100C200019FD52232370422363705423A3702123A0
:100C3000E370022323714FF0FF3323726372A372B8
:100C4000E372012010BD0020FCE70120FAE700BF9D
:100C500078730020524254210D4B1B689A68B2F100
:100C6000FF3F10D030B4DD681C695969DB79012B76
:100C700014BF00230123028045608460C1600374B7
:100C8000012030BC704759690029EBD10020704722
:100C900078730020064B1880B1F1FF3F04D05980D3
:100CA000034B01221A717047014B5880F8E700BFCF
:100CB00070730020074B58884FF6FF73984205D099
:100CC00000B20028CCBF002001207047014B1888DB
:100CD000F6E700BF7073002070B505460C46084E5D
:100CE00033689968FFF7D6FF33689A68B2F1FF3F1F
:100CF00005D19D601CB12268DA6062681A6170BD1E
:100D0000787300200F4B1860D0B110B50C461AF064
:100D10009DFFFFF779FF80B184B10A4B1B68226801
:100D20005A61A0880021FFF7D7FFFFF7C3FF20B16A
:100D3000044B1A6853790133537110BD0020F1E759
:100D4000704700BF7873002038B504460D46FFF7A2
:100D50005BFF00B938BD29462046FFF7BDFF024BB7
:100D600018681AF074FFF5E77873002008B5FFF7EC
:100D70004BFF18B1024B1B68587908BD0020FCE7F7
:100D80007873002008B5FFF73FFFA8B10B4B1B6835
:100D90004FF0FF321A725A729A72DA720022DA71C6
:100DA0001A735A739A73DA731A745A749A74DA74D7
:100DB0001A755A759A75DA7508BD00BF78730020E8
:100DC00008B5FFF721FF18B1024B1B680122DA7149
:100DD00008BD00BF7873002048B110B50446074B2A
:100DE0001B793BB1FFF766FF2070002010BD4FF06C
:100DF000FF3070474FF0FF30F8E700BF70730020FE
:100E000008B5FFF701FF30B1034B1B6800221A76CB
:100E10005A769A76DA7608BD7873002010B58AB0D3
:100E20000DF1140C094C0FCCACE80F002368CCF882
:100E3000003000230093019302930393049305AAC7
:100E4000034968461BF057F80AB010BD8429050015
:100E5000BBBC0400002831D010B58AB00446194A42
:100E6000194900F08DF805A81AF0F2FE88B10023A8
:100E70000093019302930393049305AB134A214615
:100E8000684600F037F858B1FFF77CFF00200AB041
:100E900010BD0F4A0F49022000F080FE0020F6E747
:100EA000E36898470446FFF7B9FF034622460A491C
:100EB000022000F073FE6FF00100E8E74FF0FF3012
:100EC000704700BF606905001D0E0300BBBC040035
:100ED00038DF0500E0DE0500FCDE050008B57246DF
:100EE0000349032000F05AFE1AF039FD1AF0E9FE1A
:100EF00064DF0500F0B583B007460E4614461D4674
:100F00000B6898470346019601AA184938461BF01A
:100F1000EAFA29463846A047044638461BF0FDFA4F
:100F200084F00100B368C0B2984774B9104B1B68D5
:100F300033B10F4A136801331360204603B0F0BD8C
:100F40000C49032000F02AFEF3E7094B1A68002A37
:100F5000F3D00949012000F021FE0849044A0B683A
:100F6000106803440B6000231360E6E7C5BC04006F
:100F70008073002078DF05008CDF05007C73002083
:100F800070B582B00D461646C36898470446A84718
:100F9000844202D3012002B070BD00903346224645
:100FA0000249022000F0FAFD0020F4E7B4DF05005A
:100FB00000B587B003460022019202920392049288
:100FC0000592074A0749096801A8FFF793FF18B17E
:100FD000002007B05DF804FB6FF00100F9E700BFE7
:100FE00011BF0400F473002038B50278104B1B6861
:100FF000CBB904460E4DAC464CF8042B8646BEE8F1
:101000000F00ACE80F009EE807008CE80700AB6912
:1010100063B12035A2696169284620F0F4FA45F8E9
:10102000085C002038BD6FF00100FBE70020F9E705
:101030008473002000B58DB00023059306930793B9
:10104000089309930A930B9302228DF814204FF012
:10105000FF3206920792012208926FF00042099235
:101060000093019302930393049305AA03496846EE
:101070001AF041FF0DB05DF804FB00BF11BF040082
:1010800050B110B50446074A0749FFF779FF30B160
:10109000064B1C60002010BD6FF0030070476FF01E
:1010A0000200F8E7ECDF050035100300F4730020C0
:1010B00008B5074B1B680BB9002008BD0548FFF7B2
:1010C00077FF0028F9D1024B00221A60F5E700BF34
:1010D00084730020887300200A4B1B687BB110B515
:1010E00004461AF029FC30B9FFF7E2FF30B9204678
:1010F000FFF75EFF02E02046FFF776FF10BD4FF0DE
:10110000FF307047F473002001EB41014900C840F3
:1011100000F03F00014B185C704700BFF4DF050092
:101120004FF0000C944511D210B411F8013B83EA42
:101130001023000280B2064C34F8133058400CF1F2
:10114000010C9445F1D35DF8044B7047704700BF24
:1011500038E0050028B10268044B9A4203D0002011
:101160007047002070470120704700BF434F524531
:1011700010B584B0044600230193029303930749FA
:1011800001A81BF026FB30B101A8FFF7E3FF10B167
:101190000CB1039B236004B010BD00BF8FC70400D7
:1011A00000B585B00A46064B0193022302930390D3
:1011B0000C2101A81BF013FB05B05DF804FB00BF78
:1011C000434F52452DE9F0418EB000230C930D930F
:1011D00009930A930B930769C668002E00F08E806E
:1011E00004460D469046002F00F08A80002958D012
:1011F00000230693079308930C9B06930C220792F7
:101200008DF82050102B01D9103B0693216862689D
:1012100029B106AB00201BF049FB002871D006A8BD
:101220001BF04EFB00286CD0218906A81BF09EFB0A
:10123000002866D00025059505A800F08DF8044625
:10124000049504A800F08EF80546059A214606A8E4
:101250001BF0B0FB00283FD1002318461BB99DF8B6
:101260002230002B4DD1002300930193029303936E
:10127000254B00939DF8213001930C9B069306AA01
:10128000102168461BF0ABFA00283AD0079C0023D7
:10129000079306A92046FFF783FF90B3C8F80040E4
:1012A0002FE01BF0C3FB08B928462AE01BF0BCFB6B
:1012B0000028F9D0154A0CA909A81BF06CFA00B354
:1012C00009A8FFF747FF08B128461AE00C9900F07B
:1012D0009FFF00288CD114E0049A294606A81BF031
:1012E00069FB08B90023B8E73A46314606A81BF067
:1012F00061FB08B10123B0E70023AEE7002000E066
:1013000000200EB0BDE8F08144554D50ED210300A2
:101310000F4B104A5A604FF0E022D2F8241DD960DA
:10132000D2F8281D1961D2F82C1D5961D2F8301D50
:101330009961D2F8341DD961D2F8381D1962D2F8FA
:101340003C2D5A621C229A6001221A60704700BF2D
:10135000F873002024ED00E0092303600048704783
:1013600044E2050070B584B0054600230093019364
:10137000029303936846FFF797FAB0BB0024FFF788
:101380006DF9A0B91B4E04EB440C06EB8C0C1A4B08
:1013900093E807008CE80700621C02EB420206EBB0
:1013A000820C0C3393E807008CE8070002342C60B1
:1013B000F4B1104804B070BD04AB03EBC20353F8A2
:1013C000106C53F80C0C0B4904EB44034FEA830CEC
:1013D00001EB83034FF0000E01F80CE05E609860B3
:1013E00001340132012AE7D9C9E700221446F9E79E
:1013F0000020DFE7207400209829050000B583B0A5
:10140000074B1B8813B14DDE1BF066FE0090019167
:10141000034B1A8069461046FFF796FCF3E700BFBE
:101420002691002070B59EB004460D461BF068FB67
:10143000374B1B88002B53D0626A2368D96901F4AB
:10144000007112F0100F57D168251D4401B1043509
:101450001B680B93236859680C9199680D91D968A2
:101460000E9161680F91A1681091E1681191216955
:10147000129161691391A1691491E1691591216A31
:1014800016911969179118955969199199691A91C5
:10149000DB691B9312F0040630D128461C90002E05
:1014A0002FD028461D900023069307930893099395
:1014B0000A930BAB06934C230793154B1B88ADF88F
:1014C00020300395ADF8103005940AA903A800F068
:1014D00079FD099006A81BF0B7FAA8B91BF0FCFD2E
:1014E00023689A6901925B69029301A92846FFF774
:1014F0002BFC074B1D809FE72025A6E71BF0DAFA9F
:10150000CCE71BF0D4FACDE7FFF75AFCE6E700BFC3
:10151000269100201EF0040F0CBFEFF30883EFF3B9
:1015200009832DE9F84F68460149FFF77BBF0000AA
:101530000480FFFFF8B5144800F096FB134F3946BE
:10154000002000F02BFB124E3146012000F026FB5C
:10155000104D2946022000F021FB0F4C21460320AC
:1015600000F01CFB394600201AF0E1FA3146012058
:101570001AF0DDFA294602201AF0D9FA2146032092
:101580001AF0D5FA0020F8BDB0E20500BCE2050073
:10159000C8E20500D4E20500E4E205000D4B1B5C47
:1015A000DA0803F0070371B110B40B4CA15C012001
:1015B00098400143A1540849885C184100F001009B
:1015C0005DF8044B70470449885C184100F0010045
:1015D000704700BF54E705007074002010B4C108C4
:1015E00000F00700054C625C01238340DB435BB2E3
:1015F000134063545DF8044B704700BF70740020C3
:1016000008B51A2809D80A4B53F82030B3F1FF3F28
:101610000BD0084800EB830008BD1B230246064997
:10162000032000F0BBFA0020F6E70020F4E700BF3B
:10163000C8E605005C740020F0E20500F8B50C4631
:101640001A281AD80546164B1B5C164E06EB830665
:1016500000EB4002144B03EBC2031F79032F12D09F
:10166000E8B2FFF7CDFF002323606360A36026602C
:101670006060012F0DD93846F8BD00230B604B6028
:101680008B600427F7E7094B1B5C094E06EB8306CA
:10169000E6E719462846FFF781FF2072EBE700BF17
:1016A00054E705007474002070E7050038E7050072
:1016B00034E705002DE9F04184B007460E460024CA
:1016C0001A2C14D804EB44030A4D05EBC30800227E
:1016D00001920292039201A955F83300FFF7AEFF81
:1016E00001AA41463846B04708B10134E8E704B0E2
:1016F000BDE8F08170E7050008B502490020FFF75A
:10170000D9FF08BD63CC040070B582B006460D4613
:1017100014461146FFF792FF236873B1A84202D125
:10172000002002B070BD009603462A4604490320FB
:1017300000F034FA6FF00100F3E74FF0FF30F0E70C
:1017400024E3050030B585B005460C46002301931F
:101750000293039301A9FFF771FF019B002B3CD07B
:10176000E8B1012831D11A68E117141941EBE2728E
:10177000B4F1004F72F1000104DB6FF000421A6017
:1017800000201EE0B4F1004F72F1FF3204DA4FF096
:1017900000421A60002014E01C60002011E01A686A
:1017A0001119002CD4BF002001208A422CBF002236
:1017B0000122904203D0002C05DD4FF0FF3119606B
:1017C000002005B030BD0021F9E72A460449032076
:1017D00000F0E4F96FF00100F3E74FF0FF30F0E7BD
:1017E00048E3050010B50C460368097B007998476B
:1017F00078B122681A4B53F822202379032B2AD878
:10180000DFE803F009160223A3681649012000F05F
:10181000C5F9012010BD63792BB1A36811490120DE
:1018200000F0BCF9F5E71049012000F0B7F9F0E746
:1018300063792BB1A3680D49012000F0AFF9E8E707
:101840000949012000F0AAF9E3E7A368084901204B
:1018500000F0A4F9DDE70749012000F09FF9D8E77F
:101860005CE6050070E305007CE3050088E3050005
:1018700094E30500A0E3050038B510B90D46002437
:101880000CE06C22002112481FF0E4FE0023114AF4
:10189000136003B138BD0133FBE701341A2CF9D8CA
:1018A00004EB44020C4B03EBC2031B7CAB42F4D1B0
:1018B0000A4B185D084B03EBC2031B79022BECD8D3
:1018C000034B002243F82020FFF788FEE5E700BF26
:1018D000747400207074002070E7050054E7050060
:1018E00038B5FEF7D5FF0546FEF7D8FF0446074B8F
:1018F00019681D60691A08201BF000FA044B19686A
:101900001C60611A09201BF0F9F938BD54740020DD
:101910005074002008B5FFF7EFFE00F0D5FC1BF077
:1019200001FA19F0BBFE044B18681BF06DFA002198
:101930000846FFF7A1FF08BD5874002030B583B0FA
:1019400005460C4600F0E4FA009501940349684608
:10195000FFF7B0FE00F0E8FA03B030BD31CB040071
:1019600000B583B00023009301938DF8040069460D
:101970000348FFF7E3FF009803B05DF804FB00BFE6
:1019800067CB040010B582B00446FFF7B5FE0749E7
:10199000012000F003F9064B00938DF804406946DE
:1019A0000448FFF7CBFF02B010BD00BFB8E305004D
:1019B00083CB0400E517030000B583B0FFF79CFE5E
:1019C0000749012000F0EAF8002300930193054B3A
:1019D000009369460448FFF7B1FF03B05DF804FBCC
:1019E000B8E305007BCB0400E517030038B528B346
:1019F0000C46054629B3174B186000210120FFF75C
:101A00003BFF15494FF4616000F088FCE0B1134AD8
:101A100013492846FFF7B4FAC8B100201BF054F967
:101A2000054608B1284638BD216801201BF03AF967
:101A300005460028F6D11BF01FF9F3E76FF0020509
:101A4000F0E76FF00205EDE76FF00505EAE76FF0EC
:101A50000405E7E75874002015190300D0E30500DA
:101A6000FFCD040070B582B01BF0F4F9164D2B6861
:101A7000C31A164A11680B441360154CA4FB0314D7
:101A8000640D144901FB1436166028608B4201D2A4
:101A900002B070BD214606201BF030F900238DF8FE
:101AA00007300D4B1B7833B19DF80710611A0720E2
:101AB0001BF024F9ECE7084B01221A700DF1070026
:101AC000FFF78AF9F0E700BFE4740020E07400201B
:101AD000B17C219580EE36004A91002000B587B098
:101AE000002300930193029303930493059301232E
:101AF0008DF814308DF816006A46034968461AF0CE
:101B0000FAF907B05DF804FB61CD040010B5044696
:101B100001211AF0A7F900B910BD042120461AF0DE
:101B200005FD08B90020F7E7022120461AF048FD1C
:101B30000028F7D0A27D022120461AF010F90028D3
:101B4000F0D0012120461AF0F1FC0028EAD0A07D57
:101B50001BF0F9F8014620461AF038FD0028E1D0C4
:101B600021460248FFF7EAFE607DD5E7AFCD0400CD
:101B700000B587B00023009301930293039304936D
:101B800005938DF816106B46034A01466846FFF729
:101B9000B1F907B05DF804FB61CD04000EB410B5D7
:101BA000A7B0044629AB53F8042B2593802105A840
:101BB0000EF0C6F8032C3FD8DFE804F008021A2C18
:101BC000264B1B6803F00703022B04D827B0BDE89F
:101BD000104003B0704705AB0393214B02930020E4
:101BE00001900090034603221C491BF012F9EDE717
:101BF0001A4B1B6813F0060FE8D005AB0393184B84
:101C000002930020019000900346022213491BF02A
:101C100000F9DBE7114B1B6813F0070FD6D005ABBB
:101C200003930F4B02930020019000900346012282
:101C30000A491BF0EEF8C9E7084B1B6813F0070FC1
:101C4000C4D005AB0393074B029300200190009092
:101C50000346012201491BF0DCF8B7E708300020F9
:101C600064DC0500F8E905000FB410B5A6B028AB98
:101C700053F8042B259305AC802120460EF060F824
:101C80000394074B02930020019000900346024604
:101C900001461BF0BEF826B0BDE8104004B0704706
:101CA0005C67050008B5024B1868FFF7D3F808BD5C
:101CB000E878002030B585B000240294039402A88F
:101CC00000F084FC02A90D48FFF71CF84FF4806176
:101CD0000B48FEF767FC0B4D2860FFF7E3FF286811
:101CE000FFF7CEF9FFF742F8019001A92868FFF746
:101CF0007DFEFDF7C5FF204605B030BDB4000320D2
:101D0000E8740020E878002000231F2B09D8064A39
:101D100052F823208A4201D00133F6E70360012004
:101D200070470020704700BF6C790020F0B587B085
:101D300004460D4616461F460021059105A8FFF7EB
:101D4000E3FF18B1059A084B43F822400E9B02931B
:101D50000D9B01930C9B00933B463246294620463F
:101D6000EAF708FC07B0F0BD6C79002010B582B02E
:101D7000044600230193014601A8FFF7C5FF20B1E7
:101D8000019A044B002143F82210204607F0B8F9CD
:101D900002B010BD6C790020074B084A904208D36E
:101DA000984201D300207047181A884228BF08467D
:101DB00070470020704700BFF4000320002000207F
:101DC000002800F088802DE9F0470F468046002962
:101DD00000F083800024254604E0414B002243F8B4
:101DE000242001341F2C5ED8BD4218D23C4B53F83E
:101DF0002460002EF5D04FF484713046FFF7CCFFFD
:101E000002460028E9D005EB4503990008EB83035F
:101E1000002008F801005E609A600135E1E70026C5
:101E200009E0D4F8B010D4F8AC001BF051F82D4BF9
:101E300043F8260001361F2E37D8BD4235D2284B35
:101E400053F82640002CF5D0274B9B68A342E8D0DE
:101E5000D4F86090D4F8AC30D4F8B0209918A1EB45
:101E60000901B1F5807F28BF4FF480714846FFF724
:101E700093FF82460028DDD0D4F8B010D4F8AC002F
:101E80001BF026F8174B43F8260005EB45039A0094
:101E900008EB8303002108F80210C3F80490C3F88C
:101EA00008A00135C6E70026C5E705EB450408EBA9
:101EB00084040E4B93E8070084E807006A1C02EBD9
:101EC000420208EB82080C3393E8070088E8070019
:101ED000A81CBDE8F087002070470846F9E700BF5E
:101EE0006C790020EC78002010530020B029050008
:101EF00041B1054A054B9B1A002101704260836085
:101F00000120704708467047002000202034002040
:101F100008B54FF0FF324FF0FF33024804F070F97C
:101F200008BD00BFD431002008B5024804F080FA93
:101F300008BD00BFD431002000293ED070B5044652
:101F400015460E46452A01D8002070BD4FF4807119
:101F50000068FFF721FF2368002232707360B060D1
:101F6000A3685B6A13F0040F1AD0012404EB440346
:101F700006EB8303124A07CA83E80700013404EB27
:101F80004400291B06EB8000FFF71AFF044404EB12
:101F90004400291B06EB8000FFF7AAFF2044D4E78A
:101FA000EFF309844FF4C0712046FFF7F5FE0023DC
:101FB0003373346170610224D8E70020704700BF9A
:101FC000C829050038B50C46034D46222946FFF7BF
:101FD000B3FF2060284638BDEC7900200023034A77
:101FE000C3F801204FF0FF30704700BFFECAAD0BB1
:101FF0000023024AC3F80120704700BFFECAAD0BA0
:1020000000B583B072460B4679460093054B01201C
:1020100019F0AEFF04490020FFF7C0FD002003B017
:102020005DF804FB10EA050020EA050008B5024946
:1020300011F047FFFEE700BF38EA050008B5024986
:1020400011F03FFF002008BD68EA050008B502490D
:1020500011F037FF002008BD94EA050008B50249D9
:1020600011F02FFF002008BD68EA050008B50349FC
:1020700011F027FF1AF070FE002008BDE8EA050005
:1020800000B583B04FF4A4720023CDE900230348C8
:1020900008F000F8002003B05DF804FB4030002099
:1020A00038B5044664201AF0F5FE05461AF003FF21
:1020B00028461AF000FF0349204611F002FF4FF0B6
:1020C000FF3038BD00EB050010B582B007F012F804
:1020D000D0F8AC300193ADF10C0404E0084B44F8A7
:1020E000043906F00BFE019BA3F58073A342F5D3E0
:1020F00004490320FFF752FD4FF0FF3002B010BD3E
:10210000EFBEADDE4CEB050008B5094A09490320D6
:10211000FFF744FD084CF42322460849084810F014
:1021200077FB084810F074FBF42120461AF0ADFE4E
:102130009CEC05008CEB0500A4EB0500B02D050020
:102140006C2B0500FCEB050038B5044601290ED9BF
:1021500055680D492846DBF7BBFE60B10B492846A0
:10216000DBF7B6FE50B91AF0F2FD002038BD084981
:1021700011F0A7FEF9E7FFF71FFCF6E70549204637
:1021800011F09FFEF1E700BF0CEC050018EC050014
:1021900034EC050024EC050010B582B0044601A91A
:1021A00068461AF05BFC019A0549204611F089FE49
:1021B000009A0449204611F084FE002002B010BDB0
:1021C00058EC05007CEC050008B50146014810F00C
:1021D000C0F808BD5C6705000346034A92E80300A7
:1021E00083E80300704700BFD429050008B5034603
:1021F00008469918B1F5005F01D9002008BD0349D0
:1022000019441FF000FA0120F8E700BF18870120E9
:1022100008B54318B3F5005F01D9002008BD0A4690
:102220000021034B18441FF015FA0120F6E700BF08
:102230001887012008B58318B3F5005F01D9002085
:1022400008BD034B18441FF0DEF90120F8E700BF7A
:102250001887012008B5024B1B6803B1984708BDD9
:10226000347D002000B585B00023019302930393D1
:1022700001A90F4810F005F801990F201AF012FD7E
:10228000DDED037AF8EE677A9FED0A7A67EE877ADA
:10229000FCEEE77A0199029B194417EE903AB3FBE2
:1022A000F1F10E201AF0FEFC05B05DF804FB00BF52
:1022B0003031002000401C4608B5024805F01CF8EB
:1022C00008BD00BFB42B002010B590B006F012FF7F
:1022D00004460FA91DF0E5FB0F990B201AF0E2FC54
:1022E00008A920461DF0EAFB0A4B0093DDE908230C
:1022F0000C201AF071FE02A81DF0EDFB064B0093B6
:10230000DDE902230D201AF067FEFFF7ABFF10B0E6
:1023100010BD00BFF8500020F050002000B583B081
:102320000E4B19604FF47A7303FB00F0410CC003AD
:1023300040F2E733C0184FF47A724FF0000341F1D6
:102340000001DBF7ABFD02460B460090019104480B
:1023500007F0A0FE012003B05DF804FB347D0020EF
:102360007830002018B1436800225A71704710B5C8
:10237000064C40F2251322460549064810F048FA5B
:1023800040F2251120461AF080FD00BF945F050041
:10239000CC5F05006C2B050010B504464FF40071AE
:1023A0000248FEF70DFB024B1C6010BD387D00207B
:1023B000407F002070B506460C46154619F0BCFA61
:1023C00018B9012C03D874B103E020461CE0FEF7D5
:1023D00085FD6B687F2B05D83178104AD1546B6826
:1023E00001336B608CB96E68012E06D0721E0B4BE8
:1023F0009B5C0D2B0DD00A2B09D065B132460749E5
:10240000287819F0A2FB204670BD2046FCE716464E
:10241000EAE71646E8E7FEF761FDEFE7507F0020A8
:1024200010B582B00C4619F087FAA8B920880023AD
:1024300000930193C0F382101AF0E2FD8DF80000C2
:102440000F4BD3E8EF2F42F00101C3E8E01F002853
:10245000F7D112F0010F01D002B010BD094BC3F843
:1024600004D008222146084810F0D8FF044BD3E8D6
:10247000EF1F21F00101C3E8E21F002AECD0F6E7CC
:10248000D07F0020447F002070F4050008B5024B87
:102490001868FFF767FF08BD407F002008B50248B5
:1024A000E9F7FCF9002008BD1515030008B510F088
:1024B000010F25D110F0020F28D110F0040F2CD1FC
:1024C00010F0080F2FD110F0100F32D110F0200FA4
:1024D00036D110F0400F39D110F0800F3CD110F000
:1024E000806F3FD110F0007F42D110F0807F46D145
:1024F00000284AD028490120FFF750FB002004E0C3
:1025000026490120FFF74AFB0A2008BD2449012083
:10251000FFF744FB48F20500F7E722490120FFF7E7
:102520003DFB0820F1E720490120FFF737FB082099
:10253000EBE71E490120FFF731FB49F20140E4E7D8
:102540001B490120FFF72AFB0920DEE7194901207A
:10255000FFF724FB0920D8E717490120FFF71EFBEE
:102560000920D2E715490120FFF718FB0920CCE725
:1025700013490120FFF712FB48F20500C5E7114996
:102580000120FFF70BFB0920BFE70F490120FFF7F0
:1025900005FB0720B9E700BF28F5050080F405001A
:1025A0008CF4050098F40500A4F40500B0F40500CF
:1025B000B8F40500C8F40500D8F40500F0F40500EF
:1025C00000F505000CF5050018F5050070B5064688
:1025D000B8B14FF05025D5F8004422460A490120F1
:1025E000FFF7DCFA09490120FFF7D8FA2046FFF788
:1025F0005DFFD5F800342343C5F800343460B08063
:1026000070BDFEF76BFCE4E734F5050054F50500FA
:1026100008B5034911F055FC4FF0FF3008BD00BF6D
:1026200064F5050008B51AF0CFFD68B1624BD3F828
:10263000203A4BB9604B0D22C3F8202A0122C3F87F
:102640001C290022C3F81C2900220BE002F16003C0
:102650004FF47F0151F83310DB0003F57F035B6813
:102660000B6001321F2A08D802F160034FF47F018A
:1026700051F83330B3F1FF3FE8D11AF07DFD30B1AE
:102680004D4B2922C3F80C270322C3F83C271AF02C
:1026900027FD40B1494B4A4AC3F830254FF050233B
:1026A0000122C3F858251AF02FFD18B1454B00221E
:1026B000C3F84C251AF040FD68B14FF05023D3F811
:1026C000003413F0010F06D04FF050230022C3F85E
:1026D0001421C3F818211AF043FD60B14FF05023C4
:1026E000D3F8003413F0010F05D04FF050236FF0F2
:1026F0000102C3F800241AF053FD18B12E4B6522D5
:10270000C3F80C271AF074FD20B12E4BD3F82034F7
:10271000002B3ADB1AF078FDE8B1274B7E22C3F894
:102720000C27C3F83C29284A7F23C2F818312349D3
:102730000023C1F8043EC1F8083E01F54821C1F864
:102740001031C2F82431C2F82C3102F5FF1202F523
:102750008052C2F8A0321D4BD3F88C2042F4406264
:10276000C3F88C201A4908681A4AC2F84405C96996
:10277000C2F84C15D3F8882042F47002C3F88820C0
:10278000BFF34F8FBFF36F8F08BD4FF0502303226D
:10279000C3F8182501229A604FF05023D3F8043172
:1027A000002BF9D04FF050230022C3F8042101225E
:1027B000DA60C3F81825ADE70040005000900350E0
:1027C0004400EFBE002003500020005000ED00E068
:1027D0000080FF000060005010B50468ACB1B4FA8E
:1027E00084F3C3F11F03DBB201229A4024EA020200
:1027F000D0E8EFCFA44504D1C0E8EE2FBEF1000F22
:10280000F6D1EAD10B70024810BD0248FCE700BFC8
:102810000000AD0B0200AD0B0368CB4013F0010FBD
:1028200011D100B5026801238B401343D0E8EFCFEC
:10283000944504D1C0E8EE3FBEF1000FF6D1F1D1CE
:1028400002485DF804FB0248704700BF0000AD0B72
:102850000400AD0B014BC3F8040570470070015034
:1028600021B140F00040C1F88000704710B5054C20
:1028700048232246044905480FF0CAFF4821204654
:102880001AF003FB98F60500D8F605006C2B05003E
:1028900021B140F00040C1F88000704710B5054CF0
:1028A0004E232246044905480FF0B2FF4E21204630
:1028B0001AF0EBFA98F60500DCF605006C2B050023
:1028C00008B5014601481AF0E5FC08BDC82B0020F8
:1028D0000346032929D8DFE801F0020D1823D3F8B5
:1028E0001804C0F3004072B3D3F8183403F00303A4
:1028F00013707047D3F80C04C0F300401AB3D3F838
:102900000C3403F0010313707047D3F85C04C0F378
:102910000040C2B1D3F85C3403F001031370704778
:10292000D3F85404C0F30040704710B5064C40F291
:10293000A7432246054906480FF06AFF40F2A74127
:1029400020461AF0A2FA7047E4CB0500B02D05002E
:102950006C2B050070B582B0064603280FD8DFE85F
:1029600000F01931020824224FF492734FF40070E2
:1029700014E01C224FF490734FF480700EE01F4C53
:10298000FB2322461E491F480FF042FFFB21204631
:102990001AF07BFA0C224FF4827302204FF0502180
:1029A000C1F808030A440121116003F150230022F9
:1029B0001A601B688DF807108E4208D0002542F27D
:1029C00010740CE004224FF480730120E6E70DF14F
:1029D0000705F4E701201AF02EFC013C0CD02A4632
:1029E00031464FF05020FFF773FF28B1002DF1D092
:1029F0009DF80730012BEDD002B070BDE0F6050068
:102A0000B02D05006C2B0500054B1B792BB9044B31
:102A1000186001221A71034870470348704700BFCD
:102A2000D47F00200000AD0B0C00AD0B10B5104B97
:102A30001B7983B10E4B1B680BB11AF00CFC1AF01A
:102A400008FC4FF05023C3F818050122C3F81425E1
:102A5000C3F8802510BD074C40F2591322460649A1
:102A600006480FF0D5FE40F2591120461AF00DFA33
:102A7000D47F0020E0F6050020F705006C2B050050
:102A800010B582B04C4B1B792BB1032863D8DFE81B
:102A900000F00F6F855C494C4FF4D47322464849CF
:102AA00048480FF0B5FE4FF4D47120461AF0EDF906
:102AB0004FF05023D3F81824D3F8183403F003034D
:102AC0008DF8073012F4803F15D14FF05023D3F822
:102AD000143413F0010F13D11AF0BBFB8DF807006B
:102AE0009DF807204FF05023C3F8182508224FF413
:102AF0008273022040E00DF107001AF0B6FBEFE709
:102B00004FF05023D3F81C3403F003038DF8073043
:102B10000DF107001AF0A9FB0028E1D0264B1B6835
:102B20002BB14FF050230222C3F8042334E04FF0BE
:102B30005023D3F80431002BF9D04FF0502300225A
:102B4000C3F80421D3F8043126E018224FF490731F
:102B50004FF4807010E0194C40F2FD1322461A49E0
:102B600018480FF055FE40F2FD1120461AF08DF97D
:102B700000224FF48073012003F1502300211960DB
:102B8000196802F15022012111600B4A12685AB1F2
:102B90004FF05023C3F8040302B010BD20224FF4BD
:102BA00092734FF40070E7E71A68002AFCD0002205
:102BB0001A601B68F0E700BFD47F0020E0F6050034
:102BC00020F705006C2B0500B02D050010B5094B52
:102BD0001B7913B1FFF7BEFE10BD074C40F217235F
:102BE0002246064906480FF013FE40F21721204600
:102BF0001AF04BF9D47F0020E0F6050020F705001D
:102C00006C2B050010B54FF05023D3F8044309E0B6
:102C10003BD9B2F5807F02D0B2F5007F37D1234B8C
:102C20001B689847002C3FD0B4FA84F0C0F11F0015
:102C30000122824083009BB203F580739BB2C0B235
:102C400092B224EA020403F1502319680029E9D062
:102C5000002119601B684FF05023C3F80823022A93
:102C6000D6D14FF05023D3F81814D3F8183403F00A
:102C70000303012BD3D14FF050230221C3F81815C1
:102C8000C3F8042301229A60CCE7012AC7D0084C7C
:102C900040F276332246074907480FF0B9FD40F26B
:102CA000763120461AF0F1F810BD00BFD47F002025
:102CB000E0F60500B02D05006C2B050008B5007985
:102CC000024B03EB0010FFF787FD08BDD02B00205F
:102CD00000B583B084468E460C4B93E8030002ABEC
:102CE00003E90300634609E002A901EB830151F8FF
:102CF000081C086A42F8040B086201330CEB0E0052
:102D00009842F1D803B05DF804FB00BFDC29050050
:102D10004309034AD35C00F01F001844C0B2704757
:102D2000C4F8050000487047E02B002030B583B0A0
:102D300005460191002400E00134012C18D80E4B07
:102D40001B5D03F0070202A901EBD30313F8043C57
:102D5000D34013F0010FEFD005EB84020121204690
:102D6000FFF7B6FF55F82430002BE5D0012000E036
:102D7000002003B030BD00BFD4F8050038B50546CB
:102D8000046820461AF0E1FA40B104F01F032B60FA
:102D900064091DD0012C0ED10E4838BD0E4C4FF4E5
:102DA0006C7322460D490E480FF032FD4FF46C71E2
:102DB00020461AF06AF8084C40F2B9332246094915
:102DC00007480FF025FD40F2B93120461AF05DF8B2
:102DD0000548E2E7002884505C91050090910500C9
:102DE0006C2B0500B02D0500002584502DE9F04125
:102DF00084B005460C4616461F460846FFF788FF76
:102E0000804656B3214628461AF000FB28B12146D9
:102E100028461AF0BBFA002843D1214628461AF06A
:102E2000C4FA10B17378012B3BD001238DF80F3019
:102E3000002301930096B31C721C0DF10F01204674
:102E40001AF09FFB2879FFF76DFF08F1080230F8B0
:102E5000123043F0030320F81230002F3BD02146FC
:102E600028461AF0D3FA002837D13E782B6806F5A9
:102E7000A272002143F8221043F822102879FFF7AC
:102E800051FF08F1080230F8123023F02003DB0470
:102E9000DB0C20F812307B782BB9114804B0BDE868
:102EA000F0811048FAE7BA78009222463146286845
:102EB0001AF00EFA2879FFF735FF024608F10800EC
:102EC00032F810307603B6B2334343F0200322F8D1
:102ED00010300348E2E70248E0E70248DEE700BFBF
:102EE0000000AD0B0400AD0B00B583B0019001A84C
:102EF000FFF744FF019A803250F82210044B0B4038
:102F000043F0020340F8223003B05DF804FB00BF39
:102F1000F0F0FCFF70B59AB105460C4616461AF063
:102F200035FAD0B12879FFF7FDFE05462046FFF7B8
:102F3000EFFE083035F810305B0B337008480DE0B9
:102F4000084C40F20D332246074908480FF060FC58
:102F500040F20D31204619F098FF054870BD00BFC2
:102F60000000AD0B40F7050080F705006C2B050055
:102F70000400AD0B072803D8800000F5807070476F
:102F800010B5064C40F2AA332246054905480FF019
:102F90003FFC40F2AA31204619F077FF8CF705007C
:102FA000C4F705006C2B0500F8B504460D4616461F
:102FB0001AF0FBF9E0B12368D3F80423002A03DBFD
:102FC0004FF00042C3F80423294620461AF0DEF9E8
:102FD00020B1294620461AF019FAB0B98EB3294615
:102FE00020461AF0B0FA014628461AF025FBF8BD33
:102FF0001A4C40F2FA33224619491A480FF008FCDD
:1030000040F2FA31204619F040FF294620461AF0D6
:1030100006FA05462768FFF7ADFF00233B503B58F3
:10302000226805F5A27152F8213043F0010342F8FD
:103030002130002EDBD022680123AB40C2F80433DC
:10304000D5E7064C40F20E432246074905480FF0EB
:10305000DFFB40F20E41204619F017FF40F7050054
:103060003CF805006C2B050060F8050038B50546F6
:103070000C4608461AF069F988B1214628461AF02C
:10308000C5F9C8B1214628461AF08FF908B3214680
:1030900028461AF07BF948BB4FF4BE7038BD174C78
:1030A00040F2E5132246164916480FF0B1FB40F2F4
:1030B000E511204619F0E9FE104C4FF4F373224657
:1030C000114910480FF0A4FB4FF4F371204619F09A
:1030D000DCFE0A4C40F2E71322460C4909480FF087
:1030E00097FB40F2E711204619F0CFFE2146284613
:1030F0001AF095F9FFF73EFFD0E700BF40F7050053
:10310000D0F705006C2B05006CF805003CF80500B5
:1031100070B505460846FFF7FBFD04462879FFF722
:1031200001FE04F1080330F8133013F4807F0BD054
:10313000C3F34326083423F4F85320F814303146FF
:1031400028461AF07FF900B170BD2879FFF7EAFD33
:10315000002340F836302879FFF7E4FD3146783017
:10316000FFF75AFB074B9842EED0074C4FF4DC7345
:103170002246064906480FF04BFB4FF4DC7120460F
:1031800019F083FE0000AD0B40F70500ACD105003F
:103190006C2B05002DE9F04182B0054688461646A5
:1031A0001F46FFF7B5FFAEB33A46314628461AF040
:1031B00066F9041E20DB2879FFF7B4FD40F834607F
:1031C0002879FFF7AFFD00EBC40047602879FFF7CF
:1031D000A9FD05464046FFF79BFD083035F8103045
:1031E000E4B26402A4B2234343F4807325F81030A0
:1031F000094802B0BDE8F0812879FFF793FD0DF191
:1032000007017830FFF7E8FA034B9842F1D19DF8B7
:103210000740D0E70048ECE70000AD0B2DE9F04394
:1032200085B004460D4617460846FFF771FD064671
:10323000D7F80080B8F1000F28D0294620461AF0B0
:10324000D4F800284FD100238DF80E308DF80F30C0
:103250000193009343460DF10F020DF10E01284634
:103260001AF08FF92079FFF75DFD06F1080830F8B4
:10327000183023F0020320F818302079FFF752FDB0
:1032800030F8183043F0010320F818307B68F3B1B0
:1032900093F80080D3F80490294620461AF096F857
:1032A00018B3B9F1000F67D12079FFF73BFD08365D
:1032B00030F8163023F01C0320F816302079FFF781
:1032C00031FD30F8163043EA880320F81630BA682A
:1032D000002A55D05368126829462046FFF75AFF46
:1032E00005B0BDE8F0832748FAE72079FFF71AFD1B
:1032F00006F1080230F8123023F02003DB04DB0C67
:1033000020F81230B9F1000FCED0B8F1030F35D844
:103310007B685B6893F80090B8F1000F08D12368D0
:1033200009F5A279002243F8292043F82920BBE7B8
:1033300040461AF073F80346216809F5A27C51F85B
:103340002C2022F0030241F82C202A46494620680E
:1033500019F0A4FF2079FFF7E5FC06F1080230F828
:1033600012304FEA49391FFA89F943EA090343F059
:10337000200320F8123097E70248B1E70148AFE791
:103380000148ADE70400AD0B0000AD0B38B50546B4
:103390000C4619F0ECFF08B9074838BD214628460D
:1033A0001AF05AF9214628461AF0F3F92046FFF799
:1033B0009BFD0248F1E700BF0400AD0B0000AD0B20
:1033C00070B582B00268184B9A420BD105460E4682
:1033D0000079FFF7A7FC044690F880307BB11348D2
:1033E00002B070BD124C4FF4487322461149124886
:1033F0000FF00EFA4FF44871204619F046FD602296
:10340000002110301EF026F9236F0093002332466E
:103410004FF0004128681AF0E8F9012384F8803061
:10342000A3670648DCE700BF00D000500C00AD0BDE
:1034300040F705008CF805006C2B05000000AD0B73
:103440002DE9F04383B080460F460023009301939B
:10345000C96F6846FFF76AFC4BE094FAA4F4B4FA2B
:1034600084F404F01F05254B9B5D45EA431528466F
:10347000FFF74EFC083037F81090C9F382090DEBC6
:103480008603E00804F007041A5C0121A14022EA47
:1034900001021A5428461AF002F903464A46294600
:1034A00038461AF00BF928461AF03EF902AB03EB46
:1034B000860353F8084C002CCFD10136012E0DD8CD
:1034C0000F4B9B5D07F17C02D90803F00703525CA8
:1034D00022FA03F313F0010FEFD0E7E73A6F4FF052
:1034E000004140461AF02DF9F96F6846FFF71EFCBF
:1034F00008B10026E2E703B0BDE8F083D8F8050084
:10350000D4F8050008B5024902481AF0BAF908BD16
:10351000E02B002000D000500F2803D8800000F5D9
:103520008070704710B5064C40F2F31322460549EF
:1035300005480FF06DF940F2F311204619F0A5FC93
:1035400070D40500A4D405006C2B050038B531B14A
:1035500014460D460C4B1B7963B10C4838BD0C4C1E
:10356000372322460B490C480FF052F937212046E9
:1035700019F08BFC2A2011F02DFC034B01221A714B
:103580001D609C600548E9E7DC7F00200C00AD0B66
:10359000DCF8050078D105006C2B05000000AD0BB0
:1035A00010B530B102461E4B1B79012B0CD1002304
:1035B0001EE01C4C4A2322461B491C480FF028F9E8
:1035C0004A21204619F061FC164C4B23224618492B
:1035D00016480FF01DF94B21204619F056FC52F801
:1035E000234003F5A270134941F820400133DBB2B8
:1035F0000F2BF4D900230AE003F1100152F8214007
:1036000003F5B2700B4941F820400133DBB20F2BB8
:10361000F2D9D2F88020074BC3F8042310BD00BFB5
:10362000DC7F0020DCF8050018F905006C2B050094
:1036300024F9050000A002500A4B1B79012B05D18B
:1036400001238340084AC2F80433704710B5074C81
:103650007A232246064907480FF0DAF87A212046F5
:1036600019F013FCDC7F002000A00250DCF80500FC
:1036700024F905006C2B05000A4B1B79012B05D1A1
:1036800001238340084AC2F80833704710B5074C3D
:1036900082232246064907480FF0BAF882212046C5
:1036A00019F0F3FBDC7F002000A00250DCF80500DD
:1036B00024F905006C2B050038B5104BD3F80C43EA
:1036C00003E00F4A916828469847ACB194FAA4F5F4
:1036D000B5FA85F50123AB4024EA03042846FFF739
:1036E0001BFF00F1A04000F5283000230360044BCD
:1036F0001B68002BE5D1E8E738BD00BF00A00250F1
:10370000DC7F0020034B0022C3F88425C3F8042586
:10371000704700BF00900350034B0122C3F884257B
:10372000C3F80425704700BF00900350034B0222EA
:10373000C3F88425C3F80425704700BF00900350E8
:10374000044BD3F8003413F0010FF9D00160BFF33C
:103750005F8F70470090035010B504461AF0E1F8EF
:1037600084420CD3104C40F2071322460F491048F4
:103770000FF04EF840F20711204619F086FB204664
:103780001AF0D8F808B90B4810BDFFF7CFFF4FF07B
:10379000FF332360084BD3F8003413F0010FF9D046
:1037A000FFF7B0FF0548EFE750F90500ACF9050059
:1037B0006C2B05000A00AD0B009003500000AD0B10
:1037C00038B504460D461AF0ACF8844213D304F120
:1037D0007F4303F50043B3F5805F0CD3124C40F2F6
:1037E00095132246114912480FF012F840F2951134
:1037F000204619F04AFB14F0030F08D1FFF78CFFA5
:1038000029462046FFF79CFFFFF77CFF38BD064C9A
:103810004FF4CB732246074905480EF0F9FF4FF4E9
:10382000CB71204619F031FB50F90500C8F90500AD
:103830006C2B0500E4F905001B4B99422AD014D8E3
:103840001A4B994228D004D9194B99420BD0002029
:103850007047184B994221D0174B994201D0002054
:1038600070470120704701207047144B994217D0D0
:1038700004D9134B99420BD000207047114B994249
:1038800010D0114B994201D00020704701207047A1
:1038900001207047012070470120704701207047C8
:1038A000012070470120704780841E0020A107007E
:1038B00040420F0048E8010090D003000024F400CB
:1038C0000048E80100093D0000127A0070B5064684
:1038D0000C464D692946FFF7AFFF002848D02D4B15
:1038E0009D420DD02C4B9D420AD094F821301BB143
:1038F000E368B3F1FF3F03D1E369B3F1FF3F03D0C6
:1039000032790123934035D094F8233013B194F8E1
:1039100024308BBB3268214B9A4201D0204828E0EA
:103920001C4B9D4201D01E4823E02368B3F1FF3FAA
:1039300001D0082B22D16368B3F1FF3F01D0092BDE
:103940001ED1A368B3F1FF3F01D00A2B1AD194F81E
:1039500021302BB1E368B3F1FF3F01D00B2B13D122
:10396000E369B3F1FF3F11D00C2B11D10C4800E0FB
:103970000C4870BD0C48FCE70948FAE70948F8E72D
:103980000848F6E70748F4E70648F2E70448F0E796
:103990000448EEE70048E8010024F40000A00050CD
:1039A0000000AD0B0400AD0B0300AD0B234B9842A0
:1039B00034D012D8224B984233D005D9214B9842AB
:1039C0001ED14FF0805070471F4B98422CD01F4B98
:1039D000984215D14FF0806070471D4B984226D019
:1039E00005D91C4B98420BD14FF0A05070471A4B91
:1039F00098421FD0194B984202D14FF000407047B7
:103A000010B5174C4FF4BC732246164916480EF0F9
:103A1000FFFE4FF4BC71204619F037FA4FF000500A
:103A200070474FF0006070474FF0007070474FF0E4
:103A3000206070474FF08040704700BF80841E00B8
:103A400020A1070040420F0048E8010090D0030089
:103A50000024F4000048E80100093D0000127A004B
:103A600010FA0500B02D05006C2B050038B5054691
:103A7000046820461AF01AF840B104F01F032B60C6
:103A800064091DD0012C0ED10E4838BD0E4C4FF4E8
:103A90006C7322460D490E480EF0BAFE4FF46C715D
:103AA000204619F0F2F9084C40F2B9332246094990
:103AB00007480EF0ADFE40F2B931204619F0E5F9A5
:103AC0000548E2E7002884505C91050090910500CC
:103AD0006C2B0500B02D050000258450F0B583B097
:103AE00001900C4617461E4601A8FFF7BFFF01993B
:103AF000803150F82130094D1D4044EA470444EA22
:103B000086039DF8202043EA02239DF8242043EAFF
:103B100002432B4340F8213003B0F0BDF0F0FCFF2E
:103B200070B582B00C460379097C03EBC302204BCD
:103B300003EB82039A7F61F341029A7794F8233072
:103B4000002B30D162691B4B9A422ED00026237E77
:103B5000012B94BF0023012300933346002201214F
:103B6000206819F0E7FF0025009533462A46012119
:103B7000606819F0DFFF00953346A27E2946A068F1
:103B800019F0D8FF237C83F00103009333462A46C3
:103B90000121E06819F0CEFF0121009133462A4649
:103BA000E06919F0C7FF02B070BD0326CFE700BF80
:103BB000E87F00200048E80100B583B0019001A82B
:103BC000FFF754FF019A803250F82210044B0B404B
:103BD00043F0020340F8223003B05DF804FB00BF5D
:103BE000F0F0FCFF2DE9F0438BB006460C4605795A
:103BF0000123AB4004D091F8213013B1012300E040
:103C000000231F46002B38D094F822906069FFF7FC
:103C1000CDFE804694F8231005EBC502344B03EB30
:103C200082039A7F61F300029A7721463046FFF7BC
:103C300077FF2FB305EBC5052D4B03EB85054FF043
:103C4000FF332B622368009363680193A368029398
:103C5000A37C8DF80C30CDF81080237E8DF81430C5
:103C6000637E8DF81530E3690693BFB1E36807936F
:103C7000BFB1237CB3B1012314E04FF00209C5E7C3
:103C8000E1681B4B05EBC50203EB82021162217C4C
:103C90001346927F61F341029A77D3E74FF0FF33E7
:103CA000E5E700238DF820308DF82190327901234B
:103CB00093401AD094F820308DF8223094F82430B4
:103CC0008DF824306946306819F061FE337903EBD2
:103CD000C303074A52F8233023B1306840F307305A
:103CE00011F078F80BB0BDE8F0830223E4E700BFE1
:103CF000E87F002070B584B004460D469C461368EA
:103D000023B103F06043B3F1005F06D193684BB178
:103D100003F06043B3F1005F04D000236B772F48BA
:103D200004B070BD1CF0010F2ED00123C4F8503533
:103D30001CF0020F2CD00123C4F840350FCA04AE8A
:103D400006E90F00C4F84405C4F84815C4F8342542
:103D5000039BC4F838350023C4F81831D4F818315F
:103D60000723C4F800351CF0080603D12B689BB16B
:103D7000012323612B68FBB11CF0040F29D04023E1
:103D8000C4F808331648CBE70023C4F85035CFE712
:103D90000023C4F84035D1E701232361D4F818315A
:103DA000002BFBD0D4F81831002BE3D00023C4F84B
:103DB0001831D4F81831DDE70021284619F0A2FEA9
:103DC0000EB10748ACE72946204619F0DCFE04484E
:103DD000A6E74023C4F804330148A1E70A00AD0B6D
:103DE0000000AD0B38B505460C4601F10C02402130
:103DF00019F0FAFD28B1236823B12146284619F0AD
:103E0000D8FE38BD064C40F2F63322460549064836
:103E10000EF0FEFC40F2F631204619F036F800BFF5
:103E200010FA05004CFA05006C2B05002DE9F04F47
:103E300083B00193A1B1044617468846067906EB84
:103E4000C6021A4B03EB82031B7F63BBFFF73EFDE9
:103E50000546174B984210D0284603B0BDE8F08FB6
:103E6000144C40F24B232246134914480EF0D0FC68
:103E700040F24B21204619F008F8DFF8309006EBAD
:103E8000C60309EB830B49F82370019BCBF8043080
:103E900041462046FFF7A6FE00238BF81D30012384
:103EA0008BF81C30D8E7064DD6E700BFE87F00202E
:103EB0000000AD0B10FA050018F905006C2B050089
:103EC0000C00AD0BF0B587B0047904EBC403314EA0
:103ED00006EB8306337F7BB30546006840F307306B
:103EE00010F07DFF04EBC4032A4A52F823303BB1A3
:103EF0002B68294AC3F808233146286819F043FE85
:103F00002B68D3F808050390D3F80C650496D3F812
:103F10001075059704EBC4021E4B03EB82039B7FD5
:103F200013F0010F15D004EBC4041A4B03EB840308
:103F300000221A7707B0F0BD184C4FF42B732246BD
:103F4000174918480EF064FC4FF42B71204618F006
:103F50009CFF19F010FE384619F00DFE304619F09E
:103F60000AFE04EBC4020B4B03EB8203186A19F040
:103F700002FE2A7901239340D5D02B68D3F86C0533
:103F80000190D3F81455029519F0F5FD284619F063
:103F9000F2FDC8E7E87F00205201080010FA050092
:103FA0005CFA05006C2B0500F8B590F804C00CEB2A
:103FB000CC034B4D05EB83052B7F002B47D00746E9
:103FC0000C4616460B68002B4ED0A368002B5BD026
:103FD000E389002B68D1E388002B65D116F0080F28
:103FE00008D00CEBCC023E4B03EB82031B6AB3F10F
:103FF000FF3F66D10CEBCC02394B03EB82035B7FB6
:10400000002B6BD11346364A52F823304BB116F0D1
:10401000140F06D10CEBCC02314B03EB82030122CF
:104020005A770CEBCC0C2E4B03EB8C0C0CF10C0CDC
:1040300094E80F008CE80F000121284619F062FD7A
:104040003346224629463868FFF754FEF8BD254C12
:1040500040F291332246244924480EF0D9FB40F225
:104060009131204618F011FF4B68002BADD01D4C4C
:1040700040F2923322461E491C480EF0C9FB40F222
:104080009231204618F001FFE368002BA0D0154CB8
:1040900040F293332246174914480EF0B9FB40F220
:1040A0009331204618F0F1FE0E4C4FF46573224612
:1040B00011490E480EF0ACFB4FF46571204618F024
:1040C000E4FE084C40F2973322460C4907480EF0B4
:1040D0009FFB40F29731204618F0D7FE0848B5E71D
:1040E000E87F002010FA05005CFA05006C2B050043
:1040F00088FA0500D0FA050018FB0500C8FB05008A
:104100000B00AD0B08B502490248FFF76BFE08BD76
:10411000E87F002000A0005038B501230360A1B162
:1041200004460D464B680BB9012343610020074B41
:10413000034053B92A460649204619F050FD10F4B1
:10414000007FF4D001236361F1E738BD0200040071
:10415000020204000123836000293CD070B50546AB
:104160000E464B680BB90123436100201A4C0440F2
:1041700084BB32461949284619F031FD10F4007FFE
:10418000F4D0D5F86031ABB9D5F8001201222A621B
:104190006A612046002BE9D011F4807FE6D0D5F883
:1041A00048010028E2D00023C5F84831D5F848314D
:1041B0002046DBE70023C5F86031D5F86031D5F83B
:1041C000001211F4007F02D04FF08073E2E74FF04D
:1041D0008073DBE770BD7047020004000202040038
:1041E000034610F0010F08D1064813F0020F00D06B
:1041F000054813F0040F02D170470448F5E704485E
:10420000FAE700BF0100AD0B0100AE0B0000AE0BE2
:104210000200AE0B38B505460468204619F043FD90
:1042200040B104F01F032B6064091DD0012C0ED196
:104230000E4838BD0E4C4FF46C7322460D490E48A3
:104240000EF0E6FA4FF46C71204618F01EFE084C92
:1042500040F2B9332246094907480EF0D9FA40F234
:10426000B931204618F011FE0548E2E700288450D5
:104270005C910500909105006C2B0500B02D0500A8
:1042800000258450F0B583B001900C4617461E46B9
:1042900001A8FFF7BFFF0199803150F82130094D87
:1042A0001D4044EA470444EA86039DF8202043EA7F
:1042B00002239DF8242043EA02432B4340F8213097
:1042C00003B0F0BDF0F0FCFF70B582B00446C37BD4
:1042D0000BB1807B50BBA368B3F17F6F0ED3236813
:1042E000222B06D0232B30D16368222B2FD10B2613
:1042F00005E06268232AF5D10B2600E00626A07BA4
:10430000A0B920686368984212D0002501950096F4
:1043100003232A462946FFF7B5FF0195009603239C
:104320002A4629466068FFF7ADFF012002B070BD44
:10433000084C40F207132246074908480EF068FA75
:1043400040F20711204618F0A0FD0020EEE7002003
:10435000ECE700BF00FC05003CFC05006C2B0500F1
:104360002DE9F04104460D4616461F46002380F80D
:104370002330536833B1D36803F06043B3F1005F77
:1043800040F04E813378023BDBB2012B48D9A64B7B
:10439000C5F8083394F82430002B4AD117F0140FD5
:1043A0000CBF0123002384F82430337884F82030B4
:1043B000737884F82130F368E360736823613369AC
:1043C0006361B368A361C7F3001384F82530E76124
:1043D0007378C5F888350023C5F86031D5F86021B9
:1043E000C5F84831D5F84821C5F82431D5F824213D
:1043F000C5F80431D5F8043117F0010F1FD001239F
:10440000C5F8503517F0020F1DD00123C5F840350F
:104410003378032B00F2DC80DFE803F0ADC96919C3
:10442000336903F06043B3F1005FB0D0DFF810826E
:104430009EE0A368C5F80433DFF8088298E0002303
:10444000C5F85035DEE70023C5F84035E0E717F042
:10445000100F25D117F0080F2FD117F0040F39D105
:104460004FF48073C5F80032E2682369C5F844252B
:10447000C5F848350123AB6000224FF4801128466F
:1044800019F0ADFB0028F7D16269A369C5F844258E
:10449000C5F848354FF48023A360DFF8AC813CE0D9
:1044A000624C4FF40B732246614962480EF0B0F93A
:1044B0004FF40B71204618F0E8FC5C4C40F22D23C1
:1044C00022465D495B480EF0A3F940F22D212046BB
:1044D00018F0DBFC554C40F22E2322465749554834
:1044E0000EF096F940F22E21204618F0CEFCE2683C
:1044F0002369C5F84425C5F848356269A369C5F83C
:104500003425C5F838354FF48453C5F800320123FB
:104510002B620223A360DFF8308117F0080F11D15E
:104520003378032B0ED0012B55D02368002B5CD0A1
:1045300000212846FFF70EFE73681BB923680BB1F4
:1045400001236B612368002B52D017F0040F01D0B8
:104550000023A36017F0400F03D1A36843F00203C8
:10456000A360A36843F40073A360A368C5F8043391
:104570004046BDE8F081E2682369C5F84425C5F8E6
:10458000483517F0200F0BD04FF48073C5F8003278
:104590004FF48023A36001232B62DFF8AC80BCE7DB
:1045A0004FF40073C5F800320223A360F3E7E2681A
:1045B0002369C5F83425C5F838354FF48053C5F85C
:1045C000003201232B620223A360DFF87C80A4E782
:1045D000DFF87880A1E7236823B100212846FFF7A0
:1045E0009BFDA9E704F10C01F8E704F10C01A0E739
:1045F000D5F8C404C5F8C404002384F8243018B1E5
:10460000FFF7EEFD8046B3E717F0400FB0D121462B
:10461000284619F05AFB0028AAD1DFF83480A7E712
:10462000DFF81C80A4E700BF02029C0100FC05002B
:1046300064FC05006C2B05007CFC050094FC050067
:104640000A00AD0B0B00AD0B0000AD0B0400AD0B71
:104650000100AD0BF0B587B005460C4691F820304F
:10466000012B72D001F114072368002B70D03A4659
:104670000221284619F0B3FA06463A464FF4007173
:10468000284619F0ACFA002800F08A80002E6CD081
:10469000E36913F0400F04D194F82330002B00F0AD
:1046A000B280E36913F0040F32D10023C5F8603102
:1046B000D5F86021C5F85C31D5F85C3194F8253027
:1046C00013B194F823309BB10023C5F80032A360E6
:1046D000674BC5F8083345F30733002B08DB03F0BD
:1046E0001F015B0901228A406033624941F823209F
:1046F00094F820308DF8043094F821308DF805308E
:10470000E36804932369029363690593A3690393A0
:10471000D5F8C434C5F8C43413F0020F00F08E800D
:1047200001238DF8003094F825300BB984F824303B
:10473000E36913F0040F02D094F823301BB123680F
:1047400061686846984707B0F0BD01F10C078BE738
:10475000494C40F206332246484949480EF058F881
:1047600040F20631204618F090FBA368C5F80833E4
:104770000223A360A368C5F8043300224FF08071C0
:10478000284619F02CFA20B1D5F8003213F4007F36
:1047900002D101232B626B61012384F82330D2E71D
:1047A000002E7FF475AF3A464FF48021284619F069
:1047B00016FA94F820307BBB94F8253093B9C5F8ED
:1047C0000032A3602A4BC5F8083345F30733002BAA
:1047D00008DB03F01F015B0901228A406033254991
:1047E00041F8232094F820308DF8043094F82130DB
:1047F0008DF80530E3680493236902936369059398
:10480000A369039384E72146284619F05EFA80F0F5
:10481000010084F8230044E74FF40073C5F8003228
:1048200040F20223A36003F1CE73C5F80833A368F6
:10483000C5F804330123AB602B6284E713F0040F47
:1048400003D002238DF800306DE713F0010F03D081
:1048500003238DF8003066E794F823301BB104235E
:104860008DF800305FE700238DF800305BE700BF74
:1048700002029C0100E100E000FC05004CFA05008A
:104880006C2B050030B585B00D6800954C6801941F
:104890008A680292C97B8DF80C10036819B9C3F8B5
:1048A0000855C3F80C45C3F82425037903EB8303AB
:1048B000054A52F8333023B1006840F3073010F056
:1048C00089FA05B030BD00BF0C8000202DE9F04111
:1048D00069B105460E46047904EB8400214901EBD9
:1048E000C00191F8221079B11F48BDE8F0811F4C3A
:1048F00040F21B1322461E491E480DF089FF40F26C
:104900001B11204618F0C1FA164804EB840C00EB8A
:10491000CC0140F83C204B6000238B6081F82530AF
:1049200081F82430B37B81F827303046FFF7CCFC88
:1049300008B91148D9E7727B0A4F4FEA840804EBA3
:10494000840307EBC30383F8262031462846FFF78C
:1049500099FFA04407EBC807012387F822300748D6
:10496000C3E700BF0C8000200C00AD0B00FC05006D
:1049700018F905006C2B05000400AD0B0000AD0B11
:10498000037903EB8301114A02EBC10292F8222062
:10499000012A0CD102680621C2F8001503EB83033B
:1049A0000A4A02EBC303022283F82220704710B5A3
:1049B000074C4FF4E1732246064907480DF028FFE3
:1049C0004FF4E171204618F060FA00BF0C8000201F
:1049D00000FC0500ACFC05006C2B050038B5037924
:1049E00003EB8301154A02EBC10292F82220C2B107
:1049F000124A03EB830102EBC10100248C600068C2
:104A00000F4DC0F80853D0F8005225F4BC55C0F83B
:104A10000052C0F80045012081F8220081F82440AE
:104A200038BD084C4FF4E7732246074907480DF09C
:104A3000EFFE4FF4E771204618F027FA0C800020B3
:104A400002029C0100FC05005CFA05006C2B0500CD
:104A500010B50479FCB9844613464A68B2F5803F24
:104A600019D28A68B2F5803F15D204EB840E27482C
:104A700000EBCE0090F82220022A19D104EB840426
:104A8000224A52F8344004B37CB30A46DCF80010E2
:104A9000FFF766FC10BD1E4C40F2B62322461D49AE
:104AA0001D480DF0B5FE40F2B621204618F0EDF994
:104AB000174C4FF42F732246184917480DF0A8FEE3
:104AC0004FF42F71204618F0E0F90A78022ADBD162
:104AD0000F4C40F2BF23224611490F480DF098FEBB
:104AE00040F2BF21204618F0D0F90A78032ACCD131
:104AF000074C4FF4307322460A4907480DF088FEF0
:104B00004FF43071204618F0C0F900BF0C8000202F
:104B100000FC0500D8FC05006C2B0500980406007D
:104B2000C40406001405060008B502490248FFF750
:104B300091FD08BD0C8000200090005038B505465E
:104B40000468204619F003F940B104F01F032B60FC
:104B500064091DD0012C0ED10E4838BD0E4C4FF407
:104B60006C7322460D490E480DF052FE4FF46C71E5
:104B7000204618F08AF9084C40F2B9332246094918
:104B800007480DF045FE40F2B931204618F07DF996
:104B90000548E2E7002884505C91050090910500EB
:104BA0006C2B0500B02D050000258450F0B583B0B6
:104BB00005460E4619F0EAF8304619F0E7F8019577
:104BC00001A8FFF7BBFF019A803250F82230204F36
:104BD0003B4040F20D64234340F82230019601A887
:104BE000FFF7ACFF019A803250F822303B4023435C
:104BF00040F82230042018F01EFB0024082C12D8A4
:104C0000304619F0D0F870B9284619F0B2F80420EF
:104C100018F011FB284619F0B9F8042018F00BFB26
:104C20000134E4B2EAE7304619F0A3F8042018F0A2
:104C300002FB304619F0AAF8042018F0FCFA3046BE
:104C400019F0B1F810B1034803B0F0BD0248FBE71A
:104C5000F0F0FCFF0000AD0B0100AD0BF8B50D4608
:104C600017460C4BDC6900E024680B4B9C420DD0CE
:104C7000A4F14406294654F8440CD9F729F9002830
:104C8000F2D13E60304619F098F901E06FF0120061
:104C9000F8BD00BF348000205080002010B50446CD
:104CA00000F12403416A826A4A60416A11608362AA
:104CB0004362436803B19847064B9B683BB1054A82
:104CC0001279062A03D92268034907209847002051
:104CD00010BD00BF3480002064050600F8B505460D
:104CE0000F460C4BDC6800E024680B4B9C420DD057
:104CF000A4F12406294654F8240CD9F7E9F8034610
:104D00000028F1D1002FEFD03E6001E06FF00103E9
:104D10001846F8BD348000204080002020B310B534
:104D20000446006818B3037823B30021FFF7D6FFC9
:104D300018B304F11C032362E36104F12402124B53
:104D40001969A16203F10C0060621A610A609B6834
:104D5000B3B1A0F10C021279062A13D922680B49CB
:104D600007209847002010BD6FF0150070476FF0C6
:104D70001500F8E76FF01500F5E76FF01000F2E7A7
:104D80000020F0E70020EEE7348000207C050600DC
:104D900038B5134A1368591C11600BB1002038BD97
:104DA000054614462422002120461CF053FC2B68A3
:104DB000A3602B79237104F10C032361E36004F1F8
:104DC0001403A361636104F11C032362E3612846B9
:104DD00000F01AF80028E2D1236801332360DEE7EF
:104DE0003480002008B5074A1368013B136003B103
:104DF00008BD00F011F82422002102481CF02AFC12
:104E0000F6E700BF3480002008B50248FFF786FFB0
:104E1000002008BD642C002008B50248FFF73EFFC3
:104E200008BD00BF642C00200EB400B582B0431E44
:104E3000DBB2062B00D90020074B53F8201007489F
:104E40000DF087FA04A9019103980DF07EFA02B0E3
:104E50005DF804EB03B070473806060064DC05001B
:104E60002DE9F04F87B004920593DDF840B000289B
:104E700053D01E460546036A63B11C6854B1119BAA
:104E80000193CDF800B03346A0470346184607B05B
:104E9000BDE8F08FEB6A049A9A4241D800241EE0E4
:104EA0009968988919F08BF80346002239465046D4
:104EB00019F03FF82B6A9B6A56F809200292019379
:104EC0005BF8243000934346059A52F82420A1B29F
:104ED000284619F0BDF903460028D7D10134049BB8
:104EE0009C4218D22E6B04EB44034FEAC30906EB35
:104EF000C30303F10408AA69002ADBD1D3F814A084
:104F00005F68DAF80020BF1ADAF808209742C7D3A2
:104F10004FF0FF37C4E70023B8E76FF01503B5E79C
:104F2000004BB3E740F4FFFFA0B110B50446028D7B
:104F300043899A420AD0084B9B683BB1064A1279D2
:104F4000032A03D94268054904209847204617F0F0
:104F5000B2FF10BD704700BF348000205806060025
:104F600043898B4217D910B4446AB4F802C0013B9C
:104F700003EA0C0304EBC30359609A60BFF35B8F31
:104F8000426A538801335380438D013343850020A7
:104F90005DF8044B70470148704700BF41F4FFFFC4
:104FA000B2F580620AD48A420ADA530950F8230023
:104FB00002F01F02D04000F0010070470148704726
:104FC000004870472DF8FFFFB2F580620FD48A4287
:104FD0000FDA4FEA521C50F82C3002F01F02012168
:104FE00001FA02F2134340F82C30002070470248C7
:104FF00070470148704700BF2DF8FFFF70B582B0C1
:10500000069C80B1006A80B18BB1B2F1FF3F10D035
:10501000002C10DBD0F884507DB1079E01960094DF
:10502000A84702B070BD0648FBE70548F9E7044809
:10503000F7E70348F5E70248F3E70148F1E700BF67
:105040002DF8FFFF30B583B0069C70B1006A70B1D7
:105050007BB1B2F1FF3F0ED0002C0EDBD0F89450A4
:105060006DB10094A84703B030BD0648FBE7054882
:10507000F9E70448F7E70348F5E70248F3E7014892
:10508000F1E700BF2DF8FFFF2DE9F04F85B0DDF807
:105090003C80002868D00C4691461D468246002977
:1050A00064D0B8F1000F63D001F16407384619F0FD
:1050B00003FAB5F1FF3F12D0B5F5806F25D304F1A7
:1050C000500B2A4680215846FFF76AFF0646B0B1CA
:1050D000002800DD274E384601F000FC34E0802235
:1050E000216E04F1500019F0BBF90546B0F1FF3F05
:1050F00038D0431C03F07F032366002606E02A46CF
:1051000080215846FFF760FF00E00026DAF84430BF
:105110000393109B0293CDF804800E9B00932B46C3
:105120004A465146204619F072FA384601F0D6FB3D
:105130009AF800303BB194F8A43023B1DAF8283063
:10514000B3F1FF3F04D04EB9304605B0BDE8F08F53
:105150000021504619F0EDF90646F4E7504619F0E3
:10516000C6F9F1E7034EB6E7034EEDE7024EEBE773
:10517000014EE9E729F8FFFF2DF8FFFF08B5836826
:105180001A0C06D0A3F5803383601B0C0DD10120CF
:1051900008BD074B9B6833B1054A1279022A02D930
:1051A0000449032098470020F2E70020F0E700BF01
:1051B000348000207C06060070B500B3054600F17F
:1051C0006406304619F0E1FAD5F8B4309B691BB992
:1051D000D5F8A840103C00E00024012B06D0002C9C
:1051E0000BDD304601F07AFB204670BDD5F8BC00DF
:1051F00019F0F9F8A0F11004F1E7024CF1E7024CC4
:10520000F2E700BF2EF8FFFF2DF8FFFF70B500B3E7
:10521000054600F16406304619F0B7FAD5F8B43007
:105220009B691BB9D5F8AC40103C00E00024012B71
:1052300006D0002C0BDD304601F050FB204670BD3F
:10524000D5F8B80019F0CFF8A0F11004F1E7024C3E
:10525000F1E7024CF2E700BF2EF8FFFF2DF8FFFF49
:1052600070B584B0044616461D46D0F8B400806977
:1052700030B1D4F8B4309B69012B18D004B070BDA4
:105280000291039200910123002202A9D4F8B800F0
:1052900018F0F1FF0028ECD00E4C7D2322460E4979
:1052A0000E480DF0B5FA7D21204617F0EEFD32468E
:1052B0002946D4F8B800FFF753FE0028DED0054C8D
:1052C00083232246044905480DF0A2FA8321204693
:1052D00017F0DBFDA0060600E40606006C2B0500B7
:1052E0002DE9F04184B003689F6A1FE0304601F069
:1052F000F5FA04B0BDE8F081D4F83480AA892946D3
:1053000051F8103B606C00902046C047002838DB05
:10531000304619F03AFA204619F0DBF82846FFF734
:105320002DFF00283AD1304601F0D8FA07F1640683
:10533000304619F02AFA0DF10A0203A9384619F08D
:10534000C9FA05460028D1D0BDF80A3083604FF075
:10535000FF3342680021384619F02AF9044619F053
:10536000B3F8AB6803F58033AB60304601F0B6FAB2
:10537000002CCDD0A36AB3F1FF3FBDD12B68A3624F
:10538000BAE70B4C40F25A2322460A490A480DF06C
:105390003FFA40F25A21204617F077FD2946384659
:1053A00019F0B3FAD7F8B80019F00FF8BBE700BF4F
:1053B000A0060600F00606006C2B05002DE9F04162
:1053C00084B004460A9EA3F1100753F8085CADB2FE
:1053D00001920091ADF80C6000230293ADF80E30FD
:1053E000D0F8C0000168791A8368994221D210234D
:1053F0006A4618F05DFD10281ED104F1640840468D
:1054000019F0C3F9D4F8B4309B6913BBD4F8A820C1
:105410002B463946204619F0A4FA08BBD4F8BC0044
:1054200018F0D3FF404601F059FA304604B0BDE809
:10543000F0814FF0FF31DAE7104C4FF4DF73224672
:105440000F4910480DF0E4F94FF4DF71204617F0D2
:105450001CFD2946D4F8BC0018F057FF0246D7E7D8
:10546000064C40F2C9132246074906480DF0D0F910
:1054700040F2C911204617F008FD00BFA006060043
:10548000FC0606006C2B05001807060008B5410C49
:10549000C003064BC018064A4FF0000341F100015B
:1054A000D8F7FCFC03F06AFD002008BD3F420F0066
:1054B00040420F002DE9F04784B005460E46904665
:1054C00099460C9F0D9A03A919F0D1FA60B3824650
:1054D000039CBC4200DB3C46D5F8C0000168AAEB47
:1054E0000101836899420FD223464A4618F0E0FC36
:1054F00084420CD100945346424631462846FFF779
:105500005DFF04B0BDE8F0874FF0FF31ECE7074CDA
:105510004FF405732246064906480DF079F94FF419
:105520000571204617F0B1FC0348EAE7A006060023
:10553000240706006C2B05002EF8FFFF2DE9F0472D
:105540008CB0DDF85080159F002800F011810D46C9
:1055500091461E460446002900F00D81002B00F004
:105560000D810021C0F8D010A8221CF073F804F1BE
:105570006400012211461AF05CF9C4F8B450C4F872
:105580007C90AC62854BC4F88430854BC4F888307D
:10559000844BC4F88C30844BC4F89030834BC4F8EF
:1055A0009430834BC4F89830824BC4F89C30824BC3
:1055B000C4F8A030AB6943B9002F00F0E28004F1D9
:1055C000A80397E8070083E80700AB69012B13D015
:1055D00007A9284619F087F88146002840F0AE80D8
:1055E000079B03F0010384F8A430AB691BBB3B7A33
:1055F0004BB108F10C0307E0204619F095F88146FD
:105600000028E5D09AE04346C4F8C430B8F1000F52
:1056100000F0BA80D8F80820002A00F0B8809B6813
:10562000002B00F0B780654B0A93654B0B93654BDD
:105630000893654B0993AB69012B2FD0C4F8C06068
:1056400004F1C803C4F8CC30C4F8C830002101917B
:1056500008AB00930AAB02222846FFF701FC814603
:1056600000286BD1AB693BB92B6B1B68C4F8B83011
:105670002B6B9B69C4F8BC30AB69012B17D0D4F8F5
:10568000BC0018F070FE0023012B19D82A6B03EB25
:10569000430152F83120D6620133F5E7484B0A93B3
:1056A000464B0B93484B0893464B0993C6E72B6B2D
:1056B0009B69C4F8B8302B6B1B68C4F8BC30DEE7BC
:1056C000D5F818A0BAF1000F31D1D4F8AC30069358
:1056D00010E0D4F8AC300022304618F02AFC0097D5
:1056E0000123002205A9D4F8B80018F0C4FDE0B9E0
:1056F0000AF1010AD4F8B8305B89534517D9D4F8B8
:10570000AC10404619F049F9074640B105903168A0
:10571000411AB3689942DCD34FF0FF31D9E7DFF883
:10572000B490284618F0ACFF08E08146F9E76460C1
:10573000246094F8A4302BB9AB698BB148460CB007
:10574000BDE8F087039400230293204B0193352397
:1057500000931F4A04F10801204618F058FFEBE7B8
:105760000421284618F0ADFF81460028E6D0D8E78E
:10577000DFF86490E2E7DFF86090DFE7DFF8589049
:10578000DCE7DFF85490D9E7DFF84C90D6E7DFF894
:105790004490D3E7DFF83C90D0E700BFB554030056
:1057A000E3E704002FE904006FEA0400BD5303009F
:1057B0009BE704000D520300B951030034070600B3
:1057C0003C070600E152030089E7040005E80400F5
:1057D000440706002EF8FFFF2DF8FFFF30B587B015
:1057E00084468E461546074A03AC07CA84E807007C
:1057F00001940A9A00922A4671466046FFF79EFE7F
:1058000007B030BDE42905000C4B00E018330C4A0A
:10581000934203D80A4A9342F8D3704710B5094C13
:1058200018232246084909480CF0F2FF08480CF0FA
:10583000EFFF1821204617F028FB00BF3C1E050093
:105840008C1F0500480706006C0706006C2B05003E
:105850007C600500044B03600448C01A044BA3FBA2
:1058600000300009704700BF3C1E05008C1F05007A
:10587000ABAAAAAA014B9868A83070471053002021
:1058800038B505460A4B53F8204002E02368984794
:1058900008346B1C064A52F82330A34206D96368C9
:1058A000002BF3D0204619F0C8FEF1E738BD00BF49
:1058B000E0070600F0B587B0044600EB4016104D37
:1058C00005EBC60600EB80100E4B03EB44130E4AAB
:1058D0000592012204920F22039200220292019269
:1058E00000930A4B4FF48052094901EB8011304676
:1058F00002F01EFA737B23F00403737307B0F0BD4C
:10590000005100201053002084070600316103007D
:10591000C0FA002008B553EA020102D103F074FB7B
:1059200008BD0249183004F04DF8F9E701FC040005
:1059300010B586B0294C14E0636A0593236A04937A
:10594000E3690393A3690293636901932369009355
:10595000E368A2686168206802F0EAF923685C667F
:1059600030341F4B9C4206D81D4B9C42E4D303F0BD
:10597000BDF81A4C0EE01B4C422322461A491B4824
:105980000CF046FF1A480CF043FF4221204617F066
:105990007CFA3034124B9C420ED8114B9C4219D2E7
:1059A000A26AE36AB3F1FF3F08BFB2F1FF3FF0D054
:1059B0002068FFF7AFFFECE70A4C662322460A494E
:1059C0000A480CF025FF0A480CF022FF6621204609
:1059D00017F05BFA03F0D6F806B010BDB42105004D
:1059E000B42105008C070600B00706006C2B0500EB
:1059F0007C60050008B50B4B01221A700320FFF7ED
:105A00003FFFE5F7D1F919F038FE0420FFF738FF22
:105A1000FFF78EFFDBF7EAFF034A137B23F0010356
:105A2000137308BD4B9100200852002008B50146B1
:105A3000014A0248E6F77AFEF559030008520020B1
:105A400008B50348034A121A002119F00EFE08BDDA
:105A5000203400204C91002010B50446FFF72AFFA7
:105A600004EB44120B4B03EBC2030B4901EB441252
:105A7000D360147404EB8410084B03EB801303F51C
:105A800082535360240138340C44D46101232372BF
:105A900010BD00BF005100201053002080EA0020FC
:105AA00070B586B003F022F9104D114B1D62114BF9
:105AB0000593012304930024039402940194009419
:105AC0000D4B4FF470520D49284602F031F906464D
:105AD0006B7B23F004036B73284602F00BFD20461A
:105AE000FFF7BAFF304606B070BD00BF0852002075
:105AF000105300200C440500F5590300000B012051
:105B000008B50020FFF7BCFE1F4B03F5805282F35F
:105B10000888403B83F30A881C4CE02384F8223039
:105B20000025E57725766576A57684F82050636AAA
:105B300043F4E023636284F82350E6F75BFBE6F767
:105B400019FE4FF0FF33A362E362E7F739F9E6F796
:105B500041FEE1F7C3FA0E4C012666732673C4F8C2
:105B6000AC50C4F8B050204605F082F9094B9C6057
:105B7000FFF74AFE3046FFF783FE0220FFF780FE64
:105B8000FFF78EFFFFF752FFC0EA002000ED00E0B4
:105B9000805400201053002010B50F4C05E0A2687F
:105BA0006168204619F06AFD18340C4B9C4204D8F9
:105BB0000A4B9C42F3D3002010BD094C1923224606
:105BC000084909480CF024FE08480CF021FE192170
:105BD000204617F05AF900BF30310020483100202C
:105BE000FC070600200806006C2B05007C60050001
:105BF0002DE9F04F89B0804604919346129D139F82
:105C00002A463B4606A81AF06CF8DDE90634CDE9D1
:105C1000023408F11406EFF31184202383F3128871
:105C2000BFF36F8F304603F059FD059060B13046E9
:105C300003F07EFDEFF3058313B157EA050312D19C
:105C40004FF0000AD14639E03B4C882322463B49BD
:105C50003B480CF0DDFD31463A480CF0D9FD882177
:105C6000204617F012F9384C4B2322463749344866
:105C70000CF0CEFD36480CF0CBFD4B21204617F042
:105C800004F9DDE9022306A81AF061F8069D079FD2
:105C90000095019708F10C022146304602F02EFDD6
:105CA000EFF31184202383F31288BFF36F8F304604
:105CB00003F014FDA0B1304603F03AFDB9F1000F36
:105CC0001DD15A4604994046DEF7BAFC8146B0B968
:105CD0003D4314D0BAF1000FD3D1DDF814A0D0E7C2
:105CE000154C88232246154915480CF091FD314684
:105CF00014480CF08DFD8821204617F0C6F8304678
:105D000003F0FCFC38B184F31188BFF36F8F484671
:105D100009B0BDE8F08F084C40F2311322460D491E
:105D200007480CF075FD31460B480CF071FD40F250
:105D30003111204617F0A9F87C5D0500DC5D0500F7
:105D40006C2B0500F45D0500FC0706003C0806000E
:105D500090900500AC5D0500C45D0500F8B50446F3
:105D60000E4600F11405EFF31187202383F3128808
:105D7000BFF36F8F284603F0B1FC80B1284603F0D3
:105D8000D7FC31462046DEF7F1FB04F10C0019F098
:105D900051FF98B13946284602F04AFEF8BD144C2E
:105DA00088232246134914480CF032FD2946134833
:105DB0000CF02EFD8821204617F067F8284603F0E6
:105DC0009DFC20B187F31188BFF36F8FE6E7084C85
:105DD00040F2311322460A4907480CF019FD2946C2
:105DE00008480CF015FD40F23111204617F04DF82F
:105DF0007C5D0500DC5D05006C2B0500F45D050095
:105E0000AC5D0500C45D0500836863B1426803684A
:105E100013605A60002303604360427B22F0020259
:105E200042738360704710B5054C9923224605499B
:105E300005480CF0EDFC9921204617F026F800BF2C
:105E400084080600B00806006C2B050010B50F4C46
:105E500000200F4B9C4209D80D4B9C4214D2204687
:105E600019F014FC00280FDB2034F2E7094C9423CE
:105E70002246094909480CF0CBFC09480CF0C8FC43
:105E80009421204617F001F810BD00BFB03000206B
:105E900030310020C8080600F00806006C2B050011
:105EA0007C6005002DE9F04383B004460E46904621
:105EB0001F4600F10805EFF31189202383F31288B0
:105EC000BFF36F8F284603F009FCF0B1284603F0BA
:105ED0002FFC216900293AD0316009682161E3690A
:105EE0000133E36101B3204619F0EBFB08B3002452
:105EF000284603F003FC002841D089F31188BFF342
:105F00006F8F204603B0BDE8F083254C88232246DE
:105F1000244925480CF07CFC294624480CF078FCE8
:105F20008821204616F0B1FF62699342DBD100243C
:105F3000DEE71F4CE92322461E491B480CF068FC93
:105F40001D480CF065FCE921204616F09EFF57EA3B
:105F5000080304D1002333606FF00B04C8E7CDF8C9
:105F60000080019722464946284602F0C7FB0446B6
:105F70000028C6D1114B9B685B693360C1E7084CB0
:105F800040F2311322460E4907480CF041FC2946E5
:105F90000C480CF03DFC40F23111204616F075FF24
:105FA0007C5D0500DC5D05006C2B0500F45D0500E3
:105FB000C8080600100906008C09060010530020CE
:105FC000AC5D0500C45D05002DE9F84304460D46AF
:105FD00019F077FB10B304F10806EFF311872023C3
:105FE00083F31288BFF36F8F304603F077FB28B33B
:105FF000304603F09DFB23697BB323692B60256149
:10600000E369013BE361304603F078FB002865D08B
:1060100087F31188BFF36F8FBDE8F883384C40F2E7
:1060200011132246374938480CF0F2FB37480CF080
:10603000EFFB40F21111204616F027FF344C882365
:106040002246344930480CF0E3FB314632480CF02C
:10605000DFFB8821204616F018FFEFF31183202282
:1060600082F31288BFF36F8F83F31188BFF36F8FB2
:10607000DBB1D4F80080444525D0B8F1000918BF41
:106080004FF00109B8F1000F20D1B9F1000FB4D0E1
:106090000023C8F8C030C8F81450404602F02AFA6D
:1060A0003946304602F0C4FCB6E71C4CB023224609
:1060B0001B4915480CF0ACFB1A480CF0A9FBB021A9
:1060C000204616F0E2FE4FF00008D6E74046FFF704
:1060D0009BFE08F1180003F049FDD6E70C4C40F296
:1060E00031132246104908480CF092FB31460F4804
:1060F0000CF08EFB40F23111204616F0C6FE00BFB8
:10610000C8080600B02D05006C2B0500A809060084
:106110007C5D0500DC5D0500F45D0500840806007B
:10612000CC09060090900500AC5D0500C45D05003B
:1061300008B50D4B9B6893F90E30002B09DBEFF38C
:106140001183202383F31288BFF36F8F0EF06CFE50
:10615000F5E7064C1B232246054906480CF058FB80
:106160001B21204616F091FE10530020E409060082
:10617000080A06006C2B0500EFF31183202282F33E
:106180001288BFF36F8F0BB100BF704710B5074C7B
:1061900062232246064907480CF03AFB06480CF0F9
:1061A00037FB6221204616F070FE00BFE4090600AE
:1061B000300A06006C2B0500540A0600836863B1A0
:1061C0004268036813605A60002303604360427BA7
:1061D00022F0020242738360704710B5054C992388
:1061E0002246054905480CF013FB9921204616F07C
:1061F0004CFE00BF84080600B00806006C2B0500AA
:106200002DE9F04182B0EFF3058100292ED104463B
:1062100016461D46EFF31187202383F31288BFF340
:106220006F8F784803F05AFA00282DD0754803F094
:106230007FFAE168002936D1002940F08180724B55
:106240009B6893F90E3023610131E1606E4B9B68CE
:10625000A3606C4803F052FA002873D087F31188CA
:10626000BFF36F8F002002B0BDE8F081674C6F2351
:106270002246674967480CF0CBFA67480CF0C8FA29
:106280006F21204616F001FE644C882322466449A3
:1062900060480CF0BDFA5B4962480CF0B9FA8821FD
:1062A000204616F0F2FDA268574B9B689A42C3D075
:1062B00055EA060157D092F90E80414693F90E0037
:1062C00019F024FA80456ADC4FF000080096019529
:1062D000224639464B4802F011FA0028C3D0EFF3AA
:1062E0001185202383F31288BFF36F8F454803F095
:1062F000F5F9002859D0434803F01AFAA368002B97
:1063000064D023689C425FD0002B5DD0216993F953
:106310000E0019F0FBF90146204619F002FA002898
:1063200057D1B8F1000F54D1364803F0E7F90028EF
:1063300056D085F31188BFF36F8F6FF00A0092E794
:10634000236980E7354C40F2311322463649314803
:106350000CF05EFA2B4935480CF05AFA40F2311134
:10636000204616F092FD274803F0C8F930B187F3B4
:106370001188BFF36F8F6FF00F0074E7274C40F266
:1063800031132246284923480CF042FA1D49274878
:106390000CF03EFA40F23111204616F076FD01462F
:1063A000204619F0BEF9804690E71C4C882322460F
:1063B0001B4918480CF02CFA12491A480CF028FA1C
:1063C0008821204616F061FD2169A5E7B8F1000F8C
:1063D000AAD029460B4802F02BFB6FF00A0042E7D7
:1063E0000E4C40F2311322460F490A480CF010FAC5
:1063F00004490E480CF00CFA40F23111204616F018
:1064000044FD00BF5880002010530020840A06007D
:10641000A80A06006C2B0500BC0A06007C5D05007E
:10642000DC5D0500F45D0500AC5D0500C45D0500A4
:10643000F8B5EFF3058393B904468368002B00F0A9
:10644000A080534A9268934240F09E80C368A3B1F3
:10645000012B1DD9013BC36000252846F8BD4D4CDA
:10646000D72322464C494D480CF0D2F94C480CF049
:10647000CFF9D721204616F008FD464CEF232246DF
:10648000484946480CF0C4F9EF21204616F0FDFCBF
:10649000EFF31187202383F31288BFF36F8F4248F5
:1064A00003F01CF938B3404803F042F92169204653
:1064B00019F037F9EFF31183202282F31288BFF32A
:1064C0006F8F83F31188BFF36F8F1BB32668B442BD
:1064D0002ED0351E18BF012566BBA66095BB0023D4
:1064E000E360314803F00AF9002839D087F31188B6
:1064F000BFF36F8FB1E72D4C882322462C492748E4
:106500000CF086F928492B480CF082F988212046A6
:1065100016F0BBFC284CB023224628491F480CF03B
:1065200077F927480CF074F9B021204616F0ADFC3D
:106530000026CEE73046FFF741FE06F1180003F0D3
:1065400015FBCAE796F90E3023610025C6F8C05046
:10655000304601F0CFFF3946134802F069FA7CE774
:10656000124C40F23113224616490C480CF050F9F7
:106570000D4915480CF04CF940F23111204616F047
:1065800084FC6FF0150568E74FF0FF3565E700BF45
:1065900010530020840A0600A80A06006C2B050090
:1065A000BC0A0600E40A0600588000207C5D050055
:1065B000DC5D0500F45D050084080600CC090600DA
:1065C00090900500AC5D0500C45D0500836863B173
:1065D0004268036813605A60002303604360427B93
:1065E00022F0020242738360704710B5054C992374
:1065F0002246054905480CF00BF99921204616F072
:1066000044FC00BF84080600B00806006C2B05009F
:106610002DE9F84F04460F46154699469DF8286027
:1066200000F10808EFF3118A202383F31288BFF3E7
:106630006F8F404603F052F8A8B3404603F078F855
:1066400006B16768EFF31183202282F31288BFF34B
:106650006F8F83F31188BFF36F8F9BB304F10C022C
:10666000E668B2423CD0B6F1000B18BF4FF0010B08
:10667000002E37D1BBF1000F3CD1B9F1000F44D14E
:1066800000232B602A463946204619F06CF8042175
:1066900004F1140004F06EF95146404602F0C8F9C6
:1066A0005846BDE8F88F2C4C882322462B492C48AD
:1066B0000CF0AEF841462B480CF0AAF88821204691
:1066C00016F0E3FB284CB0232246284924480CF05E
:1066D0009FF827480CF09CF8B021204616F0D5FB17
:1066E0000026C0E73046FFF771FF06F1180003F0FF
:1066F0003DFABFE72946304619F05AF85146404660
:1067000002F096F94FF0000BCAE70821002004F0D0
:10671000B5FB20B14560012202600546B2E7404664
:1067200002F0ECFF30B18AF31188BFF36F8F6FF086
:106730000B0BB5E7084C40F2311322460D490848CF
:106740000CF066F841460C480CF062F840F231114A
:10675000204616F09AFB00BF7C5D0500DC5D05005D
:106760006C2B0500F45D050084080600CC090600CA
:1067700090900500AC5D0500C45D05002DE9F04179
:1067800082B004461746984600F10805EFF31186DB
:10679000202181F31288BFF36F8F284602F09EFFFD
:1067A000E0B1284602F0C4FF2068002838D0036812
:1067B00023F003032360626890421ED0012118F089
:1067C000FFFF0446284602F099FFC0B186F3118806
:1067D000BFF36F8F204602B0BDE8F081274C8823BD
:1067E0002246274927480CF013F8294626480CF082
:1067F0000FF88821204616F048FB6360DEE71F4C47
:1068000040F23113224621491E480CF001F8294676
:106810001F480BF0FDFF40F23111204616F035FB0A
:1068200058EA07031AD1284602F068FF28B186F318
:106830001188BFF36F8F0024CCE7104C40F2311366
:10684000224612490F480BF0E3FF294610480BF08F
:10685000DFFF40F23111204616F017FB0097CDF80C
:10686000048004F10C023146284601F047FF18B9B4
:10687000084B9B685C69ADE70024ABE77C5D0500D5
:10688000DC5D05006C2B0500F45D0500AC5D0500CA
:10689000C45D050010530020836863B1426803683B
:1068A00013605A60002303604360427B22F00202BF
:1068B00042738360704710B5054C99232246054901
:1068C00005480BF0A5FF9921204616F0DEFA00BF1F
:1068D00084080600B00806006C2B0500F8B50446D5
:1068E000EFF31186202383F31288BFF36F8F2F48B5
:1068F00002F0F4FE48B32D4802F01AFFEFF31183C3
:10690000202282F31288BFF36F8F83F31188BFF3C5
:106910006F8F4BB32568AC4234D02F1E18BF0127B0
:10692000002D31D1002F37D1A368E26893423AD0CD
:1069300001221344A360022104F1100004F01AF8AC
:1069400031461A4802F074F8F8BD194C88232246E3
:10695000184919480BF05CFF144918480BF058FF10
:106960008821204616F091FA154CB023224615498D
:1069700011480BF04DFF14480BF04AFFB0212046A0
:1069800016F083FA0025C8E72846FFF785FF05F1D2
:10699000180003F0EBF8C5E70023C5F8C03028461F
:1069A00001F0A8FDCCE70022C3E700BF5C80002017
:1069B0007C5D0500DC5D05006C2B0500F45D0500C9
:1069C00084080600CC09060090900500F0B583B05D
:1069D000044616461D46EFF3058111B155EA020340
:1069E0001DD1EFF31187202383F31288BFF36F8F3C
:1069F000354802F073FE00B3334802F099FEA168F7
:106A000000293AD00139A1602F4802F077FE18B36F
:106A100087F31188BFF36F8F002003B0F0BD2B4CBC
:106A2000882322462A492B480BF0F2FE2A480BF015
:106A3000EFFE8821204616F028FA284C88232246AB
:106A4000274924480BF0E4FE1F4926480BF0E0FEDE
:106A50008821204616F019FA204C40F231132246C4
:106A600021491C480BF0D4FE174920480BF0D0FEFA
:106A700040F23111204616F008FA55EA06031BD100
:106A8000114802F03BFE30B187F31188BFF36F8FDE
:106A90006FF00F00C1E7114C40F23113224612494A
:106AA0000C480BF0B5FE084910480BF0B1FE40F25F
:106AB0003111204616F0E9F9009601952246394633
:106AC000014801F01BFEA8E75C800020FC0A0600DC
:106AD0001C0B06006C2B0500909005007C5D0500EA
:106AE000DC5D0500F45D0500AC5D0500C45D0500DE
:106AF00070B50546EFF31186202383F31288BFF3A8
:106B00006F8F2A4802F0EAFD18B1284802F010FE03
:106B100025E0274C88232246264927480BF078FE9B
:106B2000224926480BF074FE8821204616F0ADF964
:106B3000234CB023224623491F480BF069FE22480C
:106B40000BF066FEB021204616F09FF9CCB904B3D5
:106B50006FF00A03C4F8C030204601F0CBFCEFF31D
:106B60001183202282F31288BFF36F8F83F3118881
:106B7000BFF36F8F002BDBD02C68A542E6D1002439
:106B8000E4E72046FFF788FE04F1180002F0EEFF6C
:106B9000DDE70023AB60022105F1100003F0EAFEFF
:106BA0003146024801F044FF70BD00BF5C80002008
:106BB0007C5D0500DC5D05006C2B0500F45D0500C7
:106BC00084080600CC0906009090050000B585B049
:106BD000094A02AB92E8030083E8030000934FF0F8
:106BE000FF334FF4705205490548D8F74DFB00209C
:106BF00005B05DF804FB00BFF02905004047012007
:106C00005853002070B338B50D4604461B4B9B68A3
:106C100083421BD000231A46D4F82031C3F38001ED
:106C2000C3F3C00013F0010F1FD001B102B300B1D4
:106C300009B300232B60D4F80C3173B11D60C4F884
:106C40000C51204618F068FE012038BD18F003FFF3
:106C500008B90123DFE70023DDE7C4F80C51C4F8CD
:106C60000851EEE76FF0150070476FF01200ECE787
:106C70006FF00F00E9E76FF00F00E6E71053002018
:106C800070B50D46C36813F0020F30D1044613F0FF
:106C9000040F31D10B68B3B1E36813F0010F22D0B8
:106CA000A3689BB12B60022621462868FFF7AAFF44
:106CB00000281EDBE36843F00403E3602B68A36055
:106CC0009EB1304617E083680B60E5E70B4C4FF44C
:106CD000AA7322460A490B480BF09AFD4FF4AA7199
:106CE000204616F0D2F80126DEE7304601E06FF0CC
:106CF0000F0000232B6070BD0020FAE7780B060020
:106D00009C0B06006C2B050070B582B00446A0F108
:106D10001006EFF31185202383F31288BFF36F8FE2
:106D2000214802F0DBFCB8B11F4802F001FD00234E
:106D3000019354F8043C23F0080244F8042C13F0A7
:106D4000080F18D1184802F0D9FCD8B185F3118882
:106D5000BFF36F8F02B070BD144C882322461449D4
:106D600014480BF055FD104913480BF051FD8821D4
:106D7000204616F08AF8A369019301A93046FFF76F
:106D80007FFFDFE7094C40F2311322460B490948E7
:106D90000BF03EFD04490A480BF03AFD40F2311178
:106DA000204616F072F800BF688000207C5D050068
:106DB000DC5D05006C2B0500F45D0500AC5D050095
:106DC000C45D050038B504460D4608300122002197
:106DD00018F02FFD656000232360054B5B681BB135
:106DE0001C60034B5C6038BD014B5C601C60FAE7C3
:106DF0006080002010B5C36823F00203C360134B0A
:106E00001C687CB1236803B10CB100210FE023465C
:106E1000FBE722460D4818F038FD04F10800FFF7A3
:106E20005DFD10BD2346F0E71A461C461346002CB4
:106E3000F7D062688242ECD02146002BF4D01A6869
:106E4000002AF2D0002BF0D11A46EEE76080002035
:106E5000F0B585B0054643E0804C88232246804942
:106E600080480BF0D5FC804980480BF0D1FC88218C
:106E7000204616F00AF8D5F8203123F00402C5F8B0
:106E8000202113F0040F14D112F0100F1AD0002398
:106E9000C5F82031744802F031FC002800F08780EA
:106EA00086F31188BFF36F8F05B0F0BDC5F80C31C4
:106EB00030E005F58C7400220121204602F08AFAA8
:106EC0000028F8D1002302934FF0FF324FF0FF3338
:106ED000CDE9002305F588723146634802F0E2FAF5
:106EE000EFF31186202383F31288BFF36F8F5E4880
:106EF00002F0F4FB0028AFD05B4802F019FCD5F893
:106F00000841002CB7D02368C5F80831D5F80C210A
:106F10009442CBD0D5F8203143F00203C5F820319C
:106F2000E36843F00102E26023F0040343F001034D
:106F3000E36067684C4802F0E1FB002848D086F324
:106F40001188BFF36F8F002F53D02046B847EFF35F
:106F50001186202383F31288BFF36F8F424802F01B
:106F6000BDFB002852D0404802F0E2FBE36823F06A
:106F70000103E36013F0100F57D1E36813F0020F21
:106F800057D1D5F8203123F00203C5F82031C3F3DF
:106F90000024354802F0B2FB00284ED086F3118859
:106FA000BFF36F8F002C9BD101F0A8FE98E72B4C0C
:106FB00040F2311322462E492A480BF029FC2A4977
:106FC0002C480BF025FC40F23111204615F05DFFF6
:106FD000224C40F231132246254922480BF018FC7E
:106FE000214924480BF014FC40F23111204615F0E1
:106FF0004CFF214C40F2AB232246204919480BF0AC
:1070000007FC40F2AB21204615F03FFF134C8823CC
:107010002246134913480BF0FBFB134913480BF0AE
:10702000F7FB8821204615F030FF204618F099FC28
:10703000A3E72046FFF7DEFEA3E7084C40F231133A
:1070400022460B4907480BF0E3FB074909480BF0C0
:10705000DFFB40F23111204615F017FF7C5D050083
:10706000DC5D05006C2B050068800020F45D0500E8
:10707000AC5D0500C45D0500780B0600B80B06008A
:1070800008B58446084653EA02010CD0C16841F0B5
:107090000801C160DCF8001081620549103002F07F
:1070A00091FC012008BD6146FFF7EAFDFAE700BF49
:1070B000096D030010B538B189B100220260426049
:1070C0008260C260416010BD0A4C992322460A4981
:1070D0000A480BF09DFB9921204615F0D6FE054C81
:1070E0009A232246064905480BF092FB9A21204636
:1070F00015F0CBFE780B0600D00B06006C2B0500BC
:10710000B80B060010B5044610300122002118F01B
:1071100090FB04492046FFF7CDFFE36843F01003DE
:10712000E36010BDD1F8040038B5C36803F005036F
:10713000002B14BF0124002409D085684DB10A46F4
:107140000146284618F02FFC284618F0E5FB20469B
:1071500038BD064C4FF4DF732246054905480BF055
:1071600057FB4FF4DF71204615F08FFE780B0600B9
:10717000E40B06006C2B050070B50446EFF3118696
:10718000202383F31288BFF36F8F1A4802F0A6FA08
:1071900080B1184D284602F0CBFAE46804F01F04D1
:1071A000284602F0ABFAA0B186F31188BFF36F8FC7
:1071B000204670BD104C88232246104910480BF021
:1071C00027FB0C490F480BF023FB8821204615F0C4
:1071D0005CFE094C40F2311322460B4908480BF083
:1071E00017FB294609480BF013FB40F231112046EA
:1071F00015F04BFE688000207C5D0500DC5D05001D
:107200006C2B0500F45D0500AC5D0500C45D050058
:1072100070B582B0019009B30C464B685BB3EFF3D5
:107220001186202383F31288BFF36F8F284802F062
:1072300055FA68B3264D284602F07AFA01A920468D
:10724000FFF71EFD0446284602F058FA78B386F38D
:107250001188BFF36F8F204602B070BD1D4C4FF4F4
:10726000BD7322461C491D480BF0D2FA4FF4BD7184
:10727000204615F00AFE174C40F27B1322461849AF
:1072800016480BF0C5FA40F27B11204615F0FDFDC3
:10729000144C88232246144910480BF0B9FA0C49C3
:1072A00012480BF0B5FA8821204615F0EEFD0D4C82
:1072B00040F2311322460E4908480BF0A9FA29463C
:1072C0000C480BF0A5FA40F23111204615F0DDFD17
:1072D00068800020780B0600D00B06006C2B0500A0
:1072E000FC0B06007C5D0500DC5D0500F45D05001F
:1072F000AC5D0500C45D050008B50146014818F005
:1073000070FB08BD58530020F8B568B30C4605461D
:10731000C36813F4807F34D118F09DFB00283DD161
:10732000002C48D0EFF31187202383F31288BFF39A
:107330006F8F3C4802F0D2F9002849D0394E3046D0
:1073400002F0F6F921462846FFF7EEFE05463046E4
:1073500002F0D4F900284AD087F31188BFF36F8F69
:10736000002D55D12846F8BD2F4C4FF4E573224629
:107370002E492F480BF04CFA4FF4E571204615F0DA
:1073800084FD294C40F2CB1322462A4928480BF0B1
:107390003FFA40F2CB11204615F077FD224C4FF416
:1073A000E6732246244922480BF032FA4FF4E67184
:1073B000204615F06AFD1C4C40F2CD1322461F49B1
:1073C0001B480BF025FA40F2CD11204615F05DFD6B
:1073D0001B4C882322461B4915480BF019FA11490A
:1073E00019480BF015FA8821204615F04EFD144C73
:1073F00040F23113224615490D480BF009FA314687
:1074000013480BF005FA40F23111204615F03DFD0E
:1074100004F110004FF0FF324FF0FF33FFF7D6FAC0
:10742000A0E700BF68800020780B0600D00B0600A4
:107430006C2B05001C0C0600787605004C0C060031
:107440007C5D0500DC5D0500F45D0500AC5D0500BC
:10745000C45D050070B508B30446C36813F4807FAB
:1074600029D1EFF31186202383F31288BFF36F8FA6
:10747000274802F033F958B3254D284602F058F951
:10748000204618F034FA0446284602F037F970B363
:1074900086F31188BFF36F8F204670BD1D4C4FF4EB
:1074A0000A7322461C491D480BF0B2F94FF40A71C9
:1074B000204615F0EAFC174C40F2292322461849D1
:1074C00016480BF0A5F940F22921204615F0DDFC05
:1074D000144C88232246144910480BF099F90C49A2
:1074E00012480BF095F98821204615F0CEFC0D4C82
:1074F00040F2311322460E4908480BF089F929461B
:107500000C480BF085F940F23111204615F0BDFC16
:1075100068800020780B0600D00B06006C2B05005D
:107520001C0C06007C5D0500DC5D0500F45D0500BB
:10753000AC5D0500C45D050010B528B14FF4947230
:1075400000211AF087F810BD064C4FF43373224621
:10755000054906480BF05CF94FF43371204615F0ED
:1075600094FC00BF780B0600E40B06006C2B0500B2
:1075700070B584B000283AD00D46044618F06BFA76
:10758000002841D1EFF31186202383F31288BFF343
:107590006F8F394802F0A2F8002842D0364802F036
:1075A000C7F8D4F8203113F0060F04D11DB9D4F870
:1075B0000821002A44D043F00402C4F820211DB160
:1075C00043F00C03C4F82031204618F0A5F900233D
:1075D00002934FF0FF324FF0FF33CDE9002304F563
:1075E0008C723146244801F05DFF04B070BD234C1D
:1075F0004FF441732246224922480BF009F94FF417
:107600004171204615F041FC1C4C40F205332246E6
:107610001D491C480BF0FCF840F20531204615F0DE
:1076200034FC1A4C88232246194916480BF0F0F80E
:10763000114918480BF0ECF88821204615F025FC7C
:107640000D4802F05BF828B186F31188BFF36F8F05
:107650000020CAE70D4C40F2311322460E4909487A
:107660000BF0D6F804490D480BF0D2F840F2311176
:10767000204615F00AFC00BF68800020780B060049
:10768000600C06006C2B0500787605007C5D05001B
:10769000DC5D0500F45D0500AC5D0500C45D050022
:1076A00038B558B10C460546A9B13022002119F071
:1076B000D1FF6C604FF48073EB6038BD0C4C40F22E
:1076C0007A3322460B490C480BF0A2F840F27A318B
:1076D000204615F0DAFB064C40F27B332246074980
:1076E00005480BF095F840F27B31204615F0CDFBB4
:1076F000780B0600A40C06006C2B0500B80B0600E6
:10770000F0B583B0019010B30C4616461D4659B330
:10771000EFF31187202383F31288BFF36F8F2D4877
:1077200001F0DCFF68B32B4802F002F8E36813F0C5
:107730001E0F35D00024274801F0E0FF002837D085
:1077400087F31188BFF36F8F204603B0F0BD224C42
:1077500040F2F5332246214921480BF059F840F216
:10776000F531204615F091FB1B4C40F2F6332246D2
:107770001C491B480BF04CF840F2F631204615F03E
:1077800084FB194C88232246184915480BF040F811
:10779000104917480BF03CF88821204615F075FB7E
:1077A00032462B46214601A8FFF76AFC0446C2E791
:1077B0000D4C40F2311322460E4909480BF028F8CF
:1077C00004490D480BF024F840F23111204615F021
:1077D0005CFB00BF68800020780B0600E40B06000D
:1077E0006C2B0500A40C06007C5D0500DC5D05002B
:1077F000F45D0500AC5D0500C45D050008B50146FB
:107800000148FFF77DFF08BD585300202DE9F041E6
:1078100082B0019040B30C4617461D4689B3EFF382
:107820001188202383F31288BFF36F8F2B4801F058
:1078300055FF98B3294E304601F07AFF204618F0E4
:1078400099F83A462B46214601A8FFF719FC044651
:10785000304601F053FF80B388F31188BFF36F8F78
:10786000204602B0BDE8F0811D4C4FF483632246F0
:107870001C491D480AF0CCFF4FF48361204615F0E7
:1078800004FB174C40F219432246184916480AF0E7
:10789000BFFF40F21941204615F0F7FA144C882337
:1078A0002246144910480AF0B3FF0C4912480AF066
:1078B000AFFF8821204615F0E8FA0D4C40F2311355
:1078C00022460E4908480AF0A3FF31460C480AF048
:1078D0009FFF40F23111204615F0D7FA6880002052
:1078E000780B0600E40B06006C2B0500A40C0600C8
:1078F0007C5D0500DC5D0500F45D0500AC5D050008
:10790000C45D050008B501460148FFF77FFF08BDCB
:107910005853002070B5E8B10446EFF311862023D8
:1079200083F31288BFF36F8F214801F0D7FEF0B1C7
:107930001F4D284601F0FCFE204618F02CF80446A6
:10794000284601F0DBFE08B386F31188BFF36F8F82
:10795000204670BD174C40F23A432246164917485C
:107960000AF056FF40F23A41204615F08EFA144CC8
:1079700088232246134911480AF04AFF0C4912484D
:107980000AF046FF8821204615F07FFA0C4C40F2A1
:10799000311322460D4909480AF03AFF29460C489E
:1079A0000AF036FF40F23111204615F06EFA00BFA2
:1079B00068800020780B0600A40C06006C2B0500E4
:1079C0007C5D0500DC5D0500F45D0500AC5D050037
:1079D000C45D05002DE9F04168B30C460646002958
:1079E00036D018F038F8054600283ED1EFF311885C
:1079F000202383F31288BFF36F8F3B4801F06EFEA4
:107A000000283FD0384801F093FEF36803F01F03CD
:107A1000002B14BF0127002743D1334801F06EFE2D
:107A2000002847D088F31188BFF36F8F002D52D103
:107A30003846BDE8F0812D4C40F24B4322462C499C
:107A40002C480AF0E5FE40F24B41204615F01DFAA5
:107A5000264C40F24C432246274926480AF0D8FEDD
:107A600040F24C41204615F010FA204C40F24D43B4
:107A7000224622491F480AF0CBFE40F24D412046E3
:107A800015F003FA1E4C882322461E4919480AF0B5
:107A9000BFFE15491C480AF0BBFE8821204615F0A0
:107AA000F4F9304617F077FF2146304617F04AFFC9
:107AB0000546B2E7124C40F23113224613490D48F5
:107AC0000AF0A6FE084912480AF0A2FE40F231115F
:107AD000204615F0DAF904F108004FF0FF324FF0BC
:107AE000FF33FEF773FFA3E768800020780B0600E2
:107AF000A40C06006C2B05004C0C060078760500E3
:107B00007C5D0500DC5D0500F45D0500AC5D0500F5
:107B1000C45D0500836863B14268036813605A60FE
:107B2000002303604360427B22F0020242738360C1
:107B3000704710B5054C99232246054905480AF0BF
:107B400067FE9921204615F0A0F900BF84080600C1
:107B5000B00806006C2B0500F8B50546EFF3118759
:107B6000202383F31288BFF36F8F3B4801F0B6FDEB
:107B7000A0B1394801F0DCFDEFF31183202282F33C
:107B80001288BFF36F8F83F31188BFF36F8FA3B198
:107B90002C68A5421FD004BB002635E02F4C88235B
:107BA00022462F492F480AF033FE2B492E480AF06F
:107BB0002FFE8821204615F068F92C4CB023224670
:107BC0002B4928480AF024FE2A480AF021FEB02159
:107BD000204615F05AF90024DDE72046FFF79AFF0A
:107BE00004F1180001F0C2FFD6E7204CB023224672
:107BF0001F491C480AF00CFE1E480AF009FEB0217D
:107C0000204615F042F9CCB904B301360023C4F87C
:107C1000C030204600F06EFCEFF31183202282F387
:107C20001288BFF36F8F83F31188BFF36F8F002B20
:107C3000DBD02C68A542E6D10024E4E72046FFF71C
:107C400069FF04F1180001F091FFDDE739460248B1
:107C500000F0EEFE3046F8BD6C8000207C5D050033
:107C6000DC5D05006C2B0500F45D05008408060052
:107C7000CC0906009090050008B553EA020102D134
:107C800001F0C2F908BD0249183001F09BFEF9E786
:107C900001FC040010B5044640B11F2204F1880025
:107CA00019F01AFE002084F8A70010BD014B9C6853
:107CB000F3E700BF105300202DE9F843467B69B37A
:107CC00089466AB302F1FF3800252F4600E00135EE
:107CD000F6B1144B03EBC5039C883442F7D0114A2C
:107CE000DB8852F83520A8EB070109EB070017F0F5
:107CF00082FE0744E44364B22640E8D001230A4AE6
:107D0000A8EB070109EB070017F075FE0744DEE753
:107D1000002309F807304846BDE8F8830348FBE72D
:107D20000248F9E7080E0600BC0C0600E86A0500E8
:107D30002DE9F04F85B004460E4617461D46DDF886
:107D400038B0DDF83CA0DDF84090DDF84480B8F1B3
:107D50000F0F66D008F110031E2B66D804F16803DC
:107D6000A366E366129B04224146204617F07BFE81
:107D70003A463146204617F049FE0746CDF80890AE
:107D8000CDF804A0CDF800B02B460246314620467F
:107D9000F9F7CCFF002363666567C4F878B0C4F8D0
:107DA0007CA0C4F88090EFF31186202383F312881F
:107DB000BFF36F8F3A4801F091FC002849D0384D4D
:107DC000284601F0B5FC374B1A6BC4F884201C63BD
:107DD000284601F093FC00284AD086F31188BFF3AF
:107DE0006F8F139B002B54D01F22194604F188007B
:107DF00019F072FD002384F8A7302A4B9B68002BF2
:107E00004BD0D3F8B830C4F8B83000232363636391
:107E1000A363E363012384F83830384605B0BDE836
:107E2000F08F214B9D4295D198E7204C4FF4017380
:107E300022461F491F480AF0EBFC6FF00F030E2289
:107E400041461D480AF0E4FC4FF40171204615F04C
:107E50001CF81A4C88232246194916480AF0D8FC07
:107E60000F4918480AF0D4FC8821204615F00DF877
:107E7000124C40F23113224613490E480AF0C8FC56
:107E8000294612480AF0C4FC40F23111204614F091
:107E9000FCFF002384F88830AFE7C4F8B830BCE7B3
:107EA000848000201053002031610300C00C0600C4
:107EB000E40C06006C2B0500640D06007C5D0500DB
:107EC000DC5D0500F45D0500AC5D0500C45D0500EA
:107ED00070B586B00446109E119DEFF30580B8B9C9
:107EE000002005900E9804900D9803900C98029035
:107EF0000B9801900A9800902046FFF719FFB5F102
:107F0000FF3F08BFB6F1FF3F12D1204606B070BD5B
:107F10000A4C40F29123224609490A480AF078FCAB
:107F200009480AF075FC40F29121204614F0ADFF9B
:107F300032462B462046FFF79FFEE6E7C00C0600C0
:107F4000A80A06006C2B0500980D060008B5024B28
:107F5000986802F0C5FD08BD105300200A4A9368D6
:107F6000C3F8BC006FF00A01C3F8C01007494B68A2
:107F700043F080534B60002383F31188BFF36F8F6E
:107F80009368D3F8C00070471053002000ED00E064
:107F9000836863B14268036813605A60002303601A
:107FA0004360427B22F0020242738360704710B547
:107FB000054C99232246054905480AF029FC9921D8
:107FC000204614F062FF00BF84080600B0080600D7
:107FD0006C2B050010B5EFF305833BB9114B9A6884
:107FE000D37B012B10D0013BD37310BD0E4C8F23DC
:107FF00022460E490E480AF00BFC0E480AF008FC17
:108000008F21204614F041FF074C902322460A4955
:1080100007480AF0FDFB07480AF0FAFB90212046CA
:1080200014F033FF1053002084080600A80A06004D
:108030006C2B050090900500480E0600427B90F9DD
:108040000D30002B04DB12F01F0F01D1816901B14B
:10805000704710B562F07F024273344B984206D0ED
:10806000334A52F8243F934219D10B4617E0314C62
:108070004F232246304931480AF0CAFB4F2120469F
:1080800014F003FF5A6842600360106058601FE0FC
:108090001A46274CA46AA24210D01B6883B17BB158
:1080A00090F90EC093F90E209445F1D0A2EB0C028A
:1080B000002AE7DC1A46002BEBD1EFE70B46EDE791
:1080C0001B4B9A6A03F124010160426010609862C0
:1080D000174B53F8244F9C420FD074B1144B9B683C
:1080E00073B15A7B12F01F0F18D1DA897F2A15D984
:1080F000A2699AB90E4A136217E00D4BDC68EDE7EE
:108100000F4CD62322460F490C480AF081FB0E483B
:108110000AF07EFBD621204614F0B7FEA34202D01F
:10812000204601F02DFA024B1C6210BD00510020C8
:10813000105300207C0E0600A00E06006C2B0500DC
:10814000C40E0600F00E06009090050010B5437BAB
:1081500090F90D20002A15DB234B9A6853F8244F21
:108160009C4228D03CB3824236D03AB3537B13F0C2
:108170001F0F31D1D3897F2B2ED9A36963BB1A4B33
:108180001A6230E003F07F034373184B984207D024
:108190004268036813605A60002303604360DBE7B2
:1081A000134C56232246134913480AF031FB56213B
:1081B000204614F06AFE0C4BDC68D4E70F4CD62343
:1081C00022460F490C480AF023FB0E480AF020FB18
:1081D000D621204614F059FEA24202D0204601F0DA
:1081E000CFF9014B1C6210BD10530020005100203C
:1081F0007C0E0600A00E06006C2B0500C40E0600C7
:10820000F00E06009090050010B50446012343735C
:1082100003730023C0F8AC30C0F8B03002F028FE81
:10822000014B9C6010BD00BF105300202DE9F843A6
:1082300005460C464F4B9E68737B13F0600F2BD0A6
:1082400013F0200F32D008271F4225D13B43737310
:1082500013F0800F2CD1082F43D04FF00009454B6D
:1082600053F8248F984558D0B8F1000F55D0414BA2
:108270009B68434502D0404601F082F93D4BC3F86C
:108280002080102F08D03046E4F728FA304601F05D
:1082900057FAB9F1000F44D1374801F02FFA0028FE
:1082A00043D084F31188BFF36F8F5CE01027CBE7D6
:1082B00003F07F037373314B9E4207D072683368BB
:1082C00013605A60002333607360C4E72C4C56235C
:1082D00022462C492C480AF09BFA5621204614F0DD
:1082E000D4FDB36813B13046FFF752FE304617F0A5
:1082F0005BFC06F1680017F05CFC1E4B9B689E421D
:1083000002D04FF00009AAE7EFF3058313B94FF04D
:108310000009A4E74FF00109A1E7164BD3F80C8040
:10832000A5E71A48FFF770FFB6E7194C40F2311382
:108330002246184914480AF06BFA0F4916480AF009
:1083400067FA40F23111204614F09FFDEFF31184DB
:10835000202383F31288BFF36F8FFDF70DFF84F3A3
:108360001188BFF36F8F6B7B13F0600FEED1BDE808
:10837000F88300BF105300207080002000510020BF
:108380007C0E0600A00E06006C2B05008054002019
:108390007C5D0500AC5D0500C45D0500B3F1FF3FE9
:1083A00008BFB2F1FF3F00D1704708B5024918304D
:1083B00001F008FB08BD00BF01FC040010B5437BC1
:1083C00090F90D20002A0DDB437B63F07F0343739C
:1083D000404B98421FD0404A52F8243F934232D13A
:1083E000002330E003F07F0343733A4B984207D0F9
:1083F0004268036813605A60002303604360E3E748
:10840000364C56232246364936480AF001FA5621A0
:10841000204614F03AFD314C4F2322463049314872
:108420000AF0F6F94F21204614F02FFD5A684260F9
:108430000360106058601EE01A462749896A8A4224
:108440000FD01B687BB173B190F90E1093F90E2019
:108450009142F1D0521A002AE8DC1A46002BECD1E6
:10846000F0E70023EEE71C4B9A6A03F12401016058
:10847000426010609862184B9A6853F8244F9C42EF
:108480000FD074B182421DD072B1537B13F01F0F15
:1084900018D1D3897F2B15D9A3699BB90E4B1A62CA
:1084A00017E00D4BDC68EDE70F4CD62322460F4951
:1084B0000C480AF0ADF90E480AF0AAF9D621204678
:1084C00014F0E3FCA24202D0204601F059F8024B1E
:1084D0001C6210BD00510020105300207C0E0600CD
:1084E000A00E06006C2B0500C40E0600F00E060060
:1084F0009090050070B50546EFF31186202383F3B5
:108500001288BFF36F8F1E4801F0E8F820B10024F5
:108510001B4801F00DF917E01A4C882322461A492E
:108520001A480AF075F9164919480AF071F98821B4
:10853000204614F0AAFC124801F0E0F870B186F36E
:108540001188BFF36F8F0124CCB9284617F0F8FAD1
:108550000028F0D12846FFF771FDECE7094C40F206
:10856000311322460B4909480AF052F904490A48D6
:108570000AF04EF940F23111204614F086FC70BD2D
:10858000708000207C5D0500DC5D05006C2B050023
:10859000F45D0500AC5D0500C45D050070B50546E1
:1085A000EFF31186202383F31288BFF36F8F1D48EA
:1085B00001F094F820B100241A4801F0B9F81AE04B
:1085C000194C88232246194919480AF021F91549FE
:1085D00018480AF01DF98821204614F056FC284658
:1085E000FFF7D6FC0F4801F089F848B186F31188EF
:1085F000BFF36F8F0124A4B9AB68002BEFD1F1E773
:10860000094C40F2311322460B4909480AF000F99F
:1086100004490A480AF0FCF840F23111204614F0EF
:1086200034FC70BD708000207C5D0500DC5D0500C1
:108630006C2B0500F45D0500AC5D0500C45D050014
:1086400070B50446EFF31186202383F31288BFF33D
:108650006F8F234801F042F820B10025204801F037
:1086600067F81EE01F4C882322461F491F480AF066
:10867000CFF81B491E480AF0CBF88821204614F099
:1086800004FC637B23F0040363732046FFF7D6FCEE
:10869000134801F033F880B186F31188BFF36F8F70
:1086A0000125DDB9637B13F0280FF1D1A368002BFE
:1086B000E7D02046FFF76CFCE3E70A4C40F23113A9
:1086C00022460C4909480AF0A3F805490A480AF06D
:1086D0009FF840F23111204614F0D7FB70BD00BF67
:1086E000708000207C5D0500DC5D05006C2B0500C2
:1086F000F45D0500AC5D0500C45D0500F8B5344BC4
:108700009D68344B1D60344B984223D004460F467D
:108710001646EFF31183202383F31288BFF36F8F84
:108720002D4800F0DBFF10B32B4801F001F8DDE924
:10873000062331462648806817F056FA204600F096
:10874000DDFF18B3244800F0D9FF80B33846FFF7A7
:1087500005FCF8BD214C40F26D23224620492148FA
:108760000AF056F840F26D21204614F08EFB1E4CA4
:10877000882322461D491B480AF04AF816491C481E
:108780000AF046F88821204614F07FFB164D40F28F
:108790006B132A46174913480AF03AF8214616483F
:1087A0000AF036F840F26B11284614F06EFB0E4CBE
:1087B00040F26B1322460F490A480AF029F806498D
:1087C0000D480AF025F840F26B11204614F05DFBCD
:1087D0001053002074800020708000207C0E060062
:1087E000180F06006C2B05007C5D0500DC5D0500A4
:1087F000F45D0500AC5D0500C45D0500F8B50546F7
:10880000EFF31187202383F31288BFF36F8F204883
:1088100000F064FF28B100261D4800F089FF002405
:1088200018E01C4C882322461B491C4809F0F0FF25
:1088300017491B4809F0ECFF8821204614F025FB5E
:108840000024134800F05AFF70B187F31188BFF37A
:108850006F8F0126CEB92C68A542F1D0002CF0D044
:108860002046FFF795FBECE70A4C40F23113224615
:108870000C490A4809F0CCFF05490B4809F0C8FF2C
:1088800040F23111204614F000FB2046F8BD00BF35
:10889000708000207C5D0500DC5D05006C2B050010
:1088A000F45D0500AC5D0500C45D05002DE9F843ED
:1088B00004460E46EFF31187202383F31288BFF39B
:1088C0006F8F504800F00AFF38B1002580464D48B0
:1088D00000F02EFF4FF000095CE04B4C882322464D
:1088E0004A494B4809F094FF46494A4809F090FF2D
:1088F0008821204614F0C9FA474C5623224647499E
:10890000434809F085FF5621204614F0BEFA5A6804
:108910006260236014605C601CE01A46404DAD6AE2
:10892000AA420DD01B686BB163B193F90E2090423F
:10893000F3D0121A002AEADC1A46002BEED1F2E735
:108940000B46F0E7364B9A6A03F12401216062601E
:1089500014609C62324B53F8245F9D420BD055B19A
:108960002F4B9B689D4202D0284600F009FE2C4BFD
:108970001D62C14605E02A4BDD68F1E7A6734FF0A2
:108980000009204800F0BAFE38B387F31188BFF31E
:108990006F8F0125002D31D1637B13F01F0FEDD1B7
:1089A000A1690029EAD103F07F0363731D4B9C4248
:1089B000A2D06268236813605A600023236063605A
:1089C00070B2A073637B63F07F036373144A52F841
:1089D000243F9342A8D10B46A6E70B4C40F231133B
:1089E000224611490A4809F013FF06490F4809F0C9
:1089F0000FFF40F23111204614F047FA4846BDE817
:108A0000F88300BF708000207C5D0500DC5D050000
:108A10006C2B0500F45D05007C0E0600A00E060020
:108A20001053002000510020AC5D0500C45D05001E
:108A300070B505460E46F9B9EFF30583E3B91B4B54
:108A40001A6A9B689A4217D000F058FE18B1304657
:108A5000FFF784FA18E0164C40F26B1322461549D2
:108A6000154809F0D5FE2946144809F0D1FE40F218
:108A70006B11204614F009FA284600F03FFE20B1A1
:108A800086F31188BFF36F8F70BD094C40F231132C
:108A900022460849084809F0BBFE2946074809F064
:108AA000B7FE40F23111204614F0EFF910530020C8
:108AB0007C5D0500AC5D05006C2B0500C45D050008
:108AC00008B5034650B9EFF305823AB9064A116A70
:108AD0009268914202D0FFF741FA03E083F31188D4
:108AE000BFF36F8F08BD00BF1053002038B5EFF300
:108AF0001185202383F31288BFF36F8F1A4800F08B
:108B0000EDFD80B10024184800F012FE5CBBFFF7B9
:108B100061FA154800F0F2FDA0B185F31188BFF3AA
:108B20006F8F0124F2E7114C882322461049114827
:108B300009F06EFE0C49104809F06AFE88212046B3
:108B400014F0A3F9094C40F2311322460B490948AD
:108B500009F05EFE04490A4809F05AFE40F231115C
:108B6000204614F092F938BD708000207C5D05002D
:108B7000DC5D05006C2B0500F45D0500AC5D0500B7
:108B8000C45D050038B5EFF31185202383F3128807
:108B9000BFF36F8F474800F0A1FD20B10024454886
:108BA00000F0C6FD4FE0444C882322464349444828
:108BB00009F02EFE3F49434809F02AFE882120464D
:108BC00014F063F9404C40F2FE2322463F493C48F2
:108BD00009F01EFE3E4809F01BFE40F2FE21204631
:108BE00014F053F9384C40F2FF23224639493448F7
:108BF00009F00EFE364809F00BFE40F2FF21204638
:108C000014F043F9344AD46831E0344CD623224678
:108C100033492B4809F0FCFD2D4809F0F9FDD62118
:108C2000204614F032F9A34202D0204600F0A8FCFE
:108C3000294B1C621F4800F061FD38B385F3118891
:108C4000BFF36F8F0124002C31D1234B9B68DA7B5B
:108C5000002AB7D0EFF305810029C3D10132DA73BE
:108C60001D4A52F8244F9442CCD0002CCAD0002B7D
:108C7000CBD05A7B12F01F0FD5D1DA897F2AD2D9F7
:108C8000A269002ACFD1144A1362D3E70A4C40F2FA
:108C90003113224613490A4809F0BAFD0549124822
:108CA00009F0B6FD40F23111204614F0EEF816F04E
:108CB000B6FF38BD708000207C5D0500DC5D0500DE
:108CC0006C2B0500F45D05007C0E0600540F0600B9
:108CD00090900500A80A060010530020C40E06005C
:108CE000F00E0600AC5D0500C45D050008B5024845
:108CF00016F0B7FF08BD00BF3053002038B5EFF3C2
:108D00000583C3B9EFF31184202383F31288BFF3E3
:108D10006F8F404800F0E2FCE8B13E4800F008FDEB
:108D20003D4B9A689B6A9A4224D013685168126836
:108D30000A60516025E0394C40F21443224638491C
:108D4000384809F065FD384809F062FD40F21441E9
:108D5000204614F09AF8354C88232246344931488D
:108D600009F056FD2B49334809F052FD8821204671
:108D700014F08BF80023D9E7274A926A934212D065
:108D80001B6893B1244A906890F90E1093F90E2055
:108D90009142F1D0521A002AEEDD5A684260036017
:108DA000106058600AE00023EBE71B4B9A68996A51
:108DB00003F12400106051600A609A62164B53F868
:108DC000245F9D4211D085B1134B9B689D4202D018
:108DD000284600F0D5FB104B1D620E4800F08EFCBB
:108DE00030B12046FFF7BAF838BD0B4BDD68EBE732
:108DF0000E4C40F26B1322460F490A4809F008FD59
:108E000004490E4809F004FD40F26B11204614F0AD
:108E10003CF800BF70800020105300207C0E06003C
:108E2000A80A06006C2B0500909005007C5D0500EB
:108E3000DC5D0500F45D0500AC5D0500C45D05006A
:108E40002DE9F843EFF30583002B44D104460D468A
:108E500050EA01034FD06FF001031B1A4FF0FF32AD
:108E600062EB0102012B72F1000248DB6FF0010698
:108E7000361AEFF31189202383F31288BFF36F8F23
:108E8000314800F02BFC00283DD0DFF8BC80404684
:108E900000F04EFC2D4FB8682D4B1860FFF756F9C7
:108EA000B86822462B462B49183000F08BFDBA6873
:108EB000537B43F004035373404600F01FFC88B318
:108EC0004846FFF74BF816F004FF301A002800DC84
:108ED0000020BDE8F883204C40F22F4322461F4972
:108EE0001F4809F095FC1F4809F092FC40F22F4101
:108EF000204613F0CAFFFFF701FF0020E9E716F054
:108F0000E8FE0619B5E7184C88232246174914488D
:108F100009F07EFC0C49164809F07AFC88212046AD
:108F200013F0B3FF104C40F26B13224611490C486A
:108F300009F06EFC4146104809F06AFC40F26B11E2
:108F4000204613F0A2FF00BF7080002010530020C5
:108F50007480002001FC04007C0E0600A80A0600B4
:108F60006C2B0500909005007C5D0500DC5D050024
:108F7000F45D0500AC5D0500C45D050038B5EFF398
:108F800005832BBB05460C46FFF75AFFB4F1FF3FA4
:108F900008BFB5F1FF3F2BD0C217510141EAD061A4
:108FA00043011B1A61EB0201890041EA93719B00A6
:108FB0001B1842EB0102D20042EA5372DB0047F673
:108FC000FF71581842F10002C00B40EA424038BD20
:108FD000094C40F25B4322460849094809F018FC55
:108FE000084809F015FC40F25B41204613F04DFFA4
:108FF0004FF0FF30EBE700BF7C0E0600A80A06002A
:109000006C2B05009090050038B50446183000F030
:10901000ADFDEFF31185202383F31288BFF36F8F2B
:109020002D4800F05BFB78B12B4800F081FB637B9F
:1090300013F0040F28D1284800F060FB98B185F3A5
:109040001188BFF36F8F38BD244C882322462449F2
:10905000244809F0DDFB2049234809F0D9FB882189
:10906000204613F012FF1D4C40F2311322461F49D7
:109070001C4809F0CDFB18491D4809F0C9FB40F216
:109080003111204613F001FF23F0040363732046DF
:10909000FEF7D4FFEFF30583CBB10F4800F02EFBB2
:1090A00020B185F31188BFF36F8FCCE70B4C40F2F2
:1090B000311322460D490B4809F0AAFB06490C481A
:1090C00009F0A6FB40F23111204613F0DEFE2946DE
:1090D0000148FFF7ADFCB6E7708000207C5D05001D
:1090E000DC5D05006C2B0500F45D0500AC5D050042
:1090F000C45D0500014B9868704700BF1053002005
:109100002DE9F0410446EFF31186202383F3128802
:10911000BFF36F8F9F4800F0E1FAF0B107469D481A
:1091200000F006FB237B13F0010F25D1657B15F0C2
:10913000080F4BD104F16808204616F001FD002805
:109140007DD045F020056573EFF30583002B58D0E3
:1091500031462046FFF76AF840E08F4C88232246CC
:109160008E498F4809F054FB8A498E4809F050FB1C
:109170008821204613F089FE864800F0BFFAA0B18E
:1091800086F31188BFF36F8F874D40F235532A461F
:109190008649834809F03CFB2146854809F038FBA5
:1091A00040F23551284613F070FE7B4C40F23113EB
:1091B000224680497A4809F02BFB76497E4809F01F
:1091C00027FB40F23111204613F05FFE714800F09A
:1091D00095FA28B186F31188BFF36F8FBDE8F0814F
:1091E0006D4C40F23113224672496D4809F010FB74
:1091F0006849714809F00CFB40F23111204613F028
:1092000044FE41466D4B986816F09CFC614800F0A6
:1092100075FA18B13046FEF7A1FEDFE75E4C40F26A
:109220006B13224663495E4809F0F2FA59496248D5
:1092300009F0EEFA40F26B11204613F026FE45F0DD
:109240000803637313F0800F34D1A36813B1204671
:10925000FEF79EFE04F1180000F088FC404616F070
:10926000A8FC564B9A6894423FD00027534B53F8C2
:10927000245F9D423FD0002D3DD0AA4202D0284617
:1092800000F07EF94D4B1D622046E3F727FA204699
:1092900000F056FA002F31D1484B9B689C423CD0DD
:1092A0003C4800F02BFA002863D086F31188BFF306
:1092B0006F8F93E705F07F0545F008056573404B18
:1092C0009C4207D06268236813605A6000232360C1
:1092D0006360BAE7344C562322463A49304809F0D5
:1092E00097FA5621204613F0D0FDEFF30583002BAB
:1092F000BCD10027BAE7314BDD68BEE7324D012310
:109300006B732B730023C5F8AC30C5F8B03028461A
:1093100001F0AEFD294B9D60BEE7EFF30583002B06
:10932000BED11C4800F0EAF990B13046FEF716FEB7
:109330001D4C40F2B51322462449194809F068FA39
:10934000234809F065FA40F2B511204613F09DFD5F
:10935000114C40F26B1322461649114809F058FA95
:109360000C49154809F054FA40F26B11204613F0ED
:109370008CFD094C40F2311322460E49084809F091
:1093800047FA04490C4809F043FA40F231112046EB
:1093900013F07BFD708000207C5D0500DC5D050026
:1093A0006C2B0500F45D05007C0E0600B02D050059
:1093B000880F0600AC5D0500C45D05001053002059
:1093C00000510020A00E060080540020A80F0600C7
:1093D000B40F06002DE9F04705460F469046EFF31F
:1093E0001186202383F31288BFF36F8F264800F085
:1093F00075F938B100248246234800F099F94FF0FE
:10940000000917E0214C882322462149214809F010
:10941000FFF91D49204809F0FBF98821204613F087
:1094200034FD194800F06AF9D0B186F31188BFF312
:109430006F8F01242CBB2C68A542F2D0002CF0D0F9
:10944000C4F8C070C4F814802046FEF7A1FD04F1F2
:10945000180000F08BFB2046FEF7F0FDD146E0E758
:109460000A4C40F2311322460C490A4809F0D0F95F
:1094700005490B4809F0CCF940F23111204613F0B0
:1094800004FD4846BDE8F087708000207C5D050043
:10949000DC5D05006C2B0500F45D0500AC5D05008E
:1094A000C45D050010B582B0069C9DED047B8DED7A
:1094B000007BFFF723F91CB1024B9B685B692360BB
:1094C00002B010BD10530020D8B10346134A904299
:1094D00017D302F11801884213D2811A104AA2FB55
:1094E0000102120902EB4202B1EBC20F09D10B4A91
:1094F0009B1ADB100A4A02FB03F30A4A0121D154EA
:10950000704710B5084C382322460849084809F02E
:109510007FF93821204613F0B8FC00BF88550020A1
:10952000ABAAAAAA78800020D80F06000010060077
:109530006C2B0500C3897F2B11D80E4B1B687BB1A8
:1095400090F90E200C4B1B689A420CDB437B13F006
:109550001F0F0AD1094B984209D0012300E00023D4
:1095600003F0010070470023FAE70023F8E7002327
:10957000F6E700BF808000207C80002000510020A2
:1095800070B505460D4B1E7C06EB46030C4C04EBF8
:10959000C304204600F0EAFA0A4B00229A552846F6
:1095A000FFF7C8FF00B970BD074B1A68013AD3171F
:1095B0000649204600F006FAF5E700BF10530020E8
:1095C000885500207880002080800020C994030006
:1095D00038B5EFF31185202383F31288BFF36F8F23
:1095E000344800F07BF820B3324800F0A1F8324B49
:1095F0009C68324B1B68A3422AD0304B00221A6071
:109600002D4B1B7C2E4AD35C53B12046FFF792FFB3
:1096100030B1637B13F01F0F37D02046FFF7B0FF48
:10962000244800F06BF8A0B385F31188BFF36F8F67
:1096300038BD244C882322462349244809F0E8F801
:109640001C49234809F0E4F88821204613F01DFC4A
:109650002046FFF795FF174800F050F820B185F33A
:109660001188BFF36F8FE3E7164C40F231132246A7
:109670001849164809F0CCF80E49174809F0C8F8FF
:1096800040F23111204613F000FC2046FEF796FE12
:10969000C3E70C4C40F2311322460E490B4809F047
:1096A000B7F804490C4809F0B3F840F231112046EC
:1096B00013F0EBFB7080002010530020748000201A
:1096C000788000207C5D0500DC5D05006C2B0500CA
:1096D000F45D0500AC5D0500C45D050003683BB1A9
:1096E00003F00303044A127C934203D00120704725
:1096F00001207047002070471053002001680023AC
:109700000360EFF305832BB1084B9B685B7B13F081
:10971000010F07D1054A137C926813438B4203D192
:10972000012070470120704700207047105300202F
:10973000024A137C92681343036070471053002061
:1097400038B50446EFF31185202383F31288BFF365
:109750006F8F2248FFF7C2FF58B12048FFF7E8FF9C
:109760001F4B1B6BA34214D1D3F884201C4B1A63EC
:1097700019E01C4C882322461B491C4809F048F874
:1097800016491B4809F044F88821204613F07DFB58
:1097900013461BB1D3F88420A242F9D11BB1D4F8EF
:1097A0008420C3F884200D48FFF7A8FF20B185F37B
:1097B0001188BFF36F8F38BD0A4C40F23113224637
:1097C0000C490A4809F024F804490B4809F020F82C
:1097D00040F23111204613F058FB00BF8480002076
:1097E000105300207C5D0500DC5D05006C2B05003E
:1097F000F45D0500AC5D0500C45D0500F8B500280A
:1098000035D00E460746EFF31184202383F31288E8
:10981000BFF36F8F4248FFF761FF002835D0404803
:10982000FFF786FF23463F4A156B002D5CD01C4690
:109830003B48FFF763FF002836D084F31188BFF35D
:109840006F8F31462846B847EFF31184202383F306
:109850001288BFF36F8F3248FFF740FF002834D0E3
:109860002F48FFF765FF2346D5F88450DDE72E4CDF
:10987000452322462D492E4808F0CAFF2D4808F0FE
:10988000C7FF4521204613F000FB2B4C88232246BE
:109890002A49274808F0BCFF2149294808F0B8FFA9
:1098A0008821204613F0F1FA234C40F2311322466E
:1098B00024491F4808F0ACFF1949234808F0A8FFC5
:1098C00040F23111204613F0E0FA1B4C8823224667
:1098D0001A49174808F09CFF1149194808F098FFE9
:1098E0008821204613F0D1FA1C460D48FFF706FFE9
:1098F00020B184F31188BFF36F8FF8BD0E4C40F296
:10990000311322460F490A4808F082FF04490E48E5
:1099100008F07EFF40F23111204613F0B6FA00BF86
:109920008480002010530020B4110600E0110600CE
:109930006C2B0500F81106007C5D0500DC5D050060
:10994000F45D0500AC5D0500C45D050008B5064882
:10995000064A121A064915F08CFE0648064A121AE3
:10996000064915F086FE08BD0020002020340020A6
:10997000B01B06000020002000200020B01B0600C5
:10998000034B1868984200D070470020FCE700BFE6
:10999000902C002030B1044A5268904201D00068F7
:1099A00070470020704700BF902C002008B5044B82
:1099B0001B680BB1002008BDF5F79AFDFBE700BF5F
:1099C00088800020B3F1FF3F08BFB2F1FF3F00F0F5
:1099D000B2802DE9F047044616461D46036883B958
:1099E00081600027EFF3118A202383F31288BFF3ED
:1099F0006F8F5148FFF772FE88B14F48FFF798FE0E
:109A000048E04E4C6E2322464D494E4808F000FF78
:109A10004D4808F0FDFE6E21204613F036FA4B4CFF
:109A2000882322464A49474808F0F2FE42494948FD
:109A300008F0EEFE8821204613F027FA16F10108FF
:109A400045F10009FFF7B2FF18EB000349EBE070A6
:109A5000236160613EE0521A67EB030302614361D8
:109A60004368636020601C60446005E03A4B5A68BC
:109A70002360626014605C60FFF782FF84423DD027
:109A80002D48FFF73BFE002842D08AF31188BFF330
:109A90006F8F0127002F4CD16FF00101891B4FF010
:109AA000FF3060EB0502002AC8DB2C4A11685268BF
:109AB000731842EB05026FF00101C91A60EB020353
:109AC00008461A46012973F1000301DA0120002239
:109AD00020616261FFF754FF0028C7D0026947691F
:109AE00021696369914273EB070EB4DB891A63EB5A
:109AF000070321616361FFF74DFFEDE7184B1B681A
:109B0000002BBDD116F0C8F80021F5F7B7FCB7E778
:109B10000E4C40F23113224612490A4808F078FEF2
:109B20000549114808F074FE40F23111204613F047
:109B3000ACF9BDE8F08770478C8000201412060055
:109B4000381206006C2B0500909005007C5D050026
:109B5000DC5D0500F45D0500902C0020A055002080
:109B600088800020AC5D0500C45D05002DE9F04152
:109B70000546EFF31186202383F31288BFF36F8F1E
:109B80002548FFF7ABFD30B100242348FFF7D0FD97
:109B90006FF015081DE0214C8823224620492148FA
:109BA00008F036FE1C49204808F032FE8821204685
:109BB00013F06BF916F070F80021F5F75FFCB8466A
:109BC0001548FFF79BFD98B186F31188BFF36F8F9F
:109BD00001242746ECB92B68002BF1D0FFF7D0FE0B
:109BE0000446284616F041F8AC42E3D0B846E7E711
:109BF0000A4C40F2311322460C490A4808F008FE8C
:109C000005490B4808F004FE40F23111204613F0DC
:109C10003CF94046BDE8F0818C8000207C5D050069
:109C2000DC5D05006C2B0500F45D0500AC5D0500F6
:109C3000C45D050070B50446EFF31185202383F35E
:109C40001288BFF36F8F5648FFF748FD002841D0B8
:109C50005348FFF76DFD534B1C60FFF791FE044620
:109C6000002C66D0266961694E4B1A68D317B24240
:109C70008B415EDB4C4A136851689B1941EBE671DE
:109C80001360516000220023C4E90423204615F02C
:109C9000ECFF4348FFF732FD58B385F31188BFF35B
:109CA0006F8FA36820469847EFF31185202383F335
:109CB0001288BFF36F8F3A48FFF710FD50B3384852
:109CC000FFF736FD374A13689B1B1360FFF758FEFA
:109CD0000446C5E7354C882322463549354808F007
:109CE00097FD2F49344808F093FD8821204613F052
:109CF000CCF82E4C40F23113224630492D4808F062
:109D000087FD27492E4808F083FD40F23111204697
:109D100013F0BBF8254C882322462549254808F036
:109D200077FD1F49244808F073FD8821204613F071
:109D3000ACF844B1236962691A4909685B1A62EB9D
:109D4000E17223616261184A164E306813685168E7
:109D50001B1841EBE071136051600024346015F072
:109D60009BFF2146F5F78AFB0D48FFF7C7FC30B192
:109D700085F31188BFF36F8FFFF72AFC70BD0B4C82
:109D800040F2311322460D490A4808F041FD0449CA
:109D90000B4808F03DFD40F23111204613F075F8F4
:109DA0008C80002088800020A05500207C5D05006C
:109DB000DC5D05006C2B0500F45D0500AC5D050065
:109DC000C45D0500F8B5EFF31186202383F31288F4
:109DD000BFF36F8F1F48FFF781FCC0B100271D48FC
:109DE000FFF7A6FC002425468FBBFFF7DFFD1A4ACC
:109DF00014685568041945EBE0751648FFF77EFCBA
:109E0000A0B186F31188BFF36F8F0127ECE7134CE5
:109E1000882322461249134808F0FAFC0D491248DB
:109E200008F0F6FC8821204613F02FF80B4C40F286
:109E3000311322460D490B4808F0EAFC05490C484D
:109E400008F0E6FC40F23111204613F01EF82046DF
:109E50002946F8BD8C800020A05500207C5D0500BF
:109E6000DC5D05006C2B0500F45D0500AC5D0500B4
:109E7000C45D05002DE9F0410446EFF31185202370
:109E800083F31288BFF36F8F7A48FFF727FC78B10E
:109E90007848FFF74DFC2E4623684BB37548FFF713
:109EA0002DFCA0B185F31188BFF36F8FBDE8F08161
:109EB000714C882322467149714808F0A9FC6D490C
:109EC000704808F0A5FC8821204612F0DEFF6A4C9D
:109ED00040F2311322466C49694808F099FC654903
:109EE0006A4808F095FC40F23111204612F0CDFF8F
:109EF000A26AE36A52EA030105D0B3F1FF3F08BF4B
:109F0000B2F1FF3F39D1236B01332363236AD3B10D
:109F10005848FFF7F3FB002860D085F31188BFF3A2
:109F20006F8F236A20469847EFF31186202383F32F
:109F30001288BFF36F8F4F48FFF7D0FB00285ED029
:109F40004C48FFF7F5FB04F11803A469A34265D060
:109F5000002C63D02046FEF721FB0023C4F8C0305C
:109F60004448FFF7CBFB002872D086F31188BFF37B
:109F70006F8F2046FEF7BEFA98E717469846012AEB
:109F800073F1000302DA01274FF00008013F48F1A6
:109F9000FF3815F0A2FE013041F10001C01948EB75
:109FA0000101012871F1000108DA6FF001024FF0A0
:109FB000FF3337492046FFF705FDA4E715F08DFE76
:109FC000013041F10001C01948EB01036FF00102BB
:109FD000121A4FF0FF3161EB0303EAE7264C40F21F
:109FE000311322462849264808F012FC2149274807
:109FF00008F00EFC40F23111204612F046FF1E4CD4
:10A00000882322461D491E4808F002FC19491D48B4
:10A0100008F0FEFB8821204612F037FF1548FFF7B5
:10A020006DFB20B186F31188BFF36F8F3EE7124CB2
:10A0300040F2311322461449114808F0E9FB0D495A
:10A04000124808F0E5FB40F23111204612F01DFFE6
:10A05000094C40F2311322460B49094808F0D8FB5D
:10A0600004490A4808F0D4FB40F23111204612F0AE
:10A070000CFF00BF908000207C5D0500DC5D0500CA
:10A080006C2B0500F45D0500AC5D0500C45D0500AA
:10A09000759E0300F8B5064614461D46EFF311877A
:10A0A000202383F31288BFF36F8F3A48FFF716FB24
:10A0B00058B33848FFF73CFB2946B5F1FF3F08BFCE
:10A0C000B4F1FF3F30D06FF00102121B4FF0FF32AE
:10A0D00062EB0502002A41DB3046FFF747FDDDE970
:10A0E0000623C6E90A230023336322462B462A4966
:10A0F0003046FFF767FC2748FFF700FB002837D002
:10A1000087F31188BFF36F8FF8BD244C8823224654
:10A110002349244808F07CFB1E49234808F078FBBB
:10A120008821204612F0B1FE1A48FFF7E7FA20B165
:10A1300087F31188BFF36F8FE6E7184C40F23113B5
:10A1400022461A49174808F063FB1249184808F0DC
:10A150005FFB40F23111204612F097FE012C71F1A5
:10A16000000101DA01240025013C45F1FF35B3E788
:10A170000A4C40F2311322460C490A4808F048FBC9
:10A1800004490B4808F044FB40F23111204612F01C
:10A190007CFE00BF90800020759E03007C5D050062
:10A1A000DC5D05006C2B0500F45D0500AC5D050071
:10A1B000C45D050038B50446437B03F03F03082B1C
:10A1C00027D8DFE803F0371505260E2626261D00C2
:10A1D00003699B680BB900202DE002230B6001206E
:10A1E00029E003691B683BB304230B60012022E0D4
:10A1F00003699B680BB900201DE0012008601AE08C
:10A2000003695B6A0BB9002015E010230B60012085
:10A2100011E00A4D64232A4609490A4808F0F8FA71
:10A22000617B01F03F01084808F0F2FA64212846FA
:10A2300012F02BFE002038BD0020FCE7581206006B
:10A24000B02D05006C2B05007C12060038B50446C5
:10A250000D46437B03F03F03082B5ED8DFE803F095
:10A260000C32055D1C5D5D5D4700006930B10A463A
:10A270002146103015F0B7FDA56038BD2E4C8E2359
:10A2800022462E492E4808F0C3FA2E4808F0C0FA9C
:10A290008E21204612F0F9FD006928B10A462146B8
:10A2A000143015F0A0FDE7E7234C922322462649FF
:10A2B000234808F0ADFA254808F0AAFA9221204672
:10A2C00012F0E3FD006920B10A46214615F08BFD2E
:10A2D000D2E7194C962322461D49194808F098FAEE
:10A2E0001C4808F095FA9621204612F0CEFD006930
:10A2F00028B10A462146283015F075FDBCE70E4C02
:10A300009A23224614490E4808F082FA134808F0AE
:10A310007FFA9A21204612F0B8FD074CA723224667
:10A320000F49074808F074FA0E4808F071FAA7219F
:10A33000204612F0AAFD00BF581206009C1206002B
:10A340006C2B0500B8120600D0120600EC120600B5
:10A3500000130600201306003813060054130600ED
:10A36000B02D05007013060010B500238360437BF9
:10A3700003F03F03082B52D8DFE803F00F2F0551FD
:10A380001E5151514000036943B103682BB142682B
:10A3900013605A6000230360436010BD274CB7234D
:10A3A00022462749274808F033FA274808F030FAB0
:10A3B000B721204612F069FD0369002BE5D11F4C3F
:10A3C000BB23224621491F4808F022FA204808F002
:10A3D0001FFABB21204612F058FD0369002BD4D18F
:10A3E000164CBF2322461B49164808F011FA1A489A
:10A3F00008F00EFABF21204612F047FD0369002B3A
:10A40000C3D10E4CC323224614490E4808F000FA6B
:10A41000134808F0FDF9C321204612F036FD074C21
:10A42000D02322460F49074808F0F2F90E4808F0F9
:10A43000EFF9D021204612F028FD00BF5812060087
:10A440009C1206006C2B0500B8120600D012060004
:10A45000EC12060000130600201306003813060055
:10A4600054130600B02D0500701306002DE9F04FBF
:10A4700083B080460F4691469A460025AB461DE0C4
:10A48000304C882322463049304808F0C1F9304921
:10A49000304808F0BDF98821204612F0F6FCBAF1E8
:10A4A000000F02D199F8003083BB2948FFF726F945
:10A4B00098B386F31188BFF36F8F0135BD423DDA43
:10A4C000EFF31186202383F31288BFF36F8F2048A8
:10A4D000FFF704F90028D3D01D48FFF729F905EB51
:10A4E000850408EB840401A92046FFF763FE0028D9
:10A4F000D5D00021A160E368C3F3863201980243FE
:10A5000062F39433E36089F80010CEE749462046B1
:10A51000FFF79CFE0BF1010BC7E70A4C40F2311329
:10A5200022460D49094808F073F909490B4808F01B
:10A530006FF940F23111204612F0A7FC584603B0E3
:10A54000BDE8F08F7C5D0500DC5D05006C2B05002F
:10A5500094800020F45D0500AC5D0500C45D05003D
:10A5600070B5064614464D1E00293DD005EB85000A
:10A5700006EB8000FFF7F8FE1C48FFF7BFF898B124
:10A5800084F31188BFF36F8FEFF31184202383F3DB
:10A590001288BFF36F8F1548FFF7A0F8A8B11348D2
:10A5A000FFF7C6F82946DEE7114C40F23113224688
:10A5B0001049114808F02CF90C49104808F028F906
:10A5C00040F23111204612F060FC094C88232246EB
:10A5D0000B49094808F01CF904490A4808F018F921
:10A5E0008821204612F051FC70BD00BF94800020ED
:10A5F0007C5D0500AC5D05006C2B0500C45D0500AD
:10A60000DC5D0500F45D050038B50D46806815F089
:10A61000E6FB30B10446437B13F0020F11D100205A
:10A6200038BD154C40F20D1322461449144808F069
:10A63000EFF8144808F0ECF840F20D11204612F043
:10A6400024FC15F0E3FA082D0AD00023C4F8C0302A
:10A65000637B13F01F0F08D1A36923B1002305E02A
:10A660006FF00303F2E7012300E00023002BD6D0B4
:10A670002046FDF73FFFD2E7581206008813060078
:10A680006C2B0500A013060010B5D2B996463F29E1
:10A6900025D8002B31D00022826090F80DC061F3E4
:10A6A000050C80F80DC0C16862F39431C160817BF4
:10A6B0006EF345118173C18962F38F11C18103610A
:10A6C00010BD154C2E2322461449154808F0A0F859
:10A6D000144808F09DF82E21204612F0D6FB0E4CAF
:10A6E0003023224610490E4808F092F80F4808F02F
:10A6F0008FF83021204612F0C8FB074C3123224648
:10A700000B49074808F084F80A4808F081F831211D
:10A71000204612F0BAFB00BF58120600C013060014
:10A720006C2B0500E0130600081406002C1406002C
:10A730003C140600501406002DE9F04782B01E4676
:10A740007C4B9C68012384F8703084F87130EFF3FF
:10A750000583002B37D10546174604F17002002807
:10A7600041D000294FDB56EA07030CBF0123002329
:10A77000FFF77CFE8046EFF31189202383F31288D4
:10A78000BFF36F8F6C48FEF7A9FF00284BD06A48D3
:10A79000FEF7CEFF94F87030002B53D0002384F8DE
:10A7A000703056EA07037ED16348FEF7A7FF002802
:10A7B00068D089F31188BFF36F8F6FF00A042046C9
:10A7C00002B0BDE8F0875D4C4FF4957322465C49BA
:10A7D0005C4808F01DF85C4808F01AF84FF49571D1
:10A7E000204612F052FB554C40F22B13224657499B
:10A7F000544808F00DF8564808F00AF840F22B11BA
:10A80000204612F042FB4D4C4FF4967322465149BC
:10A810004C4807F0FDFF504807F0FAFF4FF49671DF
:10A82000204612F032FB4D4C882322464C494548C5
:10A8300007F0EEFF40494B4807F0EAFF8821204629
:10A8400012F023FB4A4641462846FFF789FE3A4864
:10A85000FEF754FF28B189F31188BFF36F8F0024EE
:10A86000ADE73E4C40F2311322463F49354807F0F0
:10A87000CFFF31493D4807F0CBFF40F23111204670
:10A8800012F003FB354C40F23113224636492D4875
:10A8900007F0BEFF2849354807F0BAFF40F23111F2
:10A8A000204612F0F2FADFF890A000970196304AA5
:10A8B00049465046FDF722FF0446EFF31186202358
:10A8C00083F31288BFF36F8F5046FEF707FF88B1FE
:10A8D000194F3846FEF72CFF324641462846FFF70F
:10A8E0003FFE3846FEF70AFF98B186F31188BFF3A2
:10A8F0006F8F64E7194C882322461949114807F0E5
:10A9000087FF5146174807F083FF8821204612F041
:10A91000BCFA124C40F2311322461349094807F0A1
:10A9200077FF3946114807F073FF40F23111204696
:10A9300012F0ABFA10530020948000205812060049
:10A94000A80A06006C2B0500909005006C14060008
:10A950008414060094140600A41406007C5D05000F
:10A96000DC5D0500F45D0500AC5D0500C45D05001F
:10A97000982C002070B504460D46EFF31186202375
:10A9800083F31288BFF36F8F1E48FEF7A7FEC0B196
:10A990001C48FEF7CDFE2068844209D04268036857
:10A9A00013605A60002303604360294615F07DFA66
:10A9B0001448FEF7A3FE98B186F31188BFF36F8F9A
:10A9C00070BD114C882322461049114807F020FF22
:10A9D0000C49104807F01CFF8821204612F055FA58
:10A9E000094C40F2311322460B49094807F010FF89
:10A9F00004490A4807F00CFF40F23111204612F0DA
:10AA000044FA00BF948000207C5D0500DC5D0500F9
:10AA10006C2B0500F45D0500AC5D0500C45D050010
:10AA200070B504460D46EFF31186202383F3128898
:10AA3000BFF36F8F2348FEF751FEC8B12148FEF7E0
:10AA400077FEE5600123A360206884421FD042683E
:10AA5000036813605A60002303604360012115F00E
:10AA600024FA044631461748FDF7E2FF204670BD40
:10AA7000154C882322461549154807F0C9FE11498F
:10AA8000144807F0C5FE8821204612F0FEF90D4853
:10AA9000FEF734FE28B186F31188BFF36F8F0024D0
:10AAA000E4E7094C40F2311322460B49084807F00D
:10AAB000AFFE0449094807F0ABFE40F231112046D1
:10AAC00012F0E3F9948000207C5D0500DC5D050058
:10AAD0006C2B0500F45D0500AC5D0500C45D050050
:10AAE00008B515F02CFA014B986108BD10530020F1
:10AAF00038B5EFF31185202383F31288BFF36F8FEE
:10AB00002348FEF7EBFD88B12148FEF711FE214BEB
:10AB10009C69D4B91F4B00229A611D48FEF7EEFDD7
:10AB200020B385F31188BFF36F8F38BD1A4C88238B
:10AB300022461A491A4807F06BFE1549194807F0D2
:10AB400067FE8821204612F0A0F915F0F8F9041BE1
:10AB5000104B986890F8383023B921460D4815F00D
:10AB6000D3F9D7E7214615F0E2F9F6E70A4C40F2AF
:10AB7000311322460C490A4807F04AFE04490B48A3
:10AB800007F046FE40F23111204612F07EF900BF78
:10AB900098800020105300207C5D0500DC5D0500DE
:10ABA0006C2B0500F45D0500AC5D0500C45D05007F
:10ABB0002DE9F84305460C46EFF31186202383F375
:10ABC0001288BFF36F8F3048FEF788FD18B32E4808
:10ABD000FEF7AEFD2D4B03EB45129A422AD02B49CE
:10ABE000CA6913685268A360E26001EB4511C86846
:10ABF000016B406B216160615B1842EB00022360D6
:10AC000062602148FEF77AFD60B386F31188BFF3D6
:10AC10006F8FBDE8F8831E4C882322461D491E48CD
:10AC200007F0F6FD18491D4807F0F2FD882120467F
:10AC300012F02BF915F083F90746144B9A69A0EB33
:10AC40000208986890F8383043B9DFF840904146E0
:10AC5000484615F059F9C9F81870C0E7414615F093
:10AC600066F9F2E70A4C40F2311322460C490A48D1
:10AC700007F0CEFD04490B4807F0CAFD40F2311140
:10AC8000204612F002F900BF9880002010530020E7
:10AC90007C5D0500DC5D05006C2B0500F45D0500A6
:10ACA000AC5D0500C45D05002DE9F84305460C4682
:10ACB000EFF31186202383F31288BFF36F8F2B48A5
:10ACC000FEF70CFDD0B12948FEF732FD284B9B68FA
:10ACD000AB4222D0D5E90C23C4E90023C4E9022306
:10ACE00000220023C4E904232048FEF707FD60B3D7
:10ACF00086F31188BFF36F8FBDE8F8831D4C88235E
:10AD000022461D491D4807F083FD18491C4807F0DD
:10AD10007FFD8821204612F0B8F815F010F907469B
:10AD2000134B9B69A0EB030895F8383043B9DFF863
:10AD300040904146484615F0E7F8C9F81870C9E751
:10AD40004146284615F0F3F8F1E70A4C40F231137A
:10AD500022460C49094807F05BFD04490A4807F000
:10AD600057FD40F23111204612F08FF898800020F4
:10AD7000105300207C5D0500DC5D05006C2B050098
:10AD8000F45D0500AC5D0500C45D050070B582B0E2
:10AD900006460C460023043214D22BBB00200021AF
:10ADA000CDE9000144F004013046FAF721FF0546E1
:10ADB00028B145F8046B14B1631E1D4204D1284626
:10ADC00002B070BD0123E8E7084E2523324608494A
:10ADD000084807F01DFD22462946074807F018FDE0
:10ADE0002521304612F051F80025E8E7B41406009A
:10ADF000D81406006C2B05000C15060010B50328AE
:10AE00000BD90A4610F0030F07D1431E034212D19B
:10AE100001461048FFF7BAFF10BD0F4C43232246EE
:10AE20000E490F4807F0F4FC0E4807F0F1FC4321EF
:10AE3000204612F02AF8084C472322460A490848BF
:10AE400007F0E6FC094807F0E3FC4721204612F032
:10AE50001CF800BF30310020B41406003415060081
:10AE60006C2B050074150600B8590500D45905006F
:10AE7000014BC0F8B83070473031002038B5044677
:10AE80000D4614F0E8FD48B9054B9B68D3F8B800AF
:10AE900018B12A462146FFF779FF38BD0148F8E787
:10AEA00010530020303100200268124B9A4215D115
:10AEB000C269A3F11023A3F1EF139A4210D1836862
:10AEC000012B0FD8C36813B1026993420CD04369B8
:10AED00063B1826993420BD0002070470120704714
:10AEE0000120704701207047012070470020704703
:10AEF0000120704755AA00FF70B5114B9D68B5B190
:10AF00002846FFF7D1FF064698B9EB6813B1012632
:10AF1000304670BD2C69002CFAD02046FFF7C4FFE4
:10AF200048B9E368AB4208D125462469F3E7012616
:10AF3000EEE70126ECE70126EAE70126E8E700BF95
:10AF40009C800020002800F08F8038B50446474BD5
:10AF50001B68002B78D0454A9268002A74D083423F
:10AF600056D8424A52681344834251D9A0F1200571
:10AF70002846FFF799FF00284DD154F8183C012BC3
:10AF80004CD1002344F8183C54F8143CCBB19A68D7
:10AF9000002A46D15A6854F81C1C0A4420325A60D0
:10AFA00054F8143C54F8102C1A6154F8144C2369CA
:10AFB00003B1DC6020220021284616F04BFB2B4613
:10AFC00025462869002839D08268002A36D16B6866
:10AFD0004268134420336B6003692B616B6913B3C0
:10AFE0002BB3AA699A61AB690BB16A695A6143696B
:10AFF0006B618269AA61F3B19D61AB6903B15D6167
:10B000002B6903B1DD602022002116F023FB16E03E
:10B01000012004F02BF9012004F028F9012004F0AC
:10B0200025F90023CDE7AA69002AD9D1DFE7AA696B
:10B030000E4BDA60D7E70D4BDD60DEE72BB10B4B33
:10B040001B6913F0020F08D138BD084BDB68AB61F8
:10B0500003B15D61054BDD60F1E7FFF74DFF0028AF
:10B06000F2D0012004F002F9704700BF9C8000205C
:10B0700010B50446064B1B680648984700B110BD42
:10B080002046FFF75FFF044B1B6802489847F6E72E
:10B09000B02C0020B0800020AC2C002070B54A4BB2
:10B0A000DC681D68002D00F089809D68002D00F08F
:10B0B000858001FB00F600287BD000297BD0B6FB01
:10B0C000F0F0884279D116F1040F79D816F0030F09
:10B0D0002DD026F00302043200E0A46914B16368A5
:10B0E0009342FAD3002C6DD0A36813BB6168891A10
:10B0F000232928D80123A3606369EBB1A2699A616F
:10B10000A3690BB162695A6100236361A3612E4B8D
:10B110001B6913F0010F02D0FFF7EEFE80B904F1B6
:10B12000200532460021284616F094FA46E03246C1
:10B13000D4E7012004F09AF8A269234BDA60DFE734
:10B14000012004F093F802F12000231820395960FF
:10B1500000219960DC60216919611C4D25501C4853
:10B16000D86101B1CB6061695961A0699861D1B1C1
:10B170008B61996901B14B610121A160626023611A
:10B1800000236361A361104B1B6913F0010F02D010
:10B19000FFF7B2FE50B904F12005324600212846DF
:10B1A00016F058FA0AE00849CB60E2E7012004F003
:10B1B0005DF8002502E0002500E00025284670BD6E
:10B1C0000025FBE72546F9E79C80002055AA00FFF3
:10B1D000669911EE38B504460D460A4B1B680A48BD
:10B1E000984758B929462046FFF758FF0446074BB1
:10B1F0001B680548984718B9204638BD0024FBE76E
:10B200000024F9E7B02C0020B0800020AC2C0020F6
:10B2100038B505460C46184800220260426082603C
:10B22000C260026142618261144A12681430904720
:10B230001349144800F03AF8232C1CD915F00303E5
:10B2400004D01C44043CC3F104031D4422460021E5
:10B25000284616F0FFF9084B1D605C609D60203C9D
:10B260006C609A68084911609A68A1F11021A1F1F7
:10B27000EF11D161DA6038BD9C800020B42C002031
:10B2800071B00300D5B1030055AA00FF08B5024B09
:10B290001B68984708BD00BFA42C002008B5024BCE
:10B2A0001B68984708BD00BFA02C0020024B186007
:10B2B000024B196000207047A42C0020A02C002015
:10B2C00039B110B504460A46024B1B680021984765
:10B2D00010BD7047A82C002070B5104D104C23688D
:10B2E000284698470F4B5E780F4B1B6828469847B7
:10B2F00023680E489847022E07D00024E4B20A4B78
:10B300001B680A489847204670BD064B1B78072BE0
:10B3100001D00024F2E70124F0E700BFC427002099
:10B32000B02C0020B8800020AC2C0020CC270020BE
:10B33000114B0340B3F1607F0FD0B3F1707F14D194
:10B3400001F4E043B3F5005F12D1C1F30221012300
:10B350008B40012B06D900207047B1F5885FECD1F6
:10B36000002070476FF0860070476FF086007047CE
:10B370006FF08600704700BF0000C07F8A4200F077
:10B380008A812DE9F04106460C46154622F0FF035E
:10B39000B64A934214D002F58052934210D0A2F5DF
:10B3A000885293420CD025F4FF7222F00102B2F1D0
:10B3B000062F05D0AE498B4202D0AE4B9A4221D126
:10B3C00024F0FF03A94A934214D002F5805293421D
:10B3D00010D0A2F5885293420CD024F4FF7222F0D0
:10B3E0000102B2F1062F05D0A1498B4202D0A14B38
:10B3F0009A4207D114F0FF0304D043F000739E4A31
:10B4000093420ED004F0FE47B7F1A06F10D0B7F111
:10B41000407F23D0B7F1106F00F01C810020BDE801
:10B42000F08185EA0400FF288CBF00200120F6E7A8
:10B4300005F0FE43B3F1A06FE9D185EA040333F4CC
:10B440007E13E4D114F4004FE1D0C4F30540C5F3FA
:10B450000545A8428CBF00200120E0E705F0FE432F
:10B46000B3F1407FD6D185EA040333F47E18D1D1FD
:10B4700031462046FFF75CFF002840F00E8115F4AE
:10B480007C101ED0C5F305407C4B2B40B3F1607F90
:10B4900076D0B3F1707F00F0C680C4F3054314F496
:10B4A0007C1F00F0D28015F47C1F02D1434500F0D0
:10B4B000F68014F4004FADD083428CBF00200120F1
:10B4C000ADE76E4B2B40B3F1607F0CD0B3F1707FD2
:10B4D000DAD106F4E043B3F5005FD5D1C6F3022319
:10B4E00001209840D0E7EBB243F00073644A9342E6
:10B4F00042D003F17E43043B112BC5D801A252F880
:10B5000023F000BF7DB503007DB5030089B40300BF
:10B5100089B403004DB5030051B5030055B50300D0
:10B5200059B503005DB5030061B5030089B403009C
:10B5300089B4030065B5030069B503006DB5030068
:10B5400071B5030089B4030075B503001C209BE7A7
:10B55000202099E7302097E7402095E71C2093E7CB
:10B56000202091E71C208FE720208DE730208BE7FB
:10B57000402089E7402087E7102085E7142083E7F3
:10B58000EBB243F000733E4A934258D003F17E433E
:10B59000043B112B81D801A252F823F045B60300D9
:10B5A00045B603009BB403009BB40300E5B503005C
:10B5B000EBB50300F1B50300F7B50300FDB50300DB
:10B5C00003B603009BB403009BB4030009B6030059
:10B5D0000FB6030015B603001BB603009BB40300AF
:10B5E00021B603004FF01C0857E74FF0200854E73E
:10B5F0004FF0300851E74FF040084EE74FF01C087D
:10B600004BE74FF0200848E74FF01C0845E74FF0A4
:10B61000200842E74FF030083FE74FF040083CE792
:10B620004FF0400839E706F4E043B3F5005F7FF4DC
:10B6300034AFC6F30226012303FA06F82DE74FF0D4
:10B6400010082AE74FF0140827E7404514BF0020F0
:10B650000120E4E624F01F6323F470230BBB05F004
:10B66000FE43B3F1106F0DD00020D8E600030006B2
:10B670000009000600040006FF0000020000C07F71
:10B68000030000020848284040F01060A04214BFA8
:10B6900000200120C3E6012070470020BFE6012002
:10B6A000BDE60020BBE600BF0000FFF6F8B5002AAB
:10B6B00064D006460D46144622F0FF03354A9342F5
:10B6C00033D002F5805293422FD0A2F58852934294
:10B6D0002BD024F4FF7222F00102B2F1062F24D005
:10B6E0002D498B4221D0A1F5A0618A421DD004F0E2
:10B6F000FE43B3F1407F3BD0B3F1A06F3BD0274B6B
:10B700009C4214BF00230123002B3AD122467168CA
:10B710002846FFF733FE0746B0BB2246B1682846ED
:10B72000FFF72CFE90B33846F8BD14F0FF02DED0D0
:10B7300018498B4214D001F580518B4210D0A1F5ED
:10B7400088518B420CD024F4FF7121F00101B1F13A
:10B75000062F05D01048834202D0114B9942D5D113
:10B7600042F000720D4B9A42D0D16FF08607DAE7B3
:10B77000C4F3C033C8E7C4F3C033C5E76FF086072E
:10B78000D1E76FF08607CEE70027CCE76FF084079C
:10B79000C9E700BF0003000600090006FF00000221
:10B7A0000004000670B504461546104B1B6810488F
:10B7B0009847B8B9064663692B60237F012B09D1EE
:10B7C000022323770B4B1B680948984700B136B119
:10B7D000304670BD00232B606FF09606F2E76FF0E5
:10B7E0008F06F5E76FF08F06F2E700BFB02C002060
:10B7F000D4270020AC2C0020C268038840887AB38C
:10B8000080B303F44F42B2F5824F01D0002070475D
:10B81000DBB2222B06D00DDC122B09D140F209231A
:10B82000984216D00730B1EBD00F1FD300207047DD
:10B8300000207047422B17DC272B08DB273B0D4AE3
:10B8400022FA03F313F0010FECD10020704700201F
:10B850007047402901D9002070476FF0860070477B
:10B860000020704700207047002070476FF086006E
:10B87000704700BF0102000C70B50D8800F0FE4358
:10B88000B3F1407F40F0A780044616462946FFF7F3
:10B890004FFDC0B914F47C1F16D0C4F305433370B8
:10B8A000032B40F29B801946514A2240B2F1607F3F
:10B8B00053D0B2F1707F7ED00022914200F291808D
:10B8C000202B00F2918070BD494B2340B3F1607F83
:10B8D00004D0B3F1707F2FD00023E0E7E3B243F050
:10B8E0000073444A934234D003F17E43043B112B4E
:10B8F0000AD8DFE803F0303009090B0D0F111315DA
:10B90000090917191B1D091F0023C8E71C23C6E7D7
:10B910002023C4E73023C2E74023C0E71C23BEE74F
:10B920002023BCE71C23BAE72023B8E73023B6E77F
:10B930004023B4E74023B2E705F4E043B3F5005FEA
:10B9400001D00023ABE7C5F3022201239340DBB211
:10B95000A5E71023A3E71423A1E7E4B244F00074A1
:10B96000244A944233D004F17E44043C112C0AD87A
:10B97000DFE804F02F2F09090B0D0F11131509092A
:10B9800017191B1D091F002297E71C2295E720228B
:10B9900093E7302291E740228FE71C228DE7202297
:10B9A0008BE71C2289E7202287E7302285E74022A7
:10B9B00083E7402281E705F4E042B2F5005F01D061
:10B9C00000227AE7C5F302250122AA4075E710227A
:10B9D00073E7142271E76FF0860074E76FF085005B
:10B9E00071E76FF086006EE76FF085006BE700BFD0
:10B9F0000000C07F03000002F0B583B00C4616467D
:10BA0000194600230B60204614F01AFC054688B93D
:10BA10002779164B1B681648984718BB6FB901A8C1
:10BA2000314600F0E3FA0546124B1B681048984770
:10BA300040B125B1284603B0F0BD0020F0E76FF01B
:10BA40008F05F7E7002DF5D13668B4460FCCACE88A
:10BA50000F0094E807008CE80700002FEAD1019B53
:10BA60007361E7E76FF08F05E4E700BFB02C0020BB
:10BA7000D4270020AC2C002070B138B50546074C07
:10BA8000074B1B6820469847284614F0E2FC054BFC
:10BA90001B682046984738BD704700BFD427002058
:10BAA000B02C0020AC2C002030B583B018B9002495
:10BAB000204603B030BD01A900F0EAFA0446002890
:10BAC000F6D11E4B1B681E489847054600282DD10D
:10BAD0000198037F032B17D0022B29D1032303776F
:10BAE0000379FF2B27D0019815F01EF8044600B902
:10BAF0002C46144B1B68124898470028D8D0002CBD
:10BB0000D6D16FF08F04D3E715F00EF804460D4B35
:10BB10001B680B48984720B1002CC9D16FF08F04E7
:10BB2000C6E7002CC4D16FF08704C1E72546DAE7E9
:10BB30006FF09605D7E76FF08405D4E7B02C0020AE
:10BB4000D4270020AC2C002038B504460D46FFF762
:10BB5000C3FB28B12A462146034815F03DF938BDFC
:10BB60006FF08800FBE700BFBC8000202DE9F043A8
:10BB70008FB01F46DDF8608000230D9301F0FE4377
:10BB8000B3F1806F17D04FF000096FF086050D9864
:10BB900000F0B4FA0446002D40F08B80002840F0FD
:10BBA0008780B9F1000F7DD1D8F800304B44C8F838
:10BBB0000030254680E00C4616460B464FF4807256
:10BBC0000DA914F0FFFA0546002868D10D9B1B88CB
:10BBD00003F4E042B2F5005F11D042F20402934256
:10BBE00032D0374B9C4235D04FF00009B9F1000FED
:10BBF0003AD0179B994530D96FF08905C7E7C3F351
:10BC000002224FF0010909FA02F9B9F1010FE4D952
:10BC10002C4A944212D002F5807294420ED002F562
:10BC2000807294420AD0284A944207D0A2F53F423B
:10BC3000944203D002F580729442CED1B9F1100F34
:10BC4000D4D96FF08305A2E7204B9C42C9D14FF0B5
:10BC50000C09CBE74FF00D09C8E7494609A8FFF7E3
:10BC600073FF0546002892D10D98416A826A169B9F
:10BC70009BB103EB0905CDF81880179BA3EB0903D3
:10BC80000593049503970296CDF8049009AB0093B1
:10BC9000234614F0F4FF054679E7169DEBE74FF0D5
:10BCA000000974E74A4609A9169815F0ACFC7BE731
:10BCB00005460023C8F8003028460FB0BDE8F083E1
:10BCC0000013C0040010C00400FF40040001800401
:10BCD00010B5244B1B6824489847244B1B7813F05D
:10BCE000040F03D023F00403204A13701F4B1B786A
:10BCF00013F0020F22D11E4B1B681B489847194BAB
:10BD00001B681C489847194B5B78FBB9174C0023FC
:10BD1000637004216018FFF7D3FA154B1B681548B0
:10BD20009847104B1B6810489847237813F0010F71
:10BD300010D10F4B1B680C48984710BD00F03AF922
:10BD40000A4A137823F002031370D4E70A4815F067
:10BD500056F8DBE714F012FF237823F00103237079
:10BD6000E7E700BFB02C0020CC270020B8800020DF
:10BD7000AC2C0020C4270020BC80002038B5FFF781
:10BD8000ABFA002840F09E804F4B1B684F48984705
:10BD90000446002840F081804D4B1B7813F0010FC2
:10BDA00009D04C4B1B684948984768B1002C76D1A4
:10BDB0006FF08F0473E014F0DFFE0446444A1378FA
:10BDC00043F001031370ECE7002C68D13E4B1B6875
:10BDD0003E489847002866D13D4B1B7813F0020F70
:10BDE00009D03C4B1B683948984768B1002C56D1A4
:10BDF0006FF08F0453E000F0D5F80446344A13780E
:10BE000043F002031370ECE7002C48D12E4B1B6863
:10BE10002E489847002849D12D4B1B7803F0010587
:10BE20002C4B1B6829489847002842D1264B1B6899
:10BE30002948984700283FD1254B5B7803B945B97D
:10BE4000244B1B682448984760B144BB6FF08F04B3
:10BE500025E0224D284614F0BDFF0446022305F8D4
:10BE6000033CEDE7DCB9184B1B681848984730BB1A
:10BE7000174B1B7813F0040F04D143F0040314494B
:10BE80000B700446134B1B681048984718B134B91F
:10BE90006FF08F0403E024B101E06FF08F04FFF72F
:10BEA00017FF204638BD6FF08F04F8E76FF08F045E
:10BEB000F5E76FF08F04F2E76FF08F04EFE76FF0B4
:10BEC0008F04ECE70024ECE7B02C0020CC27002006
:10BED000B8800020AC2C0020C4270020BC800020AB
:10BEE00038B5074C074B1B6820469847064B93F81C
:10BEF0008055064B1B6820469847284638BD00BF32
:10BF0000CC270020B02C0020C0800020AC2C0020CA
:10BF100038B504460D4600F140421F2A0CD82C21AA
:10BF20001F4B01FB0233197F02292AD15A69824231
:10BF30001BD06FF08B0023E0012114F0E0FD18B35B
:10BF400000231A4600E001321F2A0CD84FF02C0CB7
:10BF5000134B0CFB023393F81CC0BCF1020FF2D15F
:10BF60005969A142EFD11F2A11D81A7F022A11D193
:10BF70001A6AB2F1FF3F10D001321A622B60002022
:10BF800038BD6FF08B00FBE76FF08700F8E76FF0CC
:10BF90008B00F5E76FF09600F2E76FF09600EFE7A1
:10BFA000C0800020024B012283F8802500207047CA
:10BFB000C080002038B500259DB10B4B002283F8CE
:10BFC000802538BD2C23084803FB040001230362AD
:10BFD0000323037714F03DFA01341F2CF2D9013505
:10BFE000EAE72C46F9E700BFC0800020F8B5074615
:10BFF0000E46FFF775FF00283ED000252A4600E0D8
:10C0000001321F2A11D82C241F4B04FB02331C7F42
:10C0100064B1002DF4D1022CF2D1196A0029EFD1BC
:10C0200019790029ECD01D46EAE7002383B11A7F75
:10C030003ABB01221A7747B1134A9A1A9210134950
:10C0400001FB02F202F180423A6033600020F8BD49
:10C050006DB12B7F022B05D12B6AB3F1FF3F01D0CD
:10C0600001332B62284614F0F4F938B92B46002B23
:10C07000DDD16FF08C0001E06FF0880000233360A9
:10C08000E5E76FF09600F9E7C0800020A38B2EBA99
:10C0900038B504460D4600230B60FFF721FF00B3BF
:10C0A000134B1B6813489847F0B929462046FFF701
:10C0B0002FFF044610F18C0F0AD00F4B1B680D4860
:10C0C000984700B10CB1204638BD6FF08F04FAE7F5
:10C0D00000232B60084B1B68064898476FF08704C5
:10C0E000F1E76FF08804EEE76FF08F04EBE700BF35
:10C0F000B02C0020D4270020AC2C002010B5044622
:10C100000B4B1B680B48984770B9204614F00CFD88
:10C110000446094B1B680748984700B10CB12046FC
:10C1200010BD6FF08F04FAE76FF08F04F7E700BFE0
:10C13000B02C0020D4270020AC2C0020074B9942C3
:10C1400009D010B50446083000F092FA00B110BDD5
:10C150001C232360FBE76FF0850070470500000299
:10C1600030B587B044685FFA83FC4CF0007C0C4D1E
:10C17000AC450FD0240A84B90E9C04940D9C039402
:10C180000C9C02940B9C01940A9C009400F084F98E
:10C1900007B030BD6FF08500FAE76FF08600F7E773
:10C1A00005000002F0B583B00446089E4868050A01
:10C1B000F0B240F000700A4FB8420BD06DB9009653
:10C1C00004F1080000F018F908B103B0F0BD1C2319
:10C1D0002360FAE76FF08500F7E76FF08600F4E779
:10C1E00005000002F0B583B00446089E4868050AC1
:10C1F000F0B240F000700A4FB8420BD06DB9009613
:10C2000004F1080014F0BAFF08B103B0F0BD1C231C
:10C210002360FAE76FF08500F7E76FF08600F4E738
:10C22000050000022DE9F04383B004460F46164690
:10C23000DDB245F000755B4B9D4233D005F17E4386
:10C24000043B112B0AD8DFE803F0414109090C0F28
:10C250001215181B09091E212427092A4FF000096D
:10C2600022E04FF01C091FE04FF020091CE04FF0C6
:10C27000300919E04FF0400916E04FF01C0913E0B7
:10C280004FF0200910E04FF01C090DE04FF020099D
:10C290000AE04FF0300907E04FF0400904E04FF0AA
:10C2A000400901E04FF010093E4B9D422CD005F1B2
:10C2B0007E43043B0F2B0CD8DFE803F034340B0B28
:10C2C00034340E1114170B0B1A1D20234FF01409D0
:10C2D000EAE74FF0000819E04FF0800816E04FF051
:10C2E000800813E04FF0800810E04FF080080DE068
:10C2F0004FF090080AE04FF0880807E04FF0680818
:10C3000004E04FF0480801E04FF04008B04520D26B
:10C3100029462046FFF712FF034630B1184603B006
:10C32000BDE8F0834FF04008F0E73246394620463A
:10C3300014F0F9FC03460028F0D104F5EA7701ABCC
:10C340004A463946204614F0F9FC03460028E5D158
:10C350004E4629462046FFF7F1FE03460028DDD170
:10C36000002307E017F803C08CF0360CE21882F8BF
:10C37000D4C101339E42F5D804E0E218362182F898
:10C38000D41101334345F8D3424604F5EA712046FF
:10C3900014F0C9FC03460028C0D1C4F8B05184F899
:10C3A0001482BBE70300000270B584B00446002588
:10C3B000C0F848510F4D009514F07CFC054628B19B
:10C3C000204614F09DFC284604B070BD04F59C7610
:10C3D00003AB019310220092334604F5947120467A
:10C3E00014F07DFC05460028EAD1304614F057FDD4
:10C3F000E9E700BF004440042DE9F04104469046BF
:10C400001D46069E214B3340B3F1607F15D00F4689
:10C4100026F47E161E4B9E422ED10B88B3F5105F7C
:10C420002DD1A5F11002102A2CD81A4BD34013F0AD
:10C43000010F11D16FF086001CE04FF4067200214D
:10C4400015F008F9012384F8183233462A4641468C
:10C450002046FFF7E7FE0DE04FF4A672002115F02D
:10C46000F9F8022384F818322B4642463946204612
:10C47000FFF79AFFBDE8F0816FF08500FAE76FF0F3
:10C480008500F7E76FF08600F4E700BF0000C07F8B
:10C490000002C0030101010010B584B00C46114632
:10C4A0001A461F4B1340B3F1607F14D022F47E1C58
:10C4B0001C4B9C452BD10388B3F5105F2AD1A1F109
:10C4C0001002102A29D8184BD34013F0010F0FD1B6
:10C4D0006FF0860019E00A9B0393099B0293089B67
:10C4E0000193079B0093069B204614F01BFE0CE073
:10C4F0000A9B0393099B0293089B0193079B00935C
:10C50000069B0A46214614F087FD04B010BD6FF06B
:10C510008500FAE76FF08500F7E76FF08600F4E733
:10C520000000C07F0002C0030101010070B582B0AD
:10C530000446084611461A46069D9DF81C6003886D
:10C54000B3F5105F1BD1A2F1100010281AD8104BC0
:10C55000C34013F0010F02D16FF086000DE00D4BC8
:10C560009D4212D1730000930023204604F022F86C
:10C5700084F81C61C4F81851002002B070BD6FF03F
:10C580008500FAE76FF08600F7E76FF08500F4E7C3
:10C5900001010100004440042DE9F0410446D0F8B7
:10C5A00018610F48864215D10F4615469846114628
:10C5B000204604F01FF80646069B98420DD82B46ED
:10C5C0003A464146204604F023F8079B1E600020AF
:10C5D000BDE8F0816FF08500FAE76FF08900F7E7BA
:10C5E0000044400430B5C9B04F9D0088B0F5105FDD
:10C5F00027D1A2F11004102C26D81B48E04010F0DF
:10C60000010F02D16FF0860019E0184883421ED155
:10C610004D9BFBB915F00F0F1FD1519B9D421FD8A9
:10C62000529B1D6000240094234603A803F0C2FF20
:10C630002B464E9A509903A803F0EAFF204649B0D2
:10C6400030BD6FF08500FAE76FF08600F7E76FF016
:10C650008500F4E76FF08600F1E76FF08600EEE703
:10C660006FF08900EBE700BF0101010000444004C6
:10C6700038B505460C46094B994205D0013399421D
:10C6800008D06FF0850004E004F0A0FBC5F8A041DD
:10C69000002038BD04F0CAF9F8E700BF0800000226
:10C6A00010B5D0F8A031084CA34205D00134A34204
:10C6B00006D06FF0850010BD04F0B2FB0020FAE751
:10C6C00004F0DEF90020F6E70800000270B5044629
:10C6D0001E46D0F8A001134DA84205D00135A8424E
:10C6E00011D06FF085000DE01B2A14D9204604F00C
:10C6F0005FFC1C2333604FF4D4720021204614F0F9
:10C70000A9FF002070BD1F2A08D9204604F08EFA28
:10C7100020233360EFE76FF08900F3E76FF08900C3
:10C72000F0E700BF0800000238B5049CB0F802C072
:10C730001D4DAB421FD10CF10703B2EBD30F1DD13E
:10C74000079B9A421DD8089B1A60008847F2121373
:10C75000984219D153000133059A934217D1237897
:10C76000042B17D1BCF5807F17D1621C069804F00A
:10C770007FF8A8B938BD6FF08500FBE76FF0860041
:10C78000F8E76FF08900F5E76FF08500F2E76FF0EA
:10C790008600EFE76FF08600ECE76FF08500E9E7D1
:10C7A0006FF08600E6E700BF00000209014B1B683E
:10C7B000184700BFD42C0020014B9B68184700BFCE
:10C7C000D42C0020014BDB68184700BFD42C00207C
:10C7D00010B50C4C236813B10B4B1B682BB900F040
:10C7E0005DFE30B90122084B1A600123236000204E
:10C7F00010BD0138072801D9044810BD044B53F877
:10C80000200010BD4886002044860020FE8FFFFFD8
:10C81000A4150600BFF34F8F0549064BCA6802F402
:10C82000E0621343CB60BFF34F8F00BFFDE700BF53
:10C8300000ED00E00400FA0530B44FF0FE320025B0
:10C840000B4B0C4C0C494968C3F80024C3F8042472
:10C85000C3F80824C3F80C24C3F81024C3F8142424
:10C86000C3F81824C3F81C24C4F8005530BC08478A
:10C870000050845000408450B82C0020024BD0E976
:10C880000012C3E900127047B82C0020144B2DE9A8
:10C89000F043002814BF04461C46124F236883B09F
:10C8A000BB4219D016460D4620464FF4E07104F104
:10C8B000040900F0EBF804F58E78484600F0CEFC51
:10C8C000404600F0F1FA2B464A464046064900969B
:10C8D00000F000FB08B92760002003B0BDE8F0833A
:10C8E0004C860020A5BCC95AE1D2030070B50D4C9E
:10C8F0001D46002814BF064626460B4B306882B002
:10C9000098420DD106F58E700026334600961446E7
:10C9100000F030FB002818BF34462C6002B070BD18
:10C920000248FBE74C860020A5BCC95AE88FFFFFF0
:10C9300010B5044650B1636813F0685F05D0064A2D
:10C94000934202D000236260236010BD034B044871
:10C950005B689847EFE700BF2C5F5CA9B82C00200C
:10C96000C4150600C8B143680D4A934213D013F0B2
:10C97000685F0ED0012350E8002F194640E8001CE4
:10C980009CF0000FF7D1012AF5D0BFF35F8F002094
:10C99000704704487047044870476FF4E0407047A0
:10C9A0002C5F5CA9E98FFFFFEA8FFFFF034680B190
:10C9B000426809498A420AD012F0685F05D0BFF385
:10C9C0005F8F002210461A60704704487047044881
:10C9D00070476FF4E04070472C5F5CA9E98FFFFF60
:10C9E000EA8FFFFF10B5044620B10023034A2360FD
:10C9F000626010BD0248FFF71FFFF6E73A00003AF9
:10CA0000EC1506002DE9F041174C47680668676091
:10CA10008768C068A760E06026600868134B144D03
:10CA200018604868D5F818215860886812F0685F67
:10CA30009860C8680969D860196112D000230D4A4E
:10CA400005F58A70C5F81431C5F8B831C5F8182154
:10CA5000C5F8BC21B047236805F5DC70BDE8F0419E
:10CA60001847BDE8F08100BFD42C0020C02C002066
:10CA70004C8600202C5F5CA938B131B10022014402
:10CA80000346013081421A70FAD1704738B131B192
:10CA9000002201440346013088421A70FAD17047DF
:10CAA0002DE9F04FB2F5C07FBDB000F2DA800C4640
:10CAB000DFF8B491154600214FF4D07282460DF193
:10CAC0007C08484614F0C6FD404601F049F9302381
:10CAD0002146002409F118062A4689F81730304605
:10CAE0006BBAA9F81230A9F8104014F08CFD80221E
:10CAF000234672550DF12B0101F8013F0133202B24
:10CB0000FAD14FF4807240460BA901F03FF98346F9
:10CB1000002840F0A38005F1190313AD2F4607AE9E
:10CB20000293CDF80CA001960495102200210198E3
:10CB300014F090FDDFF834A1DDF808B005970A9BEA
:10CB40005AF8044C089F099A07995AF8100C5AF899
:10CB50000C6C5AF8085C5C40019B7E40554081EAB1
:10CB600000071A4601214046CDE90776CDE9095470
:10CB700001F02EF9BBF1100F94BFABEB0B0BABF137
:10CB8000100B0AF1100A002847D1BBF1000FD6D1D3
:10CB9000059F10223846019914F035FD99F80330AD
:10CBA00010370133474589F80330BED1049D4FF457
:10CBB000807229464046DDF80CA0019E01F0E6F89F
:10CBC000834678BB54460AF130071BAB1A46012155
:10CBD000404601F0FDF8834620BB102220461BA9E9
:10CBE000144414F010FDA742EFD1404601F0C8F8FC
:10CBF0004FF4D0711C48FFF749FF28463021FFF75A
:10CC000045FF0BA82021FFF741FF30461021FFF719
:10CC10003DFF58463DB0BDE8F08F8346DDF80CA0DF
:10CC2000019E049D404601F0ABF84FF4D0710E48D0
:10CC3000FFF72CFF28463021FFF728FF20210BA803
:10CC4000FFF724FF10213046FFF720FF3021504628
:10CC5000FFF71CFF58463DB0BDE8F08F13AD07AE9F
:10CC6000E0E76FF0370BF5E71C8800202C880020E8
:10CC70002DE9F0418CB004460D4630220021684673
:10CC80006F4614F0E7FC04F12006E27B0132D2B2D9
:10CC9000E273002A4DD1A27B0132D2B2A273002AE4
:10CCA00047D1637B0133DBB26373002B41D1237B1C
:10CCB0000133DBB22373002B3BD1E37A0133DBB2C8
:10CCC000E372002B35D1A37A0133DBB2A372002BC0
:10CCD0002FD1637A0133DBB2637253BB237A013302
:10CCE000DBB223722BBBE3790133DBB2E37103BB0D
:10CCF000A3790133DBB2A371DBB963790133DBB212
:10CD00006371B3B923790133DBB223718BB9E37853
:10CD10000133DBB2E37063B9A3780133DBB2A370F4
:10CD20003BB963780133DBB2637013B92378013305
:10CD300023703B4622460121304601F049F88046E7
:10CD4000002841D110370CAB9F429ED1029AAB68AC
:10CD50000399534002933046EE68D5F820804E4048
:10CD6000039604992E69D5F828C04E4004966E6942
:10CD700005990B9F4E4005960699AE69009B4E4063
:10CD80000696EE6907994FF480724E400796089E0A
:10CD9000D5F824E088EA0608099E8EEA060E0A9E67
:10CDA0008CEA0601EE6A7E402F687B4000936B6838
:10CDB000019D6B400193CDE9088ECDE90A166946C5
:10CDC00000F0E4FF804638B168463021FFF75EFE90
:10CDD00040460CB0BDE8F0811022204608A914F0AE
:10CDE00012FCF1E72DE9F8431D468369B3F5C07FD6
:10CDF00052D81646C3F5C072AA424DD3C5F5C072CB
:10CE0000D31AB34248D30446DFF898904FF4C07267
:10CE10000F464846002114F01DFC4946D4F89430D2
:10CE2000A269D4F898009847002838D1D4F818801F
:10CE30003DB1D4E925302A4609EB0801984770BB7B
:10CE4000A84407B1C6B9174942460846FFF728FE6D
:10CE5000054638B14FF4C0711248FFF717FE284657
:10CE6000BDE8F88320460F49FFF702FF054600287A
:10CE7000F0D101232361EDE73946324609EB080082
:10CE800014F0C1FB0749B04442460846FFF708FECC
:10CE900005460028DED1E5E76FF03705DFE76FF0E4
:10CEA0003305DCE7BC89002010B5A422002104462C
:10CEB00014F0D0FB4FF0FF314FF6F072044B2161BC
:10CEC000E26104F19C001B68BDE81040184700BFF8
:10CED000B42C00202DE9F047054688B00F461646D1
:10CEE000002120226846984614F0B4FB1F4B05F140
:10CEF0009C0948461B689847044618B1204608B06C
:10CF0000BDE8F08705F1200A504600F029FFAA6924
:10CF1000C5E92576F2B920232E69AB61002E22DB0C
:10CF2000694650464FF4807200F030FF044630B935
:10CF3000334641462846109AFFF754FF04460C4BEF
:10CF400048461B689847002818BF0446204608B08A
:10CF5000BDE8F0872E69002EE2DA2F2A96BF013253
:10CF600026465608DCE71026DAE700BFB02C002082
:10CF7000AC2C00202DE9F04FB2F5806F91B01A9FD4
:10CF800000F2E380B7F5807F00F2DC8004461546AE
:10CF90000E463022002104A8984614F05BFB6C4B2F
:10CFA00004F19C0948461B6898478346002840F0D6
:10CFB00092802269E3699A4200F391806369002BB1
:10CFC00040F08D80002F40F0A980DFF888A16F46E7
:10CFD000002D00F098806F4604F120080EE0102D1F
:10CFE000AB4628BF4FF0100B304639465A4614F076
:10CFF0000AFBB5EB0B055E4400F08580E37B013353
:10D00000DBB2E373002B4DD1A37B0133DBB2A373FF
:10D01000002B47D1637B0133DBB26373002B41D11B
:10D02000237B0133DBB22373002B3BD1E37A013343
:10D03000DBB2E372002B35D1A37A0133DBB2A372EA
:10D04000002B2FD1637A0133DBB2637253BB237A97
:10D050000133DBB223722BBBE3790133DBB2E37123
:10D0600003BBA3790133DBB2A371DBB9637901336D
:10D07000DBB26371B3B923790133DBB223718BB9AE
:10D08000E3780133DBB2E37063B9A3780133DBB239
:10D09000A3703BB963780133DBB2637013B92378B3
:10D0A000013323703B4622460121404600F090FEAA
:10D0B0008346002893D0DAF8003048469847034664
:10D0C000302104A8002B18BF9B46FFF7DFFC10217E
:10D0D0003846FFF7DBFC584611B0BDE8F08F3A4602
:10D0E000414600232046FFF77DFEDFF868A00028B8
:10D0F0003FF46DAF4846DAF8003098478346002881
:10D100003FF465AFE7E7204604A9FFF7B1FD83468A
:10D110000028D0D1236901332361CCE73A46414648
:10D1200004A8FFF7BDFC834618B16F46DFF824A0C2
:10D13000C1E7204604A9FFF79BFD834600283FF482
:10D1400044AFF2E76FF0370BC5E76FF0350BC2E77E
:10D15000B02C0020AC2C00202DE9F043202B1D46E4
:10D160000646884691468BB026D8DBB202AF8DF8D2
:10D170000480B04658F8041B8DF8053021B94046AC
:10D1800000F068FE044640B90123022240463360A5
:10D1900001A900F073FE044638B138462021FFF79C
:10D1A00075FC20460BB0BDE8F0832A464946404650
:10D1B00000F064FE0446F0E702AF19461046002373
:10D1C0003A4600F0E1FF04460028E6D12023B946A4
:10D1D0001D46CCE72DE9F041D0F8F830A6B0002B81
:10D1E000D8BF02AE31DD05460027D0F80C4102AEB3
:10D1F000A4F101089022D5F8FC403146D0F8000196
:10D2000001AB0197B8FA88F8A0474FEA58180446CE
:10D2100020B9019B53B9B8F1000F16D030469021C8
:10D22000FFF734FC204626B0BDE8F08101463246C7
:10D230002846FFF791FF58B9D5F80431019A1344F5
:10D24000C5F80431B8F1000FE8D16FF03C04E5E710
:10D250000446204626B0BDE8F08100BF70B5002529
:10D260000446142204F588762946C0F8F850FC30AC
:10D2700014F0F0F908222946304614F0EBF9144B6B
:10D2800030461B689847204640F8045B00F0C8FD14
:10D29000104B30461B689847C8B9D4F8F830AB42F9
:10D2A0000FDC03EB830204EB82022021C2F80001B1
:10D2B0000120C2E9421008490133C2F8FC10C4F849
:10D2C000F830064B3046BDE870401B68184770BD0B
:10D2D000B42C0020B02C00205DDC0300AC2C00201E
:10D2E0002DE9F047202A88B07AD83F4B00F588799D
:10D2F00004461B6848461746884698470546F8B9CD
:10D3000040F20116D4F8F830002B65D02046FFF724
:10D3100061FF054638B9D4F8F830002B14DC013E23
:10D32000F2D16FF03B056E4620213046FFF7AEFB91
:10D330002E4B48461B689847002818BF6FF01D0504
:10D34000284608B0BDE8F087D4E94132934203D3C0
:10D35000D4F80C21012A02D0013ED7D1E1E71F2BDE
:10D36000FAD96E4601462022304604F1040A14F030
:10D3700071F93146504600F0ABFD05460028D3D187
:10D38000504600F061FD504600F04AFD29465046E7
:10D3900000F060FD05460028C6D1504620223146E7
:10D3A00000F06CFD05460028BED103463246202120
:10D3B000304600F0E9FE05460028B5D1D4F8F83033
:10D3C0003A46002BC8BF002340463146C8BFC4F8C8
:10D3D000043114F018F9A7E76FF03F056E46A3E794
:10D3E0006FF03B05ACE700BFB02C0020AC2C002058
:10D3F000002130B58DB0282202A8019114F02AF93D
:10D4000002A800F0E9FE044610B120460DB030BD80
:10D410001B4D4FF0FF31286800F036F960BB194B07
:10D42000D3F8340E10F0010017D100F05DF9F8B90F
:10D43000154A02A901A800F003FC0446012000F0EF
:10D4400053F988B9286800F027F90028DDD00F4883
:10D45000FFF7F2F920460DB030BD2868052400F032
:10D460001BF90028D1D0F2E70948FFF7E5F9E9E711
:10D470000848FFF7E1F9DBE70748FFF7DDF9CEE7FA
:10D48000082D0020006084503C8B002068160600A8
:10D4900048160600281606001016060030B583B0A0
:10D4A00000F036F878B900F055F890B9144BC3F88D
:10D4B0000C0AFFF79DFF0446F8B9124D2B6863B1C3
:10D4C000204603B030BD032400F072F8204603B0BC
:10D4D00030BD0424204603B030BD02460146FFF7AC
:10D4E000D5F950B96822084901ABFFF7FFF920B917
:10D4F0002046064B2B6003B030BD0524E0E700BF9B
:10D50000005084505C8D0020608D00205AEA5A5AE9
:10D5100000207047430504D54FF0FF32034BC3F89A
:10D520000821024BC3F8080A704700BF005084501E
:10D53000014BC3F8040A70470050845008B100F052
:10D5400073B84FF47500704708B100F04FB84FF44E
:10D550007500704710B5114800F082F800B110BD99
:10D560000F4800F07DF80028F9D10E4C204600F05D
:10D5700077F80028F3D10C4B0C481C6000F070F8D1
:10D5800001460028EBD100F02DF8044608B12046F2
:10D5900010BD00F08BF82046FAE700BF182D0020E0
:10D5A000142D0020102D0020082D00200C2D00200F
:10D5B00008B5084800F05EF8074800F05BF8074837
:10D5C00000F058F8064800F055F8BDE8084000F0B3
:10D5D0000BB800BF182D0020142D0020102D0020A6
:10D5E0000C2D002000207047704700BF10B4024689
:10D5F0000C4C01E0134207D1D4F8003A13F48070C8
:10D60000F8D0012042F4807229B1064BD3F80441CE
:10D610000C60C3F80841034BC3F8082A5DF8044BBB
:10D62000704700BF005084500246084901E01A428A
:10D6300007D1D1F8003A13F48070F8D0012042F4F9
:10D640008072024BC3F8082A704700BF0050845014
:10D6500013F0E6BF13F0FEBF0A46002113F0FABF35
:10D6600008B5034B02681B6810689847002008BD86
:10D67000D42C002008B5034B02685B6810689847FB
:10D68000002008BDD42C0020024B02689B68106863
:10D69000184700BFD42C002008B5034B0268DB6894
:10D6A00010689847002008BDD42C002070B5094CA4
:10D6B000094D2069AB68984718B1084B08485B686A
:10D6C00098470021074AEB6811602069BDE8704067
:10D6D000184700BFC02C0020D42C0020B82C0020FC
:10D6E00080160600C88D0020F8B51A4D1A4E044663
:10D6F000B26828699047E8B9184F3B684CB1A3B1AC
:10D70000012B19D0013B3B602869F3689847002042
:10D71000F8BD43B90121124AC2F800151149D1F8E8
:10D720001029002AFBD101333B60F3682869984730
:10D730000020F8BD0C48F8BD0A4AD2F81039002B79
:10D74000FBD1074A6FF07E40C2F80035FFF7F0FECC
:10D750003B68D7E7C02C0020D42C0020C88D0020C7
:10D760000040845000508450E98FFFFF2DE9F041C4
:10D77000002873D00C46002970D01D46002B6DD0B8
:10D7800007461AB1012200232A6003602B68002B90
:10D790005FD02946204600F0D9FD804600285AD1A6
:10D7A0002146286800F0B8FD8046002853D128683B
:10D7B000082867D0042867D0A0F10200B0FA80F0F2
:10D7C00040090121314EC6F8C411C6F84011C6F80F
:10D7D000C411636AC6F83031D6F830219342F6D1CD
:10D7E0000023C6F82C314FF0FF33C6F808316FF034
:10D7F0001B03C6F80031C6F80C01D6F8040A40F441
:10D800008060FFF795FE0A23C6F83831069B012B8E
:10D8100029D023691E4AA2FB03231B09626A4046E2
:10D8200002FB03F303EB4303184ADB039B09C2F833
:10D83000D8310123C2F82C313B682A6823F07F439A
:10D8400043EA02633B602A6843EA02233B60BDE887
:10D85000F081DFF840804046BDE8F081DFF8388095
:10D860004046BDE8F0814FF47F03D3F80C2C013221
:10D8700006D0D3F80C3C064AA2FB03231B09CDE7D4
:10D880001623CBE703209CE702209AE70050845040
:10D89000ABAAAAAA310CF100350CF10058B34B1E0B
:10D8A000B3F5047F27D230B54FF0000ECD0074469B
:10D8B00071464B0901F01F0C50F82330BCF11F0FCB
:10D8C00023FA0CF306D003F0010319B901211C4619
:10D8D0008E46EEE79C4201F1010106D01C464FF056
:10D8E000010EA942E5D1002030BD0EF1010E964592
:10D8F000F7D1024830BD0148704700BF360CF10037
:10D90000C0B32DE9F0434C1EB4F5047F1DD2E3B142
:10D91000DAB100252E46A8462C46CF0003F1FF3988
:10D920004FEA541C04F01F0E50F82C10BEF11F0FCC
:10D9300021FA0EFC0CD00CF0010C4CB90126E0468B
:10D9400034463546ECE7964216D90C48BDE8F083DC
:10D95000AB420BD0C44508BF0136A945F3D0013511
:10D960000134BC42DCD10020BDE8F0830125E04653
:10D970002E46F5E7014870471D46F1E7370CF100E8
:10D980002DE9F04F8FB08246DDE919460D46002E95
:10D990006ED1096904911C60002318990B60002A5C
:10D9A00000F02881994B6A6AD3F83811D3F83031E6
:10D9B0009A4269D10A2967D19AF80330069304F193
:10D9C000080305930423049A0393914B8F4CA3FB04
:10D9D000023B4FEA9B0B0BEB4B0BA2EB4B0B189B49
:10D9E000049E1E60002E00F0E580002700F0BEFCC3
:10D9F0000797BAF1000F00F0D0804FF00109DDF871
:10DA00001480002D00F0C980069B002B3ED02846D4
:10DA100006A900F09BFC00283AD07E4B984220D00B
:10DA2000069B082B00F0E08000225B00069329464D
:10DA300006AB50460092FFF799FE774B984200F0F4
:10DA4000CF8070B9DAF80020130A03F47F03134380
:10DA500023F07F43CAF80030039B013B0393BED100
:10DA60000020039000F082FC03980FB0BDE8F08F17
:10DA70004FF47F01D1F80C0C01300CBF4FF404714E
:10DA8000D1F80C1C049186E76448EAE76248C4E7D1
:10DA90002946069800F040FC0028BED1069B082BC2
:10DAA00000F0A480042B00F0A380A3F10203B3FADA
:10DAB00083F35B09C4F8C491C4F84091C4F8C491DD
:10DAC0006A6AC4F83021D4F830118A42F6D10022B3
:10DAD000C4F82C214FF0FF32C4F808216FF01B026C
:10DAE000C4F80021C4F80C31D4F8040A40F4806072
:10DAF000FFF71EFD0A23C4F838312B69444AA2FB04
:10DB00000313696A1B0901FB03F303EB4303DB0304
:10DB10009B09C4F8D831C4F82C910698DAF8003083
:10DB200023F07F41030243EA00630B43CAF800304D
:10DB300007A800F0E1FB079B354A03F01A030343F3
:10DB40007FF46EAFA2FB0632D4F81431B7EB920F1C
:10DB50000893D4F818310993D4F81C310A93D4F8F7
:10DB600020310B93D4F824310C93D4F828310D9341
:10DB700002D1BBF1000F12D14046182208A9183E6D
:10DB8000FFF766FD08F1180801379EB100F0EEFBC3
:10DB900000230793002D7FF437AF21483DE740462F
:10DBA0005A4608A9A6EB0B06FFF752FDD8440137E9
:10DBB000002EEBD1049F059E6A6939463046FFF777
:10DBC0006DFEAA6940B94FF4806339463046FFF7CD
:10DBD00097FE00283FF444AF0023189A13601CE717
:10DBE0002B6A002B3FF43DAF0E483AE7032361E771
:10DBF00002235FE7012229465046009606ABFFF755
:10DC0000B5FD00283FF4DBAE2BE700BF0050845089
:10DC1000ABAAAAAA020CF100310CF100300CF10001
:10DC2000350CF100320CF10030B4DDE9023402941D
:10DC30000024049DCDE9035430BCFFF7A1BE00BF12
:10DC400030B51546012487B005AB00930022CDE91D
:10DC5000015404ABFFF794FE07B030BDF0B587B0B8
:10DC6000002967D01E46002B64D01446002A61D0DC
:10DC7000324F0D4638684FF0FF31FFF705FD0028A1
:10DC80003DD12F4BD3F8340E10F0010015D04FF0DA
:10DC9000FF354FF408712B48FEF7EEFE04212A48A9
:10DCA000FEF7EAFE29482821FEF7E6FE3868FFF76E
:10DCB000F3FC40BB284607B0F0BDFFF715FD002878
:10DCC00034D1224800F088FA70B91E4A0346029205
:10DCD00005AA019204AA039000921C4902461A4820
:10DCE000FFF7A2FF0346A0B14FF0FF350120FFF779
:10DCF000FBFC0028CDD01648FEF79EFDC9E715486D
:10DD0000FEF79AFDBDE71448FEF796FD284607B0DA
:10DD1000F0BD28461D46059B22469C4228BF1A4658
:10DD2000049932600831FFF793FCDFE70B48FEF7F8
:10DD300083FDC6E74FF0FF35BCE700BF082D00208C
:10DD400000608450F88D0020CC8D0020D08D002004
:10DD50004816060010160600A01606002816060033
:10DD600010B5044630B1002201236265A265E36567
:10DD7000236610BD0148FEF75FFDF4E7B816060004
:10DD800018B174220021FFF765BC7047C8B1D9B142
:10DD900008B50023C02A836380F83C300FD0B2F569
:10DDA000807F04D0802A03D06FF01F0008BD0223BB
:10DDB0000363D2081030FFF74BFC002008BD01239D
:10DDC000F6E76FF0210070476FF01F00704700BF4B
:10DDD00070B5044686B0F8B11046EAB1E3B1012946
:10DDE0001AD8A26B16D0012A16D1102500210DEBEE
:10DDF0000506019602AA61632946009500F0C8FA5B
:10DE000050B92B463246204602A900F073FD18B9DE
:10DE100006B070BD002AE8D06FF02100F8E700BF1F
:10DE200010B5044628B12046BDE81040F421FFF7A4
:10DE300013BC0448FEF700FD2046BDE81040F42165
:10DE4000FFF70ABCCC16060010B1F421FEF714BE91
:10DE5000704700BF08B521B1012908D06FF0360026
:10DE600008BD012100F058F80028F7D108BD0221B3
:10DE700000F052F80028F9D0F0E700BF30B50546B1
:10DE80008818B0F5801F0B461446A1B001D8802A2F
:10DE90000CD9B3F5801F17D922461946284600F041
:10DEA0007DF8044684B9204621B030BD6846FFF7AE
:10DEB000CFFB22466946284600F070F880210446D0
:10DEC0006846FFF7C9FBEDE76FF03604EBE700BFEC
:10DED00070B5E8B10E46D9B1044600F031F80546F8
:10DEE000B0B92368012B0BD0022B01D0284670BD9E
:10DEF0001C22304604F10801FFF7AAFB284670BD3A
:10DF00002022304604F10801FFF7A2FB284670BD2D
:10DF10006FF03605EAE700BF78B138B50D46F0215D
:10DF20000446FFF799FB402320462560E36500F097
:10DF300061FA003818BF012038BD0120704700BFCA
:10DF4000F0B5056EA5B0044604AEE5B9002301277F
:10DF5000019330466760294602AA009300F018FA40
:10DF600010B1012025B0F0BD2A46204602A900F0DC
:10DF700069FA0028F5D1204600F06CFB0028F0D1AA
:10DF8000206625B0F0BD802D2A46304628BF80226D
:10DF900004F16401FFF75CFB256ED7E7002800F071
:10DFA000AE802DE9F04F1446A5B0002A3DD00F46B3
:10DFB000002949D0B2F5803F0546006E20D34FF6C8
:10DFC000FF7805F1640AEB6D1A1AB2FBF3F103FB5B
:10DFD0001122002A65D18342B9464FF6FF7672D0EE
:10DFE000B6FBF3FB03FB0BFBBBF1000F30D1002EA4
:10DFF00045D1A4F57F44FF3CB4F5803F4744E2D2CD
:10E00000EA6D161AB6FBF2F302FB1366A64228BFAE
:10E010002646002E75D1824200F08D80B4FBF2F6C8
:10E0200002FB06F62EB9002C79D1002025B0BDE800
:10E03000F08F002331463846CDE9003302AA00F0C4
:10E04000A7F9002800F09580012025B0BDE8F08FE9
:10E05000002359464846CDE9003302AA00F098F95A
:10E060000028F1D15A46284602A900F0EBF9002811
:10E07000EAD1A6EB0B06286ED944002EB9D0193090
:10E080004946324605EB8000FFF7E2FAA4F57F44EB
:10E09000286EFF3C3044B4F5803F4744286692D256
:10E0A000AEE7424528BF4246164639465044FFF780
:10E0B000CFFA286EEB6D3044834207EB06092866E1
:10E0C000A8EB06068CD1802B28BF802351461A4628
:10E0D00004A8FFF7BDFA0023E96D02AACDE90033D9
:10E0E00004A800F055F90028AED12846EA6D02A92F
:10E0F00000F0A8F90028A7D1EB6D286670E7012091
:10E10000704705F16403394632461844FFF7A0FA18
:10E11000286EEA6D3044A41B374428667BE72B6EDB
:10E120002246193305EB83003946FFF791FA2B6E2F
:10E1300023442B6679E7802A28BF802205F16401F9
:10E1400004A8FFF785FA0023E96D04A8CDE90033A0
:10E1500002AA00F01DF900287FF476AF2846EA6D88
:10E1600002A900F06FF900287FF46EAFEA6D28660F
:10E1700054E73246284602A900F064F900287FF4EB
:10E1800063AF3744A41B4EE7F8B51C46054611485B
:10E1900016460F46FFF744FE21460E48FFF75AFE8B
:10E1A000044620B10B48FFF74FFE2046F8BD3A4623
:10E1B00029460848FFF762FE04460028F2D131469E
:10E1C0000448FFF785FE04460248FFF73DFE20465F
:10E1D000F8BD00BF189000201C2370B582B001A9C3
:10E1E0000546019300F032F8044638B9019B1C2B18
:10E1F00007D0144C1C212846FFF72EFA204602B007
:10E2000070BDD5E90112131E18BF0123003918BFD4
:10E210000121012628689B00EA6843EA410300289F
:10E2200018BF43F00103EE612AB9C5E90834002B99
:10E23000E4D1054CDEE7204643F00803C5E9083485
:10E2400002B070BD370CF0000E0CF000034618B1A0
:10E2500011B10A681C2A01D0012070474FF47F02D7
:10E26000D2F8101C01310CBF40F2DC51D2F8101C66
:10E270004FF47F020160D2F8141C01310CBF40F250
:10E28000DC51D2F8141C4FF47F024160D2F8181C04
:10E2900001310CBF40F63401D2F8181C4FF47F0254
:10E2A0008160D2F81C1C01310CBF40F63401D2F859
:10E2B0001C1C4FF47F02C160D2F8001C01310CBF5E
:10E2C0009021D2F8001C4FF47F020161D2F8041CA7
:10E2D00001310CBF5121D2F8041C4FF47F0241617F
:10E2E000D2F8081C002001310CBF40F23732D2F8BE
:10E2F000082C9A61704700BF014608B54FF4806052
:10E30000FFF722F90022034BC3F8C821C3F82C21E0
:10E3100008BD00BF005084500138072805D8DFE849
:10E3200000F0100E040A0404040607487047CB6886
:10E3300000204B6270478B6800204B6270474B682F
:10E34000F6E70B68F4E700BF310CF1000B6802E060
:10E35000082B0B6006D8026A13424FEA4303F7D03A
:10E360000020704700487047310CF100002310B5C1
:10E37000064C4FF48060C4F82C31C4F8C431FFF768
:10E38000C9F84FF0FF33C4F8083110BD0050845075
:10E390002DE9F041002482B015461E4601220DF100
:10E3A00007030746DDF824808DF8074000F05AFF88
:10E3B000D0B99DF8073004462F602B71B8F1000FDB
:10E3C0000ED04EB10246089930460DF1070300F019
:10E3D00049FF48B99DF80730C8F8006088F8043054
:10E3E000204602B0BDE8F0814FF47504204602B02B
:10E3F000BDE8F081D8B108B50368012B04D0022B29
:10E400000FD043B10B4808BD20220B490830FFF75D
:10E410001FF9002008BD142208490830FFF718F939
:10E42000F7E7202206490830FFF712F9F1E74FF429
:10E43000730070470100F300DC1606001C1706008D
:10E44000FC1606002DE9F047002900F0EB80044699
:10E45000002800F0EB80036888469146002B00F00E
:10E46000B580013B012B00F2C9804FF0FF317148AC
:10E470004FF0020AFFF708F9002840F0B1800020B1
:10E48000FFF732F90746002840F0B4806A4DD5F80E
:10E490001069002EFBD14FF0FF30FFF73BF8D5F8A5
:10E4A000040A20F40060FFF743F801230722C5F8AF
:10E4B0001838C5F82038C5F80029C5F8C437C5F89C
:10E4C000A466A36CC5F8CC37E36CC5F8D037C5F8A3
:10E4D000C0A723685BB1013B012B18D8636AC5F85C
:10E4E0005C36236AC5F85836E369C5F85436A26924
:10E4F000514BC3F850266269C3F84C262269C3F811
:10E500004826E268C3F84426A268C3F84026B9F159
:10E51000000F56D063684FF40060012B04BF464AD9
:10E52000C2F8843698F80430D8F80010424A5B00EC
:10E5300003F00203C2F80C3BC2F8281CC2F82C9C62
:10E54000FEF7FCFF0746236863B1013B012B19D896
:10E55000394BD3F85C266262D3F858262262D3F88E
:10E560005436E361344BD3F85026A261D3F84C26DD
:10E570006261D3F848262261D3F84426E260D3F8DA
:10E580004036A360002201212B4BD3F8CC07A064B6
:10E59000D3F8D007E064C3F8C417C3F88426C3F8DF
:10E5A000C827C3F81828C3F82028AFBB0120FFF7FD
:10E5B0009BF868BB1F48FFF76FF818BB3846BDE8EB
:10E5C000F08704221C4BC3F8C827BCE74FF0FF318B
:10E5D00018484FF0010AFFF757F800283FF44FAFF3
:10E5E0001648FEF729F90020FFF77EF807460028B5
:10E5F0003FF44CAF1248FEF71FF947E7114F38467A
:10E60000BDE8F0871048FEF717F93846BDE8F087F7
:10E610000E48FEF711F9CDE7102104F10800FFF7CD
:10E620001BF8C3E70A4F3846BDE8F0874FF473077D
:10E63000C4E700BF182D00200050845010160600BB
:10E64000281606000100F3006816060048160600AA
:10E650000300F300A0B3034670B4D0E90240D3E94D
:10E66000041226BA05BA0CBA10BAC3E90440D3E9B9
:10E670000612986A09BAC3E9026512BA996100BA2A
:10E68000D3E9084125BA0CBAC3E90725D3E90B122F
:10E69000C3E9094009BAD86B12BAD962D3E90D416E
:10E6A00025BAC3E90C250CBA00BAD3E9101209BA8D
:10E6B00012BAC3E90E40196400205A6470BC704756
:10E6C0004FF47300704700BF70B500284DD0436B06
:10E6D0000446032B3CDD063B012B3BD8A36B012BEF
:10E6E0003BD8E36D012B3DD8236E012B41D8224E40
:10E6F000D6F81059002DFBD14FF0FF30FEF70AFF7E
:10E70000D6F8040A20F40060FEF712FF0123C6F8D1
:10E710000039C6F8BC54636B23F00402032A18BF07
:10E72000A16B226B0CBF294601F00101022A17D808
:10E730009B0003F01C0343EA02330F4A0B43C2F869
:10E74000C034636B072B06D10123C2F87C3402E08E
:10E75000002BC3DA094D284670BD094D284670BD0F
:10E76000084DF8E7084D284670BD4FF4710528465E
:10E7700070BD064DEFE700BF005084500100F1006E
:10E780000200F1000600F1000300F1000400F100B6
:10E7900000287DD038B590F83C300446002B55D089
:10E7A000022B23D03C483D4D2A683D4B1268C3F8EC
:10E7B00000242A685268C3F804242A689268C3F8BF
:10E7C00008242A68D268C3F80C242A681269C3F89E
:10E7D00010242A685269C3F814242A689269C3F87D
:10E7E00018242A68D269C3F81C2438BD016B006C58
:10E7F00000F032FB294D0028D6D12A68284B126838
:10E80000C3F800242A685268C3F804242A6892686E
:10E81000C3F808242A68D268C3F80C242A6812694D
:10E82000C3F810242A685269C3F814242A6892692C
:10E83000C3F818242A68D269C3F81C24216B206C01
:10E8400000F020FB0028AFD1002038BD0269144B36
:10E85000C3F800244269C3F804248269C3F8082479
:10E86000C269C3F80C24026B013A012AECD8026A8F
:10E87000C3F81024426AC3F81424026B022AE3D1BD
:10E88000826AC3F81824C26A0020C3F81C24DCE79B
:10E890004FF47100704700BF0900F100042D002003
:10E8A00000508450114A124B11680968C3F80014D3
:10E8B00011684968C3F8041411688968C3F808141A
:10E8C0001168C968C3F80C1411680969C3F81014F9
:10E8D00011684969C3F8141411688969C3F81814D8
:10E8E0001268D269C3F81C24704700BF042D0020B1
:10E8F000005084502DE9F04F85B0002958D01746BC
:10E90000002A55D00446002800F0DC809846C36DEC
:10E910000E46002B42D1B8F5805F44D294F83C30CB
:10E92000042B00F0C7804FF0000A4FF0FF31B548CC
:10E93000FEF7AAFE002840F0B9800020FEF7D4FEC2
:10E94000002840F0AF804FF00109DFF8BCB220464C
:10E95000CBF81098CBF82098FFF7B6FE054620B903
:10E960002046FFF715FF054638B3BAF1000F40F017
:10E9700085800022A44B0120C3F81028C3F820286A
:10E98000FEF7B2FE002840F089809E48FEF784FE24
:10E9900000287CD1284605B0BDE8F08F012BBDD101
:10E9A000B8F5803FBAD3994D284605B0BDE8F08F41
:10E9B000974D284605B0BDE8F08F636B072B00F23A
:10E9C000CA8009FA03F919F08A0F40F0D38019F0D0
:10E9D000440F40F0C28019F0010F00F0BC80337981
:10E9E0003A795B0002F0010203F002031343864A06
:10E9F00031683868C2F80C3B636B23F00403032BC7
:10EA00000AD0236E012B0BBFC2F8280DC2F8300DBF
:10EA1000C2F82C8DC2F8348DE36D4FF40060012BE9
:10EA2000794B0BBFC3F8281CC3F8301CC3F82C8CDF
:10EA3000C3F8348CFEF782FD0546002895D1626B41
:10EA4000072A15D80123934013F08A0F40F09F80C6
:10EA500013F0440F0CD06C4BD3F860242260D3F831
:10EA600064246260D3F86824A260D3F86C34E36055
:10EA70000123A365BAF1000F3FF47BAF04232021EB
:10EA800004F1100084F83C30FEF7E6FD71E76148C0
:10EA9000FDF7D2FE284605B0BDE8F08F5E48FDF7D1
:10EAA000CBFE72E75D48FDF7C7FE4CE75C48FDF71B
:10EAB000C3FE42E7216B206C00F0B8F928B14FF09B
:10EAC000010A32E74FF4710564E7DFF85C914E4DBF
:10EAD000D9F800301B68C5F80034D9F800305B68FD
:10EAE000C5F80434D9F800309B68C5F80834D9F863
:10EAF0000030DB68C5F80C34D9F800301B69C5F864
:10EB00001034D9F800305B69C5F81434D9F80030F6
:10EB10009B69C5F81834D9F80030DB69C5F81C3496
:10EB2000216B0229CBD8236D4FEAC10A0193E36C14
:10EB30000AF1100A04F1100B0093CDF80CA0CDF8E7
:10EB400008B0206CD4E9112300F09CFA68BB0023C4
:10EB500084F83C30B3E7334D07E72368CBF86034E3
:10EB60006368CBF86434A368CBF86834E368CBF807
:10EB70006C3434E72368CBF840346368CBF8443412
:10EB8000A368CBF84834E368CBF84C3427E71E4B36
:10EB9000D3F840242260D3F844246260D3F8482498
:10EBA000A260D3F84C34E36062E7D9F800305146F4
:10EBB0001B685846C5F80034D9F800305B68C5F8C2
:10EBC0000434D9F800309B68C5F80834D9F800300F
:10EBD000DB68C5F80C34D9F800301B69C5F810346F
:10EBE000D9F800305B69C5F81434D9F800309B6956
:10EBF000C5F81834D9F80030DB69C5F81C34FEF7C5
:10EC00002BFDA4E7182D0020005084500500F100D2
:10EC10000B00F100681606004816060028160600CC
:10EC2000101606000100F100042D00202DE9F04728
:10EC300001B3FAB10446002854D01D46436B0E467A
:10EC4000072B1BD05DB9032B10D1836D73B94566BB
:10EC50008566C5660567102500F164030B602B46C9
:10EC600031462046BDE8F047FFF744BE2F46384600
:10EC7000BDE8F087644F3846BDE8F087C36DA3BB9D
:10EC8000B5F5805F36D20DB9A36D9BBB4FF0FF3158
:10EC90005E48FEF7F9FC00284CD10020FEF724FD69
:10ECA000002843D14FF00108DFF864912046C9F8ED
:10ECB0001088C9F82088FFF707FD0746E0B1002259
:10ECC000534B0120C3F81028C3F82028FEF70CFD91
:10ECD00040BB4E48FEF7E0FC0028C8D04D48FDF789
:10ECE000ABFDC4E74FF47107C1E7012BCBD1B5F5FC
:10ECF000803FC8D3484FBAE72046FFF749FD074693
:10ED00000028DCD1636B072B0AD808FA03F818F047
:10ED10008A0F13D118F0440F5AD118F0010F19D1EE
:10ED20003E4FCCE73E48FDF787FDD2E73D48FDF773
:10ED300083FDB7E73C48FDF77FFDAEE72368C9F8E0
:10ED400040346368C9F84434A368C9F84834E368B8
:10ED5000C9F84C3401212E4AC2F87C14C2F8BC54C4
:10ED6000337930688B4003F00203C2F80C3BE5B9FD
:10ED7000A36D0BB9C2F82415626B072A9FD8012333
:10ED8000934013F08A0F30D113F0440F97D0204BEB
:10ED9000D3F860242260D3F864246260D3F8682436
:10EDA000A260D3F86C34E36089E7E36D012B0BBFFD
:10EDB000C2F8280CC2F8300CC2F82C5CC2F8345CE3
:10EDC0004FF40060FEF7BAFB0028D5D0074676E77F
:10EDD0002368C9F860346368C9F86434A368C9F863
:10EDE0006834E368C9F86C34B4E7094BD3F84024BD
:10EDF0002260D3F844246260D3F84824A260D3F898
:10EE00004C34E3605BE700BF0B00F100182D0020DD
:10EE100000508450681606000500F1000100F10062
:10EE20004816060028160600101606007F2809D886
:10EE300051B10139022909D805497F280CBF08467C
:10EE400000207047024870470846704701487047E5
:10EE50000100F7000300F7007F2809D851B10139FC
:10EE6000022909D805497F280CBF084600207047B1
:10EE70000248704708467047014870470100F70094
:10EE80000300F7000129F0B407D0022900F08980BF
:10EE900000295AD07248F0BC70470022714C724B66
:10EEA0004FEAC00CC4F80015451C0CF57F04C3F8EC
:10EEB000082104F50444C3F80021C3F80421C3F871
:10EEC00000556A4E2468B44240F0B380196002E0F5
:10EED000002940F0B580D3F80021D3F80841D3F8D9
:10EEE00004112243F4D0002C40F0B180002940F0FE
:10EEF000A78001245B4AC3F800150230C2F8004520
:10EF00005B4AC3F80811C3F80011C3F80411C3F831
:10EF1000000552F80C00574A904240F08E80524A49
:10EF20001C6002E0002840F08B80D2F80031D2F85B
:10EF30000811D2F804010B43F4D0002940F08C8072
:10EF400000287DD1C2F8000528E00124464BC2000C
:10EF5000444E204402F57F02C6F8004502F5044203
:10EF6000C3F80811C3F80011C3F80411C3F8000571
:10EF70003E4D1268AA4260D11C6001E000285FD1BA
:10EF8000D3F80021D3F80811D3F804010A43F5D0CF
:10EF900000295CD1002853D1C3F800050020F0BC43
:10EFA000704701250022304B2E4F4FEAC00C441908
:10EFB0000CF57F01C7F8005501F50441C3F808219D
:10EFC000C3F80021C3F80421C3F80045274E09689F
:10EFD000B1422ED11D6000E091BBD3F80021D3F8DF
:10EFE0000841D3F804112243F6D084BB41BB01246D
:10EFF0001C4AC3F800150230C2F800451C4AC3F889
:10F000000811C3F80011C3F80411C3F8000552F841
:10F010000C00184A904210D1134A1C6000E078B9E5
:10F02000D2F80031D2F80811D2F804010B43F6D01F
:10F0300083E7C3F8002510482DE7C3F80015FAE769
:10F040000022094B0D48C3F80025F0BC7047002290
:10F05000C3F800250A481EE70023C2F80035F9E787
:10F060000C00F10000408450009003500054845084
:10F070000884FF00105484500600F7000200F700D7
:10F080000100F7002DE9F0470024CCB08246894604
:10F090001646214674220EA81F46579DDDF858815A
:10F0A00012F0D8FA802221462CA82B9412F0D2FA22
:10F0B0008423B5F57F6FCDE90A440D940C94059334
:10F0C00064D8FFF7EFFB05AB30462BAE0193394612
:10F0D000DDE954230295009600F064F8002850D131
:10F0E000022307228DF813309DF813301B928DF800
:10F0F000743000220123012410211C900EA8CDE9B8
:10F100002423CDF86890CDF878A02694FEF7A4FAD1
:10F1100010220DF120090092304605990AABCDF876
:10F12000049006AAFFF734F9074688B11EE0102DB7
:10F130002E4628BF10260EA93246FEF789FA102166
:10F140000EA8FEF789FA0134AD1B3744E4B222D091
:10F15000059B4A4606A90EA88DF8AC40FFF766FD50
:10F16000034608EB0700002BE1D01F460EA87422CF
:10F170000021FEF76FFAFFF795FB38464CB0BDE86B
:10F18000F087064F38464CB0BDE8F087044F38464C
:10F190004CB0BDE8F0872F46E8E700BF0E00F10055
:10F1A0000F00F1002DE9F041002482B00A9D019486
:10F1B000B5F57F6F40D8ED00B5F5807F1E4634BFB2
:10F1C0000323042301F1FF3CBCF13F0F0C460093E5
:10F1D00032D888B3174666BB089A6AB3099A116891
:10F1E00051B3A2191344994226D3089B01462246E3
:10F1F000581CFEF72DFA089B04F102081C4400235A
:10F20000637026BB089BFF2D009503EB080017D900
:10F210002B029BB243EA1523022201A90193FEF7B8
:10F2200017FA08F102030020099A136002B0BDE842
:10F23000F0810AB1402ECFD9094802B0BDE8F08173
:10F2400001226946FEF704FA08F10103EBE7089B87
:10F25000324603EB08003946FEF7FAF9B044D1E72D
:10F260000600008000201870704700BF08B5074BEB
:10F27000044613B10021AFF30080054B1868836A80
:10F2800003B198472046DDF74BFE00BF00000000A9
:10F2900030170600024B0146186800F04DB800BF59
:10F2A0001C2D002038B50546002941D051F8043CFA
:10F2B0000C1F002BB8BFE41800F054FD1D4A136862
:10F2C00033B9636014602846BDE8384000F050BD93
:10F2D000A34208D9206821188B4201BF19685B68D6
:10F2E00009182160EDE71A465B680BB1A342FAD911
:10F2F00011685018A0420BD12068014450181160C9
:10F300008342E0D118685B68084453601060DAE714
:10F3100002D90C232B60D6E7206821188B4202BF4C
:10F3200019685B680918636008BF21605460CAE708
:10F3300038BD00BF10910020F8B5CD1C064625F061
:10F34000030508350C2D38BF0C25002D01DBA94223
:10F3500003D90C2333600020F8BD00F003FD2149E0
:10F360000A6814469CB9204F3B6823B921463046B1
:10F3700000F09EFB38602946304600F099FB431CA4
:10F3800023D10C233046336000F0F2FCE3E723681E
:10F390005B1B17D40B2B03D923601C44256004E0AE
:10F3A0006368A2420CBF0B605360304600F0E0FC83
:10F3B00004F10B00231D20F00700C21A1CBF1B1A0A
:10F3C000A350C9E722466468CCE7C41C24F00304B8
:10F3D000A042E3D0211A304600F06AFB0130DDD1B3
:10F3E000CFE700BF109100200C9100202DE9F04FD5
:10F3F0008DB00C4616461F46DDF85880054600F0D5
:10F40000ADFC036818460493CEF76CFD002305900D
:10F410000A93D8F8003094F818A00733D4F800B055
:10F4200023F0070303F10802C8F800204FF0FF3271
:10F43000D3E9008929F00043CDF8188007939C4B4D
:10F44000DDE90601C4E91289CEF74AFC70BB4FF032
:10F45000FF32974BDDE90601CEF724FC30BB0022DA
:10F46000002340464946CEF713FC10B12D2384F803
:10F470004330904A904BBAF1470F94BF904698465C
:10F4800003234FF0000923612BF00403236033466C
:10F490000BAA21462846009712F085F9013040F06A
:10F4A00096804FF0FF300DB0BDE8F08F42464B46DE
:10F4B00040464946CEF714FC40B14B467F4A002BEC
:10F4C000BCBF2D2384F843307D4BD4E763685A1CBE
:10F4D00026D1062363604BF4806200232846226015
:10F4E00003930AABCDE901A309AB49EC108B009360
:10F4F0000DF12303616812F0B5F8BAF1670F804689
:10F50000099915D1CB1C3BDB6368994238DC0A9B17
:10F51000994255DB23682161D80745D54B1C42E051
:10F520000AF0DF02472AD6D1002BD4D10123D1E73C
:10F53000BAF1470F07D1C81C25DB63688B4222DB79
:10F540004FF0670AE3E7BAF1650F1FD80139524659
:10F5500004F15000099112F0EDF80A9A814613184F
:10F56000012A236102DC2268D20701D5013323611D
:10F570009DF82330002B8AD02D2384F8433086E772
:10F580004FF0650AE2E74FF0450ADFE7BAF1660F90
:10F59000BDD1002963680BDD216113B92268D00752
:10F5A00002D501330B4423614FF00009A165DFE769
:10F5B00013B92268D20701D50233F4E70123F2E739
:10F5C0000029D4BFC1F1020201221344EBE72368F2
:10F5D0005A0507D42369424631462846B8470130C8
:10F5E0002BD15EE7BAF1650F40F2DD8000220023E7
:10F5F000D4E91201CEF742FB002833D00123314A6F
:10F6000031462846B84701303FF44BAFDDE90938B1
:10F61000434502DB2368D8070FD531462846DDE98C
:10F620000423B84701303FF43CAF4FF0000908F124
:10F63000FF3804F11A0AC84509DC23689B0700F16A
:10F640000381E0680B9B9842B8BF18462BE7012363
:10F65000524631462846B84701303FF422AF09F1FF
:10F660000109E8E7099B002B39DC0123154A3146E3
:10F670002846B84701303FF414AFDDE9093959EAAB
:10F68000030302D12368D907D7D531462846DDE9DF
:10F690000423B84701303FF404AF4FF0000A04F1EF
:10F6A0001A0B099B5B4253450EDC4B4693E700BFA8
:10F6B000FFFFEF7F421A0600461A06004A1A0600AC
:10F6C0004E1A0600521A060001235A4631462846B1
:10F6D000B84701303FF4E5AE0AF1010AE1E7A36D56
:10F6E000DDF828A05345A8BF5346002B994636DCC9
:10F6F0004FF0000B29EAE97904F11A02A36D069391
:10F70000A3EB09035B4531DC099B9A453ADC23688E
:10F71000DA0737D4099BAAEB0309069BAAEB03037C
:10F720009945A8BF9946B9F1000F33DC4FF00008A6
:10F7300029EAE97904F11A0B099BAAEB0303A3EB6D
:10F74000090343457FF779AF01235A4631462846DE
:10F75000B84701303FF4A5AE08F10108ECE7424696
:10F7600031462846B8470130C2D19AE601233146D6
:10F7700028460692B84701303FF493AE0BF1010BD7
:10F78000069ABBE7DDE9042331462846B847013035
:10F79000C0D186E6069A4B46314628464244B847D1
:10F7A0000130C3D17DE6DDF828A0BAF1010F01DCFC
:10F7B000DB0736D50123424631462846B84701309B
:10F7C0003FF46FAE31462846DDE90423B8470130E7
:10F7D0003FF467AE002200230AF1FF3AD4E9120198
:10F7E000CEF74CFAC0B9534608F10102314628461B
:10F7F000B84701300CD154E601235A463146284619
:10F80000B84701303FF44DAE08F10108D045F3DBB5
:10F810004B4604F15002DFE64FF0000804F11A0BEA
:10F82000F4E701234246E1E701234A4631462846F0
:10F83000B84701303FF435AE08F10108E3680B9991
:10F840005B1A4345F0DCFCE64FF0000804F11909AF
:10F85000F4E700BF2DE9FF470F7E914680460C4636
:10F86000782F9A460C9D01F1430207D8622F0AD8DF
:10F87000002F00F0E080582F00F0BB8004F142061A
:10F8800084F842703AE0A7F16303152BF6D801A182
:10F8900051F823F0EDF8030001F903007DF80300AF
:10F8A0007DF803007DF803007DF8030001F90300F3
:10F8B0007DF803007DF803007DF803007DF8030068
:10F8C0001DFA030091F90300D3F903007DF803004A
:10F8D0007DF803003FFA03007DF8030091F903006F
:10F8E0007DF803007DF80300DBF903002B6804F1C9
:10F8F00042061A1D1B682A6084F842300123ABE0DF
:10F90000236829681F0601F10400286001D50D68ED
:10F9100003E05E06FBD5B1F90050002D61687ADA8C
:10F920002D200029A16084F843002DDA6D425E4845
:10F930000A231646B5FBF3F103FB1157C75D06F822
:10F94000017D2F460D46BB42F4D9082B0BD123680D
:10F95000DF0708D5236961689942DEBF302306F8C6
:10F96000013C06F1FF36921B22614B4603AA214659
:10F970004046CDF800A011F016FF013071D14FF0D4
:10F98000FF3004B0BDE8F08723F004032360CDE727
:10F990002B682068191D2960050601D51D6802E045
:10F9A0004106FBD51D886F2F3F4814BF0A2308234B
:10F9B000002184F843106668002EA660B9DB216838
:10F9C00021F004012160002DB3D1002EB1D11646E3
:10F9D000BBE7236843F0200323607827334884F88B
:10F9E0004570296823680E1D2E601E0603D50D681C
:10F9F00004E02D48F3E75D06F9D50D88D90744BF2B
:10FA000043F0200323600DB11023D1E7236823F0D6
:10FA100020032360F8E724480A23CCE72B682668F4
:10FA2000181D6169286035061B6801D5196002E060
:10FA30007006FBD5198000231646236195E72B68D5
:10FA400000211A1D2A601E686268304612F025F8EF
:10FA500008B1801B606063682361002384F8433031
:10FA600083E72369324649464046D047013086D075
:10FA700023689B0714D4E068039B9842B8BF1846DC
:10FA80007FE70123324649464046D04701303FF4E4
:10FA900076AF0135E36803995B1AAB42F1DCEAE724
:10FAA000002504F11906F5E7541A0600651A060048
:10FAB00038B50023054D044608462B60DDF73AFAB9
:10FAC000431C02D12B6803B1236038BD1491002080
:10FAD0000CB4184B30B50C1E9DB01D6808DA8B2392
:10FAE0004FF0FF302B601DB0BDE8304002B07047D2
:10FAF0004FF402730290069002A9ADF8143014BFBF
:10FB000004F1FF332346209A2846049307934FF6C7
:10FB1000FF73ADF8163021AB019300F04FFC431C8E
:10FB2000BCBF8B232B60002CDDD0029B00221A70FF
:10FB3000D9E700BF1C2D0020242B2DE9F047864675
:10FB4000904601D8012B06D105F01EFA162303605A
:10FB50000020BDE8F0870D4635482A4615F8014BD0
:10FB6000065D16F00806F8D12D2C24D12C7801263C
:10FB7000951C2BBB302C30D00A2306F1004C002200
:10FB80000CF1FF3C1046BCFBF3F903FB19CAA4F1CE
:10FB90003007092F28D83C46A34234DD571C07D034
:10FBA00081452DD301D1A2452ADB00FB0340012270
:10FBB00015F8014BEBE72B2C04BF2C78951CD8E7EC
:10FBC000102BDAD1302CD8D12A7802F0DF02582A53
:10FBD000D3D16C7810230235CFE72B7803F0DF0305
:10FBE000582BF6D00823C8E7A4F14107192F01D8F4
:10FBF000373CD1E7A4F16107192F04D8573CCBE774
:10FC00004FF0FF32D4E7531C08D122236046CEF8D0
:10FC10000030B8F1000F9CD0691E06E006B14042EA
:10FC2000B8F1000F95D0002AF6D1C8F8001090E77F
:10FC30004219060013460A46014602480068FFF7CB
:10FC40007BBF00BF1C2D00202DE9F04386460D46EA
:10FC5000354E284615F8014B375D17F00807F8D1E7
:10FC60002D2C26D12C780127851C3BBB302C32D083
:10FC70000A234FF0FF380026B8FBF3F803FB08F91E
:10FC800030466FEA0909A4F1300CBCF1090F29D8FC
:10FC90006446A34237DDB6F1FF3F07D080452FD33E
:10FCA00001D1A1452CDB00FB0340012615F8014BD7
:10FCB000E9E72B2C04BF2C78851CD6E7102BD8D174
:10FCC000302CD6D1287800F0DF005828D1D16C78BC
:10FCD00010230235CDE72B7803F0DF03582BF6D045
:10FCE0000823C6E7A4F1410CBCF1190F01D8373C39
:10FCF000CFE7A4F1610CBCF1190F04D8573CC8E759
:10FD00004FF0FF36D2E7731C06D122233046CEF8DF
:10FD1000003032B9BDE8F08307B14042002AF9D083
:10FD200006B1691E1160F5E74219060013460A463E
:10FD3000014602480068FFF787BF00BF1C2D002066
:10FD400007B5009313460A4601460348006811F0C0
:10FD5000ECFD03B05DF804FB1C2D0020004870474B
:10FD6000702E00200148DDF7FBB800BF48310020AD
:10FD70000148DDF711B900BF4831002070B5466A6F
:10FD800004460D4676B91020FFF784FA02466062F9
:10FD900020B9184B662118480CF0B3FEC0E9016683
:10FDA0000660C660666AF36883B1636ADB6853F80D
:10FDB0002500B8B90121204601FA05F6721D92000E
:10FDC00011F0E3FE60B1C0E901560EE021220421EA
:10FDD000204611F0DAFE636AF060DB68002BE4D1A4
:10FDE000002070BD026843F825200023C0E90333DA
:10FDF000F7E700BF831A06001E1B060070B5466AAF
:10FE000005460C4676B91020FFF744FA02466862B0
:10FE100020B9094B8A2109480CF073FEC0E901663C
:10FE20000660C6603CB16B6A6268DB6853F82210FA
:10FE3000216043F8224070BD831A06001E1B060095
:10FE40002DE9F04101F1140C07460C461E460D69E0
:10FE50000020DCF80030013099B2854202FB0161DC
:10FE60004FEA13464FEA114389B202FB063301EB16
:10FE700003414FEA13464CF8041BEADC0EB3A368B7
:10FE8000AB4219DC616838460131FFF777FF8046E5
:10FE900028B902460C4BB5210C480CF032FE226901
:10FEA00004F10C010C300232920011F0ACFB21463F
:10FEB00044463846FFF7A2FF04EB850301355E6137
:10FEC00025612046BDE8F0810D1B06001E1B0600C3
:10FED00010B50C460121FFF751FF024628B9054B2A
:10FEE0004FF4A07104480CF00CFE0123446103613F
:10FEF00010BD00BF0D1B06001E1B06002DE9F04FB4
:10FF000014460A690F4685B023699A42A2BF234668
:10FF10000C461F46D4F810A0A368D7F8109061686B
:10FF20000AEB0906B342B8BF0131FFF727FF30B92A
:10FF30000246454B40F25D1144480CF0E2FD00F1F1
:10FF40001405002205EB86082B46434521D307F113
:10FF5000140104F1140204F1150702EB8A0201EB0B
:10FF600089030293131B153B23F003030433BA42A6
:10FF700038BF04230193029B03918B420CD8002EBF
:10FF800003DD58F8043D002B5BD0066105B0BDE8E9
:10FF9000F08F43F8042BD8E7B1F800A0BAF1000FB6
:10FFA00024D004F1140EA9464FF0000C5EF8047B37
:10FFB000D9F800301FFA87FB72459BB20AFB0B335E
:10FFC0004FEA174BD9F8007063444FEA174C0AFB0D
:10FFD0000BC707EB13479BB24FEA174C43EA0743A3
:10FFE00049F8043BE2D8019B45F803C0039B043168
:10FFF000B3F80290B9F1000F21D02B6804F1140C72
:020000040004F6
:10000000AE464FF0000ABCF800B09BB2BEF80270DA
:1000100009FB0B77574443EA07434EF8043B5CF86F
:10002000043B4FEA134ABEF80030624509FB0A332D
:1000300003EB17434FEA134AE5D8019FEB51043510
:1000400099E7013E9BE700BF0D1B06001E1B060043
:100050002DE9F843154612F0030207460E4607D075
:10006000013A254C002354F82220FFF7E9FE06460A
:10007000AD103DD07C6A7CB91020FFF70BF9024629
:10008000786228B91D4B4FF4D7711D480CF039FD2B
:10009000C0E901440460C460D7F82480D8F808405F
:1000A0004CB940F271213846FFF712FF0023044695
:1000B000C8F8080003604FF00009EB070AD5314685
:1000C00022463846FFF71AFF8046314638464646F4
:1000D000FFF794FE6D100BD0206838B922462146F8
:1000E0003846FFF70BFF2060C0F800900446E4E7B5
:1000F0003046BDE8F88300BF34170600831A0600B7
:100100001E1B06002DE9F0470C46074691464FEAB4
:10011000621A2369496803EB6218A36808F10106B3
:10012000B3420BDB3846FFF729FE054648B90246C5
:10013000284B40F2D91128480CF0E3FC01315B0058
:10014000EEE7002300F1140100F1100218465345B8
:1001500033DB2AEAEA7A04F11403206919F01F0953
:1001600001EB8A0103EB800C2BD0C9F1200E8A46EB
:100170000022186800FA09F010434AF8040B53F8FB
:10018000042B9C4522FA0EF2F3D8ACEB040304F1E5
:100190001500153B23F003030433844538BF0423C3
:1001A000CA500AB108F10206013E384621462E61C6
:1001B000FFF724FE2846BDE8F087013342F8040F1C
:1001C000C5E7043953F8042B9C4541F8042FF9D8AE
:1001D000EAE700BF0D1B06001E1B06002DE9F74FC6
:1001E0008946064611461446484611F0B3FC051EE2
:1001F00012D129463046FFF7C1FD024628B9414BCE
:1002000040F2322140480CF07CFC0123C0E9043567
:10021000104603B0BDE8F08FBCBF4B46A146304648
:10022000B8BF0125D9F80410B4BF1C460025FFF75C
:10023000A5FD024618B9334B4FF41071E2E7D9F827
:10024000107004F1140E266900F1140BC56009F159
:10025000140509F110030EEB860605EB8708D94655
:100260004FF0000C0193019B5EF8040B53F804AFB0
:10027000764501931FFA8AF3194683B24FEA10407C
:10028000A1EB0303C0EB1A40634400EB23409BB295
:100290004FEA204C43EA004349F8043BE3D8331BC0
:1002A0001534153B23F003030433A64238BF04235F
:1002B0001D445B442C461E4644450ED308F1030101
:1002C000491B033D21F00301A84538BF00210B4421
:1002D00053F8041D99B117619AE754F8041BE646D8
:1002E0001FFA81FC080C7144F44489B200EB2C40E5
:1002F00041EA00414FEA204C46F8041BDCE7013F8D
:10030000E6E700BF0D1B06001E1B06002DE9F743A4
:100310000F460121164659EC108BFFF72FFD0446BE
:1003200030B90246234B40F20A3123480CF0E9FB76
:10033000C9F30A55C9F313030DB143F480130193B4
:10034000B8F1000323D06846009311F0D6FBDDE935
:100350000012D0B1C0F1200302FA03F3C2400B43F4
:1003600001926361019B002BA3610CBF0122022259
:100370002261A5B1A5F233450544C0F135003D60C9
:100380003060204603B0BDE8F0836161EAE701A870
:1003900011F0B3FB019B203001226361E8E7A0F27A
:1003A000324004EB82033860186911F084FBC0EB23
:1003B0004210E5E70D1B06001E1B06002DE9F04F5D
:1003C00098468B899DB007461B060D46144610D5EE
:1003D0000B6973B94021FEF7AFFF2860286130B97F
:1003E0000C233B604FF0FF301DB0BDE8F08F402381
:1003F0006B610023CDF80C804FF00109DFF8A0817C
:10040000099320238DF8293030238DF82A30234694
:100410009A4613F8012B0AB1252AF9D1BAEB040B3D
:100420000BD05B4622462946384611F0BCFB013012
:1004300000F0A780099A5A4409929AF80030002BDC
:1004400000F09F8000234FF0FF320AF1010A04936D
:1004500007938DF853301A93CDE9052354460522AE
:100460004F4814F8011B11F018FB049AD8B9D006B4
:1004700044BF20238DF85330110744BF2B238DF840
:1004800053309AF800302A2B15D0079A5446002092
:100490004FF00A0C214611F8013B303B092B4BD998
:1004A000B0B1079214E0A0EB0803A24609FA03F3E7
:1004B00013430493D2E7039B191D1B68002B039180
:1004C000BBBF5B4242F0020207930793B8BF04929E
:1004D00023782E2B0AD163782A2B32D1039B023446
:1004E0001A1D1B6843EAE37303920593DFF8C0A06B
:1004F00003222178504611F0D0FA38B1A0EB0A005F
:100500004022049B013482401343049314F8011BDE
:10051000062224488DF8281011F0BFFA002836D0A2
:10052000214B1BBB039B073323F0070308330393C3
:10053000099B334409936AE70CFB02320C46012005
:10054000A8E7002301344FF00A0C19460593204612
:1005500010F8012B303A092A03D9002BC6D0059197
:10056000C4E70CFB012104460123F0E703AB2A4654
:1005700004A9384600930D4BFEF738FF421C06468F
:10058000D6D1AB895B063FF52DAF09982CE703ABBD
:100590002A4604A938460093044BFFF75BF9EDE7C0
:1005A000921B06009C1B0600EDF30300A71B050031
:1005B000981B0600F8B5069F04461D4661B1164615
:1005C000AFB9CCF71DFA002384F8116184F81271D9
:1005D00084F8103184F8133145B11022294604F112
:1005E000F00011F010F8012384F81331F8BDCCF7B6
:1005F00005F8E8E751B190F8103190F812210B445A
:1006000002F001029B1A23F00F0070470846704762
:100610002DE9F04F1E4690F8123187B090F81091F6
:100620000093002E52D0924603F00108C9F1100247
:1006300008EB0203B342044600F5807700F2C38062
:100640000D46002A40F0B280009B002B69D194F83F
:10065000133104F1F009C846002B40F0C080224657
:100660003946484694F81131CCF776F80F2E40F20F
:10067000CD80D046A6F1100323F00F031033019371
:1006800005EB030B94F813311BB3102341464A4684
:1006900038469844CCF732FC10224946284610F0E0
:1006A000B2FF103522463946484694F81131CCF74E
:1006B00053F85D45E6D116F00F0623D184F810619A
:1006C000C84610224146584610F09DFF07B0BDE8CD
:1006D000F08F41461022384610F095FF102249460F
:1006E000284610F090FF103522463946484694F8C7
:1006F0001131CCF731F8AB4508F11008C2D116F032
:100700000F06DBD0019B9A4451463846324610F022
:100710007AFF009B84F81061002B7DD00DF1080852
:10072000CFE794F811312246394602A8CBF714FEE0
:1007300094F81331002B5BD1B8F1000F0CBF4FF0D0
:1007400010094FF011094E4529D304F1F00801E0DA
:100750004E4524D3102251463846924410F053FFA0
:100760001022284602A910F04EFF94F811312246BB
:10077000394602A8CBF7F0FD94F81331103E10353E
:10078000002BE5D002A9084642461023CCF7B6FB61
:1007900010223946404610F036FF4E45DAD22EBBC5
:1007A000AB460DF1080884F810618AE7514607EB63
:1007B0000900924410F027FF009B103E4E44002B8E
:1007C0003FF445AFADE707EB09005146324610F064
:1007D0001AFFB14484F8109107B0BDE8F08F1023E0
:1007E0004A4639463846CCF789FB38E7AB468BE7B3
:1007F00002A904F1F0094A4608461023CCF77EFB13
:1008000048461022394610F0FEFE95E7002EEDD145
:10081000AB4684F8106154E704F1F00950E700BFDB
:1008200000B589B00146684600F03EF809B05DF8B1
:1008300004FB00BF00B591B00146684600F092FD90
:1008400011B05DF804FB00BF30B599B005466846AD
:1008500000F02AF86946044608A800F07BFE03462B
:1008600008A928461C4300F0B1FD204619B030BD50
:1008700070B598B005466846164600F015F8314642
:10088000044608A800F06EFD034608A96A4608461B
:100890001C4300F0A9FD034608A928461C4300F0AC
:1008A00093FD204618B070BD38B50B68124D1BBAC9
:1008B000C3614B682A461BBA83618B6804461BBA26
:1008C0004361CB681BBA03610B691BBAC3604B69F8
:1008D0001BBA83608B691BBA4360CB6901461BBAA4
:1008E0000360CCF7EFF8034620461C4629461A461B
:1008F000CCF708F9601E38BD401706003F2A2DE9E5
:10090000F041904652D905460C46A2F1400626F029
:100910003F064036274F0E44236840341BBA2B64F1
:1009200054F83C3C39461BBA6B6454F8383C2846B2
:100930001BBAAB6454F8343C1BBAEB6454F8303C3B
:100940001BBA2B6554F82C3C1BBA6B6554F8283C39
:100950001BBAAB6554F8243C1BBAEB6554F8203C39
:100960001BBA2B6654F81C3C1BBA6B6654F8183C37
:100970001BBAAB6654F8143C1BBAEB6654F8103C37
:100980001BBA2B6754F80C3C1BBA6B6754F8083C35
:100990001BBAAB6754F8043C1BBAEB67CCF7BAFA46
:1009A000B442B9D108F03F00BDE8F0811046BDE87F
:1009B000F08100BF601706000A4610B514681A4996
:1009C00024BA0464546824BA4464946824BA8464DD
:1009D000D46824BAC464146924BA0465546924BA76
:1009E0004465946924BA8465D46924BAC465146AD8
:1009F00024BA0466546A24BA4466946A24BA8466A3
:100A0000D46A24BAC466146B24BA0467546B24BA3B
:100A10004467946B24BA8467D26B12BAC267CCF76E
:100A200079FA002010BD00BF601706000023F0B562
:100A30000B490C4C0C4ADFF840E0DFF840C00B4F8C
:100A40000B4E0C4DC0E903ECC0E90576C0E900414E
:100A5000C5618260C0F8C030C0F8C430F0BD00BFCE
:100A600085AE67BB67E6096A72F36E3C8C68059BCE
:100A7000ABD9831F19CDE05B3AF54FA57F520E51DC
:100A80002DE9F041D0E930531344074614460E4691
:100A9000C0F8C430E5B13F2D00F2C280CAB105F103
:100AA0007F01C5F1400833460144B04400E0ACB3D7
:100AB000013313F8010C9A1B434501F8010F04F1AF
:100AC000FF342A44F3D1402A00F098801546464668
:100AD0001CB9C7F8C050BDE8F081224631463846FF
:100AE000FFF70CFF221A0546B3180028F1D0411E6B
:100AF000052906D90132324407F180018A1A022AF7
:100B000013D8264407F17F0213F8011B9E4202F816
:100B1000011FF9D1C7F8C050BDE8F081402A78D054
:100B20001546C7F8C050BDE8F08119688208012A4F
:100B3000C7F8801077D05968022AC7F8841043D0CC
:100B40009968032AC7F888103ED0D968042AC7F8E4
:100B50008C1039D01969052AC7F8901034D059691A
:100B6000062AC7F894102FD09969072AC7F8981059
:100B70002AD0D969082AC7F89C1025D0196A092AF1
:100B8000C7F8A01020D0596A0A2AC7F8A4101BD0B1
:100B9000996A0B2AC7F8A81016D0D96A0C2AC7F888
:100BA000AC1011D0196B0D2AC7F8B0100CD0596BCE
:100BB0000E2AC7F8B41007D0996B0F2AC7F8B810DF
:100BC00002D0DA6BC7F8BC20AA0782D025F0030256
:100BD00013441878B91881F88000511C8D427FF6B3
:100BE00078AF587802323944954281F880007FF618
:100BF00070AF9B783A4482F880306AE7384607F154
:100C00008001FFF7D9FE46460546002C3FF461AF50
:100C100063E7384607F18001FFF7CEFE054658E747
:100C20002A4688464FE704221344D2E7F8B58026C7
:100C30000446D0F8C0300D46C218581C382882F837
:100C40008060264432D93F282AD8002220443E2BF7
:100C500080F8802003F1020122D021443D2B81F84D
:100C6000802003F103011BD021443C2B81F880201C
:100C700003F1040114D021443B2B81F8802003F1BF
:100C800005010DD021443A2B81F8802003F10601A3
:100C900006D02144382B81F8802001D184F8BF2070
:100CA00031462046FFF788FE3A285BD8421C3B2A93
:100CB000C0F13A01C0F13B0388BF0123022941D9A9
:100CC00000219A0800F1800E012A04EB0E0C44F872
:100CD0000E1031D0022ACCF804102DD0032ACCF803
:100CE000081029D0042ACCF80C1025D0052ACCF8FD
:100CF000101021D0062ACCF814101DD0072ACCF8E9
:100D0000181019D0082ACCF81C1015D0092ACCF8D4
:100D1000201011D00A2ACCF824100DD00B2ACCF8C0
:100D2000281009D00C2ACCF82C1005D00E2ACCF8AB
:100D3000301008BFCCF8341023F003029B07104496
:100D400010D0421C002321183B2A81F8803009D0A2
:100D50002244392882F8803000F1020202D0224475
:100D600082F880300022D4F8C43031465F0F4FEA59
:100D7000535E67F307024FEA533C6EF30F225E099E
:100D80006CF31742DB0066F31F6284F8BF30204625
:100D9000C4F8BB20FFF710FE23681BBA2B60636802
:100DA0001BBA6B60A3681BBAAB60E3681BBAEB604D
:100DB00023691BBA2B6163691BBA6B61A3691BBAF8
:100DC000AB61E3691BBAEB61F8BD00BF0023F0B56E
:100DD0000B490C4C0C4ADFF840E0DFF840C00B4FE9
:100DE0000B4E0C4DC0E903ECC0E90576C0E90041AB
:100DF000C5618260C0F8C030C0F8C430F0BD00BF2B
:100E000007D57C36D89E05C117DD7030111558689E
:100E1000A78FF964A44FFABE39590EF7310BC0FF02
:100E2000F8B51446D0E93023234405460F46C0F8F0
:100E3000C430CAB13F2A14D8BCB102F17F0CC2F150
:100E400040060B4684443744511A00E084B31A78B4
:100E50000133BB420CF8012F04F1FF3403EB010214
:100E6000F4D1402A00F0968014B9C5F8C020F8BD2E
:100E7000224639462846FFF741FD211A02467B18D3
:100E80000028F2D00138052806D90131394405F18E
:100E90008000411A022914D8274405F17F0113F874
:100EA000010B9F4201F8010FF9D1C5F8C020F8BD30
:100EB000402ADAD1284605F18001FFF77DFD024680
:100EC000D3E7186891080129C5F880006CD05868EC
:100ED0000229C5F8840043D098680329C5F8880022
:100EE0003ED0D8680429C5F88C0039D01869052986
:100EF000C5F8900034D058690629C5F894002FD061
:100F000098690729C5F898002AD0D8690829C5F832
:100F10009C0025D0186A0929C5F8A00020D0586A7D
:100F20000A29C5F8A4001BD0986A0B29C5F8A800A7
:100F300016D0D86A0C29C5F8AC0011D0186B0D2951
:100F4000C5F8B0000CD0586B0E29C5F8B40007D016
:100F5000986B0F29C5F8B80002D0D96BC5F8BC1042
:100F6000910782D022F003010B441C78681880F8A6
:100F70008040481C82427FF678AF5C78023128447A
:100F80008A4280F880407FF670AF9B78294481F8D0
:100F900080306AE7284605F18001FFF70DFD024623
:100FA000002C3FF462AF63E704210B44DDE700BF90
:100FB000F8B580260446D0F8C0300D46C218581C3B
:100FC000382882F88060264432D93F282AD8002267
:100FD00020443E2B80F8802003F1020122D02144DE
:100FE0003D2B81F8802003F103011BD021443C2BD1
:100FF00081F8802003F1040114D021443B2B81F8B7
:10100000802003F105010DD021443A2B81F8802086
:1010100003F1060106D02144382B81F8802001D14C
:1010200084F8BF2031462046FFF7C6FC3A285BD83B
:10103000421C3B2AC0F13A01C0F13B0388BF0123A7
:10104000022941D900219A0800F1800E012A04EBFF
:101050000E0C44F80E1031D0022ACCF804102DD01A
:10106000032ACCF8081029D0042ACCF80C1025D07B
:10107000052ACCF8101021D0062ACCF814101DD067
:10108000072ACCF8181019D0082ACCF81C1015D053
:10109000092ACCF8201011D00A2ACCF824100DD03F
:1010A0000B2ACCF8281009D00C2ACCF82C1005D02B
:1010B0000E2ACCF8301008BFCCF8341023F003020D
:1010C0009B07104410D0421C002321183B2A81F8B2
:1010D000803009D02244392882F8803000F10202A1
:1010E00002D0224482F880300022D4F8C430314645
:1010F0005F0F4FEA535E67F307024FEA533C6EF30C
:101100000F225E096CF31742DB0066F31F6284F85E
:10111000BF302046C4F8BB20FFF74EFC23681BBA43
:101120002B6063681BBA6B60A3681BBAAB60E36893
:101130001BBAEB6023691BBA2B6163691BBA6B6135
:10114000A3691BBAAB61F8BD2DE9F04106460C4618
:10115000904688B0684602F1200106F12007CCF7DE
:1011600051F96A4669466846CCF76EF869463846D2
:10117000CCF748F93A463946384604F12005CCF711
:1011800063F86A4669466846CCF75EF841462846E9
:10119000CCF738F96A4641463046CCF71BF92A4667
:1011A00029466846CCF750F82A4669466846CCF787
:1011B0004BF869466846114ACCF746F8694620461E
:1011C000CCF720F9324621462046CCF77BF8324650
:1011D00021462046CCF776F8224631462846CCF701
:1011E00071F86A4629462846CCF7F4F83A4629466B
:1011F0002846CCF767F808B0BDE8F0812019060052
:10120000F0B504460D4699B02A4668462146CCF70B
:1012100059F869466846CCF7F5F86A46214608A8A9
:1012200005F1200604F12007CCF7D4F86A462946D8
:101230006846CCF7CFF83246394610A8CCF704F808
:10124000324639463046CCF73DF831462846CCF791
:10125000D9F86A46204608A9CBF7F6FF2246294668
:101260002846CCF72FF86A46684608A9CCF72AF832
:101270006A4639463846CCF7ADF82A46684608A98A
:10128000CCF720F86A4631463046CCF7A3F83A4608
:1012900031463046CCF716F8684610A9CCF7B2F8BC
:1012A000224669462046CCF70DF808A92246084692
:1012B000CCF708F810A9084608AACCF78BF83A46EC
:1012C000384610A9CBF7FEFF19B0F0BD2DE9F0416B
:1012D00005460C46904688B00A4668462946CBF734
:1012E000F1FF69466846CCF78DF86A4629462846DC
:1012F00004F12006CCF76EF805F120076A46214676
:101300006846CCF767F8324639463046CBF7DAFF05
:1013100031462046CCF776F82A4621462046CBF7C0
:10132000D1FF6A4621462046CBF7CCFF6A462946C4
:101330004046CBF7C7FF424639463846CCF74AF815
:10134000224629466846CBF7BDFF6A4631463046FD
:10135000CCF740F83A4631463046CBF7B3FF08B0F9
:10136000BDE8F08170B504460D4690B004F120064A
:1013700000F014F9304605F1200100F00FF9214684
:1013800008A8CCF73FF808A908460D4ACBF75CFF40
:1013900008A922460846CCF71DF808A90846094ABC
:1013A000CBF752FF31466846CCF72CF8202269462D
:1013B0000DEB0200CBF780FD013810B070BD00BF0F
:1013C000201906000019060000F002B938B50546DC
:1013D0000C4600F0FDF805F1200004F12001BDE805
:1013E000384000F0F5B800BF13462DE9F047B8B01B
:1013F0008946544A1946804610A8CBF763FB5249E8
:10140000024610A8CBF77EFB0746179E4D4907EA18
:10141000D676C6F1010210A8CBF774FB179C4A469A
:10142000E44328A918A8FFF78FFEE40F20A9084677
:10143000C4F101024FF0FE0AC7F1010700F090F875
:1014400025466A4618A928A8FFF740FF4FEA6A1305
:1014500038AA02EB830353F8A04C0AF01F03DC40C8
:1014600004F0010465402A4628A918A8CBF7A6FB7A
:101470002A4630A920A8CBF7A1FB0AF1FF3A28A9F8
:1014800018A8FFF7BDFEBAF1FF3FD9D1C4F10102A0
:1014900020A908A800F064F866406A4618A928A8A0
:1014A000FFF714FF324628A918A8CBF787FB32466E
:1014B00030A920A8CBF782FB08A96A460846CBF7DB
:1014C00089FF08A9084600F09DF808A908F1200442
:1014D000084609F12002CBF77DFF204620A908AA83
:1014E000CBF778FF08AA684618A9CBF773FF6946BF
:1014F0006846CBF787FF18AA694608A8CBF76AFFAA
:1015000021466846CBF77EFF08AA69461046CBF70E
:10151000D9FE68460D4A08A9CBF7D4FE2046202103
:10152000CBF7DEFC024608A9684654423C43CBF7A1
:1015300045FB40466946064ACBF74CFF204638B08B
:10154000BDE8F08780180600A01806000019060004
:10155000601806000A460149FFF746BFC01806009A
:1015600070B588B004460D46164600212022684614
:1015700010F070F80023294620222046009310F036
:1015800042F82A4669466846CBF79CFE32466946D1
:101590002046CBF713FB08B070BD00BF0B681BBA29
:1015A000C3614B681BBA83618B681BBA4361CB680C
:1015B0001BBA03610B691BBAC3604B691BBA83601A
:1015C0008B691BBA4360CB691BBA0360704700BFCD
:1015D000CB691BBA03608B691BBA43604B691BBAAA
:1015E00083600B691BBAC360CB681BBA03618B684D
:1015F0001BBA43614B681BBA83610B681BBAC3619A
:10160000704700BF70B50D46052498B0064610A877
:10161000CBF7F8FE2A46684610A9CBF7DBFE6946F1
:1016200010A8CBF7EFFE10A90846CBF7EBFE6A46F1
:1016300010A908A8CBF7CEFE08A910A8CBF7E2FEA8
:1016400010A90846CBF7DEFE10A90846CBF7DAFE54
:1016500010A90846CBF7D6FE10A908AA0846CBF772
:10166000B9FE10A90846CBF7CDFE10A90846CBF766
:10167000C9FE10A96A4608A8CBF7ACFE08A910A8B5
:10168000CBF7C0FE10A90846CBF7BCFE013C10A961
:10169000F5D1084608AACBF79DFE052410A90846F7
:1016A000CBF7B0FE10A90846CBF7ACFE013CF5D154
:1016B00010A908AA0846CBF78DFE10A908A8CBF7F9
:1016C000A1FE08A90846CBF79DFE08A96A46684610
:1016D000CBF780FE1024694610A8CBF793FE10A923
:1016E0000846CBF78FFE013C10A9F5D12A460846E3
:1016F000CBF770FE402410A90846CBF783FE10A953
:101700000846CBF77FFE013CF5D110A96A46084692
:10171000CBF760FE102410A90846CBF773FE10A982
:101720000846CBF76FFE013CF5D110A96A46084682
:10173000CBF750FE102410A90846CBF763FE10A982
:101740000846CBF75FFE013CF5D110A9084608AA70
:10175000CBF740FE2A46304610A9CBF73BFE18B027
:1017600070BD00BF38B52DED028B55EC104B00F06D
:1017700053F8154BB0EE408AF0EE608A93F90030D2
:10178000013319D022462B4620462946CCF7A8FA29
:1017900090B90022002320462946CCF779FA58B1A7
:1017A00003F0F2FB212300220360002310461946B8
:1017B000CCF726F941EC180BB0EE480AF0EE680AB7
:1017C000BDEC028B38BD00BFF02E002008B52DED1A
:1017D000028BB0EE408A10F08DFA0D4B93F9003079
:1017E000013311D0B4EE488AF1EE10FA0CD6DFEDD9
:1017F000098AB4EEE88AF1EE10FA05D503F0C4FBCD
:1018000088EEA80A21230360BDEC028B08BD00BF4F
:10181000F02E0020000000005B4A2DE9F04155EC5D
:10182000104BAA432B4620460FD122462946CBF720
:10183000BDFF02460B4620462946CBF701FE044673
:101840000D4645EC104BBDE8F081002D0DDC25F078
:1018500000422243F5D095B122462946CBF7EEFD52
:1018600002460B46CCF7CCF8E9E72A1515D1002142
:1018700009E0C30A153A4005002BFAD0F7E72A46DB
:10188000FAE75B000131DD02FBD54C1E121BC1F1F2
:10189000200420FA04F488402343C3F31303D4073D
:1018A000A2F2FF354FF0000643F480134FF0160EFE
:1018B0004FEA6505B04658BF5B004FF400125CBFAD
:1018C00003EBD07340005B00470003EBD07308EBE1
:1018D00002019942DEBF5B1A02EB0108B618BEF1A5
:1018E000010E4FEA43034FEA520203EBD7734FEA6C
:1018F0004707ECD1F44620204FF00041984501EB1A
:101900000E022FDB0BD1BA4209D8002A01EB020EDE
:1019100002DABEF1000F2CDA0023BF1A8C445B0000
:1019200001384FEA510103EBD7734FEA4707E5D17E
:101930003B4308D0BCF1FF3F13BF0CF1010301365C
:10194000844623F0010C7210F1074FEA5C0302F1A8
:101950007F5248BF43F0004302F50012184602EBE5
:1019600005516CE7002A01EB020E0BDABEF1000F05
:1019700008DB08F10104BA42A3EB080300D9013BDC
:10198000A046CAE74446F6E70000F07F704738B546
:101990000C46056983685B68984718B923682A680C
:1019A0005340236038BD08B58368DB6913B1012259
:1019B000984708BD6FF05700FBE708B503468C4613
:1019C00000681979DA8842EA0C02CEF78BFB08BD71
:1019D00008B50EF082F902464B0143EAD06340019C
:1019E000801A63EB01039B0043EA90738000801828
:1019F00043EB0103DB0043EA5073C0F3103040EACD
:101A0000434008BD08B520EAE070C117C90341EAA8
:101A10005041C00340F2E733C0184FF47A724FF0E0
:101A2000000341F10001CCF739FAF7F7A7FA08BD36
:101A300010B586B00BAC059403940A9C0294099CE3
:101A40000194089C0094D5F74BFD06B010BD10B56D
:101A500084688AB1964602EB420C4FEA8C0CACF1DA
:101A60000C0C8C449CF8082042F002028CF80820F0
:101A7000A4687246A04710BD0020FCE700B585B001
:101A80000191029202228DF80C20012201A9FFF798
:101A9000DEFF05B05DF804FB00B587B0009201934E
:101AA00000238DF80830089B0393099B04930723B8
:101AB0008DF814300B4602226946FFF7C8FF07B0C5
:101AC0005DF804FB00B585B08DF80F10019300920E
:101AD00001230DF10F0281880068FFF7DDFF05B0DB
:101AE0005DF804FB30B583B0044601A8D0F79CF93B
:101AF000054610B1284603B030BD0198D0F71CF957
:101B000084ED000BF6E710B586B00BAC059403949A
:101B10000A9C0294099C0194089C0094D5F7E0FC6F
:101B200006B010BD08B520EAE070C117C90341EA4C
:101B30005041C00340F2E733C0184FF47A724FF0BF
:101B4000000341F10001CCF7A9F9F7F717FA08BD36
:101B500010B586B000240094019402940394049478
:101B6000059401910292ADF80C306946E7F758FBF5
:101B700006B010BD10B584688AB1964602EB420CDF
:101B80004FEA8C0CACF10C0C8C449CF8082042F011
:101B900002028CF80820A4687246A04710BD0020FD
:101BA000FCE700B585B00191029202228DF80C206D
:101BB000012201A9FFF7DEFF05B05DF804FB00B5C7
:101BC00087B00092019300238DF80830089B03939F
:101BD000099B049307238DF814300B4602226946B3
:101BE000FFF7C8FF07B05DF804FB08B5D0F796FD16
:101BF00008BD08B520EAE070C117C90341EA5041A9
:101C0000C00340F2E733C0184FF47A724FF000037C
:101C100041F10001CCF742F9F7F7B0F908BD10B572
:101C200086B00BAC059403940A9C0294099C019421
:101C3000089C0094D5F754FC06B010BD08B50EF012
:101C40004CF802464B0143EAD0634001801A63EB33
:101C500001039B0043EA90738000801843EB01036B
:101C6000DB0043EA5073C0F3103040EA434008BD44
:101C700003680B60D0ED017AF1EE677AC1ED017A6D
:101C8000D0ED027AF1EE677AC1ED027AD0ED037AF7
:101C9000F1EE677AC1ED037A704710B586B00BACF0
:101CA000059403940A9C0294099C0194089C009456
:101CB000D5F716FC06B010BD11E0030243EA10236D
:101CC0009BB211F8010B5840C0F30313434083EA61
:101CD00003339BB2580100F4FF505840013A002AE8
:101CE000EBD1704700EBC1018368B3F5004F0AD315
:101CF00022B14B6843F001034B6070474B6823F0FF
:101D000001034B60704722B14B8843F001034B80C5
:101D100070474B8823F001034B807047C9008368EC
:101D2000B3F5004F03D30823194408447047042334
:101D3000FAE710B400EBC10C8468B4F5004F1AD375
:101D4000DCF80C30994219D0B4F5004F34D3DCF8EC
:101D50000810063200EB8202536000EBC102B4F5BA
:101D6000004F2CD3D36000EBC3038268B2F5004F61
:101D700027D399600DE0BCF80630E3E7C368012182
:101D8000914023EA0103C360063200EB8202002384
:101D900053608368B3F5004F15D3DCF80420520874
:101DA000D200B3F5004F11D3082301699B1A0B44ED
:101DB00003615DF8044B7047BCF80410C9E7D38099
:101DC000D1E79980E5E7BCF80220E8E70423ECE7D7
:101DD000931D00EB83035B686BBBC3684FF0010C82
:101DE0000CFA02FC43EA0C03C360063200EB8202E9
:101DF000516000EBC1038268B2F5004F17D39960C0
:101E00008268B2F5004F14D3D96000EBC10182683B
:101E1000B2F5004F56D34B685B08DB00B2F5004FBC
:101E200052D308229B1A02691A44026170479980B2
:101E3000E6E7D980E9E710B500EBC30C8468B4F598
:101E4000004F2DD3DCF8082000EBC10EB4F5004F95
:101E500029D3CEF808208468B4F5004F26D3CEF8F5
:101E60000C3000EBC2028368B3F5004F21D3D16080
:101E70008368B3F5004F1ED3CCF8081000EBC10106
:101E80008268B2F5004F19D34B685B08DB00B2F5EE
:101E9000004F15D308229B1A02691A44026110BD33
:101EA000BCF80420D0E7AEF80420D4E7AEF8063042
:101EB000D7E7D180DCE7ACF80410DFE74B88E4E734
:101EC0000422E8E74B88A7E70422ABE730B400EB35
:101ED000C10C8468B4F5004F29D3DCF80450531AC0
:101EE000891A01EB55015D00B4F5004F22D3CCF8FF
:101EF00004504C0000EBC20C8568B5F5004F1CD3B4
:101F0000CCF804408468B4F5004F19D340F832305F
:101F10008368B3F5004F16D3DCF8044002EB54029B
:101F2000B3F5004F12D340F8321030BC7047BCF804
:101F30000250D4E7ACF80250DBE7ACF80240E1E72E
:101F400020F83230E4E7BCF80240E7E720F832102E
:101F5000EBE730B400EBC1018468B4F5004F1ED349
:101F60004B685B0800EBC20CB4F5004F19D3DCF8EA
:101F7000045003EB55035D00B4F5004F14D34D60DE
:101F80008168B1F5004F11D3DCF8044002EB540234
:101F9000B1F5004F0DD340F8323030BC70474B885C
:101FA000DFE7BCF80250E4E74D80E9E7BCF8024007
:101FB000ECE720F83230F0E78368B3F5004F04D344
:101FC0000823C91A081AC00870470423F9E708B59E
:101FD0008368B3F5004F07D300EBC1025268520883
:101FE000012A02D0002200E00022A2B900EBC102C7
:101FF000B3F5004F10D352685208B3F5004F0DD31C
:1020000008230833A2EBD3020132B2FA82F2C2F102
:102010001F02FFF78EFE08BD5288EDE70423F0E7AC
:1020200008B58368B3F5004F07D300EBC1025268CF
:102030005208012A02D0002200E00022A2B900EBDF
:10204000C102B3F5004F10D352685208B3F5004FE8
:102050000DD308230833A2EBD3020132B2FA82F285
:10206000C2F11F02FFF7B4FE08BD5288EDE704235A
:10207000F0E7F8B504460D46CE0000EBC1078368D3
:10208000B3F5004F1FD3796805EB510104EBC10292
:10209000B3F5004F19D3536813F0010F17D0A3689D
:1020A000B3F5004F24D3A159691A04EBC102B3F56B
:1020B000004F1FD3536813F0010F1DD0294620464F
:1020C000FFF7AEFFF8BD7988DEE75388E4E72046E6
:1020D000FFF77DFFA368B3F5004F07D37A6805EBE0
:1020E000520229462046FFF734FFD8E77A88F6E700
:1020F000A15BD9E75388DEE72046FFF768FFA368B6
:10210000B3F5004F0CD3A1592A46691A2046FFF7B0
:1021100020FFA368B3F5004F04D3A359ED1ACDE710
:10212000A15BF1E7A35BF9E7F8B58568B5F5004F6A
:1021300011D308230833A1EBD3030133B3FA83F39C
:10214000C3F11F02C3F1250400EB8404676857B391
:102150004FF0030C13E00423ECE7BEF8026019E033
:102160002146FFF7E6FD26E0BEF80660941D00EB71
:1021700084046660BCF1010C15D0B74213D0941DE5
:1021800000EB8404646800EBC40EB5F5004FE4D3A3
:10219000DEF80460B1EB560FE2D9B5F5004FE3D39A
:1021A000DEF80C60E2E7C468C3F12002012393402B
:1021B0005B421C4001D12046F8BD94FAA4F2B2FA69
:1021C00082F2931D00EB83035C682146FFF7B1FDAB
:1021D000F1E7F8B5046800294DD00B46A268B2EBD0
:1021E000D10F4AD9B2F5004F32D308229D180735D6
:1021F000ED0829462046FFF797FF064600283ED007
:1022000004EBC007A368B3F5004F23D37B68B5EB9D
:10221000530F21D3012231462046FFF763FD31469B
:102220002046FFF77BFDA268B2F5004F1FD37B6805
:102230005B08DB00B2F5004F1BD308229B1A6269D2
:1022400013446361A269934238BF1346A361F8BD8A
:102250000422CBE77B88DAE735442A46314620461C
:10226000FFF734FE29462046FFF7DAFED2E77B88E7
:10227000DEE70422E2E70020E9E70020E7E70020AC
:10228000E5E758B169B1026812690A6002685269EB
:102290004A6003689B698B60002070476FF01500EF
:1022A00070476FF01500704710B50C4611461A467E
:1022B000029BA04710BD5BB32DE9F04782B00746F3
:1022C000884691461D461A785E789C78DB7804EB48
:1022D000820404EB43042C444FF0000A0AE014F893
:1022E000013B45F823402046CBF7FCFD0130044478
:1022F0000AF1010AB245F2D305F1080300936B68B5
:102300004A4641463846FFF7CFFF02B0BDE8F087A6
:102310006FF0150070470020704710B40C686CB166
:102320008A684B689A4209DA013B9A420AD0A05463
:102330008B6801338B605DF8044B70478B68013309
:102340008B60F8E70023A354F2E708B500F031FFF3
:1023500008BD0FB400B583B004A951F8040B019176
:10236000FFF7F3FF03B05DF804EB04B070470CB463
:1023700000B583B004AB53F8042B0193D2F792FD60
:1023800003B05DF804EB02B0704708B50446084698
:1023900011461A46A047F6F7ADFED9F7C3FF30B590
:1023A00083B004460191037843F0800303700D4627
:1023B0000B782A2B18D001A8D2F78CFD019B9D42E7
:1023C0000FD0237843F0800323706060DBB2C3F347
:1023D0004003002810DB00221343227863F34102FC
:1023E0002270019803B030BD437843F0010343707D
:1023F000084601300190F5E70122EDE710B582B003
:1024000001910B782E2B14BF00230123427863F334
:1024100041024270C3B10446019B5A1C01925B7891
:102420002A2B13D001A8D2F755FDA0602378C3F35F
:102430004003002812DB00221343227863F3410299
:102440002270019802B010BD0846FBE7437843F0C4
:1024500004034370104601300190F3E70122EBE7DB
:1024600002460B784C3B2E2B5BD8DFE803F04F5A2B
:102470005A5A5A5A5A5A5A5A5A5A5A5A5A5A5A5ABC
:102480005A5A5A5A5A5A5A5A5A5A185A3A5A295A3F
:102490005A5A5A5A5A5A485A5A5A5A5A4100481C71
:1024A0004B78682B05D05378022161F3C603537033
:1024B00070475378012060F3C6035370881C70473F
:1024C000481C4B786C2B05D05378032161F3C6036D
:1024D000537070475378042060F3C6035370881C10
:1024E00070475378052060F3C6035370481C70474B
:1024F0005378062060F3C6035370481C7047537826
:10250000072060F3C6035370481C704753780820B7
:1025100060F3C6035370481C137843F00203137032
:10252000704753786FF3C60353700846704700B581
:102530000246084610F8013BD370782B17D86E2B53
:1025400045D2692B13D8582B17D3A3F1580C5FFA37
:102550008CFC012101FA0CF111F4624F15D140F607
:10256000010C11EA0C0F71D111F4043F56D113780C
:1025700043F00103137000215EE0412B05D0F6D338
:10258000A3F14501C9B20229F1D891784FF0040CAA
:102590006CF302019170612B6CD0412B68D000214B
:1025A000537861F3C7135370DBB292F9011000291D
:1025B00074DB03F07803182B5ED0002B70D0402B17
:1025C00070D0137843F001031370002134E0A3F1BD
:1025D0006E01C9B24FF0010C0CFA01FC40F28241CD
:1025E0001CEA010F14BF4FF0010E4FF0000E2DD169
:1025F0001CF0240F14BF0121002143D11CF0010C59
:10260000B5D093784FF0030E6EF3020393705378B6
:1026100003F07803402B0FD161460DE091784FF025
:10262000010C6CF302019170517801F0780140299E
:1026300013D0632B18D000211378C3F3400C41EA68
:102640000C0161F3410313705DF804FB91784FF0C6
:10265000020C6CF302019170E6E792F800C04CF0B6
:10266000010C82F800C0E4E7003918BF0121E3E75C
:10267000012195E7012193E753786FF3C603537067
:102680000021D9E793784FF0030C6CF302039370A9
:10269000537813F0780FCFD17146CDE70121CBE706
:1026A0000021C9E70021C7E710B50446084600230A
:1026B00023606360A3604B78252B14D00131204642
:1026C000D2F71EFC01462046FFF769FE0146204670
:1026D000FFF794FE01462046FFF7C2FE0146204662
:1026E000FFF725FF10BDE3700230FBE700B502687D
:1026F00041684FF033339E46A2FB032C12EB0E0EC3
:1027000043EB0C0E12EB0E024CF1000CA1FB031379
:102710008A1843EB0C02891843F1000301604360FF
:102720005DF804FB08B502684168520842EAC172CC
:10273000490802604160FFF7D9FF08BD84460B6875
:10274000002B17DD013B0B6001684368980040EAED
:1027500091708A00521843EB000392185B41CCF849
:102760000020CCF80430180F303023F07043CCF840
:1027700004307047302070476F280CD005D970287E
:102780000BD078280BD110207047582801D00A2090
:1027900070471020704708207047102070470A20AB
:1027A00070474378C3F3C303072B18D8DFE803F05F
:1027B0000406080A0C1014160A6070470A70704765
:1027C0000A8070470A607047D3170A604B607047F1
:1027D000D3170A604B6070470A6070470A60704701
:1027E0002DE9F04180460F4614461E46002506E0BE
:1027F000394614F8010BC047002807DB0135B44205
:10280000F6D316B92378002BF2D12846BDE8F08123
:102810000FB400B583B004A951F8040B0191FFF780
:1028200094FD03B05DF804EB04B0704701F00701BC
:10283000838B23F007030B43838370472DE9F0411B
:1028400006460F469046816821B10C683CB131B90B
:102850000C4604E00C4602E0234621461C4669B1C2
:102860004D6843463A463046A847002CF4D02368CA
:10287000002BF2D0002CF0D12346EEE7BDE8F0812A
:10288000838B13F0070303D102680AB1032070475A
:10289000022B03D0012B06D000207047C28B002AE8
:1028A000F8D10420704703680BB105207047002061
:1028B000704750B110B50C4651B1081D00F054F8E6
:1028C00010B9A368032B06D810BD6FF01500704730
:1028D0006FF01500F8E76FF01500F5E72DE9F0410E
:1028E00007460C4616461D461946201DD3F73EFEE8
:1028F00028B180462B46324621463846C047BDE8BF
:10290000F0812DE9F04180460C4617461E4604E052
:1029100033463A464046FFF7E1FF216831B10D6882
:10292000256063688B42F3D16560F1E7BDE8F08113
:1029300070B138B50C46054669B10B6873B14B6888
:102940007BB1202200210EF085FE2C61002038BDD5
:102950006FF0150070476FF01500F8E76FF0150085
:10296000F5E76FF01500F2E70246B0B1436803F0F7
:102970000303022B0BD0032B04D0012B04D06FF0E8
:102980001500704703685BB10020906070470368D2
:10299000002BF9D16FF0150070476FF015007047EC
:1029A0006FF015007047F0B40346C6684568A81B71
:1029B000DC69844214D9201A5F69A5EB070CA4EBEB
:1029C0000C04A24228BF2246904228BF10461A6833
:1029D000AD1B2A440A605A6802445A60F0BC704732
:1029E000001B2644E7E730B444688368E41A8C424D
:1029F0002CBF002401248CB9024619448160416037
:102A0000C568491BC3698B428CBF0020012008B9EF
:102A100030BC70472B44D3602046F9E76FF01500B7
:102A2000F6E770B4034686690569A81BDC69844231
:102A300011D9201A9C68641BA24228BF22469042EA
:102A400028BF10461A68AD1B2A440A601A6902445E
:102A50001A6170BC7047001B2644EAE730B4046971
:102A60004369E41A8C422CBF002401248CB902462D
:102A70001944416101618569491BC3698B428CBF5F
:102A80000020012008B930BC70472B4493612046D8
:102A9000F9E76FF01500F6E7704710B586B00BAC9C
:102AA000059403940A9C0294099C0194089C009448
:102AB000D4F716FD06B010BD10B584468E461346F9
:102AC0000068DCF804108268546814B17246A047AC
:102AD00010BD6FF05700FBE708B583681B680BB1AA
:102AE000984708BD6FF05700FBE708B583681B697E
:102AF0000BB1984708BD6FF05700FBE700FB01F1F1
:102B0000033121F00301C31C5B0003EB001303330B
:102B100023F0030303EBC000083008444000704773
:102B20000023012B08D8C3EB031200EBC20292F87A
:102B30006C201AB90133F4E7012070470020704778
:102B4000C86828B108B500220969FFF7C5FF08BDAC
:102B500070470369D3F8000470476FF08500704731
:102B600031B108B5084611460BF009FD002008BD3B
:102B70006FF00100704731B108B5084611460BF0FF
:102B8000F3FC002008BD6FF00100704708B58446D3
:102B9000084611461A46DCF8103003F57F73D3E877
:102BA000AF3F022B04D132B140B1D3F7C1FE08BD13
:102BB0006FF00F00FBE76FF04C00F8E76FF00100DB
:102BC000F5E72DE9F04190461E46069A079B0069FD
:102BD000A1B30F46B8F1000F33D0AEB314461D4673
:102BE000B3F1FF3F08BFB2F1FF3F01D013431ED145
:102BF00033681BB1D0F8002493421BD804EA0502C5
:102C0000B2F1FF3F14BF00220122314638460BF0DB
:102C1000C1FC034628B9B5F1FF3F08BFB4F1FF3F3F
:102C2000ECD0A3B1C8F800300020BDE8F0816FF00F
:102C30008500FAE732606FF00B00F6E76FF00100F5
:102C4000F3E76FF01500F0E76FF01500EDE76FF0B8
:102C50006800EAE708B50BF0FCFC08BD70B5054656
:102C60000E460024012C0FD8C4EB0413DB004833BC
:102C7000E9183046CBF72CF908B10134F2E7C4EB80
:102C8000041405EBC40000E0002070BD38B5054613
:102C90000C461146FFF7E2FF10B12060012038BD5D
:102CA0002846D3F789FE10B120600020F7E7002006
:102CB0002060F4E7F0B583B007460D4600F5EC76EA
:102CC0004FF0FF324FF0FF333046F3F799FA2A689E
:102CD00001A93846FFF7DAFF019CB4B105F10803FA
:102CE00023676B696367002384F86C30646480B188
:102CF0003046F3F79DFB01998B6E2A683846D3F76F
:102D000063FE019C204603B0F0BD3046F3F790FB14
:102D1000F8E72022296804F148000EF0DDFD0023C9
:102D200084F867303046F3F783FBEAE72DE9F0419A
:102D300082B0D0F8C44029B11646A4F5E2770D461A
:102D40000B7813B902B0BDE8F08114344FF0FF32B4
:102D50004FF0FF332046F3F753FA2A4601A93846CD
:102D6000FFF794FFDDF80480B8F1000F0AD068B1D6
:102D70002046F3F75DFB33462A4601993846D3F7E0
:102D800023FEDFE72046F3F753FBDBE7202229464B
:102D900008F148000EF0A0FD002388F86730C8F85D
:102DA00068602046F3F744FBCCE7F8B506460D46CD
:102DB000D3F702FE0446A8B105F1080303676B6967
:102DC0004367002780F86C706064202229684830CF
:102DD0000EF082FD84F86770224601213046D3F759
:102DE0004BFF08B92046F8BD3C46FBE7006900F5FB
:102DF0007F73D3E8AF3F022B12D110B50C461146BA
:102E0000136883B11B788BB1D0F8F8332BB9FFF777
:102E100051FF70B12060002010BDFFF7C6FFF8E73A
:102E20006FF00F0070476FF01500F5E76FF01500B9
:102E3000F2E76FF01500EFE710B5029B42B10846CC
:102E400011461A6F54680CB15A6FA047002010BD8C
:102E500093F86C20002AF9D1012283F86C201846DF
:102E6000D3F706FEF2E738B5436804690022996992
:102E70005869FFF73AFE054608B1284638BD04F503
:102E8000347401212046F4F773FB2046D9F74AFA3F
:102E9000F3E72DE9F0410446D0F80480066906F511
:102EA0007F770123D7E8EF2F022A03D1C7E8E13F5C
:102EB0000029F7D137D13046FFF732FEB0B3D6F84C
:102EC000F813304600F0ABF8054648B10223D7E8C6
:102ED000EF2FC7E8E13F0029F9D12846BDE8F0818E
:102EE0002046FFF7C0FF05460028EFD106F5F8742D
:102EF000D8F80010204600F003F905460028E5D177
:102F0000D022002120460EF0A5FB4FF4F6720021DE
:102F100030460EF09FFB0023D7E8EF2FC7E8E13FD4
:102F20000029DAD0F8E76FF07705D6E76FF00F05E4
:102F3000D3E770B50E46051F012400E00134314689
:102F40002046FFF7DBFDA842F8D3601E05D0B0FA9B
:102F500080F04FF0004323FA00F070BDF8B506464C
:102F60000D46896AA868FFF7E4FF30B307466C682E
:102F7000073424F00304F464A96AFFF7BFFD306549
:102F8000AB6A07FB03F3033323F0030304EB4304AF
:102F90007464FB1C5B0003EB0713033323F0030390
:102FA00003EBC70306331C44033424F003043464E6
:102FB0006B68F363B7640020F8BD6FF00B00FBE7AC
:102FC00008B502F5307102F534700CF00AFD08BD49
:102FD00008B5D0F83831A0F53070003B18BF012398
:102FE000AA3300EB830040680BF00FFA08BD10B560
:102FF000436804691B68C4F8F83304F5EC700CF0FE
:103000009BFB04F57F740020D4E8EF3FC4E8E20F97
:10301000002AF9D110BD08B50BF01BFB08BD80B12B
:1030200038B50C460546F0300BF073FD0CB10020AE
:1030300038BD0020C5F8C401C5F8C801C5F8CC01E9
:10304000F6E76FF01500704708B50268D2F8C8308F
:1030500013B1D2F8C410984708BD704783690BB903
:10306000C36B19707047012070478369012B01D031
:1030700004207047C36B1878C0B2704710B504467F
:10308000C36A03B198473822002120460EF0E2FAC5
:1030900010BD38B5C41DE400204609F0FBFE05460E
:1030A00018B1224600210EF0D5FA284638BD38B5B1
:1030B0000446382200210EF0CDFA0025C4F8A450B1
:1030C000C4F8A850C4F8AC50C4F8B050C4F8B45018
:1030D000C4F8B850C4F88C50C4F89050C4F8945058
:1030E000C4F89850C4F89C50C4F8A050D4F8C0005C
:1030F000F1F71AFFD4F8BC00F1F716FF284638BDE7
:1031000038B50446FFF7D3FF054608B1284638BD59
:1031100004F15400FFF7B2FFF1F764FEF6E7002078
:10312000704708B508F08DFA08BD08B520EAE070D0
:10313000C117C90341EA5041C00340F2E733C01848
:103140004FF47A724FF0000341F10001CAF7A6FE76
:10315000F5F714FF08BD08B500210846D3F702FFB4
:10316000002008BD0B7813F0040F01D00120704738
:1031700070B5054608460C88C4F38214C3F3C20632
:10318000D4F734FA74B1002801DA012070BD0123AC
:1031900002463146284600F09AF884428CBF00204F
:1031A0000120F3E70120F1E708B50846D3F74CFF0B
:1031B00008BD00B585B003910290002001900090F9
:1031C000034602460146D4F78BF905B05DF804FBCF
:1031D0000020704701460122002000E00132092A48
:1031E00009D802EB420321FA03F303F007039842E4
:1031F000F4D21846F2E77047F8B5074608461E466F
:103200001146D3F7EFFF0546046807EB470707238E
:10321000BB4024EA0304046006F00706BE403443C2
:1032200004602046FFF7D6FF24F007042C6000F06E
:10323000070004432C60F8BD38B50546002400E0C3
:1032400001340020D4F74EF8A0420BD921460020CB
:10325000D4F752F80028F3D02946CAF739FE0028DF
:10326000EED101E04FF0FF34204638BD70B50C467A
:1032700015461E4638B1D3F7BBFF33462A462146D2
:10328000D4F7ACF870BD4FF0FF30F6E770B50646E6
:103290000D46002407E022B22B4600213046FFF7FE
:1032A000E5FF0134A4B20020D4F71CF88442F2D325
:1032B00070BD10B50446D3F7E3FF18B92046D3F725
:1032C000F7FF10BD00212046FFF7E0FFF6E770B5DD
:1032D0000C4615461E4640B1D3F78AFF33462A46B0
:1032E0002146C0B2D4F726F870BD4FF0FF30F5E7A5
:1032F00070B588B10E4614461946054633B11030F4
:10330000C2F34A23120D18440EF07DF92C606E6052
:103310002846D3F757FF70BDD3F73CFFFBE710B546
:1033200086B00BAC059403940A9C0294099C01940A
:10333000089C0094D4F7D4F806B010BD2DE9F041F4
:1033400080460768856843681C685E6805E0324609
:1033500021462846B847241A0544002CF7D1D8F84E
:10336000043000221A60BDE8F08100B583B08DF80A
:1033700007000B684A68526801210DF10700984761
:10338000002003B05DF804FB38B504460D460A285A
:1033900005D029462046FFF7E8FF002038BD0D2064
:1033A000FFF7E3FFF5E710B582B000240094D2F7F1
:1033B0005BF802B010BD08B513460122D4F77CF9C2
:1033C00008BD08B513460022D4F776F908BD38B514
:1033D00005460C4601F00101FFF7F3FF21462846A0
:1033E000D4F710FA38BD2DE9F04383B080460E467D
:1033F00015461F46DDF828902C46102D28BF1024B6
:10340000CDF800903B46224631464046D4F70EFAAE
:1034100026442D1BF0D103B0BDE8F0832DE9F04325
:1034200087B006460C469046D1F808900F88C7F33F
:1034300082170878C0F3C2050846D4F7D7F8011EF2
:103440001ADA0023214651F8105BC5F34A25628839
:10345000C2F30B12481905B90021CDF8148004926B
:103460000390029101970022009249463046D4F71A
:103470003FFA07B0BDE8F0832846D3F73DFF034687
:10348000E0E7012801D00120704703230B700122DF
:103490004A7008718B70CB700020704708B5836844
:1034A0009B680BB1984708BD6FF05700FBE770476A
:1034B00010B58446002906DBC818DCF80840A04295
:1034C0000CD9002000E0002050B1DCF80C00DCF842
:1034D0000440214484682468A04710BD0120F3E71C
:1034E0006FF01500F9E710B58446002906DBC8180F
:1034F000DCF80840A0420CD9002000E0002050B1C8
:10350000DCF80C00DCF80440214484686468A047BF
:1035100010BD0120F3E76FF01500F9E710B50029A1
:1035200005DB8B188468A34209D9002300E000233F
:103530003BB143681944C068FFF7B0FF10BD0123D9
:10354000F6E76FF01500F9E710B50346002905DB33
:1035500088189C68A04209D9002000E0002038B1FA
:10356000D8685B68194401F07AFB10BD0120F6E7CA
:103570006FF01500F9E708B5C0688368DB68984705
:10358000006808BDC068704708B5C0688368DB681C
:103590009847407908BD08B583689B680BB1984788
:1035A00008BD6FF05700FBE710B586B00BAC059473
:1035B00003940A9C0294099C0194089C0094D3F7FC
:1035C0008FFF06B010BD2DE9F84F00283ED08A4687
:1035D00090469B46044603698268134443448269CB
:1035E000934236D84FF000094E463146A8EB060705
:1035F0006568A368ED1AAF420FD320682A460AEB2C
:10360000060118440DF0FFFF6368A3602046D4F75D
:10361000DFFA814640B92E44E7E7464507D3BBF1C0
:10362000000F01D0A36863B94846BDE8F88F206851
:103630003A46514418440DF0E6FFA3681F44A760C2
:10364000EDE72046D4F7C4FA8146EDE76FF00D09A7
:10365000EAE76FF00B09E7E7006970472DE9F041F1
:1036600084B005460C4616461F46D1F80C804046ED
:10367000CAF738FC80B20290CDF80480BDF828303B
:1036800000933B46324621462846E4F7D5FE04B077
:10369000BDE8F0810020704710B586B00BAC0594F2
:1036A00003940A9C0294099C0194089C0094D3F70B
:1036B00017FF06B010BD30B585B0044600F50170A7
:1036C000FFF7CAFF10B1002005B030BDD4F80032BA
:1036D000986806F016FA0546D4F80002FFF752FF84
:1036E0008368DB689847D4F80002FFF74BFF01AA14
:1036F000294606F0EEFC0028E6D1029A0199D4F89A
:103700000002FFF721FFDFE72DE9F04105460E46F5
:1037100017461C46FFF7CFFF804610B14046BDE874
:10372000F08123463A46314605F50170FFF74BFF1D
:103730008046002CF2D0D5F80002FFF7B8FE002337
:10374000C5F80032EAE710B584B00446084604F52F
:103750000071D4F759F908B104B010BDD4F80002D3
:10376000FFF710FF0146D4F800325A689B6800202A
:103770000290019300924FF40073224604F5017009
:10378000D4F7C6FAE8E708B520EAE070C117C90324
:1037900041EA5041C00340F2E733C0184FF47A7257
:1037A0004FF0000341F10001CAF778FBF5F7E6FBA3
:1037B00008BD08B50120D2F7E7F908B50020D2F717
:1037C000E3F9037813F0040F01D000207047036879
:1037D000C3F34A2000EB1350173020F00700800895
:1037E000704708B5836823B11B6C2BB19847002044
:1037F00008BD6FF05700FBE76FF05700F8E708B51A
:1038000083685B6903B1984708BD08B583689B6905
:1038100003B1984708BD08B583681B6A03B1984790
:1038200008BD08B583685B6A03B1984708BD08B551
:103830008368DB6B0BB1984708BD6FF05700FBE75F
:103840000120704710B5446821606260A360406841
:10385000D5F73EF8002010BD08B54368197309B9C3
:10386000002008BD1868FFF7D0FFF9E72DE9F843FD
:103870000646884617469946002406E0306818F840
:10388000041083685D68A8470134BC42F6D3C9F8C8
:1038900000707368B168012098470020BDE8F88384
:1038A00010B51C463030D2F7BFFE2060002010BD9E
:1038B00008B54068FFF7F4FF08BD38B504461D465B
:1038C0001030D2F77FFE286004F1D0030121D3E845
:1038D000EF2FC3E8E01F0028F9D10AB1002038BD5E
:1038E0002068FFF78CFFF9E710B54068047B14B13E
:1038F000FFF7BCFF10BDFFF7E0FFFBE710B550F886
:10390000984B0CF059FA2046FFF77FFF2046FFF74F
:1039100088FF10BD08B54068FFF7F0FF002008BD24
:1039200010B586B00BAC059403940A9C0294099CD4
:103930000194089C0094D3F7D3FD06B010BD38B5B0
:1039400004460D46FFF773FFA368DB6A13B12046F8
:10395000984718B129462046D4F7E0FFA368DB69F1
:1039600013B12046984718B129462046D5F740F8AC
:1039700038BD8268002382F856308268A2F852303F
:103980008268A2F850307047034600207AB110B424
:103990001C7891F800C0644506D12CB10133013187
:1039A000013A0130002AF3D15DF8044B70477047AB
:1039B00030B584461546C06868B11A68039B1A6022
:1039C0008E4664460FCCAEE80F002368CEF8003078
:1039D000DCF8083063B1DCF8043043B1AE46BCE833
:1039E0000F00AEE80F00DCF80030CEF8003030BD3C
:1039F0009CF81130FE2BEED19CF81030013B049A5C
:103A00001360E8E70D290AD00A2908D08368B3F8C3
:103A100078226FF3CA02A3F87822002070478268E8
:103A2000D2F87832C3F3C7033BB1D2F87832C3F38C
:103A3000C703994201D000207047B2F8783261F391
:103A4000CA03A2F878320120704730B583B004462B
:103A500000230193836803F51F7500F08FFDA368B1
:103A6000B3F8503033B96A4601A928460CF047FA3A
:103A700003B030BD4FF4F6700021F5F77FFAF2E79E
:103A800008B5C06800F0E2FF08BD836803F51E7347
:103A900051B1D3E8EF0F40F48052C3E8E12F002981
:103AA000F7D1C0F300307047D3E8EF0F20F4805215
:103AB000C3E8E12F0029F4D0F6E7836803F51E730D
:103AC00051B1D3E8EF0F40F48042C3E8E12F002961
:103AD000F7D1C0F380307047D3E8EF0F20F4804275
:103AE000C3E8E12F0029F4D0F6E7836803F51E73DD
:103AF00051B1D3E8EF0F40F00202C3E8E12F0029F3
:103B0000F7D1C0F340007047D3E8EF0F20F0020276
:103B1000C3E8E12F0029F4D0F6E7836803F51E73AC
:103B200051B1D3E8EF0F40F40062C3E8E12F002960
:103B3000F7D1C0F3C0207047D3E8EF0F20F4006244
:103B4000C3E8E12F0029F4D0F6E7836803F51E737C
:103B500051B1D3E8EF0F40F00402C3E8E12F002990
:103B6000F7D1C0F380007047D3E8EF0F20F00402D4
:103B7000C3E8E12F0029F4D0F6E7836803F51D734D
:103B800051B1D3E8EF0F40F00102C3E8E12F002963
:103B9000F7D100F001007047D3E8EF0F20F00102E9
:103BA000C3E8E12F0029F4D0F6E7836803F51E731C
:103BB00051B1D3E8EF0F40F00102C3E8E12F002933
:103BC000F7D100F001007047D3E8EF0F20F00102B9
:103BD000C3E8E12F0029F4D0F6E710B50446D4F786
:103BE0006DFFA3685B6C13B1014620469847A3683C
:103BF0000022C3F82023F5F77DFAD8F793FB70B5C0
:103C000082B0054616468468090101F51E710C4410
:103C100004346A4601A920460CF071F9019B0BB9E6
:103C200002B070BD20460CF067F92846B047F7E7B0
:103C300008B530B9886800F51F700021F6F7F0FE6E
:103C400008BD886800F52B70F7E708B5C06800F07C
:103C50006EFF08BD0EB400B582B003AA52F8041B73
:103C60000192D6F7BBF802B05DF804EB03B07047E1
:103C700010B504460021FFF768FFE06800F0B0FED1
:103C800010BD08B5C06800F0E9FE08BD2DE9F04F91
:103C900087B00F469A46109DDDF84480914642B1A8
:103CA0001046CAF71FF986B20024A8F800402C601D
:103CB00005E00026F8E72B6801332B60013401AAE8
:103CC00021463846D6F7BEF90346C0B1D3F800B056
:103CD0003246494658460DF0EDFD0028EED15846D3
:103CE000CAF700F9B8F80030834238BF0346A8F895
:103CF00000302B68002BDED1CAF80040DBE707B0AC
:103D0000BDE8F08FF0B585B004460E461F467AB187
:103D10001046CAF7E7F885B201950A9B00933B4627
:103D200003AA31462046D5F763FA18B905B0F0BDAD
:103D30000025F1E7421B92B203992944204600F086
:103D4000E7FBF3E710B5A4B004460FAB08930023DC
:103D500007930AAB019306AB009304AB08AA09A929
:103D6000D5F7E2F808B924B010BD069A089B53F8BD
:103D700022200DF11603019303AB009307AB0999C1
:103D80002046FFF783FF039B012B1AD0012BEAD9B2
:103D90000699089A52F82120BDF816100191009357
:103DA000079B09992046D5F7CFF9069A089B53F847
:103DB0002220039B0093079B09992046FFF7A2FF4F
:103DC000D1E7079B0699089A52F8212009992046C5
:103DD000D5F706F9C7E708B5622902D0662905D0EC
:103DE00008BD4FF0FF3100F08EFAF9E7012100F035
:103DF0008AFAF5E7F0B583B004460D468368D3F838
:103E0000783213F0040F21D1E368DB682BB3A2688A
:103E10000DF1060356322946E06800F0E4FD88B350
:103E2000204600F090FA2046D4F7B2FE2046D6F79E
:103E3000A3FAA268BDF80630A2F85230A268A2F830
:103E400050302046D6F75AFA03B0F0BD0021FFF7F4
:103E50007CFEE06800F0C4FDD6E7002DF4D0A66833
:103E600016F1560704D03846CAF73CF880B218B9A4
:103E7000002386F85631CAE7394606F5AB700DF0D7
:103E800011FDC4E7A06800F5AB7156300DF00AFDD6
:103E9000A068563005D0CAF725F880B2ADF8060004
:103EA000BEE70020FAE70CB400B583B004AB53F8CA
:103EB000042B0193D5F714FD03B05DF804EB02B0B9
:103EC00070470EB400B582B003AB53F8042B0193D6
:103ED0000821D5F705FD02B05DF804EB03B070478B
:103EE0000EB400B582B003AB53F8042B0193032149
:103EF000D5F7F6FC02B05DF804EB03B070470EB4E2
:103F000000B582B003AB53F8042B01930121D5F720
:103F1000E7FC02B05DF804EB03B0704710B504464F
:103F2000806800F543704FF0FF324FF0FF33F2F737
:103F300067F92046D4F73CFEA06800F54370F2F71D
:103F400077FA10BD18B18368D3F8240370476FF077
:103F50001500704710B5044683680269126801684D
:103F6000C0689847236900221A6010BD38B505461D
:103F70000C46CB681B7C022B0ED0226823691B6881
:103F8000D554226913680133136023691A68636882
:103F90009A4207D0002038BD0A28EED10D20FFF745
:103FA000E5FFEAE72046FFF7D5FFF3E7037B194477
:103FB000408991FBF0F07047037B1944438991FBE2
:103FC000F3F203FB1211481C704770B505460E460C
:103FD0001146FFF7F1FF044631462846FFF7ECFF94
:103FE000201A70BD70B505460E461146FFF7DEFF7C
:103FF000044631462846FFF7D9FF201A70BD00B5A8
:1040000090F80CE07144438991FBF3FC03FB1C1115
:10401000013101800CF1010CA0F804C0724492FB44
:10402000F3F101F1010CA0F806C003FB11220132EB
:1040300042805DF804FBF8B507460E46154611466A
:104040000DF05DFC0446D5B12846C9F74BFF85B29B
:10405000A4B1A74203D214F8013C202B11D0204672
:10406000C9F740FF82B2521B92B2013233885B1B08
:10407000338092B2611920460DF0D2FAF8BD0025C6
:10408000E6E70135ADB2013CE9E72DE9F04186B044
:1040900088461746064640B101AC00687168B268B0
:1040A000F3680FC43069206001AE002421463A460F
:1040B00001343046D5F7C6FF054628B12968404689
:1040C000C9F706FF0028F1D1284606B0BDE8F08107
:1040D0002DE9F84306460F4615461C46DDF82080BC
:1040E0009DF824900023236017E02368424655F88A
:1040F00023103046FFF7C9FF58B12268511C2160D8
:10410000B9F1000F08D0804501D0064605E02260D5
:1041100000263046BDE8F88306462368BB42F8D245
:1041200055F8230000F03BFD0028DED02368013362
:104130002360F2E710B50446806800F15001563064
:10414000D5F762FEA368B3F85020A3F8522010BD43
:1041500070B582B0164603782D2B1ED004460D464E
:1041600000F012FF002303602A4601A92046FBF756
:10417000DDFD054600F008FF0368222B14D000F097
:1041800003FF036823B9019BA34201D01B7843B10D
:104190006FF015033360002503E06FF01503136023
:1041A0000025284602B070BD6FF021033360002562
:1041B000F7E70EB400B582B003AA52F8041B0192CF
:1041C000D5F70CFE02B05DF804EB03B0704738B5CC
:1041D0008568B5F8504075B12846C9F783FE80B2AE
:1041E00024180AD06B8FB4FBF3F203FB1244B4FA29
:1041F00084F0400938BD0020F2E70020FAE7836828
:1042000003F51E7351B1D3E8EF0F40F00202C3E88B
:10421000E12F0029F7D1C0F340007047D3E8EF0F3A
:1042200020F00202C3E8E12F0029F4D0F6E710B530
:1042300086B0044683681A7D022A0AD9D3F8782208
:1042400012F0020FFAD000212046FFF7D8FF06B087
:1042500010BD03F52B730022012101A8F6F714FA13
:104260004FF0FF324FF0FF33012101A8F6F764FA57
:10427000A06800F52B700BF03FFEE8E738B58568C5
:10428000B5F85200D5F87432C3F3400303FB00F4D1
:104290006DB12846C9F726FE80B220446B8F90FB93
:1042A000F3F203FB1200B0FA80F0400938BD0020A1
:1042B000F3E7F8B504460D468068B0F8521011FADD
:1042C00085F5ADB2B0F850203030FFF798FEA06809
:1042D0002A46B0F852103030FFF784FE0746A06837
:1042E0002A46B0F852103030FFF76FFE064679428A
:1042F0002046D5F7A5FF31462046D5F7BBFFA3687A
:10430000A3F85250F8BD70B50546002901DB01261F
:1043100014E0494209B24FF0FF360FE0A868334677
:10432000B0F85020B0F852105630D5F71BFF16FBEE
:1043300000F109B22846FFF7BCFF21464B1E1CB214
:104340000029EBD170BD08B58368B3F8521049421B
:1043500009B2FFF7AEFF08BD08B58368B3F8501087
:10436000B3F85230C91A09B2FFF7A3FF08BD08B568
:104370008368B3F8523003B908BD4FF0FF31FFF73F
:1043800098FFF9E708B58368B3F85220B3F85030C6
:104390009A4200D308BD0121FFF78BFFFAE708B569
:1043A0008268B2F85210A2F850108368B3F8522015
:1043B0001344002283F85620D5F706FF08BD10B538
:1043C00004468068B0F85020B0F852103030FFF743
:1043D00016FEA368198EC1F101012046D5F74AFFE8
:1043E000A368998E01392046D5F72AFF2046D5F7D4
:1043F000EBFE10BD08B5D5F7FFFF08BD38B5054683
:104400000C460978D6F750F861782846D5F7FCFEB7
:1044100038BD70B582B0044616461D468368D3F891
:10442000740210F0100F03D093F83E208A4206D198
:104430002A4631466069D5F7D1FC02B070BDDB8FEA
:10444000ADF804302046D6F72FF82A463146606989
:10445000D5F7C4FC01A92046FFF7D0FFEDE72DE911
:10446000F041064615468368B3F85000B3F8522071
:10447000871A503213442844FF2801DDBDE8F0813B
:104480008846BFB29C1D3A46214660190DF0C8F817
:104490002A46414620460DF0B6F8B268B2F85030D0
:1044A0002B44A2F85030B368B3F8502013440022D4
:1044B00083F85620B368D3F8742212F0020F05D1A6
:1044C000B3F852202A44A3F85220D7E700223946F5
:1044D0003046D6F7D9F8D1E700B583B08DF807108C
:1044E0008368D3F8742212F0010F05D0B3F850207E
:1044F000B3F852309A4207D101220DF10701FFF7BC
:10450000AEFF03B05DF804FBC9B2D5F7CDFEF8E706
:1045100008B5FFF7A4FF08BD38B58368B3F850406D
:10452000B3F85220A41AA4B25032134404B938BDCF
:104530000546981D2246411C0DF072F8AA68B2F893
:104540005030013BA2F85030611E012289B228464A
:10455000D6F79AF8EBE78368B3F850206AB110B544
:104560000446B3F8523003B910BD4FF0FF31FFF7E6
:10457000A0FE2046FFF7D0FFF6E7704710B50446CF
:10458000D6F7C6F8A368D3F8743213F0020F00D13F
:1045900010BD2046D5F7F0FE2046D5F7BFFEF7E761
:1045A0007047836803F51E7351B1D3E8EF0F40F4F1
:1045B0000052C3E8E12F0029F7D1C0F34030704723
:1045C000D3E8EF0F20F40052C3E8E12F0029F4D024
:1045D000F6E708B501694069D1F7A2FA08BD2DE9EF
:1045E000F84306460F4690461C469DF82030C3B956
:1045F0000E25C4B94FF000092A4641463846FEF759
:104600000DFF64B1B368D3F8783213F4006F2AD089
:104610000BF021FA58B389F31188BFF36F8FBDE80F
:10462000F8830F25E5E70BF016FA80B1EFF3118957
:10463000202383F31288BFF36F8FB368D3F87832E7
:1046400013F4006FD8D13046FFF7B9FED4E7B06855
:1046500000F543704FF0FF324FF0FF33F1F7D0FD1C
:104660004FF00009E9E73046FFF788FFD0E7B06870
:1046700000F54370F1F7DCFED1E7F0B583B00D46ED
:1046800043681C68E2695768A368D3F87462C6F38C
:10469000001693681B79012B03D0032B09D003B0BC
:1046A000F0BD009601230A4639462046FFF797FFE2
:1046B000F5E72046FFF783FE009601232A46394698
:1046C0002046FFF78CFFEAE743681B68DA699B69BD
:1046D000D3E8EFCF8C44C3E8E0CF0028F8D193684B
:1046E000D3E8EF0F0844C3E8E20F002AF8D170477F
:1046F00010B50C4613460A4601461846FFF77AFEE7
:10470000204610BD70B505460C46164601212046D0
:10471000FFF747FF606803689B680121984700B175
:1047200070BD2846FFF755FF324621462868D2F76C
:10473000BDFE6B685B685C60AB6800221A60AB68AA
:1047400001221A71ECE710B504460068FEF7B1FDCE
:10475000A36802221A7110BD0EB400B582B003AA7C
:1047600052F8041B0192D5F739FB02B05DF804EB57
:1047700003B070472DE9F04186B007460D469046DC
:1047800000210C4606E0C9F7ADFB83B29C4238BF5E
:104790001C4631464E1C01AA2846D5F753FC034659
:1047A00020B118680028EED10023EFE7C4B1B8F1BA
:1047B000000F04D0424608213846D5F79FFE00215D
:1047C00006E04B68224609683846D6F757F8314666
:1047D0004E1C01AA2846D5F735FC01460028F0D129
:1047E00006B0BDE8F08100207047836900201860A2
:1047F00070470EB400B582B003AA52F8041B0192B0
:10480000D5F7ECFA02B05DF804EB03B070478368AB
:1048100003F51D7351B1D3E8EF0F40F00202C3E876
:10482000E12F0029F7D1C0F340007047D3E8EF0F24
:1048300020F00202C3E8E12F0029F4D0F6E708B522
:104840000121FFF7E4FF002008BD08B50021FFF7B4
:10485000DEFF002008BD836803F51D7351B1D3E866
:10486000EF0F40F02002C3E8E12F0029F7D1C0F399
:1048700040107047D3E8EF0F20F02002C3E8E12F8B
:104880000029F4D0F6E708B50121FFF7E4FF002086
:1048900008BD08B50021FFF7DEFF002008BD8368D2
:1048A00003F51D7351B1D3E8EF0F40F01002C3E8D8
:1048B000E12F0029F7D1C0F300107047D3E8EF0FC4
:1048C00020F01002C3E8E12F0029F4D0F6E708B584
:1048D0000121FFF7E4FF002008BD08B50021FFF724
:1048E000DEFF002008BD836803F51D7351B1D3E8D6
:1048F000EF0F40F00802C3E8E12F0029F7D1C0F321
:10490000C0007047D3E8EF0F20F00802C3E8E12FA2
:104910000029F4D0F6E708B50121FFF7E4FF0020F5
:1049200008BD08B50021FFF7DEFF002008BD08B56F
:104930000168D5F72BF9002008BD30B583B00446D7
:10494000D6F73CF86FF0F9012046D5F779FCFA214B
:104950002046D5F78FFC01AA0DF106012046D6F7B7
:10496000FFF870B90546A368BDF806205A87A3680A
:10497000BDF804201A872046D6F730F8284603B041
:1049800030BD6FF08505F6E738B505460C46114693
:104990001A462381BDF81030638104F10C000CF03D
:1049A00032FE2A1D6B68236062605C606C6038BDFB
:1049B00008B5021D43689A4210D0836859681A6886
:1049C0000A6051600021196059601A895B891A4494
:1049D0000C320068D1F728FE012008BD0020FCE75A
:1049E0000023C360704770B51D4600F1040C446895
:1049F000A4450BD0164691B9C36853B1A3420BD05E
:104A00005C68C460B4B90020288070BD00201880A4
:104A1000FBE72B800846F8E70023C360F3E7C36891
:104A2000002BEED08268934201D01C68E9E7002396
:104A3000C360E8E7228904F10C0130460CF0E3FD85
:104A400023892B800022F2540120DEE710B50446B2
:104A50002046FFF7ADFF0028FAD110BD2DE9F04741
:104A600084B002F10C05C5F1000808F003084544C4
:104A70000368DB699D4202D904B0BDE8F0870446B3
:104A800089461746FFF7ACFF002FF5D0231DD4F859
:104A900004A053450ED0BAF1000F1FD0BAF8083069
:104AA000BB421BD13A4649460AF10C000CF09BFD73
:104AB000A0B9E1E74FF0000A10E02A4603A92068F8
:104AC000FDF771FF0646854215D8B54222D0002178
:104AD0002068FDF788FF2046FFF76AFF206802691B
:104AE00083689A42E9D10023C36083604360836195
:104AF00043610361E1E72A4603A92068FDF753FFFC
:104B00008542E2D1BAF80A303344AAF80A30354473
:104B10002E46DAE7CDF800803B464A460399204608
:104B2000FFF732FF31462068FDF75DFFA4E7031D64
:104B3000436083600023C36070472DE9F04106465F
:104B40000D469846174622B31046C9F7CBF984B2F2
:104B50002A882244FF2A1EDC414630460CF0CFFE54
:104B60000646D0B1C9F7BEF982B2601C01323146A7
:104B700030440CF055FD2246394630460CF043FDDA
:104B8000202333552B88234401332B800020BDE89C
:104B9000F0810024DCE70120F9E70220F7E710B5F7
:104BA000044620B1C9F79EF980B2002302E000203C
:104BB000FBE70133984206D9E25C3F2A05D02A2A56
:104BC000F7D1012000E0002010BD0120FCE710B566
:104BD000044680684FF48072002100F5AB700CF041
:104BE00039FDA068B0F8502000F1560100F5AB7017
:104BF0000CF009FDA06800F5AB70D5F777FAA46852
:104C000014F5AB7006D0C9F76DF980B20130A4F885
:104C1000540010BD0020F9E769B170B5054614468F
:104C20000E461046FFF7BBFF38B1224631462846F4
:104C3000D6F772F870BD032070470320FAE710B56D
:104C400004468068B0F8542000F5AB7156300CF083
:104C5000DAFCA368B3F85420A3F8502010BDF8B5CF
:104C600004460D4616468768FB689847BB6823B123
:104C70003246294620469847F8BD6FF05700FBE7BB
:104C80007047013000F01F00704710B586B00BACC4
:104C9000059403940A9C0294099C0194089C009436
:104CA000D2F71EFC06B010BD38B505460C460122F1
:104CB0008968E3F7A3FE10B165600123237038BD56
:104CC00008B529B1012907D1D6F72EFA012004E051
:104CD000D6F7CAF9012000E0002008BD2DE9F04117
:104CE00088B004460D4616461F4604A8EAF728FC7D
:104CF000DDF810804046C9F7F5F880B20290CDF893
:104D00000480BDF8383000933B46324629462046A1
:104D1000E3F792FB08B0BDE8F08108B50020D0F7BA
:104D200033FF10B586B00BAC059403940A9C029433
:104D3000099C0194089C0094D2F7D2FB06B010BDE8
:104D400030B59FB00C4605686822014601A80CF0FA
:104D50005AFC00231B931C931D931B9401A9284606
:104D6000D6F774FD1FB030BD0020704710B586B077
:104D70000BAC059403940A9C0294099C0194089C32
:104D80000094D2F7ADFB06B010BD08B50023137038
:104D9000CB1E092B1AD8DFE803F005090D111919EC
:104DA000191919141146D7F7FFF808BD0021D6F7D5
:104DB000E9FFFAE70021D6F7EBFDF6E7D6F7CCFEE0
:104DC000F3E71146D6F79CFF0020EEE7D6F7B4FFD5
:104DD0000020EAE708B540B2D7F732FB08BD08B5B6
:104DE00040B2D7F73BFB08BD08B500210120D6F73C
:104DF0002DFD08BD0023E1EE103AEFF3148323F0FC
:104E0000040383F31488BFF36F8FBFF36F8F704772
:104E1000D0F8AC3083F30B88704761B662B680F38C
:104E20001188BFF36F8F704708B572B6002383F304
:104E30001188BFF36F8F00F091F950B1BFF34F8F1E
:104E400030BF00BF00BF00BF00BF00BF00BF00BF3A
:104E500000BF62B6BFF36F8F08BD10B5044672B6CF
:104E6000002383F31188BFF36F8F00F077F950B1FF
:104E7000BFF34F8F20BF00BF00BF00BF00BF00BF08
:104E800000BF00BF00BF84F31188BFF36F8F62B60D
:104E900010BD40E800F010F4803F01D0C0B2704770
:104EA0006FF01500704708B50B6823F01F0C0B7AE4
:104EB00003F01F0ECA6822F01F025B0942EA430298
:104EC00042F001024CEA0E01D7F7C4FC08BD43686A
:104ED0001F2B08D913F01F0F07D1036813F01F0F02
:104EE00005D0002070470020704700207047012047
:104EF000704770B504460E46FFF7CBFF05463444B5
:104F0000601EFFF7C6FF854201D1284670BD6FF0D5
:104F10001505FAE710B586B00BAC059403940A9C0E
:104F20000294099C0194089C0094D2F7D9FA06B027
:104F300010BD00B585B00A6800924B68B1F808E072
:104F40009DF808C06EF3040C8DF808C0B1F80AC0D3
:104F50009DF808106CF347118DF8081022F01F021D
:104F60001344013B23F01F0303936946D7F7CCFC9E
:104F700005B05DF804FB4FF0FF30704708B50846F8
:104F80001146D7F7B3FF08BD08B5F0F773FC08BDAD
:104F900008B54023D8F7BCF808BD38B5044690F8EA
:104FA00024301B3323F00303028C521A056B03FBDE
:104FB0000255D8F7CDFAA87294F82430EB7228463F
:104FC00038BD70472DE9F04104460D4617461E4690
:104FD000807AD8F7C9FAC36A1B68D3F800803A46CA
:104FE000334629462046C047BDE8F08138B504461F
:104FF000807AD8F7B9FA0546616951B1637A13F03E
:10500000010F04D1C36A1B689B68204698470023A0
:105010006361214628460AF0FBFB38BD10B5044603
:10502000807AD8F7A1FA90F824301B3323F00303D9
:10503000026BA41AB4FBF3F010BD70B504460D4624
:10504000807AD8F791FAC36A5A689E682E6015680C
:105050002046FFF7E3FF00FB065070BD08B5C16AAC
:105060008968D8F7B1FA08BD8160016092B2C28048
:1050700082807047D0F800C042688368C1F800C0E1
:105080004A608B60704710B503681C880221D8F70E
:1050900061FD204610BD10B503681C880221D8F7B9
:1050A00059FD200240EA142080B210BD02688068D9
:1050B000101A704710B50C460121D8F787FD04700F
:1050C00010BD38B50446C588FFF7F0FF2D1AA0883B
:1050D000281A38BD38B50D4614461146D8F798FD44
:1050E000224629460CF08FFA38BD10B50C46012136
:1050F000D8F78EFD047010BD10B50C460221D8F70C
:1051000087FD0470240A447010BD43090AD0012BA6
:105110000BD14FF6FF7300F01F0023FA00F000F0F0
:10512000010070474FF0FF33F5E70020704710B5DE
:1051300082B001900C4601A8D8F7DEFD019A8032BA
:1051400050F8223023F0E04343EA047340F8223061
:1051500002B010BD08B5D8F731FE08BD08B5D8F7C4
:105160008DFD08BD08B5D8F773FD08BD4FF47F036A
:10517000D3F83021D3F83431072A01D0002070470A
:10518000042B03D8022B03D3002070470120704763
:105190000120704708B50B464FF050220121C2F89C
:1051A00014160021984708BDF8B5044619B101232B
:1051B000C0F81436F8BDFFF7D9FF18B90023C4F8BA
:1051C0001436F7E74FF050270126C7F81866002578
:1051D000C4F81456052008F02EF8C4F814663046BA
:1051E00008F029F8C4F81456C7F81856E2E738B59D
:1051F00005460C4600214FF05020FFF7D5FF002157
:105200002846A04738BD08B5D8F768FE03898B4209
:105210000BD9436803EBC10053F8313003B1704739
:105220004368002BFBD10020F9E70020704708B944
:105230000120704703207047F8B507460C46154615
:10524000067806F00700FFF7F2FFC6F3C106012E4D
:1052500028BF0126C5F307222D02ADB22A43B98823
:105260000B0243EA112397F806C0FD790021216063
:105270006160217860F302012170C9B266F3C40154
:1052800021706280A38084F806C0E571F8BD038AAE
:10529000072B10D9C3681A685B680A604B604A889C
:1052A000130243EA12234B808A88130243EA122333
:1052B0008B80002070470320704783681B68DB6881
:1052C00008684A6818605A600020704700B585B0C9
:1052D00040F8041B002302930193012300930B8ADF
:1052E000CA68042109F0FAFF05B05DF804FB30B587
:1052F00083B005460C460846D8F73EF945F8044BFE
:1053000008232382204650F80C4FFFF7DAFE0346AD
:105310000022009204F10802022128460AF06CF9EA
:1053200003B030BD38B505460C468888D8F714FE62
:1053300020B3E179FFF76AFF10B3237813F0070376
:1053400004D0022B18D00324204638BD0468CCB109
:10535000A8680F2104300AF01BF9A8B12846A0471D
:105360000446A8680F2104300AF01CF90028EBD18C
:10537000002CE9D10724E7E74468E8E70824E3E7DD
:105380000824E1E70824DFE70724DDE710B50C4631
:10539000D8F7F8FD18B103462046984710BD012004
:1053A000FCE72DE9F04182B086680023A6F84C3076
:1053B000A6F84E300B78C3F3C103012B2DD8054658
:1053C0000C469046FFF7AEFF0746C8B9B6F84E1038
:1053D00019B1237813F0180F16D072683368DB68A0
:1053E000D21A083A69462046FFF726FF73683268EA
:1053F000D1685B1A138269462846FFF75EFF0DE00D
:105400000023C8F8003009E0B6F84C00FFF7BEFFF3
:1054100007460023C8F8003000E00D27384602B0E8
:10542000BDE8F081F8B504460F4616461D46C3B1E7
:105430002946A068FFF75BFF079B069A394620467E
:10544000D8F7CAFD20B92368DB6A284698470025AB
:105450002168304600F0B0FA2168284600F0ACFA26
:10546000F8BD2E461546E3E72DE9F04186B0054626
:105470000C460022049205920392904623E029688C
:10548000204600F085FA0646002855D02146686877
:10549000FFF71CFF3146A868FFF729FF03AA04A9FC
:1054A0002846FFF77EFF8046002849D12B68DB6A3B
:1054B000304698478046002844D1BDF8121038463F
:1054C000D8F748FB0122238ADBB104A92046FFF765
:1054D000DEFE38BB04F10C0708213846D8F73AFB4A
:1054E000228ABDF812309A4221D39DF8103013F071
:1054F0000703C4D0022BC2D04FF0080801220026B7
:1055000000E00026B8F1000F00D0F2B9296820466B
:1055100000F052FA2968304600F04EFA404606B0D4
:10552000BDE8F0814FF0090800221646EAE74FF087
:10553000090801220026E5E74FF002080122E1E711
:105540000122DFE701220026DCE7039B0193CDF86F
:1055500000803346224604A92846FFF763FFDDE7B3
:105560002DE9F04782B08146884616469A4609F0F2
:1055700086FD00284DD00023CAF8003044462DE0B7
:10558000019A63689A420CD01434013517B3B542BE
:105590001ED206EB860C08EB8C0CA445F0D84446D2
:1055A000EEE7216800980CF01EF80028ECD1237C6F
:1055B0000BBBA368E168484698470346F0B1012257
:1055C00022741434DAF800200132CAF8002002E014
:1055D000002300E03B4603B93FB997B1694648460E
:1055E00009F048FD07460025D0E70021484609F0AC
:1055F000CCFD0746F1E76FF06F0007E06FF0220087
:1056000004E0484609F066FD30B1002002B0BDE874
:10561000F0876FF04C00F9E76FF04C00F6E7F8B553
:1056200005461646034600E0143301EB810405EB02
:1056300084049C4204D91C68B442F5D1187CF8BD9E
:105640003046C8F74FFC074600E01435AC420BD992
:105650006B68BB42F9D13A46296830460BF0C3FF6C
:105660000028F2D1287CEAE70020E8E710B586B0F0
:105670000BAC059403940A9C0294099C0194089C29
:105680000094D1F72DFF06B010BD032809D8DFE83C
:1056900000F0020A04060420704701207047082029
:1056A0007047FF2070470220704710B500F0FBF8EC
:1056B000D8F77CFD044600F059F818B92046FFF7EA
:1056C000E4FF10BD4FF0FF30FBE702780B789A4201
:1056D0000CD30ED842784B789A420CD30ED842881D
:1056E0004B889A420CD30ED8002070474FF0FF3001
:1056F0007047012070474FF0FF307047012070471E
:105700004FF0FF3070470120704710B586B00BACEA
:10571000059403940A9C0294099C0194089C0094AB
:10572000D1F7DEFE06B010BD70B504460D4600F0A0
:10573000BAF80646204604F0E0F904463046D8F7A9
:10574000F9FE631E032B0ED8DFE803F00A080206F9
:10575000002305B12B7070BD0223FAE70123F8E79F
:1057600030460023F5E74FF0FF30F4E770B582B024
:105770000546D8F7FBFE064600F095F804460023E0
:105780008DF807300DF107013046FFF7CDFF854258
:1057900005D0AC4214BF0020012002B070BD9DF8BE
:1057A0000730022BF5D10120F7E72DE9F04182B057
:1057B00005460C46D8F7DAFE804600F074F8064637
:1057C00000238DF807300DF107014046FFF7ACFFCD
:1057D0000746ECB9AE422CD09DF80730012B1FD004
:1057E0004BB90CB1AF422AD0AE421ED01CB9AE426A
:1057F00001D0AF4225D0022B02D124B3AF4224D036
:10580000224631462846D8F799FF02B0BDE8F0811C
:1058100000F04BF88045DFD0AE42DDD12020F4E728
:105820004CB9AF4209D01C20EFE7B742DED01C20B4
:10583000EBE72120E9E71C20E7E70020E5E700206F
:10584000E3E71C20E1E71C20DFE70020DDE770B57F
:1058500082B00C4616461D4604230DEB0302096870
:10586000D8F714FD50B9BDF80430AB4208D1236815
:1058700004332360BDF806201344336002B070BDCA
:105880000420FBE710B586B00BAC059403940A9C8A
:105890000294099C0194089C0094D1F721FE06B063
:1058A00010BD70477047400070470020704701B935
:1058B0005AB100B589B000236A4619460120D9F7CC
:1058C00035FA002009B05DF804FB0020704770B580
:1058D00088B006460D46002400E00134032C0FDC9E
:1058E00000236A4629462046D9F720FA0028F4D139
:1058F0002022314668460BF076FE0028EDD101E00B
:105900004FF0FF34204608B070BD10B50446FFF7D5
:10591000CCFFFFF7C8FF00231A462146D9F706FA45
:1059200010BD042805D8032807D2022807D1032078
:105930007047062805D105207047052070470120D3
:1059400070470120704708B50020D0F71DF900B559
:10595000BDB0009017AB019303AB02936846FFF70D
:1059600083FD3DB05DF804FB10B5044602E020461F
:10597000FFF7EDFF04F1100000220023F0F7FEFE18
:1059800001460028F3D110BD08B5D7F7E9FF08BDDF
:1059900070B504460D46D9F797FE064618B16B6BF5
:1059A0001BB121469847304670BDE27A04F11801D8
:1059B00018300BF028FEF6E748B110B504468B6BA3
:1059C0000BB1183098472046FFF7DEFF10BD704737
:1059D00000230364A0F844307047036C13B1B0F89F
:1059E000440070476FF015007047F8B504460E4646
:1059F0001546036C83B1B4F84430AB4233D3206C0A
:105A00002A4631460C30FFF765FBB4F844305A1B88
:105A100090B2A4F84400F8BD072A15D94B881F029C
:105A200047EA1327BFB20837BFB240F6AB139A421A
:105A30000DD89F420ED8BA420FD8D9F745FE206440
:105A400070B1A4F84470D6E76FF03C00E3E76FF064
:105A50003E00E0E76FF03E00DDE76FF08A00DAE736
:105A60006FF00B00D7E76FF08A00D4E738B50B462C
:105A7000016C69B10446B0F8445005B15BB12046F1
:105A8000D9F754FE0023A4F844302364284638BDD7
:105A90006FF01505FAE76FF03C05F7E710B504461F
:105AA000006C30B1FFF770FF0020A4F844002064C0
:105AB00010BD6FF01500FBE7006C00B118307047A7
:105AC00080697047036813B1002303600371704756
:105AD0008B6913B183610B7F03770020704791B10D
:105AE00038B504460D460846D9F76EFE68B1A3697D
:105AF000AB4201D0012038BD90F86920237F9A4243
:105B000005D10120F7E7002070470020F3E70020CF
:105B1000F1E708B5D9F758FE10B16C30F0F7DEFEAA
:105B200008BD10B586B00BAC059403940A9C029492
:105B3000099C0194089C0094D1F7D2FC06B010BDDA
:105B400001B1704708B5D9F78BFE08BD70B50446A2
:105B50000D46D9F739FE60B106462946204601F0C8
:105B6000EDF910B110F1780F04D106F13800F1F71A
:105B7000D1FE70BD4FF40042002306F13800F1F76A
:105B8000C1FEF6E708B5FFF79BFF20B103F0EEF882
:105B9000033880B208BD0020FCE74FF480707047E6
:105BA00038B50446018AC068E7F718F9054620466B
:105BB000FFF7EAFE284638BDF0B585B004460E462C
:105BC00017460068C568038A1D440C30FFF779FA50
:105BD00001460097334603AA2846D0F77DF830B92E
:105BE0002268138A03990B44138205B0F0BD6FF04D
:105BF0001500FAE710B504460068038A012B05D9A1
:105C00000C30FFF748FAA080002010BD6FF015009F
:105C1000FBE708B50A4601460020FCF74DF808BD31
:105C200010B50446006818B1FFF7AEFE00232360EC
:105C300010BDF8B504460F46164603686BB3012E37
:105C400053D93B881D0245EA1325ADB240F21443F7
:105C50009D4228D040F209639D4248D12068D7F781
:105C60008BFCB21EB91C2046FFF7A6FF20BB40F2FA
:105C700009639D4225D02268118AA388994238D3AE
:105C800029D8D068FFF7C5FF50BB2268138A023BB2
:105C900013822068002323602AE0D9F715FD2060D5
:105CA0000028CCD124E023681B8A002BD9D12046C0
:105CB000FFF7B6FF00201BE02046FFF7B1FF0020F2
:105CC00016E02046FFF796FF0028D4DA2046FFF7BB
:105CD000A7FF00200CE02046FFF7A2FF002007E00E
:105CE0002046FFF79DFF002002E0002000E000209A
:105CF000F8BD0020FCE708B5DEF73CF808BD10B59C
:105D000084B01446B1F800C08B78ADF800C08DF8AF
:105D100002300023CDF80330CDF80730CDF80B303A
:105D20008DF80F306A466946FFF7E5FF08B104B009
:105D300010BDBDF800209DF802302280A370F6E768
:105D400008B5DDF7F5FF08BD10B582B00C4601AA15
:105D50000331FFF7D4FF48B9032201A920460BF015
:105D600042FCB0FA80F0400902B010BD0020FBE711
:105D700070B505460C46CE1C03213046FFF7E0FF08
:105D800000B170BD637903F03F0343F040036371DA
:105D9000224631462846FFF7B2FFF2E710B58AB037
:105DA0000C4605A9DAF79CF969462046DAF798F916
:105DB00010220DF101010DF115000BF014FC0AB0D9
:105DC00010BD08B503780A78934207D1012B0CD097
:105DD000022B0ED02BB16FF0150008BDFFF7DEFFD0
:105DE000FBE740884B88C01AF7E740684B68C01A49
:105DF000F3E71022013101300BF0F5FBEDE700B5C0
:105E00000346042A0FD0102A1DD0022A02D00020F7
:105E10005DF804FB0022027048780A7842EA00220A
:105E20005A800120F4E701201870CA7891F802C066
:105E30004CEA022C91F801E00A7842EA0E2242EA8A
:105E40000C425A60E4E70246022002F8010BD1F846
:105E500000E0D1F804C08868C968C3F801E0C2F85E
:105E600004C09060D1600120D2E710B50446012340
:105E700000F8013B0621DDF75BFF18B9A37963F059
:105E80003F03A37110BD0B6803608A888B79828001
:105E90008371037823F00203037070470078C0F326
:105EA0004000704708B5DBF703FC0820DAF76AF911
:105EB00008BD38B50446807AD7F756FB05466169B8
:105EC00051B1637A13F0010F04D1C36A1B689B6858
:105ED00020469847002363612146284609F098FC34
:105EE00038BD08B5FFF7E5FF0220DAF74BF908BD2A
:105EF000438A1BB9C3681BB100207047002070475C
:105F0000012070471070C0F307235370030C937087
:105F1000000ED0701171C1F3072353710B0C9371F4
:105F2000090ED171704700B5C379817941EA032127
:105F30004279037943EA0223C27890F802C04CEA1E
:105F4000022C90F801E0027842EA0E2242EA0C406C
:105F500043EA01415DF804FB00207047D0F8A0300F
:105F60007BB15A7B12F0010F0BD012F0100F02D050
:105F70001B7B102B02D00323437204E004234372E3
:105F800001E002234372827A407A82428CBF002071
:105F900001207047053815280ED8DFE800F00B0DFA
:105FA0000D0D0D0D0D0D0D0F0F0D0D0D0F0D0D0D1B
:105FB0000D0D0D0F03207047022070470120704720
:105FC0004B0900EB8300D0E8AF0F01F01F0108413F
:105FD00000F00100704710B586B00BAC0594039437
:105FE0000A9C0294099C0194089C0094D1F778FAC9
:105FF00006B010BD38B50446807AD7F7B5FA054625
:10600000616951B1637A13F0010F04D1C36A1B684F
:106010009B6820469847002363612146284609F083
:10602000F7FB38BD01F01F0201239340490900EB43
:106030008100D0E8EF2F42EA0301C0E8EC1FBCF179
:10604000000FF6D1134214BF01200020704701F069
:106050001F0C012303FA0CF352B1490900EB810034
:10606000D0E8EF2F1A43C0E8E12F0029F8D170479C
:10607000490900EB8100DB43D0E8EF2F1A40C0E86C
:10608000E12F0029F8D17047B2F801C0034623F888
:1060900070CBD1F800C0C0F870C0B1F804C08979E5
:1060A000A3F804C09971B2F81730A0F88630B2F89E
:1060B0001930A0F88C30B2F81B30A0F88E30D378AD
:1060C000C3700023037370472DE9F04104460E4668
:1060D00015469846171D3846FFF7E0FE78B1394659
:1060E0003046FFF7D0FED5F81130C4F80130B5F8CE
:1060F0001530A4F8053001232370BDE8F08139463E
:10610000404600F06AFA0368336082888379B2807F
:10611000B3716B682360BA88BB79A280A371ECE786
:1061200070B5C468B4F80160237803B170BD0F2165
:106130003046DFF71DF9054640B1E37803730121CE
:10614000DFF742F82846DEF7E5FFEFE7E178304673
:10615000DAF712F9EAE70120704781767047028882
:1061600043889A4217D8052A17D9B3F5486F16D82D
:106170008188B1F5FA7F14D2C088A0F10A0292B2E8
:1061800040F6764C62450ED801FB0333B3EB800F2B
:106190000BD201207047002070470020704700207C
:1061A0007047002070470020704700207047292862
:1061B0001ED8DFE800F0201D1D1D1D1F151D1D1D13
:1061C0001D1D1D1D1D1D1D1D1B1D1D1D1D1D191D05
:1061D0001D1D1D1D1D1D1D1D1D1D1D1D1D1D1D17F5
:1061E000022070470520704706207047072070473F
:1061F000092070470120704710B50C46F2F776FC75
:106200002046DBF76BF90446F2F7BCFC204610BDD4
:1062100040F24130704708B5E5F77AFA18B1C38902
:106220001BB9002008BD0020FCE70120FAE770B58B
:1062300005460C460E2142F22000DAF715FFC0B1E8
:1062400006460E210C30D7F7E3FC002303604360C1
:106250008360838105802388438063888380A3884B
:10626000C380E3880381314642F22000DBF790F9D6
:1062700070BD6FF06800FBE700B583B0FFF76CFE00
:1062800048B90022114640F60340DBF7F7FB03460E
:1062900048B9DAF721F901AA002141F20300DBF73E
:1062A000EDFB034618B1184603B05DF804FB0198F6
:1062B000DAF7CCF80198D7F753FB01AA002141F295
:1062C0000100DBF7DBFB03460028ECD10198DAF78D
:1062D00083F80198D7F744FB01AA002141F202009C
:1062E000DBF7CCFB03460028DDD10198DAF794F800
:1062F0000198D7F735FBDDF7FBFC03460028D2D128
:10630000DBF79AFC0346CEE710B5DBF781FF0446C6
:1063100008B1204610BDDFF70FFD04460028F8D174
:10632000DBF71AF9F5E770B505460C46032140F294
:106330000640DAF799FE68B1064603210C30D7F71C
:1063400067FC058084700022314640F20640DBF78E
:1063500095FB70BD6FF06800FBE708B5DCF732F81D
:1063600008BD08B5C068037813B9FFF7F6FF08BD8C
:106370001846DAF749FAFAE738B50446022142F23C
:106380001600DAF771FE68B1054602210C30D7F726
:106390003FFC238803800022294642F21600DBF7E7
:1063A0006DFB38BD6FF06800FBE7F8B506460F4699
:1063B0001446062142F22200DAF756FE78B105466D
:1063C00006210C30D7F724FC338803804780848073
:1063D0000022294642F22200DBF750FBF8BD6FF0A5
:1063E0006800FBE72DE9F04107460E4615461C46BE
:1063F000072142F23200DAF737FEA8B180460721C2
:106400000C30D7F705FC3B8803808670C57004719B
:106410009DF81830A0F805300022414642F23200C3
:10642000DBF72CFBBDE8F0816FF06800FAE708B5F8
:1064300000200021DBF70AFB10B9DFF7B5F808BD33
:10644000DBF79EF8FBE710B586B00BAC0594039420
:106450000A9C0294099C0194089C0094D1F740F88E
:1064600006B010BD4B0900EB8300D0E8AF0F01F080
:106470001F01084100F00100704738B50D4600F1DA
:10648000100407212046FFF7EDFF00B938BD0D21AC
:106490002046FFF7E7FF0028F8D101232B70F5E72E
:1064A0001030D0E8EF3F23F01003C0E8E23F002AAD
:1064B000F7D1704770B504460D4600F1100606216D
:1064C0003046FFF7CFFF00B170BD0D213046FFF71A
:1064D000C9FF0028F8D129462046FFF7E1FFF3E77E
:1064E00000B501F01F0201239340490900EB810030
:1064F000D943D0E8EF2F02EA010CC0E8EECFBEF19D
:10650000000FF6D1134214BF012000205DF804FBF8
:1065100010B504460F211030FFF7E2FF00B910BD9F
:106520000121204600F042FAF9E738B5044600F1AF
:10653000100507212846FFF795FF58B1D5E8EF3F32
:1065400043F40043C5E8E23F002AF7D1002120468A
:1065500000F02CFA38BD08B5037A13F0040F00D10F
:1065600008BD0146024612F82A0B0131DCF7EEF9AC
:10657000F6E738B50446072142F22800DAF774FD41
:1065800088B1054607210C30D7F742FB236803602A
:10659000A288A379828083710022294642F22800D2
:1065A000DBF76CFA38BD6FF06800FBE738B50446DE
:1065B000012142F22D00DAF757FD58B10546214678
:1065C0000C30FEF792FD0022294642F22D00DBF747
:1065D00055FA38BD6FF06800FBE738B910B50C46C6
:1065E00031B1E5F727F828B1013010BD0020704720
:1065F0000846FAE72046F8E728B139B108B5084659
:10660000DCF75AF808BD6FF0150070476FF0150001
:10661000704708B5DCF788F9DCF704FBDCF75AFBB8
:1066200008BD00B10120704708B5037A13F0010FCF
:1066300003D113F0020F06D108BD23F0010303724A
:10664000DCF7DCFBF8E723F002030372DCF7AAFCBB
:10665000F2E70020704700238B4219D200B502E018
:1066600001338B4211D200EBC30E30F833C040F23D
:1066700001129445F4D1DEF80420002AF0D01278FB
:1066800012F0010FECD0012000E000205DF804FBC7
:106690000020704700207047034610F4004F0BD1D4
:1066A000072013F4803F01D000F0FD0013F4003FF9
:1066B00001D000F0FB0070470620F2E74B0900EB29
:1066C0008300D0E8AF0F01F01F01084100F0010086
:1066D000704738B500F110040E212046FFF7EEFF99
:1066E00080B100250A212046FFF7E8FF08B145F0F8
:1066F00001050D212046FFF7E1FF08B145F0040533
:10670000284638BD0225EDE710B586B00BAC0594E0
:1067100003940A9C0294099C0194089C0094D0F76D
:10672000DFFE06B010BD2DE9F04182B007460D46F0
:1067300016462021DAF798FC00B3804620210C3061
:10674000D7F766FA0446202200210AF083FF00945E
:1067500033462A461F21601CDCF716FF044648B961
:10676000002241463846DBF789F90446204602B04C
:10677000BDE8F0814046D7F7F3F8F7E76FF068041B
:10678000F4E708B542F20800FFF7CDFF08BD08B5F1
:1067900042F20900FFF7C7FF08BD2DE9F04F89B0AD
:1067A00004460D4616461F46DDF848809DF84CA06D
:1067B0009DF850B09DF854900023049305930693E0
:1067C0000793B9F1000F2FD1BAF1000F02D0BBF13E
:1067D000000F0ED104950596B9F1010F52D0012298
:1067E00004A92046FFF7CDFF0346C8B9BBF1000F4F
:1067F0000CD00497CDF81480B9F1020F48D00122D3
:1068000004A92046FFF7C3FF034648B91034D4E873
:10681000EF3F43F00403C4E8E23F002AF7D100232E
:10682000184609B0BDE8F08FDAF7A6FE019065B111
:106830000022964207D915F83230083BDBB2012B13
:106840000FD90132F5E7002343BB77B10022904511
:1068500009D917F83230083BDBB2012B10D90132CD
:10686000F5E70123F0E70023DBB90198C7F73AFB0E
:1068700009238DF808308DF80900019B0393A3E7E5
:106880000123F1E702AB0693012307930222A7E756
:1068900002AB0693012307930222B1E76FF01503C1
:1068A000BEE76FF01503BBE708B5436813F4806FCC
:1068B00007D1026912B113F0010F04D0DCF7C8FE52
:1068C00008BD0020FCE70020FAE701F01F0C0123BF
:1068D00003FA0CF352B1490900EB8100D0E8EF2F25
:1068E0001A43C0E8E12F0029F8D17047490900EBAD
:1068F0008100DB43D0E8EF2F1A40C0E8E12F0029E8
:10690000F8D1704700B501F01F02012393404909F7
:1069100000EB8100D943D0E8EF2F02EA010CC0E878
:10692000EECFBEF1000FF6D1134214BF01200020BC
:106930005DF804FB436813F0080F0BD013F4802FAD
:106940000AD103F4C063B3F5806F01D00220704711
:1069500001207047002070470120704770B586B055
:1069600005460C46012142F20A00DAF77DFBD0B160
:1069700006469CB101210C30FEF7B7FB00940723BB
:1069800005F1100203A93046DAF75CFB002231461C
:1069900042F20A00DBF772F806B070BD00210C303D
:1069A000FEF7A3FBEAE76FF06800F5E708B5FFF72D
:1069B000D5FF08BD08B51830F0F7ACFF08BD0023BF
:1069C000B3EB510F10D200B510F803C0CA1A013A48
:1069D00010F802E000F803E000F802C00133B3EB66
:1069E000510FF1D35DF804FB7047036813F4805F27
:1069F00002D043F480630360036813F4005F02D0A5
:106A000043F400630360704710B586B00BAC059487
:106A100003940A9C0294099C0194089C0094D0F76A
:106A20005FFD06B010BD036813F4805F02D043F42D
:106A300080630360036813F4005F02D043F40063D3
:106A40000360704710B586B00BAC059403940A9CA4
:106A50000294099C0194089C0094D0F741FD06B073
:106A600010BD0B4639B11168196041688A4209D0DE
:106A70000023136070471368036041688A42F7D1AE
:106A80004360F5E74360F3E708B50A460368002171
:106A900001E019461B682BB19342FAD1FFF7E1FFE1
:106AA000012000E0002008BD002070470020704752
:106AB0008078012814BF00200120704710B50446DB
:106AC000FFF7F6FF28B92046FFF7EEFF10B10120CF
:106AD00000E0012010BDD0F8B000003818BF012040
:106AE0007047D0F8A4304BB1D0F8A83043B1D0F8FB
:106AF000AC300BB100207047012070470120704777
:106B00000120704700207047437A8372704708B5B0
:106B10002438DDF711FE08BD00B501F01F02012386
:106B20009340490900EB8100D943D0E8EF2F02EAF6
:106B3000010CC0E8EECFBEF1000FF6D1134214BF36
:106B4000012000205DF804FB4B0900EB8300D0E836
:106B5000AF0F01F01F01084100F001007047437BB7
:106B6000072B0ED110B50446D0F8AC30984708B9C1
:106B7000012010BDC034D4E8AF3F022BF9DC002067
:106B8000F7E70120704710B586B00BAC059403946D
:106B90000A9C0294099C0194089C0094D0F7A0FCE4
:106BA00006B010BD01F01F0201239340490900EB1C
:106BB0008100D0E8EF2F42EA0301C0E8EC1FBCF1EE
:106BC000000FF6D1134214BF01200020704701F0DE
:106BD0001F0C012303FA0CF352B1490900EB8100A9
:106BE000D0E8EF2F1A43C0E8E12F0029F8D1704711
:106BF000490900EB8100DB43D0E8EF2F1A40C0E8E1
:106C0000E12F0029F8D1704770B582B004460D46D7
:106C1000019200935AB12846D6F7A2FE019B23B1F8
:106C20006FF06D0200992046984702B070BD6B4628
:106C300001AAD0F8A860B047EDE708B50C30FEF720
:106C400035FA052801D0002008BD0120FCE7F8B581
:106C500007460D461446032A22D8DFE802F0020256
:106C60000302DAB92846FFF7E8FF0646042105F1DA
:106C70000C00D6F7ABFF3B8804F00304B60006F027
:106C80000406344343EA043303802B8A043B4380E5
:106C900010232B762846DAF7B1FBF8BD0026E5E78E
:106CA0006FF01500F9E770B505460C46032A18D8B1
:106CB000DFE802F0021502150026042104F10C00A1
:106CC000D6F784FF2B8843EA06330380238A043BEC
:106CD0004380042323762046DAF790FB70BD01261B
:106CE000EBE76FF01500F9E708B502F054FD08BDB9
:106CF00010B50446DDF758FE01462046D9F7A8FA3C
:106D0000DAF73EFC10BD08B5DDF784FE8068B0FA06
:106D100080F0400908BD10B504460AE0DAF730FCFF
:106D200010BD2046DDF746FD2046DDF773FEEFF788
:106D3000D5FD61690029F1D00B686361A2699142B8
:106D4000EFD1A361EDE710B50446006918B1D6F79D
:106D500007FE0023236110BD70B504460D4616469C
:106D60000121DDF791FF324629462046DDF7FAFF83
:106D700070BDF8B506460D461746002403E0604690
:106D8000DEF7C8F90134AC421BD2D02000FB04600E
:106D9000DEF7E2F884460028F4D0437B012B06D0CE
:106DA0005AB2002AEBD0073BDBB2012BE7D8BCF884
:106DB0000030BB4201D16046F8BD6046DEF7AAF95B
:106DC000E0E74FF0000CF6E738B504460088FFF71F
:106DD000AAFA054610B9637B072B01D0284638BDB7
:106DE00008212046DEF7F0F9F8E710B50446DDF794
:106DF00043FD2046DFF790F82046DDF7DFFB10BDAE
:106E000010B50446D0F8A03043B1E27882B9DB89EE
:106E100013F0210F14BF0120002010BD00F17001FC
:106E2000007AE4F775FC03460028EED10020F4E771
:106E3000DB8913F0240F14BF01200020EDE7034687
:106E4000C07A28B1D3F8A0300BB1187B704700206E
:106E5000704738B5437B072B18D10446CA0901F0A7
:106E60007F0511F0800F05D1437AAB4211D2837AAE
:106E7000AB4210D20F21201DFFF7A9FEA5722046BC
:106E8000FFF732FF08B1637AA37238BD6FF07F005D
:106E9000FBE70020F9E70020F7E7407A704738B5B4
:106EA000037A8B421ED104461546072200F1700179
:106EB00028460AF098FBB8B1E3784BB1072204F1F9
:106EC000770128460AF08FFBB0FA80F040090AE00B
:106ED000072204F17E0128460AF085FBB0FA80F013
:106EE000400900E0002038BD0120FCE77030704709
:106EF00070B505460C460E2142F21300DAF7B4F8DD
:106F0000C8B106460E210C30D6F782FE0022026080
:106F10004260826082812B8803802388438063885B
:106F20008380A388C380E3880381314642F2130043
:106F3000DAF7A4FD70BD6FF06800FBE770B504469A
:106F40000D46061D0B213046FFF7FEFDA8B92B8824
:106F5000A4F888306B88A4F88A30AB88A4F8903005
:106F6000EB88A4F89230D6E8EF3F43F40053C6E82C
:106F7000E23F002AF7D1002070BD29462046DEF707
:106F800011FEF9E70B4639B11168196041688A4270
:106F900009D00023136070471368036041688A4278
:106FA000F7D14360F5E74360F3E708B50A460368A5
:106FB000002101E019461B682BB19342FAD1FFF77B
:106FC000E1FF012000E0002008BD006B003818BF81
:106FD00001207047838C403B9BB23F2B05D8008D2E
:106FE0000B8A984228BF18467047088A70470120CC
:106FF00070477047704710B50C4643685B69984707
:107000002046D6F7ADFC10BD10B50446014651F838
:107010004C0BB030FFF7C9FF50340023D4E8EF2FFA
:10702000C4E8E13F0029F9D110BD10B5D0F8B04057
:107030006CB14C3C5CB12046FFF7C7FF38B9204625
:10704000DEF7A8FEE46C002CF4D04C3CF2E72046BE
:1070500010BD10B586B00BAC059403940A9C029445
:10706000099C0194089C0094D0F73AFA06B010BD30
:107070000023C36403654365704708B500F15003FE
:107080000121D3E8EF2FC3E8EC1FBCF1000FF8D1CA
:1070900052B9034653F84C2B0021C164D2F8B41006
:1070A00031B10B60C2F8B4300068DDF77FFF08BD76
:1070B000C2F8B430C2F8B030F6E738B504464568D7
:1070C0000368ABB1FFF7A0FF07E004F13000002236
:1070D0000023EFF753FBD6F743FC2046FFF775FF7D
:1070E0000028F2D16B680BB120469847002323603B
:1070F000E3680BB1204698472B6A0BB120469847AE
:1071000038BD10B401F1080300248C60846B34B1E5
:10711000236083630860CA605DF8044B7047836333
:107120004363F7E710B5406B38B1083810F1080435
:1071300008D0846834B1083C04E0044602E02346E9
:1071400020461C4640B1FFF7B8FF002CF7D0A368DB
:10715000002BF5D0083BF3E710BD38B50D46406B6A
:1071600038B1083810F1080408D0846834B1083CFC
:1071700004E0044602E0234620461C4658B143681A
:107180009B680BB129469847002CF4D0A368002BCC
:10719000F2D0083BF0E738BD406B10B1083800E092
:1071A000184650B1838C8B4207D010F10803F7D0FA
:1071B00080680028F5D00838F3E7704702B17047BF
:1071C00008B589B2FFF7E8FF18B14268926902B1C9
:1071D000904708BD38B50C460521FFF7DDFF0023B9
:1071E0001A462146DEF734FF054608B9284638BD61
:1071F0002046D6F7B5FBF9E72DE9F8438046174658
:107200001C469DF82060B21C0120DEF7F5FE88B117
:10721000054600F10C0902214846D6F7F9FC078023
:1072200024B1324621464846FDF754FF29464046E0
:10723000FFF7D0FFBDE8F883406B10B1083800E0DD
:10724000184650B1838A8B4207D010F10803F7D05B
:1072500080680028F5D00838F3E7704770B5064617
:107260000C46DEF789FD014608221220DEF7C4FE37
:1072700088B1054608210C30D6F7CAFC2388038064
:1072800063884380A3888380E388C380294630468F
:10729000FFF7A0FF70BD6FF00B00FBE770470B46D8
:1072A00039B11168196041688A4209D0002313601E
:1072B00070471368036041688A42F7D14360F5E77D
:1072C0004360F3E708B50A460368002101E0194668
:1072D0001B682BB19342FAD1FFF7E1FF012000E0D8
:1072E000002008BD002070470346408D5B8B98420C
:1072F00028BF184670470346006820B102681A602C
:107300005968884200D070475A60FCE720B119B133
:10731000884206D8012070470AB10023138000205C
:10732000704702B110800020704710F1FF0F01D2AA
:107330000E2070474042C0B270470120704710B421
:10734000D46823782BB90231217001205DF8044BF9
:10735000704702318B4205D0038A023B0382002032
:107360001061F3E70120F1E7D06803781BB904311D
:1073700001700120704704318B4206D091680B8A5E
:10738000043B0B82002010617047012070470120F0
:10739000704706207047062070474068704738B530
:1073A0000446807AD6F7E0F80546616951B1637A00
:1073B00013F0010F04D1C36A1B689B6820469847ED
:1073C000002363612146284608F022FA38BD10B533
:1073D00086B00BAC059403940A9C0294099C01941A
:1073E000089C0094D0F77CF806B010BD4B0900EB68
:1073F0008300D0E8AF0F01F01F01084100F0010049
:10740000704708B500220023EFF7B8F908BD38B57A
:1074100004460D46836A43B105F1B003A26AC5F87C
:10742000B020A362E26A22B138BD0C3008F0D7F96F
:10743000F2E7E362F8E708B503680A8AC9681868E2
:10744000E2F70CFA002008BD38B505460C4601F1FC
:107450000C00FDF718FE01462D68238AE2682868B3
:1074600001F031FD002038BD70B50668B36A53B134
:10747000B03B13F1B00403D0D3F8B04004B1B03C3A
:107480000022114604E01C46FAE7254623462C4616
:107490008BB1834207D05D8DA94238BF29465B8BF3
:1074A0009A4238BF1A46002CEFD0D4F8B050002DC5
:1074B000ECD0B03DEAE7438D8B4202D8448B944236
:1074C00009D9408B824238BF0246994238BF1946DB
:1074D0003068E2F73BFA70BD08B5052908D00F29DE
:1074E00013D1437A012B13D80221FFF7B2FC08BD58
:1074F000437A012B05D9022B05D9032B0BD8042184
:10750000F3E70221F1E70321EFE76FF01500EEE763
:107510006FF07700EBE76FF07700E8E72DE9F041D7
:1075200082B0064614464FF495720146206801F079
:1075300021FC207548BB0546276831463846FFF7D1
:1075400026FF28B1237A33B1182B18D02B4603E03D
:10755000082323751AE00223D6F808800193638A72
:107560000093238AE26831463846C047002802DB90
:10757000238A834205D0FFF7D8FE207506E0042356
:10758000EAE700232375012500E00025284602B024
:10759000BDE8F08101F01F0201239340490900EB8F
:1075A0008100D0E8EF2F42EA0301C0E8EC1FBCF1F4
:1075B000000FF6D1134214BF0120002070472DE9BF
:1075C000F04F85B080468946144602921D464168B8
:1075D0000391FFF789FE2346002202E0198A0A443C
:1075E0005B68002BFAD1904204D80024204605B0F5
:1075F000BDE8F08F0298D6F7FBF907464FF0000A76
:1076000086E0198A0A445B68002BFAD1841A07F1D4
:107610000C063046FDF755FD844228D33046FDF771
:1076200050FD0646002E2FD0D9F80440F9683A8A5A
:107630000095B3B20A4449460398A047041E58DB9C
:107640000E9B2BB10F9A214638469847002865D0EB
:10765000A346214607F10C00D6F7DAFAA2442C44DF
:10766000A5B24046FFF740FE029B00224AE040469A
:10767000FFF73AFE029B002202E0198A0A445B6887
:10768000002BFAD1861ACDE7029B987AD5F76CFFCA
:1076900000220023FDF7E2FC074650B10146029CA0
:1076A0002046D6F7F1F94046FFF71EFE3246234644
:1076B00004E054469AE7198A0A445B68002BFAD121
:1076C000841A07F10C0B5846FDF7FBFC844204D3E7
:1076D0005846FDF7F6FC0646A6E74046FFF704FECF
:1076E000029B02E01A8A16445B68002BFAD1861BC3
:1076F0009AE7BAF1000F3FF479AF544676E7198A5A
:107700000A445B68002BFAD1904207D9B34505D1F2
:107710004046FFF7E9FD029B002275E7544665E706
:107720002DE9F04182B007461446D2F80080D8F81F
:1077300004600023137395220146304601F01AFBC2
:10774000207340BB054639463046FFF7F6FDD8B1F9
:107750004046FFF7C9FDA268138AC31A012B1BDD3F
:10776000022102F10C00D6F753FA064600230193DA
:107770000093A388A26839464046FFF720FF0028FF
:1077800005DB3080012507E00823237304E0FFF7C1
:10779000CCFD207300E00025284602B0BDE8F08152
:1077A0002DE9F04182B007461446D2F80080D8F89F
:1077B00004600023137395220146304601F0DAFA83
:1077C0002073C8B9054639463046FFF7B6FD10B9F3
:1077D0000823237311E0002301930093A388A26878
:1077E00039464046FFF7EBFE002801DB012504E0A7
:1077F000FFF79BFD207300E00025284602B0BDE89E
:10780000F0812DE9F84306460F461446D2F8008071
:1078100093684BB1A3681D78012D13D0022D2ED093
:1078200000252846BDE8F883506801210C30D6F7C2
:10783000EFF9A06033681B7813B901230370E9E7FF
:107840000223FBE7336893F80090B9F1000F01D0F1
:107850000025E6E7606804210C30D6F7D9F9E0602E
:1078600007803268E36852885A804046FFF73CFD43
:1078700063681B8AC01A0428D3D84D46D1E7336801
:107880001B78022B01D00025CBE7606812210C3059
:10789000D6F7BEF9E0600780E3683268D2F801509D
:1078A000D2F80500D2F80910D2F80D20C3F8025022
:1078B000C3F80600C3F80A10C3F80E204046FFF7CD
:1078C00013FD63681B8AC01A122801D80025A8E797
:1078D0000125A6E708B5DFF739F908BDF8B5054673
:1078E0000C46FFF701FDA368002203E0B3F810C0C7
:1078F00062445B68002BF9D1904219D32C66A668CC
:10790000A360F1F7F3F831462846FFF7E3FF074697
:1079100030B1A66000232B66F1F734F93846F8BD84
:107920002846FFF7E1FC01462046E2F769F8F3E755
:107930006FF07907F2E770B5044608460021FFF7BB
:1079400055FD28B1261F54F8043C0BB1E26D02B17D
:1079500070BD5D68002DFBD02A685A6099688D4221
:107960000FD029463046DFF78DF90028F0DA54F8B9
:10797000043C5A682A605D609A68002AE8D19D60DC
:10798000E6E79A60EDE72DE9F8430746846A8CB391
:10799000B03C14F1B00503D0D4F8B05005B1B03DFF
:1079A0004FF0000846462AE096B12146381DFFF701
:1079B000A2FC0646E0B101462046DFF763F9002845
:1079C00029DA7B6833607E60BB6873B1A0461AE039
:1079D000B8F1000FE9D02046FFF784FC814640460D
:1079E000FFF780FC8145E0D10DE0BE60A0460AE0D3
:1079F000A04608E02546D3E72B462C461D4654B149
:107A0000236E002BD0D0002DF6D0D5F8B030002B4F
:107A1000F3D0B03BF1E7BDE8F88370B504460D46FE
:107A200001462846FFF7EDFC68B1064601462046B0
:107A3000FFF750FF044608B9204670BD314628467E
:107A400007F0E6FEF8E76FF00104F5E7F8B5044645
:107A5000061F50F8045C00F15803D3E8EF1F21F033
:107A60000401C3E8E21F002AF7D13DB1E36D33B151
:107A700004F160013046FFF7D0FFC0B9F8BD6F6870
:107A8000002FF5D03B686B60AA6897420DD039464D
:107A90003046FFF723FF0028F0DA6B683B606F6029
:107AA000AB68002BE4D1AF60E2E7AB60EFE705F134
:107AB0000C013046FFF7B1FFE0E72DE9F8438146BE
:107AC000846A54B3B03C14F1B00503D0D4F8B0507C
:107AD00005B1B03D002637460EE009F10C01204605
:107AE000FFF79BFF0646E0B1CDB1D5F8B03003B14A
:107AF000B03B27462C461D469CB116F1020FECD137
:107B0000002FEAD02046FFF7EDFB80463846FFF70E
:107B1000E9FB8045E1D13C46E6E72546DAE72B461E
:107B2000E7E7BDE8F88338B504460D46DFF70EF801
:107B300000B938BD294604F1640007F05DFEF8E79E
:107B400030B587B00546DEF7D9FF8446EE460446D9
:107B50000FCCAEE80F0094E803008EE8030000238A
:107B6000CCF80030CCF80430CCF80830CCF80C302D
:107B7000CCF81030CCF814302846FFF710FC9DF8F4
:107B800004300BB907B030BD6846DFF7E3F8F9E71A
:107B900038B505460C4601F10C00FDF774FA0146B4
:107BA000238AE2682868006801F08DF900221E210E
:107BB0002846DFF72BF918B101462846FFF7B3FF37
:107BC000002038BD01B970472DE9F0410646154641
:107BD0001C460F4604220121DFF718F9804658B1F0
:107BE00004210C30D6F714F80770A0F80150C470C7
:107BF00041463046FFF797FFBDE8F08130B585B0CC
:107C000005460C4601F10C00FDF73DFA0346E2681B
:107C1000218A02910192002100910A462846DFF74D
:107C2000F1F905B030BD30B585B005460C4601F11F
:107C30000C00FDF728FA0346E268218A02910192BE
:107C400000220092132212212846DFF7DBF905B04B
:107C500030BD70B5046EE368E3B105466269617CCE
:107C6000DFF7D4F80646B8B1E368A26961699847BE
:107C700030B931462846DEF769FF30B9002070BDC3
:107C80003046D5F76DFE0E20F9E73046D5F768FE91
:107C90000E20F4E70520F2E70E20F0E7F0B589B0FA
:107CA000054608460C7C043CE4B2022C01D0102CA2
:107CB00042D104210C30D5F76BFF06884788224655
:107CC000011D01A8FEF79BF8C8B30DF11602394655
:107CD0003046FFF71BFBF0B100238DF818304FF44E
:107CE0002053ADF81A3006A901A8FEF76AF858B17A
:107CF00000238DF81C3042F60103ADF81E3007A9B1
:107D000001A8FEF75EF878B93B46324601A928463D
:107D1000DFF768FA11E00123BDF81620102128468C
:107D2000FFF750FF002008E010233246194628468E
:107D3000FFF748FF002000E0042009B0F0BD0E204E
:107D4000FBE700B583B0CA681388528800920D2201
:107D50000C21DFF729FB03B05DF804FB00B583B00D
:107D6000CB681B88002200920B220A21DFF71CFB44
:107D700003B05DF804FBF0B589B0054608460C7CFD
:107D8000043CE4B2022C01D0102C52D104210C305E
:107D9000D5F7FEFE068847882246011D01A8FEF79A
:107DA0002EF8002847D00DF1160239463046FFF76D
:107DB000ADFAC0B10121686801F097F858B9002305
:107DC0008DF8183042F60203ADF81A3006A901A862
:107DD000FDF7F7FF80B93B46324601A92846DFF799
:107DE00035FB09B0F0BD0123BDF816200821284657
:107DF000FFF7E8FE0020F4E700238DF81C3042F680
:107E00000303ADF81E3007A901A8FDF7DAFF00282B
:107E1000E1D0012E03D14FF6FF739F42DBD0032147
:107E200005F15C00FFF7B6FB08B91220D9E7002086
:107E3000D7E70420D5E70E20D3E72DE9F04387B03C
:107E400007460C46062104F10C00D5F7A1FE058873
:107E50004688B0F80480D4F80C900DF10E0231463B
:107E60002846FFF753FAD0B100238DF81030ADF853
:107E700012808DF814304FF42053ADF8163005A958
:107E800004A8FDF79EFF98B9237C00934B46324629
:107E900029463846DFF720FB07B0BDE8F083012311
:107EA000BDF80E2006213846FFF78CFE0020F3E7D0
:107EB0000A232A4606213846FFF784FE0020EBE716
:107EC00070B582B00446CB681D885E880DF106024D
:107ED00031462846FFF71AFA30B132462946204685
:107EE000DFF73EFB02B070BD0123BDF80620042180
:107EF0002046FFF767FE0020F4E7F8B504460D467C
:107F0000FFF7F0F950BBEB681E88B3B2162B27D9E8
:107F100003212046DFF72CF9074618B302210C3065
:107F2000D5F776FE00256FF00803037045703946DB
:107F30002046FFF7F8FDF7236383668523681B68F7
:107F40000433D3E8EF1F41F48031C3E8E21F002A75
:107F5000F7D12046FFF788FA2846F8BD0620FCE74F
:107F60000420FAE70E20F8E708B5E0F73BFA08BD71
:107F700038B5DEF7BBFAF0B1806A48B1B03810F11D
:107F8000B00403D0D0F8B04004B1B03C002504E008
:107F90000446FBE7234620461C4668B1FFF7A4F9D8
:107FA000A84200D90546002CF4D0D4F8B030002BFC
:107FB000F1D0B03BEFE70025284638BD08B50023D7
:107FC0000A8AC968DFF738FB08BD08B500230A8AAA
:107FD000C968DFF731FB08BD08B500230A8AC96804
:107FE000DFF72AFB08BD08B500230A8AC968DFF756
:107FF00023FB08BD08B500230A8AC968DFF71CFB0C
:1080000008BD08B500230A8AC968DFF715FB08BD5B
:1080100008B500230A8AC968DFF70EFB08BD08B55A
:1080200000230A8AC968DFF707FB08BD08B50023EB
:108030000A8AC968DFF700FB08BD08B500230A8A71
:10804000C968DFF7F9FA08BD08B500230A8AC968CC
:10805000DFF7F2FA08BD70B50446CE6833889AB2ED
:10806000162A0CD90D46F72242834385FFF7FCF907
:1080700000232A8A31462046DFF7DEFA70BD04234A
:1080800000221146DFF7D8FAF8E708B500230A8A7C
:10809000C968DFF7D1FA08BD70B5054655F804691F
:1080A00050F8043C3BB1044669B1C36D1BB11B7C65
:1080B00013F0010F00D170BD0523002211462846A0
:1080C000DFF7BAFAF7E73046E1F75CFC737A012B89
:1080D000F1D0E36D002BEED01B7C13F0010FEAD042
:1080E0002846FFF7B6FD03460028E4D000221146DB
:1080F0002846DFF7A1FADEE710B50446014651F83D
:10810000B00B2830FFF7DEF802E01846D5F728FC60
:1081100004F1640000220023EEF730FB0346002840
:10812000F3D1236E33B16FF067030022114620466E
:10813000DFF782FA002344F85C3BD4E8EF3F23F0FA
:108140000103C4E8E23F002AF7D110BD38B5044668
:1081500050F8045C25B10438FFF7CEFFAB6A03B1D9
:1081600038BD2846DFF7DAFA2068E1F731FCF7E797
:1081700058B370B50D4639B3DEF7B8F9064618B3F3
:10818000806A40B1B03810F1B00409D0D0F8B040E6
:1081900034B1B03C04E0044602E0234620461C46CD
:1081A00058B12946DFF730FB70B9002CF5D0D4F870
:1081B000B030002BF2D0B03BF0E72946301DFFF77E
:1081C00081F82846DFF728FA70BD704710B50C46D5
:1081D000DEF78CF9014600B3836A13B1B03B00E0CF
:1081E000B03B6BB1186E8269A24216D013F1B00297
:1081F00004D0D3F8B030002BF2D1F2E71346F0E709
:10820000486850B18369A34207D00346006800283C
:10821000F7D0002BF5D11846F3E710BD01207047C9
:1082200008B5DEF763F998B1836A03B1B03B7BB15F
:1082300003F15C02D2E8EF0F20F00800C2E8E10F82
:108240000029F7D1D3F8B030002BF0D0B03BEEE7E7
:1082500008BD08B50421FEF7EFFF20B10321583017
:10826000FFF7C4F808BD0020FCE770B50E461546C0
:108270001C46DEF743FCC66005610123C38004751C
:1082800070BD0B4621B1096851B111601A60704789
:108290000368136002604368002BF8D142607047A6
:1082A00000231360436813B11A6042607047426054
:1082B000026070470B4639B11168196041688A4203
:1082C00009D00023136070471368036041688A4235
:1082D000F7D14360F5E74360F3E708B50A46036862
:1082E000002101E019461B682BB19342FAD1FFF738
:1082F000E1FF012000E0002008BD0023B3EB510F97
:1083000010D200B510F803C0CA1A013A10F802E002
:1083100000F803E000F802C00133B3EB510FF1D3D2
:108320005DF804FB7047036813F4805F02D043F4E8
:1083300080630360036813F4005F02D043F40063BA
:1083400003607047B0F800C0624512D300B5B1F8C1
:1083500000E0734508D9624500D202800A88934242
:1083600004D90B80012002E0002000E001205DF82C
:1083700004FB624500D202800A88934202D90B8036
:10838000012070470120704710B5002301E0013340
:108390009BB2022B19D84FEAD30CB2EBD30F12D9F0
:1083A00000EB0C04247A03F0070E24FA0EF414F008
:1083B000010FECD011F80C4024FA0EF414F0010F68
:1083C000E5D1002016E0002300E00023934210D204
:1083D0006BB9C41894F808C011F803E00EF0070E4A
:1083E0004CEA0E0C84F808C001339BB2EEE7012082
:1083F00000E0012010BD10600020704710600020D8
:108400007047FF2801D8C0B270470E20704770B582
:10841000049CA6683EB105460846FFF7F2FF0246F7
:1084200021462846B047A37D013BDBB2A375E26835
:1084300012B10BB92046904770BD106091800020AA
:1084400070478068B0FA80F040097047407A8B7BB3
:10845000984234BF00200120704770B582B00446B6
:10846000069D084679B973B1009313462A46002148
:1084700020462E68B0472E68002100910B462A4600
:108480002046B04708E02E68FFF7BBFF01460023F7
:1084900000932A462046B04702B070BD10B586B0A2
:1084A0000BAC059403940A9C0294099C0194089CCB
:1084B0000094CFF715F806B010BDF0B589B0066886
:1084C0003578002D66D1074614467388B3F5245FCE
:1084D0001AD014D903F55643FF339BB2042B5FD84F
:1084E000ADF80A1002220DF10A012046DFF77AFAF0
:1084F00000283ED06FF01503C4F82C324BE0A3F5F2
:1085000020539BB2032B49D8ADF80A1002220DF17B
:108510000A012046DFF766FA20B16FF01503C4F8B0
:108520002C3238E07388ADF80A3002220DF10A01CE
:108530002046DFF757FA78B97E68002000901323B1
:1085400003AA3946B047021E0BDB03A92046DFF71A
:1085500049FA48B901251EE06FF01503C4F82C3222
:1085600019E0C4F82C2216E06FF01503C4F82C3281
:1085700011E07388ADF80A3002220DF10A0120469D
:10858000DFF730FA08B9012505E06FF01503C4F8EC
:108590002C3200E00125284609B0F0BD0125FAE79C
:1085A0000125F8E7002303604360836070470023E0
:1085B0008360704708B5DFF7E5FA08B1FFF7F2FF0F
:1085C000002008BD4B0900EB8300D0E8AF0F01F09D
:1085D0001F01084100F00100704701F01F02012354
:1085E0009340490900EB8100D0E8EF2F42EA0301F4
:1085F000C0E8EC1FBCF1000FF6D1134214BF0120FC
:10860000002070474B7803B97047036FC1F8013001
:10861000B0F8742090F87630A1F80520CB71F3E71C
:1086200000B501F01F0201239340490900EB8100CE
:10863000D943D0E8EF2F02EA010CC0E8EECFBEF13B
:10864000000FF6D1134214BF012000205DF804FB97
:1086500008B539B100210C30FFF7BFFF80F00100F1
:10866000C0B208BD00210C30FFF7DAFFF9E708B50A
:10867000FFF7EEFF08BD08B5022A03D0DFF788FB3D
:10868000022008BD00231A4600F17001007ADFF7CE
:10869000EBFAF5E7F8B50C4673B1054611461E46F0
:1086A00003F1140204F10800FFF704FE3768002309
:1086B0001A4631462846B8472046FFF7C2FE00B9A1
:1086C000F8BD2046DFF7CEFBFAE72DE9F041804602
:1086D0000E46069D05F11003D3E8EF1F21F00401BB
:1086E000C3E8E21F002AF7D18EB9AB8923B92C6801
:1086F0001A4629464046A0473046FFF782FE01460B
:108700006B6813B12A4640469847BDE8F081404661
:10871000DFF784FA01460028F7D0836813B11C689C
:1087200000220AE01C46FBE72B464046FFF7B2FF5B
:10873000E2E727461A4623463C46002BDCD005F1EB
:10874000140C6345F0D0002CF3D02768F2E711F148
:10875000680F07D010B582B0049C0094FFF7B5FFF6
:1087600002B010BD70472DE9F8430746DFF756FA0F
:1087700000283DD080468468B4B3143C14F114053D
:1087800002D0656905B1143D4FF000090DE00023EA
:10879000A38123464A4641463846FFF77BFF2DB367
:1087A0006B6903B1143B2C461D460CB304F1100653
:1087B000D6E8EF3F23F00803C6E8E23F002AF7D1EE
:1087C00007F17001387AFDF726FD0028DFD000217F
:1087D0003046FFF7F7FE0028D9D141463846FFF76B
:1087E00011FF04F11409DAE72546CDE72B46DAE755
:1087F000BDE8F88338B504461546FFF70FFD48B9C4
:108800003DB904F17001207ADFF7BCF908B1FFF738
:10881000CEFE38BD2046DFF78FF90028F0D0027A6F
:1088200012F0010FECD00121FFF721FFE8E7994298
:1088300022D838B505460C4691421FD3049B23B17C
:1088400001681846FDF7BDFAD0B9059B2BB1EB685E
:10885000059A934201D0012011E0069B1B88013B41
:10886000069A1380089A21462846079B9847069B3C
:108870001B8823B9002002E000207047012038BD8A
:108880000120FCE72DE9F04107460D46002634465D
:1088900004E01046DCF73EFC46460134092C15D8AE
:1088A00004EB840305EB4301013115F81300DDF7F8
:1088B00099F802460028F0D004EB840305EB43034B
:1088C000B3F80880B045E4D8B046E2E7B5F86430C4
:1088D0009E4206D0A5F86460AB6E13B131463846AF
:1088E0009847BDE8F081F8B506460F4614461D4688
:1088F0004FF470200021DEF767FE844628B14574EE
:10890000069B4361C460466087616046F8BD2DE9FF
:10891000F04383B00646084615461C469DF828805D
:108920000B9F0097434622462946FFF7DCFF68B3BA
:1089300081463A4641463046DEF7D2FB8046B8B122
:108940009DF8303000221146FFF78FFCC9F80880EF
:108950002A4639464046A047044678B9494630463B
:10896000DEF79CFF044668B9204603B0BDE8F083FB
:108970004846DEF751FE6FF00B04F5E74846DEF798
:108980004BFEF1E74846DEF747FEEDE76FF00B04DC
:10899000EAE710B5144602210C30D5F739F92389DE
:1089A0000380002010BD10B5144604210C30D5F70B
:1089B0002FF92389038063894380002010BDF0B51F
:1089C00087B006460C9D084609B9144653B92C6871
:1089D000FFF717FD0146002300932A463046A047C3
:1089E00007B0F0BD1A46214603A8FCF73DFB0AE09C
:1089F0000094831C2A46002130462F68B847214640
:108A000003A8D5F7C5F8BDF81030012B0AD902210B
:108A100003A8D5F7BDF80388BDF810409C42E7D302
:108A20001C46E5E72C68002100910B462A4630469B
:108A3000A047D5E770B506461546002408E0AB68A8
:108A400033F8141006F10C00FCF756FB0134E4B2C5
:108A50006B689C42F3D3002070BD70B50646154686
:108A6000002408E0AB6833F8141006F10C00FCF7A2
:108A700043FB0134E4B26B689C42F3D3002070BD29
:108A800038B5144600F10C0502212846D5F7C0F888
:108A900063890380A1892846FCF72EFB1034D4E8B3
:108AA000EF3F43F00403C4E8E23F002AF7D100207F
:108AB00038BD38B5144600F10C0504212846D5F719
:108AC000A7F82389038063894380E1680B782BB979
:108AD00049882846FCF710FB002038BD10220131E0
:108AE0002846FCF7F7FAF7E770B50446DFF724F8F5
:108AF00050B1054604F170063146207AFDF78BFB34
:108B000018B92846DFF758FC70BD236FC5F801304F
:108B1000B288B379A5F80520EB71F5E710B586B0FA
:108B20001824ADF810402824ADF812400024ADF808
:108B300014402A24ADF816400824029404AC019491
:108B4000BDF820400094DFF777FC06B010BDF0B50B
:108B500087B004460D4616461F46FDF759FBADF893
:108B60001600022302930DF116030193BDF8303075
:108B700000933B46324629462046DFF75DFC07B0AE
:108B8000F0BD2DE9F04184B004460D4616461F465F
:108B9000D8F7F2FC8046C5F7A5F980B20290CDF86F
:108BA0000480BDF8283000933B46324629462046D3
:108BB000DFF742FC04B0BDE8F081F0B587B00446B1
:108BC0000D4616461F4600238DF81430DEF7B4FF1D
:108BD00010B1037A8DF814300123029305AB019391
:108BE000BDF8303000933B46324629462046DFF739
:108BF00023FC07B0F0BD70B586B0BDF82850CC6836
:108C0000267846B101341026029601940095DFF7CC
:108C100013FC06B070BD6488ADF8164002240294BF
:108C20000DF1160401940095DFF706FCF1E7F0B5AD
:108C300087B005460C4616461F46C968DEF7C6FFD4
:108C400090B10389ADF81630022302930DF116039B
:108C50000193BDF8303000933B463246214628460A
:108C6000DFF7EAFB07B0F0BD0023ADF81630EBE705
:108C7000B8B110B582B0044600238DF8043042F636
:108C80000303ADF8063001A90068FDF79AF850B962
:108C9000E368988840B92046DFF702FC013080B2D3
:108CA00002E000207047002002B010BD2DE9F04125
:108CB0008AB005460C4616461F46D1F80C8098F837
:108CC00006308DF814300846FFF7D2FFADF81500D6
:108CD000D8F800100B7893B94B88ADF817300523FE
:108CE000029305AB0193BDF8403000933B463246FA
:108CF00021462846DFF7A0FB0AB0BDE8F081D1F895
:108D000001C0D1F80500D1F80920D1F80D30CDF817
:108D100017C0CDF81B00CDF81F20CDF8233013234A
:108D2000DEE708B5DFF7FCFC08BD10B586B0CC68FF
:108D300094F800C08DF810C094F901C08DF811C0EE
:108D4000B4F802C0ADF812C094F804C08DF814C095
:108D5000E488ADF815400724029404AC0194BDF8F2
:108D600020400094DFF768FB06B010BD08B5FFF7A0
:108D7000FFF808BD38B5054612F0010F05D04B8A43
:108D800003F095037BB34B687BB312F0020F05D061
:108D90004B8A03F4957353B38B6853B34C8AC4F373
:108DA0000E04144014F4DE7F25D0EB7A73B114F076
:108DB000300F11D114F4C07F21D0D5F8A03003B307
:108DC0005B7B13F0100F1ED0002015E02846FEF745
:108DD00017F890B10F200FE02846FEF75EF8022842
:108DE000E8D8052008E0022006E0022004E0032085
:108DF00002E0032000E0002038BD0520FCE7002051
:108E0000FAE70520F8E70520F6E7F0B583B0054658
:108E1000089E0846B9B91C46ABB17368F3B100941B
:108E200013463246002128463768B847A0B1338A36
:108E3000013B9C4218DA3468002100910B4632460F
:108E40002846A04708E03468FFF7DBFA0146002314
:108E5000009332462846A04703B0F0BD2346314672
:108E60002846E0F7A5FBF7E7738923447381314671
:108E70002846E0F741FB0028EEDA3468002300932F
:108E800032460E212846A047E6E770B582B0044678
:108E90000D46EFF72BFE29462046FFF797F978B1EC
:108EA000014646682046FFF763F9EFF76BFE2EB1E7
:108EB000009500231A460E212046B04702B070BD2F
:108EC000EFF760FEFAE7F0B583B007460C461546AB
:108ED0001E46DEF7A3FE30B1014600962B46224621
:108EE0003846E0F76DFC03B0F0BD2DE9F0410746D0
:108EF0000C46DEF721FE00283ED00646037A13F02A
:108F0000010F03D101252846BDE8F08100F10C08CE
:108F100000214046FFF756FB05460028F3D10CB967
:108F20002546F0E701214046FFF77AFB0546D8B910
:108F30003846FFF773F905460028E4D03846FFF7B6
:108F400088F905460028DED0D8E8EF3F23F0020379
:108F5000C8E8E23F002AF7D13846FFF761F901215E
:108F60003046FFF784FBCEE73846FFF759F9012179
:108F70003046FFF77CFBC6E70125C4E701207047B8
:108F800001380E2815D8DFE800F008160A080C0A88
:108F90000C140E1008080E0E120001207047042059
:108FA000704705207047062070470720704708204B
:108FB00070470920704703207047431E082B0CD8C8
:108FC000DFE803F00D09050D0E09070B090002206B
:108FD00070470A2070470820704700207047032020
:108FE00070470346007D5B7B984228BF1846704758
:108FF00007280DD8DFE800F00F0E040C0C06080A55
:1090000006207047292070471820704712207047AB
:109010001F207047052070470720704707207047C2
:1090200007207047C07A00F001007047807C00F094
:109030000100704770B506460C46FFF7F3FF054682
:109040003046FFF7F3FF2DB1002308B123B9022307
:10905000637070BD0323F8E70123F9E70720704729
:109060000720704710B586B00BAC059403940A9C9A
:109070000294099C0194089C0094CEF731FA06B042
:1090800010BDD0E8EF3F43F48043C0E8E23F002A40
:10909000F7D1002070474B0900EB8300D0E8AF0FF9
:1090A00001F01F01084100F00100704770B504464F
:1090B0000F210430FFF7EFFF90BB0546D4F8A03036
:1090C000DBB1D4F8A03063B3DA8912F0240F28D0D2
:1090D000A17A022903D9587B10F0010F21D003296E
:1090E00021D9597B11F0010F1BD012F0200F18D09D
:1090F0001B7B102B15D1012513E004F170063246BD
:10910000217A2020E2F75EFAC4F8A0000028D8D126
:109110003246217A0420E2F755FAC4F8A000D0E7DD
:109120000025284670BD0125FBE701B3F8B50546CB
:109130000C46CE8916F0240F1BD00F7BFFF751FF92
:10914000874218D816F0200F0AD1637B13F0010371
:1091500001D02A7A8AB193B92B7A93B1012009E020
:109160000521281DFFF797FF0028EED102E001201E
:1091700070470120F8BD0020FCE70020FAE701203D
:10918000F8E70020F6E710B50446D0F8EC309B7AFB
:10919000032B15D007D8013BDBB2012B01D80020EF
:1091A00010BD0820FCE7042B0ED1FFF71AFF102892
:1091B00001D00620F4E70521201DFFF76CFF28B140
:1091C000237A2BB10020EBE70820E9E70320E7E74B
:1091D0000320E5E708B503210430FFF75CFF08BD75
:1091E00038B50446031D0025D3E8EF2FC3E8E15F3F
:1091F0000029F9D104F5A470EEF78CFB2572D4E8B0
:10920000EF3FC4E8E25F002AF9D1D4E8EF3F43F032
:109210000203C4E8E23F002AF7D138BD70B5044626
:109220000D4600F1700607220968304608F0DBF9A8
:1092300000B170BD6B681A6822679A889B79A4F8A0
:10924000742084F87630F4E708B58C46194683F824
:1092500000C04FEA1C2C83F801C09A70120ADA7021
:1092600000234B608B60CB600A46DAF783FD08BDB4
:1092700000B501F01F0201239340490900EB810072
:10928000D943D0E8EF2F02EA010CC0E8EECFBEF1DF
:10929000000FF6D1134214BF012000205DF804FB3B
:1092A00070B50E46041D04212046FFF7F4FE70B190
:1092B0000022002300210846DCF784FE054650B159
:1092C00001210C30D4F7A4FC0670284670BD4FF481
:1092D00070220023EEE7D4E8EF3F43F01003C4E828
:1092E000E23F002AF1D0F6E770B506460C461022A0
:1092F0000D21FFF7D5FFB0B1054610210C30D4F792
:1093000087FCD4F800C06168A268E368C0F800C0B8
:1093100041608260C36000231A4629463046E0F768
:1093200045FD002070BD0820FCE738B5044610223A
:109330000421FFF7B5FFC8B1054610210C30D4F762
:1093400067FCD4F827C0D4F82B10D4F82F20D4F819
:109350003330C0F800C041608260C36000231A4609
:1093600029462046E0F722FD002038BD0820FCE712
:1093700038B5044606220221FFF792FF90B1054658
:1093800006210C30D4F744FCD4F811300360B4F853
:109390001530838000231A4629462046E0F706FD53
:1093A000002038BD0820FCE700294ED038B504461F
:1093B0000B46051DD5E8EF2F22F08002C5E8E12F0E
:1093C0000029F7D1D3F800C058689968DA68C4F862
:1093D00097C0C4F89B00C4F89F10C4F8A320D3F82A
:1093E00010C058699969DA69C4F8A7C0C4F8AB001D
:1093F000C4F8AF10C4F8B3200A212846FFF74BFE8B
:1094000058B910212846FFF746FE80B909212846A1
:10941000FFF741FEA8B9002008E0D5E8EF3F43F48C
:109420000073C5E8E23F002AF7D1002038BDD5E837
:10943000EF3F43F40073C5E8E23F002AF7D1002074
:10944000F4E72046E0F700FEF0E70B20704738B560
:10945000CA68D0F8EC30DB78012B01D0002038BD91
:109460000446051DD5E8EF3F23F48033C5E8E13F0E
:109470000029F7D1D2F800C050689168D368C4F8C9
:10948000B7C0C4F8BB00C4F8BF10C4F8C33007218C
:109490002846FFF700FE70B90A212846FFF7FBFDBA
:1094A00098B1D5E8EF3F43F40073C5E8E23F002AE6
:1094B000F7D10020D3E7D5E8EF3F43F40073C5E8C8
:1094C000E23F002AF7D10020C9E72046E0F7BCFDC3
:1094D000C5E710B50446031DD3E8EF1F41F0800136
:1094E000C3E8E21F002AF7D10820E0F709FB08B122
:1094F000002010BD2046E0F7BDFEFAE710B5D0F819
:10950000EC40D4F8A03063B1D4F8A0308BB1DA8944
:1095100012F0240F0FD05B7B13F0020F0DD100204F
:1095200010BD04F17001207AE1F790FFC4F8A000AB
:10953000EAE70120F4E70120F2E70120F0E7F8B5BF
:109540000646E0F77DFA002864D00446051D042194
:109550002846FFF7A0FD00285FD103212846FFF72A
:109560009AFD00285CD101212846FFF794FD0028D0
:1095700059D12046E0F746FBA0B3D6F8A030CBB3D4
:109580002046E0F783FF002850D101220B2120461E
:10959000FFF786FE074600284BD001210C30D4F798
:1095A00037FB064609212046E0F780FB3070002398
:1095B0001A46394604F1EC00DCF74AFD064628BBA2
:1095C000D5E8EF3F43F40043C5E8E23F002AF7D176
:1095D000D4E8EF3F43F00203C4E8E23F002AF7D1AA
:1095E0003046F8BD3046FFF761FD0028C5D16FF069
:1095F0001506F5E706F17001307AE1F727FFC6F8A6
:10960000A0000028BCD16FF00B06E9E73846D4F77C
:10961000A7F9E5E76FF07F06E2E76FF00406DFE702
:109620006FF00F06DCE76FF00F06D9E76FF0680602
:10963000D6E76FF06806D3E72DE9F0470446914678
:109640001E46BDF82080E0F7FBF9002800F0858079
:109650000746B8F1000F02D159EA06031DD0D4F82D
:10966000A030002B45D0B8F1000F09D159EA06030C
:1096700006D1D4F8A01019B1CB8913F0200F4BD12B
:109680000F21381DFFF707FD002860D13846FFF78E
:10969000A7FD00252846BDE8F08700F1040A032154
:1096A0005046FFF7F8FC0028D9D001215046FFF7BB
:1096B000F2FC05460028D2D03846FFF792FC04465B
:1096C000024607F14701099807F09DFF0F2C08D9C2
:1096D000DAE8EF3F43F00203CAE8E23F002AD9D0BC
:1096E000F6E7C4F110020021099B181907F0B2FF38
:1096F000EEE704F170052A46217A2020E1F762FFA7
:10970000C4F8A0000028AED12A46217A0120E1F752
:1097100059FFC4F8A000A6E70C7B22461A3109982D
:1097200007F071FF0F2C0AD90437D7E8EF3F43F059
:109730000203C7E8E23F002AF7D10125AAE7C4F1F6
:1097400010020021099B181907F084FFECE70222A0
:1097500006212046DCF7CAF898E700259AE76FF063
:109760008500704730B585B004460D460022009252
:109770000192029203921022694607F034FF38B139
:109780002B46002201212046FFF75EFD05B030BDCB
:109790006FF01500FAE708B5C378012B02D1FFF787
:1097A000CEFE08BD6FF01500FBE738B50446082073
:1097B000E0F7A6F9A0B10546031DD3E8EF1F21F499
:1097C0008071C3E8E21F002AF7D121462846FFF73F
:1097D000EBFD014620B12846E1F78AFA00E075B1B9
:1097E0000720E0F78DF9044648B1E0F743FD054650
:1097F0000028F4D001462046E1F77AFAEFE738BDB9
:109800002DE9F04104460E46A0F1EC08054655F856
:10981000E87901212846FFF72BFD10B11EB9FB7A2C
:10982000CBB9BDE8F08103212846FFF734FC0028BE
:10983000F7D03046FCF7BBFCFFF7BFFB0146D5E88D
:10984000EF3F43F00403C5E8E23F002AF7D140466A
:10985000E1F7B4F9E5E703212846FFF71CFCC0B3A4
:1098600005212846FFF717FCE8B114F8043C13F073
:10987000080F0CD014F8033C13F0080F07D0D5E8FC
:10988000EF3F43F40033C5E8E23F002AF7D114F874
:10989000043C23F0080304F8043C14F8033C23F0D0
:1098A000080304F8033C14F8033C13F0010F14D12F
:1098B00013F0020F31D113F0040F18D0A4F1EC0310
:1098C000D3E8EF1F41F48061C3E8E21F002A0ED005
:1098D000F6E74046FFF784FCA3E7A4F1EC03D3E8E6
:1098E000EF1F41F04001C3E8E21F002AF7D1D5E89D
:1098F000EF3F43F00403C5E8E23F002AF7D14046BA
:10990000E0F7ACFE00288CD134F8043C002B88D161
:1099100000214046E1F752F983E7A4F1EC03D3E8D4
:10992000EF1F41F48071C3E8E21F002ADFD0F6E7A1
:1099300002B1704708B50221E1F75AFC08BD70B5C5
:109940000446A0F1EC0650F85C3BD3F8A050EDF7CC
:10995000E1FFE83C03212046FFF79DFB20B90121F0
:109960002046FFF798FBA0B108213046E1F726F921
:1099700045B1EB891BB16B7B13F0020F02D0284677
:10998000E1F73AFF4FF4C0720021304607F062FE63
:1099900070BD0F212046FFF77EFB0028E8D0E3E7EB
:1099A0000023B3EB510F10D200B510F803C0CA1A50
:1099B000013A10F802E000F803E000F802C00133B9
:1099C000B3EB510FF1D35DF804FB7047F0B597B0DE
:1099D0000E4614461D461C9F2022014601A8E1F7B1
:1099E0002FFF2022314609A8E1F72AFF8DF84450C5
:1099F0001022214612A8E1F723FF3B46412201A98C
:109A000012A8E1F7F1FF044610B1204617B0F0BDEF
:109A100010213846FFF7C4FFF7E72DE9F04397B070
:109A20000746914698461F9E209C219D102201A822
:109A3000E1F706FF1022494605A8E1F701FF1022D1
:109A4000414609A8E1F7FCFE03221E990DA8E1F7A3
:109A5000F7FE314611F8013B8DF83730D6F801009A
:109A60000E908B88ADF83C3006220EA8E1F7E8FE98
:109A7000214611F8013B8DF83E30D4F80130CDF885
:109A80003F308B88ADF8433006220DF13F00E1F7FF
:109A9000D7FE1022394612A8E1F7D2FE2B4641220A
:109AA00001A912A8E1F7A0FF044618B1204617B09B
:109AB000BDE8F08310212846FFF772FFF6E7036840
:109AC00013F4805F02D043F480630360036813F4EF
:109AD000005F02D043F400630360704710B586B0A6
:109AE0000BAC059403940A9C0294099C0194089C75
:109AF0000094CDF7F5FC06B010BD08B5E5F728FFDA
:109B000008BD2038704793781B0203F4E06392F895
:109B100003C04FEA0C3C0CF4805C43EA0C0392F85F
:109B200004C04FEA0C4C0CF4E02C43EA0C0392F80E
:109B300000C00CF0030C43EA0C0392F801C04FEA9A
:109B40000C1C0CF0300C43EA0C0392F805C04FEAF1
:109B50000C5C0CF4801C43EA0C039279120602F0B0
:109B60008072134300EB0110C0F81835704738B508
:109B700005460C460321A047002806DB01212846A4
:109B8000A047002800DB002038BD10F1860FFBD174
:109B9000F4E74800704750B344F22802904236D8A8
:109BA00043F6FF72904235D3A0F57F533F3B292BFC
:109BB00033D8DFE803F0283232321532183232322D
:109BC000321C3232323220323232322432323232AB
:109BD000323232323232323232323232323232286F
:109BE00000200870704701230B700020704702238B
:109BF0000B700020704703230B7000207047042374
:109C00000B700020704705230B70002070476FF029
:109C1000150070476FF0150070476FF01500704722
:109C200008B5D0E8EF3F5A1CC0E8E12F0029F8D171
:109C30001BB16FF00F03036708BDE1F755FFFBE7AA
:109C400008B50838FFF7ECFF08BD08B540304FF005
:109C5000FF324FF0FF33ECF7B9FE08BD10B50446F4
:109C600058304FF0FF324FF0FF33ECF7AFFE00B14A
:109C70002067206F10BD10B586B00BAC059403941F
:109C80000A9C0294099C0194089C0094CDF728FC3E
:109C900006B010BD38B584460D4600F1740E0C4672
:109CA0000FCCAEE80F002368CEF800300023CCF8CC
:109CB00070302B6853B10CF188040FCB84E80F008F
:109CC000CCF874400023ACF8983018B96046E1F73E
:109CD0000BFF38BD0023DCE8EF2FCCE8E13F002983
:109CE000F9D16046E2F7C2F8F3E708B5836C03B137
:109CF00008BD4030ECF7F2FDFAE710B50446436FBB
:109D00000BB30846D4F88C3043B1B4F8982004F172
:109D10007401984701280DD002280ED0B4F898306D
:109D2000B4F89420934213D20133A4F89830002160
:109D30000B4604E00121002301E00021012353B17F
:109D4000D4F88830F3B904F15800ECF7C7FD10BD22
:109D500000210123F3E72046E1F7D8FED4F888304C
:109D60001BB92046E1F7C0FEF1E7D4E8EF3F5A1EE9
:109D7000C4E8E12F0029F8D1012BE8DD2046E1F706
:109D8000B3FEE4E704F1080006F016F8DBE7037819
:109D90003E2B01D0002070478378022B01D0002099
:109DA00070470120704710B586B00BAC0594039442
:109DB0000A9C0294099C0194089C0094CDF790FBA6
:109DC00006B010BD08B513460A4601461846E2F72C
:109DD0006FFB08BD08B500692430ECF77FFD08BDB6
:109DE00008B50020D4F742F8002008BD006901EB57
:109DF00041018900803108447047406801EB41010E
:109E000000EB81007047006900EB41107047EFF3F1
:109E10001182202383F31288BFF36F8F036813F03E
:109E2000C00301D08B4207D101230360002082F3DD
:109E30001188BFF36F8F70474FF0FF30F7E7EFF3F4
:109E40001182202383F31288BFF36F8F036803F01E
:109E5000C00C03F00703012B08D08C4509D04FF04C
:109E6000FF3082F31188BFF36F8F704701600020CD
:109E7000F7E76FF07700F4E7EFF31182202383F325
:109E80001288BFF36F8F036803F0C00343F002032F
:109E9000036082F31188BFF36F8F7047F8B50646F1
:109EA0000C46FFF7A3FF05684768002340F8083B0E
:109EB000FFF7E2FF1DB13A4621463046A847F8BDFC
:109EC0002DE9F041064690461F46CDB22946FFF7E0
:109ED0008DFF044606990830FFF7B1FF002809DB23
:109EE000C4F80080676029463046FFF786FF0368A4
:109EF00098470020BDE8F08110B582B0802400941E
:109F0000FFF7DEFF02B010BD10B51446C9B2FFF76F
:109F10007AFF0021A04710BD08B50120E8F7B0FD89
:109F200008BD08B50320E8F7ABFD08BD08B5022061
:109F3000E8F7A6FD08BD08B50020E8F7A1FD08BDBB
:109F400008B50120E8F742FE08BD08B50320E8F790
:109F50003DFE08BD08B50220E8F738FE08BD08B58B
:109F60000020E8F733FE08BD08B58022E2F7C4FC04
:109F700008BD08B520EAE070C117C90341EA5041A5
:109F8000C00340F2E733C0184FF47A724FF0000379
:109F900041F10001C3F782FFEEF7F0FF08BD08B5FD
:109FA0001046ECF79BFC08BD08B5836823B11B6C19
:109FB0002BB19847002008BD6FF05700FBE76FF00A
:109FC0005700F8E708B583689B6903B1984708BD57
:109FD00008B583681B6A03B1984708BD08B5836854
:109FE0005B6A03B1984708BD08B583689B6B0BB1EA
:109FF000984708BD6FF05700FBE708B58368DB6B37
:10A000000BB1984708BD6FF05700FBE70020704781
:10A0100008B508461146D7F78DFF08BD08B50022E0
:10A0200011461046F2F732FC00B908BD6FF015007A
:10A03000FBE7C3780F2B14D9CB6B190E1170C3F348
:10A040008930116860F311211160C3F30520917804
:10A0500060F387019170D17863F30601D17000201D
:10A0600070476FF08500704770B582B00D46164698
:10A070001C46826800232360A36053696A4601A9D5
:10A08000984714E02068281AB0FBF2F01B68984249
:10A0900028BF1846236800FB02332360A3680344EB
:10A0A000A360019B1A68824211D808330193009B78
:10A0B0005A1E00923BB1019B5A686260002DE1D1AB
:10A0C000A068301AE2E76FF0150002B070BD002002
:10A0D000FBE708B513460022FFF7C6FF08BD2DE9D0
:10A0E000F04786B08946904683685B6901AA05A956
:10A0F000984700242646A246019B534514D9059F44
:10A1000007EBCA077B680393002503E0039B1C440D
:10A11000013601353B68AB4209D9029404964146A9
:10A1200002A8C8470028F1D106B0BDE8F0870AF1BF
:10A13000010AE1E74B6803444B600B6803440B6082
:10A140008B681B1A8B60704710B50C4603F0FEFB42
:10A15000002320606360184610BD38B504460D46E4
:10A1600003F0F4FB002C06DBA04206D9001B85425D
:10A1700005D9002000E0002038BD0020FCE70120C8
:10A18000FAE738B5044603F0E5FB05466068E9F7F1
:10A19000E3FAA3685B1BA36062682A446260002B39
:10A1A000F4D1002038BD00B585B00023019302939F
:10A1B00003930290039101A8FFF7E3FF05B05DF858
:10A1C00004FB10B586B00BAC059403940A9C029472
:10A1D000099C0194089C0094CDF782F906B010BD4B
:10A1E00010B5044608E0236819686068E9F7E8FAE2
:10A1F00021460420FFF79EFFA368032BF3D8E2F764
:10A2000079FE002010BD00B585B001910290039247
:10A2100001A8FFF7E5FF05B05DF804FB10B58C461B
:10A220001346014651F8040B826814686246A04741
:10A2300010BD10B50A46014651F8040B83681C682E
:10A240000023A04710BD38B505460C460321A047A2
:10A25000002806DB01212846A047002800DB00205B
:10A2600038BD10F1860FFBD1F4E743681C330B6057
:10A2700001231360704743689B6900200B604860AE
:10A28000704708B500694FF0FF324FF0FF33ECF72D
:10A290009DFB08BDF0B58DB08446139C4068DCF88A
:10A2A000107002F0800600250A958DF82C500AAD3A
:10A2B000069501250795129D089509948DF828109B
:10A2C00012F0010F1DD002F0020112F0040F06D1AE
:10A2D00039BB3A7F12F0010F25D1002500E001259E
:10A2E0001A1202F47F4242EA1362190201F47F015A
:10A2F0000A4342EA03630193BDB1CDF82930052337
:10A30000079306AB0493DCB10223059306AB0293DB
:10A3100002230393B6B902AA04A9FFF77FFF0DB089
:10A32000F0BD0025DCE70125DAE7BDF805209DF842
:10A330000730ADF829208DF82B3004230793E0E790
:10A340000123E2E704A9FFF774FFE8E770B582B0E4
:10A35000044645680E4681B1042100230193009311
:10A3600080222046FFF796FF95F8343013F0200F37
:10A3700001D000B91EB102B070BD0621EDE7002387
:10A3800001930093802298212046FFF783FFF2E794
:10A3900000B585B0012301930DF10F030093002355
:10A3A0001A460521FFF776FF08B99DF80F0005B0A2
:10A3B0005DF804FB70B584B0044616461D4603E004
:10A3C00030462946EEF7DAFD012101910DF10F012A
:10A3D000009100231A4605212046FFF75BFF034644
:10A3E00020B99DF80FC01CF0010FE9D1184604B048
:10A3F00070BD10B584B004468DF80F100023019392
:10A40000009380220621FFF745FF034610B118464E
:10A4100004B010BD012101910DF10F030093002341
:10A4200080222046FFF736FF03460028EFD10022A6
:10A4300000232046FFF7BEFF0346E8E708B50069A2
:10A44000ECF74CFA08BD2DE9F04383B04368D3F82C
:10A4500018800E1EC0F2868005461446B318434588
:10A4600000F28380C6F30B03002B40F08180C2F31F
:10A470000B03002B7FD1FFF704FF00212846FFF7D5
:10A4800065FF814614E00023019300938022C721D9
:10A490002846FFF7FFFE8146A4EB0804B9F1000F40
:10A4A00050D140F2676200232846FFF783FF8146C0
:10A4B000002C47D0B9F1000F44D100230193009341
:10A4C000802206212846FFF7E5FE8146002839D183
:10A4D0004445D8D028691D3000231F4602E00F46AE
:10A4E0000133DBB2032B19D800EB43014A78002A71
:10A4F000F6D04FF0FF3C0CFA02FC36EA0C0CEFD120
:10A500004FF0010C0CFA02FCA445E9D8002FE6D06C
:10A5100097F801C06245E3D90F46E1E77FB139788A
:10A52000002301930093334681222846FFF7B2FEB1
:10A5300081467A78012393401E44E41AAEE76FF017
:10A540001509ABE701212846FFF700FF0446B9F1E2
:10A55000000F00D04C462846FFF770FF204603B09E
:10A56000BDE8F0836FF01504F8E76FF01504F5E728
:10A570006FF01504F2E76FF01504EFE72DE9F04FE7
:10A5800083B091461F4643689A690369DE8C0D1EAD
:10A5900052DB8046EB19934251D8FFF772FE00213F
:10A5A0004046FFF7D3FE834600283FD001214046B6
:10A5B000FFF7CCFE0446BBF1000F00D05C464046DE
:10A5C000FFF73CFF204603B0BDE8F08F3446AA46B3
:10A5D00029190139B1FBF6F195FBF6F3994202D046
:10A5E00006FB1354341B00230193009380220621A1
:10A5F0004046FFF74FFE83460028D7D10194CDF89F
:10A6000000902B46812202214046FFF743FE8346FD
:10A610000028CBD13F1BA1440AEB040501220023F3
:10A620004046FFF7C7FE83460028BFD1002FBDD0AC
:10A63000BE42CBD93C46CAE76FF01504C2E76FF0C3
:10A640001504BFE7F0B583B01E4643689B690D1E35
:10A6500015DB04461746AA199A4213D8FFF711FED4
:10A66000019600972B46012203212046FFF712FE98
:10A6700005462046FFF7E2FE284603B0F0BD6FF026
:10A680001505F9E76FF01505F6E730B583B099B118
:10A6900004460D46FFF7F5FD0323019300950023C3
:10A6A0001A469F212046FFF7F5FD05462046FFF795
:10A6B000C5FE284603B030BD6FF01505F9E730B58B
:10A6C00083B04B1EDBB2FD2B28D804460D4611F09B
:10A6D000030F25D0FFF7D5FD15F0020F09D0002399
:10A6E00001930093802206212046FFF7D3FD054603
:10A6F00070B90023019300938022B7212046FFF711
:10A70000C9FD054620B92269137F43F00103137781
:10A710002046FFF793FE284603B030BD0025FAE738
:10A720006FF08505F7E708B505F0D7FA02464B014B
:10A7300043EAD0634001801A63EB01039B0043EAC4
:10A7400090738000801843EB0103DB0043EA5073F1
:10A75000C0F3103040EA434008BD38B5446894F86F
:10A76000343013F0020F00D138BD0569FFF7DBFF6D
:10A77000AB69C01AF8D4E38DC01A238EC21A002A1E
:10A78000F2DA1B1A590CDB0340F2E73298184FF447
:10A790007A724FF0000341F10001C3F77FFBEEF73F
:10A7A000EDFBE1E730B583B0456895F8343013F040
:10A7B000020F03D10024204603B030BD0446FFF74A
:10A7C000CCFF95F8343013F0040F01D00024F2E7E9
:10A7D0000023019300938022AB212046FFF75AFD0E
:10A7E00004460028E7D195F8343013F0020FE2D088
:10A7F000688EC0034FF47A72002300F2E730002124
:10A80000C3F74CFBEEF7BAFBD5E7436893F8343057
:10A8100013F0020F00D1704710B50469FFF783FFF2
:10A82000A06110BD30B583B0436893F8343013F0A5
:10A83000020F03D10025284603B030BD0446002393
:10A84000019300938022B921FFF724FD05460028DB
:10A85000F1D12046FFF7D9FFEDE710B504460068B7
:10A8600004F0DBFE034620B1E06810B104F0D5FE31
:10A870000346184610BD10B586B00BAC0594039482
:10A880000A9C0294099C0194089C0094CCF728FE31
:10A8900006B010BD00B583B043680022009201925B
:10A8A00093F827208DF803209A6A6946E2F738FC6E
:10A8B00003B05DF804FB38B5044603292AD8DFE865
:10A8C00001F0050F02190025284638BDFFF7D9FC15
:10A8D0002046FFF7A7FF05462046FFF7AFFDF3E749
:10A8E000FFF7CFFC2046FFF75DFF05462046FFF748
:10A8F000A5FDE9E7E2F7ECFC05460028E4D1204697
:10A90000FFF7BFFC2046FFF78DFF05462046FFF707
:10A9100095FDD9E76FF05705D6E70B4639B11168B9
:10A92000196041688A4209D0002313607047136898
:10A93000036041688A42F7D14360F5E74360F3E77B
:10A9400008B50A460368002101E019461B682BB1CF
:10A950009342FAD1FFF7E1FF012000E0002008BD9B
:10A9600043090AD0012B0BD14FF6FF7300F01F00F3
:10A9700023FA00F000F0010070474FF0FF33F5E7D5
:10A98000002070470069003818BF0120704710F0A0
:10A99000100F04D110F0200F03D1002070470320C6
:10A9A00070470120704700207047002070474368BF
:10A9B0005B681B690B60002070472DE9F04105467C
:10A9C0000C4643685F6802EA010821EA0206FFF7C5
:10A9D000ECFF002808DBC7F80880FE604FF4003267
:10A9E00021462846FFF7DFFFBDE8F08170B5044639
:10A9F0000D4643685E68FFF7D8FF002806DBB560A8
:10AA00004FF4003229462046FFF7CDFF70BD70B5E8
:10AA100004460D4643685E68FFF7C7FF002806DB63
:10AA2000F5604FF4003229462046FFF7BCFF70BDA9
:10AA30002DE9F04105460C4643685F687E6821EACF
:10AA400006080E40FFF7B1FF002808DBC7F80880B2
:10AA5000FE604FF4003221462846FFF7A4FFBDE810
:10AA6000F081B0F5800F07D0B1F1C06F0DD0B1F11A
:10AA7000007F08D001207047B1F1007F01D0052090
:10AA8000704704207047022070470320704708B5C4
:10AA900000690430E2F75CFD08BD00B583B00190A9
:10AAA00001A8E2F79FFD019B803350F8230000F0DE
:10AAB000010003B05DF804FB2DE9F04182B0019084
:10AAC000884615461C46089F099E01A8E2F78AFDA4
:10AAD000019A02F1800350F82310B8F1000F31D031
:10AAE0004FF0010C8DB302234CEA030C7CB30C2312
:10AAF0004CEA030C6FB34FF470634CEA030C56B38B
:10AB00004FF440334CEA030C21EA0C01B8F1000F7A
:10AB100023D098F8003015B32D786D002B4304B383
:10AB20002478A4002343F7B13C7824022343E6B100
:10AB30003478240423430B43803240F8223002B09F
:10AB4000BDE8F0814FF0000CCCE70023CCE70023F8
:10AB5000CEE70023D1E70023D4E70023DBE700257D
:10AB6000DCE70024DEE70024E0E70024E2E710B59C
:10AB700000F01F044009E2F7DDFC30B10146006936
:10AB80000122A2400430E2F765FD10BD10B586B089
:10AB90000BAC059403940A9C0294099C0194089CB4
:10ABA0000094CCF79DFC06B010BD08B50022012131
:10ABB0000920D1F787FC08BD38B504460569012294
:10ABC0001146284604F035FE05F118000122002147
:10ABD00004F02FFE2046E3F7A9F838BD08B5006958
:10ABE000EBF7F4FE08BD08B50069EBF777FE08BD8A
:10ABF00038B505460C460321A047002806DB012195
:10AC00002846A047002800DB002038BD10F1860F41
:10AC1000FBD1F4E710B582B0044601AA00F053F866
:10AC2000002805DB019B226819791868E3F7A2FA6E
:10AC300002B010BD10B5446851B1012911D10021F5
:10AC4000606AFFF7E7FF2046E9F79AFE00200AE076
:10AC50002046E9F7C3FE0121606AFFF7DBFF002011
:10AC600001E06FF0850010BD10B586B00BAC059407
:10AC700003940A9C0294099C0194089C0094CCF7CC
:10AC80002FFC06B010BD00690F2906D840F821201E
:10AC9000103140F82130002070476FF015007047E8
:10ACA000002070471020704710B586B00BAC05949B
:10ACB00003940A9C0294099C0194089C0094CCF78C
:10ACC0000FFC06B010BD10B44368136001E00833F8
:10ACD0001360136890F808C0446804EBCC0C63451B
:10ACE00005D293F805C08C45F1D1002001E06FF04A
:10ACF00001005DF8044B704743090AD0012B0BD1CA
:10AD00004FF6FF7300F01F0023FA00F000F001007F
:10AD100070474FF0FF33F5E70020704700B583B070
:10AD2000019001A8E3F7CCF9019A01239340C36095
:10AD300003B05DF804FB00B583B0019001A8E3F710
:10AD4000BFF9019A01239340836003B05DF804FBCF
:10AD500008B511B9FFF7E2FF08BDFFF7ECFFFBE70D
:10AD600038B505460C460321A047002806DB012123
:10AD70002846A047002800DB002038BD10F1860FD0
:10AD8000FBD1F4E743681B68EFF31182202181F3C4
:10AD90001288BFF36F8FD3F8201131B10021C3F8AF
:10ADA0002011D3F820110121D96082F31188BFF35B
:10ADB0006F8F704770B50446436806691D68D5F803
:10ADC000043313F4807F02D0D5F82031FBB9D5F8D5
:10ADD00058213368D3B15AB100221A613368DB7B42
:10ADE0001BB94FF48003C5F8083333689A7B8AB9DE
:10ADF000D5F8243123B10023C5F82431D5F8243106
:10AE00003268136813B151682046984770BDFFF748
:10AE1000B9FFDCE700229A73F8E743681B68D3F8B0
:10AE20008004C3F88004704743681A685B6803F0C5
:10AE30000103D2F8581129B933B9D2F820312BB90E
:10AE400000207047012070470020704701207047A4
:10AE5000426813680821C3F80015117A51B9126AC3
:10AE6000C3F834250122C3F83825C3F81011D3F8EC
:10AE700010111A60704743681B68C3F84415C3F883
:10AE800048250022C3F82021D3F82011C3F8582107
:10AE9000D3F8582101229A60704742681368D3F8AA
:10AEA000100150B1126A12780A700020C3F8100124
:10AEB000D3F8102101221A6070474FF0FF3070471D
:10AEC00040680368002A0DDDD3F8102162B100222A
:10AED000C3F81021D3F81021026A12780A700120F9
:10AEE0001860704700207047002070474368196859
:10AEF0000369EFF31182202080F31288BFF36F8F74
:10AF000018684FF0000C80F80EC01B680120D87341
:10AF10004FF48003C1F8043382F31188BFF36F8FBD
:10AF2000704703691A68012191731B680022DA7364
:10AF3000704710B443681C6803691A68D17B39B143
:10AF4000D4F8581141B1002111611B68988900E0C3
:10AF500000205DF8044B70470020FAE743681B6847
:10AF6000D3F81001003818BF0120704743681B68F0
:10AF70001022C3F80423704743681B681022C3F8EB
:10AF80000823704743681B684FF40072C3F804231A
:10AF9000704743681B684FF40072C3F8082370477A
:10AFA00038B5044643681D68D5F8043313F4800FA0
:10AFB00006D1D5F8043313F0100F07D1002038BDA7
:10AFC000FFF7B7FF0028F4D00120F8E72046FFF78D
:10AFD000C5FF0028F3D00120F1E701207047036985
:10AFE000186801601B685A607047F8B50546066925
:10AFF00033689C899442A8BF144610330122D3E8D9
:10B00000EF0F002803D1C3E8E72F002FF7D11FD19E
:10B0100033682246986806F0F6FAEFF3118720238A
:10B0200083F31288BFF36F8F2846FFF7FDFE40B908
:10B03000336800241C6187F31188BFF36F8F2046AB
:10B04000F8BD3368224699682846FFF714FFF2E7F7
:10B050000024F4E708B520EAE070C117C90341EA0B
:10B060005041C00340F2E733C0184FF47A724FF0FA
:10B07000000341F10001C2F711FFEDF77FFF08BDAA
:10B0800070B5064612E075B1EFF31184202383F307
:10B090001288BFF36F8F3046FFF7C6FE98B984F36E
:10B0A0001188BFF36F8F0120FFF7D4FF642430466F
:10B0B000FFF7BAFE05460028E5D1012002F0BBF8F3
:10B0C000013CF4D1DFE7204670BD10B582B00446E4
:10B0D00001AAFFF7F8FD002805DB019B226819791A
:10B0E0001868E3F747F802B010BD10B5044643688E
:10B0F0000021D868FFF7E9FF2046FFF7A9FE10BD41
:10B10000012904D108B5FFF7F0FF002008BD6FF05A
:10B110008500704710B586B00BAC059403940A9C6B
:10B120000294099C0194089C0094CCF7D9F906B0CC
:10B1300010BD38B545682C686B6813F0010F23D13A
:10B1400000220823C4F80035EB69C4F84435002315
:10B15000C4F848350123A36072B9D4F82031002B1C
:10B16000FBD00023C4F82031D4F820310123E36060
:10B170004FF48073C4F80433D4F85831002BFBD05B
:10B180000020C4F8000538BD01692046E3F760F9E6
:10B190000028F8DB0122D4E710B504460022012183
:10B1A0000820D1F78FF90820F9F714FE0121204675
:10B1B000E3F782F910BD38B505460C460321A047D8
:10B1C000002806DB01212846A047002800DB0020DC
:10B1D00038BD10F1860FFBD1F4E743090AD0012BEB
:10B1E0000BD14FF6FF7300F01F0023FA00F000F0C0
:10B1F000010070474FF0FF33F5E70020704730B48F
:10B2000004E0083404600C68013C0C600C684CB12C
:10B21000046865689D42F4D3B5FBF3F515600368D7
:10B22000186801E00020106030BC704770B504461B
:10B2300015461E460A4609B30B68636403B3536898
:10B24000A364334604F1580204F1480104F14400B8
:10B25000FFF7D5FF6065ADB12B68E364A3B16B6800
:10B260002365334604F1600204F1500104F14C00FF
:10B27000FFF7C5FFE0650023236470BD0B46DCE7E4
:10B280000023DDE72B46E8E70023E9E70368E3B1A5
:10B2900010B50446986870B171B91AB99A8812F459
:10B2A000805F08D1186904F0B2F923680022197B85
:10B2B0009868E3F791F910BD0122197BE3F78CF947
:10B2C0002368186904F0A3F9F5E77047006901B92C
:10B2D000704708B500221146FFF7D8FF08BD00B53A
:10B2E00083B0019001A8E3F7A1F9019A01239340EB
:10B2F000C36003B05DF804FB00B583B0019001A802
:10B30000E3F794F9019A01239340836003B05DF859
:10B3100004FB08B511B9FFF7E2FF08BDFFF7ECFF2A
:10B32000FBE708B503468C4600681979DA8842EADB
:10B330000C02E3F7B3F908BD10B504460122002161
:10B34000FFF7A4FFA36903B110BD636004F110000F
:10B35000EBF7C4FAF8E710B50446006903688B42BE
:10B360000AD190F86C3053B9FFF7E6FF0021204670
:10B37000FFF7ACFF002010BD6FF01500FBE76FF08A
:10B380000F00F8E738B504460569296405F128007F
:10B39000EBF7A4FA002385F86C3001212046FFF773
:10B3A00095FF38BD08B503689B8813F4005F00D093
:10B3B00008BD002343601030EBF790FAF8E738B58A
:10B3C0000446049DAB8813F4005F08D083694BB931
:10B3D0004368AB4201D0002302E0012300E00023D8
:10B3E00013B138BD0023FBE704F110004FF0FF322A
:10B3F0004FF0FF33EBF7EAFA6560F2E710B586B07D
:10B400000BAC059403940A9C0294099C0194089C3B
:10B410000094CCF765F806B010BD10B584B00024D8
:10B42000029401940094E3F757FC04B010BD08B5F2
:10B43000002201210A20D1F745F808BD10B582B0DD
:10B44000044601AAFFF73FFC002805DB019B2268A8
:10B4500019791868E2F78EFE02B010BD08B543688E
:10B460000021D86BFFF7EAFF002008BD012903D1B6
:10B4700008B5FFF7F3FF08BD6FF08500704743097B
:10B480000AD0012B0BD14FF6FF7300F01F0023FAF7
:10B4900000F000F0010070474FF0FF33F5E70020A7
:10B4A000704700B583B00B460021019100910A4618
:10B4B000E3F746FD03B05DF804FBF8B504460F461C
:10B4C00002F025FA054600223946204602F017FA16
:10B4D00003213846FFF7E5FF00F0B3F8064623687E
:10B4E0005B593BB900F0ADF8831B062BF7D96FF021
:10B4F000730500E000253946204602F004FA0121D8
:10B500003846FFF7CEFF2846F8BD00B5A2F5807E8D
:10B510004FEA9E0E4FF0010C0CFA0EFC1CEA010FD4
:10B520000DD0815809B900200AE0002181508258CD
:10B530001BB11A684CEA02021A60012000E00020E8
:10B540005DF804FB70B582B006460D4600240194F8
:10B5500009E0A20001AB02F5A07229463046FFF7D0
:10B56000D4FF0134E4B2032CF3D915F0010F02D05B
:10B57000D6F8003143B915F0020F02D0D6F80431E5
:10B5800063B9019802B070BD0023C6F80031D6F847
:10B590000031019B43F001030193ECE70023C6F85F
:10B5A0000431D6F80431019B43F002030193E8E72C
:10B5B000401A20F07F40704700F150039B009BB27F
:10B5C00003F1502303F580331868003818BF0120B9
:10B5D000704700F150039B009BB203F1502303F529
:10B5E000803300221A601B68704720F07F4070474C
:10B5F000EFF31180202383F31288BFF36F8F70471E
:10B6000080F31188BFF36F8F7047F0B585B00446A3
:10B6100017461D46E3F7A2FD06469DF8303002931B
:10B620000B9B01930A9B00933A462B462046E3F777
:10B6300085FE054631462046E3F7DAFD284605B08B
:10B64000F0BD08B5E3F7FCFD08BD08B5E3F76EFFF4
:10B65000002008BD08B5F0F791FB00B908BD002334
:10B6600083F31188BFF36F8F0423184602DF6FF056
:10B670000400F3E708B500F015F8002008BD10B588
:10B6800086B00BAC059403940A9C0294099C019427
:10B69000089C0094CBF724FF06B010BD08B5E3F773
:10B6A000E5FF08BD08B5E4F75BF808BD0B7801338A
:10B6B0000B70704710B586B00BAC059403940A9CD0
:10B6C0000294099C0194089C0094CBF709FF06B0F2
:10B6D00010BD08B5F1F77CF808BD08B5CFF786FEB8
:10B6E000CFF79AFFFFF7F5FF08BD012800D170479B
:10B6F0000220FCE710B586B00BAC059403940A9CBD
:10B700000294099C0194089C0094CBF7E9FE06B0D2
:10B7100010BD8068183820F00700103870470428E2
:10B720000AD0052803D1481E18BF0120704788425F
:10B7300014BF0020012070470120704789B138B53F
:10B7400014460D460AB9002038BDF7F71DFF002347
:10B75000A34204D2EA5C824205D10133F8E701201A
:10B76000F2E7002070470020EEE738B505460C46AA
:10B77000114601232246F7F79BFE00280FDB01222A
:10B7800021462846FFF7DAFF18B103232370002073
:10B7900006E02078FFF7A9FF2070002000E00120DC
:10B7A00038BD08B58268183A22F00702083AFFF758
:10B7B000DCFF08BD2DE9F04383B006460F469046F6
:10B7C0001D46F7F7D8FE2C18013CC0F1000C04EA26
:10B7D0000C04082C04D94FF0FF3003B0BDE8F0830F
:10B7E0003046F7F7D1FE81462A464146684605F0C5
:10B7F0000AFF621B49460DEB050005F02BFF2346AF
:10B800006A4639463046F7F76EFE0028E5D001203B
:10B81000E3E700B583B08DF80420012301AAFFF708
:10B82000C9FF03B05DF804FB08B58168183901222F
:10B8300021F00701FFF7EDFF08BD08B58268183A4F
:10B8400022F00702FFF791FF08BD30B587B004462C
:10B850000D468168102302AA1039F7F729FE002847
:10B8600039DB102202A92046FFF768FF48B3032303
:10B870002B702046FFF74DFF014601230DF1070213
:10B880002046F7F715FE002828DB9DF8073003F067
:10B890000F026A701B092B7101220DF1070120466E
:10B8A000FFF74CFF10B96B78042B03D901236B70A1
:10B8B00000232B71A91C2046FFF773FF30B1012034
:10B8C0000AE002A8E3F7ECFF2870D2E7E91C204663
:10B8D000FFF7B3FF00E0012007B030BD0120FBE718
:10B8E00010B582B00C4601A9C0B2CCF78DF818B1E2
:10B8F0000124204602B010BD21460198FFF7A5FFA4
:10B9000004460198F7F7D3FDF3E730B583B07446EA
:10B9100001280DDD7D46486805F061FE009048F283
:10B920000103ADF804306A462146284601F0B2F81A
:10B930007846714601F0A3F84FF0E023D3F8043DB8
:10B9400013F0FF0F14BF0120002070474FF0E022DA
:10B95000D2F8243D23F47023C2F8243D70474FF001
:10B96000E023D3F8F03D13F0010F00D04DBE704737
:10B97000092802D83030C0B270475730C0B2704783
:10B9800010B50446E4F768F970B103460268D0F8D0
:10B9900004C08068D9682260C4F804C0A060E16077
:10B9A0001A692261012010BD0020FCE780B582B039
:10B9B00000AF7860396039687868E4F7DFF900BF74
:10B9C0000837BD4680BD10B596B05023019301A93C
:10B9D00002A8E4F727FB044610B9204616B010BDB4
:10B9E000019902A8FFF7E2FFF7E708B5FFF7EBFFC1
:10B9F0000028FBD108BD03460020186070470020D6
:10BA00007047704710B584B0044601A903A8E4F755
:10BA10003BFA024640B13CB12346039943F8041B6C
:10BA200001A903C983E80300104604B010BD08B59E
:10BA3000E4F714FA08BD38B505460C4609680068F5
:10BA4000E4F7BAFB23681B1A23602B6803442B60BE
:10BA50002068B0FA80F0400938BD08B5E4F70AFC68
:10BA600008BD0346406820B11A689B681344A3EBE5
:10BA70004000704710B50446E4F756FC03682046C2
:10BA8000984710BD70B504460D461646E4F74CFCC9
:10BA90004368324629462046984770BD08B5E4F70A
:10BAA00043FC8368984708BD0020704708B5E6F757
:10BAB0002FFA08BD08B5E6F737FA08BD00F0070011
:10BAC000C90001F008010843704738B504460D4627
:10BAD000E6F71EFA29462046E4F77CFEE6F724FA4C
:10BAE00038BD704700B583B0012300930023E4F70D
:10BAF00017FF03B05DF804FB70B5A2B006460C4614
:10BB00001546E4F751FE08B922B070BD2B46224617
:10BB1000812101A8F4F714F9031EF5DD1A46802BE4
:10BB200000D9802201A93046FFF7DCFFECE70EB414
:10BB300000B582B003AA52F8041B0192FFF7DCFFA4
:10BB400002B05DF804EB03B0704700B583B000238A
:10BB50000093E4F7E5FE03B05DF804FBC0F380104A
:10BB6000704710B54468007AFFF7F8FF10B92368F2
:10BB700001332360012010BDF8B504464768057AFB
:10BB80002846FFF7EBFF064608B13046F8BD45F002
:10BB9000400525722046E4F7A1FE3B6B01333B6371
:10BBA0003A689342F1D00126EFE738B5054696464C
:10BBB0000068AA6800EB020C8C4517D30B440246C0
:10BBC000884238BF0A469C4528BF9C46624510D231
:10BBD000ACEB02046B68101A511A224671441844E7
:10BBE00005F011FDEB682344EB6002E0012385F8CA
:10BBF0003D3038BD70B5456895F82D30E3B9044641
:10BC0000007AFFF7ABFF064608B1304670BD21460B
:10BC100005F11800E4F77CFF80F00103DBB295F832
:10BC20002C20134385F82C302B6B01332B632A68AF
:10BC30009342EAD00126E8E70026E6E708B5114678
:10BC400040681A46183000F077FC08BD704770470E
:10BC500048B110B50446E4F7D7FF00B910BD20463F
:10BC6000E4F7FAFFFAE70020704730B587B00546E1
:10BC70000C46CB68A3B1022301228DF80420228850
:10BC8000029262680392A2680492059301A9284671
:10BC900000F0FAF810B1E26822B940B907B030BD3F
:10BCA0000123E9E70421284600F059F8F5E7227C52
:10BCB0000521284600F053F8F0E708B5FFF7D5FF57
:10BCC00008BDFEE710B501684C6819461046A0474C
:10BCD00010BD38B50446154600F028FC08B9002010
:10BCE00038BD2946204600F021FC08B10120F7E7C5
:10BCF0000020F5E738B50446154600F017FC08B9F2
:10BD0000002038BD2946204600F03BFC08B1012048
:10BD1000F7E70020F5E710B584B004460023009350
:10BD20000193029303936846E3F70AFC019A0A2100
:10BD30002046FFF7DFFF034610B9184604B010BDD8
:10BD4000029A09212046FFF7D5FF03460028F4D0C8
:10BD5000039A06212046FFF7CDFF0346EDE738B5ED
:10BD60000446154600F0E2FB08B9002038BD29461C
:10BD7000204600F0DBFB08B10120F7E70020F5E7E3
:10BD800038B50446154600F0D1FB08B9002038BD8F
:10BD90002946204600F0D4FB08B10120F7E7002037
:10BDA000F5E770B5044615461E4600F0BFFB08B91E
:10BDB000002070BD32462946204600F0C8FB08B17D
:10BDC0000120F6E70020F4E72DE9F04186B00446B3
:10BDD0000F469046CAB11378012B18D0002601A84F
:10BDE000FFF7CEFD0546A6B10521294402312046C4
:10BDF00000F0E6FB3A4602212046FFF76AFF0346C1
:10BE000048B9184606B0BDE8F0810026E7E70126EC
:10BE1000E5E70421E9E7012203212046FFF79FFF20
:10BE200003460028EDD02046FFF775FF03460028A3
:10BE3000E7D015B95EB90123E3E7062301AA0B2178
:10BE40002046FFF7AEFF03460028F3D1D9E7D8F824
:10BE5000082001212046FFF73CFF08B90023D0E766
:10BE60000123CEE730B585B004460D466846FFF79E
:10BE70001BFE10B900238DF800306A462946204683
:10BE8000FFF7A2FF05B030BD70B506460C46022193
:10BE9000FFF7E8FF70B1A3686BB10223E268002AE4
:10BEA00018BF013322699D180421304600F03EFB83
:10BEB00018B9002070BD0123F0E72946304600F094
:10BEC0007FFB0028F5D0626821783046FFF747FFF6
:10BED0000028EFD0A2683AB9E268002AEAD003212C
:10BEE0003046FFF73CFFE5E702213046FFF737FF1A
:10BEF0000028DFD0F0E770B504460D46164600F086
:10BF000005FB31462046A847204600F006FB70BDE1
:10BF1000F0B587B006460C46CD6815F0010718D17C
:10BF20003A4615F0020500D0013206238DF80430A0
:10BF30002378029363680393A3680493059201A98D
:10BF40003046FFF7A1FF10B12FB900B14DB907B0CE
:10BF5000F0BD0122E5E7226907213046FFF710FF17
:10BF6000F3E7A369626908213046FFF71AFFEEE79D
:10BF700008B42DE9F0419DB007460E46154623ACA6
:10BF800054F8048B002108914C2209A805F062FBAB
:10BF9000079423464246502108A8F3F7D1FE041E19
:10BFA0001BDB4F2C28BF4F240023009301930293E7
:10BFB00003930493059306938DF800700196029500
:10BFC0000223039308AB059306946846E5F784F8CB
:10BFD0001DB0BDE8F04101B070470024E4E72DE951
:10BFE000F04F83B083460F46904600252E462EE044
:10BFF000002405F10209B94534D21BF809202402B6
:10C0000004EB0344144403212046E5F77DF808F8C7
:10C010000600B31C019302212046E5F775F8731C56
:10C0200008F80300BA451FD201212046E5F76CF855
:10C0300006F1030A019B08F80300B94516D2002156
:10C040002046E5F761F8043608F80A000335BD42DA
:10C050000ED21BF8053005F1010ABA45C8D21BF80B
:10C060000A40C6E70022CAE73D20E1E73D20EAE7B3
:10C0700003B0BDE8F08F4178CB01DBB202789201CA
:10C08000D2B243EA020009B940F0080070470068E4
:10C09000033070472DE9F04782B017461568082D28
:10C0A00039D9044689460069002838D0237A002B04
:10C0B0006DD02368A3EB0008A84528BFA846A5EBD0
:10C0C0000805012D8CBF002501250026B8F1000FC1
:10C0D0000DD009EB060A636842465146206998472D
:10C0E00042465146A08AE5F71BF8A08246443DB976
:10C0F000A38A09F80630721C1B0A09F802300236BE
:10C100002369434423613A68921B60D13E6028460C
:10C1100002B0BDE8F087002313600125F7E7013185
:10C12000206800F003FB06462046FFF7B0FF3B689F
:10C13000834234BF0125002503D2237AB3B1002303
:10C1400000E000238DF8043000238DF80530E06016
:10C1500001A8FFF790FF89F800009DF804303BB17B
:10C160003B689B1B03F1FF380136AFE70123E9E78A
:10C17000237A43B122683B6803F1FF38904528BF1A
:10C1800090460126A2E7D4F8008001269EE70131FF
:10C1900000F0CCFA064623682269A3EB02083D684A
:10C1A0002D1A013DA84528BFA846A5EB0805012D7D
:10C1B0008CBF002501258DF8045001238DF8053032
:10C1C00001A8FFF758FF89F8000001367EE7BA2181
:10C1D00009EB060005F03EFA98E703692BB910B5A4
:10C1E0000446FFF754FFE06010BD70478268406866
:10C1F000101A7047D8B32DE9F8430D4616461C4671
:10C200008046B2B347688F4235D3994208D2A3EB38
:10C2100001094046FFF7EAFF484504D200202BE021
:10C220004FF00009F5E7D8F800301F447F1BD8F81D
:10C230000850B7FBF5F305FB1377ED1BA54228BFAC
:10C240002546D8F80C002A463146384405F0DBF97B
:10C250007119621B06D1D8F804304B44C8F8043079
:10C26000012009E0D8F80C0005F0CDF9F3E7002033
:10C270007047002000E00020BDE8F88390B170B561
:10C280000C461546064679B10AB9002070BD00215A
:10C29000204605F0DFF9002333607360B560F46079
:10C2A0000120F3E7002070470020EFE728B3F8B53E
:10C2B00015461C46074612B34268CB189A4201D273
:10C2C0000020F8BD03680B448668B3FBF6F206FB5A
:10C2D0001233F61AA64228BF2646C16832461944D0
:10C2E000284605F090F9A819A21B01D10120E8E722
:10C2F000F96805F088F90120E3E700207047002085
:10C30000DFE7E8B130B58646E2B1EBB1406888427C
:10C310001CD3DEF8004004EB010CDEF80840BCFB47
:10C32000F4F504FB15CC401AA4EB0C04DEF80C1059
:10C3300061441160A04228BF20461860012030BD32
:10C34000002070470020FAE70020F8E70020F6E719
:10C350002DE9F04F83B0DDF830B040B38846174682
:10C3600099468246BBF1000F23D04268CB199A420E
:10C3700021D30023019300933C46B4B13E1B6B468E
:10C3800001AA08EB06015046FFF7BBFF034698B130
:10C39000009DA54228BF25462B46019A31464846B6
:10C3A000D847034640B1641BE7E7012304E00023BC
:10C3B00002E0002300E00023184603B0BDE8F08F40
:10C3C00090B103464068884210D310B41A680A44FA
:10C3D0009C68B2FBF4FC04FB1C221A60401A5860F3
:10C3E00001205DF8044B7047002070470020704723
:10C3F00030B143688B4205D35B1A4360012070471C
:10C40000002070470020704718B108B5FFF7EEFE16
:10C4100008BD0020704708B513460A460021FFF703
:10C42000E9FE08BD08B5FFF7E5FE08BD08B14068A4
:10C43000704700207047C2B170B5044615460078B9
:10C4400078B92669B218E3689A4209D82B460A4699
:10C450003146A0686668B04723692B4423610120F8
:10C4600070BD236913442361FAE70120704700B5CA
:10C4700083B04901C9B2172A0CD851FA82F28DF85B
:10C4800000200DF101026946521AFFF7D4FF03B0F4
:10C490005DF804FBFF2A07D818318DF800108DF8DD
:10C4A00001200DF10202EEE7B2F5803F0AD2193108
:10C4B0008DF80010130A8DF801308DF802200DF16F
:10C4C0000302E0E71A318DF80010130E8DF80130E9
:10C4D000130C8DF80230130A8DF803308DF8042008
:10C4E0000DF10502CFE710B4B1FA81FC4FEA5C1CF4
:10C4F0000024046044608460C460046180F800C06B
:10C5000041608260C3605DF8044B704708B500234A
:10C510001A461946FFF7E7FF08BD034600690022E7
:10C520001A605A609A60DA601A61704708B50A4664
:10C530000021FFF79CFF08BD08B5FFF77CFF08BD91
:10C5400008B581EAE172C90FFFF791FF08BD70B528
:10C5500004460D4616460221FFF789FF08B9002060
:10C5600070BD324629462046FFF765FF08B101201D
:10C57000F6E70020F4E708B50A460221FFF777FF47
:10C5800008BD70B504460D460846C1F7ABFC06462B
:10C59000024603212046FFF76AFF08B9002070BD5C
:10C5A000324629462046FFF746FF08B10120F6E74C
:10C5B0000020F4E708B50A460321FFF758FF08BD3D
:10C5C00008B50A460521FFF752FF08BD08B50A461F
:10C5D0000421FFF74CFF08BD00B583B0F6238DF8AA
:10C5E0000430012201A9FFF726FF03B05DF804FB28
:10C5F00038B5044690F82050C069012D1FD0616AFB
:10C6000000226260A260E260226162610123237104
:10C61000206161619D4214D0606A4042611D00F05A
:10C6200093F8E06023686269104403442360012D9D
:10C6300009D0E36AA26A9B1AE361626238BD0121F4
:10C64000DEE7606AEAE7E36AE36100236362F5E735
:10C6500008B5FFF7CDFF08BD002963D02DE9F843E9
:10C66000044616460F46002A5ED0002545608560C8
:10C67000C56005614561D0F82C801FE000231A4693
:10C6800011B1237E4B4527D00023A36294F82030BC
:10C69000012B25D0022B2CD0002B36D0A36A13B14E
:10C6A000626A934235D084F81890636A01336362FA
:10C6B000E36A0133E36223797BBB0135B5422CD2B7
:10C6C00017F80590E16A0029D8D0237E4B4501D0A8
:10C6D0000023D4E70123D2E7A36A0133A362D5E79D
:10C6E0001AB1022384F82030D8E72046FFF780FFF4
:10C6F000F7E7002AD2D0A36A012BCFD9626AD21AF7
:10C7000062622046FFF774FFC8E7022384F82030F6
:10C71000C4E7012384F82030C5E7E06AA0EB0800F5
:10C72000BDE8F883002070471046F9E70346084645
:10C7300004E063F07F0200F8012BDB097F2BF8D8BF
:10C7400000F8013B401A704708B5C31783EA400060
:10C75000FFF7ECFF08BD0378042B01D001207047E0
:10C7600043681A684AB15A680A60002202709A68DF
:10C7700082600C334360012070470020704703281B
:10C7800001D001207047092070472820704708B564
:10C79000E5F72CFD08BD70B582B006460C4615467F
:10C7A0000023009301936846E5F716FD009B63B1F3
:10C7B0000C2231460020A847034638B134B102AA02
:10C7C00012E9030084E8030000E00023184602B0E9
:10C7D00070BD08B50A460021FFF7DDFF08BD38B57A
:10C7E0000D461446137A23B163682B44636001201D
:10C7F00038BD0A4601466068E5F71CFD0028F3D104
:10C800000123A372F4E7F0B585B00A9E9DF82C4091
:10C81000002A45D00D461746002945D002F10C0CE0
:10C82000326871688A4201D9511A00E00021327AD7
:10C830004AB9614507D2012777720B2931D90C39E2
:10C8400031F003072DD000220192029203928DF85D
:10C8500004000293039732460C2101A8FFF7BFFFA3
:10C860000246F0B18CB117F003040ED1B4EB970F70
:10C8700012D255F824300093324604216846FFF75F
:10C88000AEFF024668B10134F0E732463946284629
:10C89000FFF7A5FF024604E0727A82F0010200E091
:10C8A0000122104605B0F0BD0122FAE710B582B0B2
:10C8B0001C46002301930094FFF7A5FF02B010BDB2
:10C8C00030B58BB0044606A8E2F73AFE01A8FFF7A0
:10C8D00057F8002840D1069D55B12846C1F702FB04
:10C8E0000246234629460220FFF7E0FF034680B3B5
:10C8F000089D55B12846C1F7F5FA02462346294658
:10C900000A20FFF7D3FF034618B3079D55B1284609
:10C91000C1F7E8FA0246234629460B20FFF7C6FF77
:10C920000346B0B1099D55B12846C1F7DBFA02466E
:10C93000234629460420FFF7B9FF034648B1FFF715
:10C9400024FF00902346042269460720FFF7AEFF2C
:10C95000034618460BB030BD2346142201A90C2013
:10C96000FFF7A4FF03460028B5D1F2E700B583B076
:10C970000346019104220DEB02010520FFF796FF0B
:10C9800003B05DF804FB426812F0030200D1704767
:10C9900030B583B00546C2F104042246002101A847
:10C9A00004F058FE2B46224601A90620FFF77EFF21
:10C9B00003B030BD2DE9F04186B005460F4616465E
:10C9C000002400E00134B44229D22846FFF7DBFFFF
:10C9D00004EB440307EB83030DF10C0C93E8070011
:10C9E0008CE80700029102A96046FFF7B4FE002818
:10C9F000E8D09DF80C00012814BF4FF000084FF05C
:10CA00000108FFF7BCFECDF804800095029B059A53
:10CA10000499FFF7F8FE03460028D3D100E0012374
:10CA2000184606B0BDE8F08101207047012070472C
:10CA300000B583B00023019301AA0121E4F7C2FBF2
:10CA4000019803B05DF804FB00B583B000210191AB
:10CA500001AAE4F7B7FB03B05DF804FB30B583B07F
:10CA600004460D460023009301936846E5F7B4FBA6
:10CA7000009B2B6000F021F8206003B030BD80B532
:10CA800082B000AF7860396048F201023968786896
:10CA9000E4F7B4FC80B584B000AFF860B9607A60A8
:10CAA0007B689B881A46B968F868E4F7A7FCEFF33F
:10CAB00009807047EFF30880704730B59DB009AC2E
:10CAC0004C252A460021204604F0C4FD002304938F
:10CAD0000593069307930893049405954FF4004239
:10CAE000ADF818200194ADF80820039308A901A817
:10CAF000E5F768FA079004A8FFF79AFF1DB030BD6C
:10CB0000704708B571467846FFF7B9FF08B5E4F7F6
:10CB100043F8002008BD08B5E3F7F8F8002008BD89
:10CB200008B513680A681A600121E4F737FD08BDEB
:10CB30001368B3B100B585B00B6800930B798DF81D
:10CB40000430137A8DF8053013681B6802930B7C50
:10CB50008DF80C30036869464068984705B05DF869
:10CB600004FB002070470A7B03799A4201D0012020
:10CB70007047036801330360F9E7081E18BF0120FE
:10CB80007047814214BF00200120704770B584B007
:10CB900004461546002301930293039301AAE4F788
:10CBA000B3FD064610B1304604B070BD01AA294657
:10CBB0002046FFF7B5FFF6E7F8B50D46466833782F
:10CBC00013F001040ED109B12046F8BD00F042F97E
:10CBD000336860F35F033360337843F001033370ED
:10CBE0000124F1E7074609B90024EDE700F032F926
:10CBF00020F000433268C2F35E0293420BD39B1ACB
:10CC000039680A681A440A60012D08D0336860F355
:10CC10005F033360D8E79B1A03F10043F0E7336802
:10CC20006FF35F03336033786FF300033370CBE748
:10CC300030B585B00C46002301930293039301AAFB
:10CC40000221E4F761FD054610B1284605B030BD6C
:10CC5000214601A8FFF7B0FF0028F6D16FF00305C9
:10CC6000F3E708B50B79022B01D0012008BD0221A2
:10CC70001046FFF7A1FFF8E708B5E4F7C1F808BDD3
:10CC800030B583B004460D46E5F742F9019501AA97
:10CC900001212046FFF77AFF0446E5F745F92046D3
:10CCA00003B030BD30B583B004460D46E5F730F92A
:10CCB000019501AA00212046FFF768FF0446E5F729
:10CCC00033F9204603B030BD10B50446E5F720F92E
:10CCD00000212046FFF7ACFF0446E5F725F9204682
:10CCE00010BD10B50446E5F713F901212046FFF702
:10CCF0009FFF0446E5F718F9204610BD38B50446F5
:10CD00000D46E5F705F929462046E4F71BFD0546E3
:10CD100018B1E5F709F9284638BD01212046E4F7A6
:10CD20003DFCF6E708B5E4F79DFEE4F7D9FD00F019
:10CD300091F84FF47A720023C1F7B0F801460A2047
:10CD4000FFF7B0FF08BD08B5E4F70AFE08BD08B557
:10CD50000020E4F717FE08BD08B5E4F7DBFD08BDC9
:10CD600008B50846E4F7D2FE08BD08B503460846F4
:10CD7000517909B9197D29B1117931B101290DD044
:10CD8000002008BDFFF728FCFBE71B7D1BB991685D
:10CD9000FFF7CCFBF5E74FF0FF31F9E71B7D1BB93F
:10CDA0009168FFF7CDFBECE74FF00041F9E710B5D4
:10CDB00004460A7B837D9A4202D00120607510BD33
:10CDC0000B79022B0FD007D8012B13D80A46014646
:10CDD000FFF7CBFF60750DE0032B0BD18968FFF7E0
:10CDE000D0FB607506E0037D33B989682046FFF704
:10CDF0009DFB6075607DE2E74FF0FF31F6E708B517
:10CE00000020E4F76BFE08BD08B50021E4F7B0FE92
:10CE100008BD10B586B00BAC059403940A9C02942F
:10CE2000099C0194089C0094CAF75AFB06B010BDF7
:10CE3000F8B504460D4616461F46CAF767F9E5F7EA
:10CE400025FBE4F765FA3B46324629462046CFF7F4
:10CE500075F9F8BD08B502F040FF02464B0143EA00
:10CE6000D0634001801A63EB01039B0043EA907397
:10CE70008000801843EB0101C90041EA5071C0F302
:10CE8000103040EA4140C90B08BD08B571467846EC
:10CE9000FFF7F5FD70B57546064603F05FF80446EA
:10CEA00002F0D9FD08B1204670BD32462146284621
:10CEB000E3F7F2FBF7E710B5044602F0CCFD18B13A
:10CEC000204603F042F810BD2046E3F725FCF7E7C3
:10CED00070B506460D460446E4F75EFFA8420CD145
:10CEE000711900E001348C4202D22378AA2BF9D0C8
:10CEF000A01B03D14FF0FF3000E0002070BD08B54B
:10CF000008461146E4F716FB08BD08B50846114669
:10CF1000FFF7FCFD08BD08B500210220E3F714FF70
:10CF200000F0DAF808B508461146E2F779FE08BDC8
:10CF300008B508461146FEF7E8FC4FF0FF3008BD83
:10CF400008B508461146E2F75DFE4FF0FF3008BD18
:10CF500008B508461146E2F745FE4FF0FF3008BD20
:10CF600008B508461146E2F72BFE4FF0FF3008BD2A
:10CF700008B508464FF0E02CDCF8143D43F480730C
:10CF8000CCF8143D1146E2F735FE4FF0FF3008BDF6
:10CF900008B508461146FFF7BEFD08BD08B50846AE
:10CFA0001146E2F7E7FD08BD08B5FEF71EFD0020BB
:10CFB00008BD08B508461146E2F7F6FD08BD00B504
:10CFC00083B000208DF8070001220DF10701E5F77D
:10CFD00031F903B05DF804FB70B514461E46049D9C
:10CFE00029686B688A4276EB030306D2511A01392D
:10CFF000FFF758FE2C606E6070BD511AF8E770475D
:10D00000012806D0022806D0032814BF00200120E2
:10D010007047032070470220704701382B2817D82B
:10D02000DFE800F02E191C1C16161616161616161A
:10D030001616161F1F1F1F1F1F2222222222222206
:10D0400025252528252525252B2B2B2B2B2B2B2B5D
:10D050004FF41440704748F20B00704748F2080044
:10D0600070474FF4124070474FF4114070474FF42F
:10D070001340704748F20B00704749F20240704776
:10D0800049F20540704730B58BB005460C46CAF7EB
:10D090003DF8A36E226F12F0040F1BD1E16E0091D8
:10D0A000196801915968029199680391D9680491AE
:10D0B000196905915969069199690791DB69089386
:10D0C00009922846FFF7A9FF01466846E4F7AAF946
:10D0D0000BB030BD196AE2E708B50020F8F793F805
:10D0E0004FF47F03D3F83021D3F83431072A01D02D
:10D0F00000207047023B002B04D8DFE803F001005A
:10D1000001207047002070474FF47F03D3F830218F
:10D11000D3F83431072A01D000207047042B07D000
:10D1200008D8023B012B01D801207047002070472E
:10D1300000207047002070474FF47F03D3F8302160
:10D14000D3F83431072A01D000207047023B002B6E
:10D1500004D8DFE803F00100012070470020704789
:10D160004FF47F03D3F83021D3F83431072A01D0AC
:10D1700000207047012070474FF47F03D3F830211F
:10D18000D3F83431072A01D000207047023B002B2E
:10D1900004D8DFE803F00100012070470020704749
:10D1A0004FF47F03D3F83021D3F83431072A01D06C
:10D1B00000207047023B002B04D8DFE803F0010099
:10D1C00001207047002070474FF47F03D3F83021CF
:10D1D000D3F83431072A01D000207047023B002BDE
:10D1E00004D8DFE803F001000120704700207047F9
:10D1F0004FF47F03D3F83021D3F83431072A01D01C
:10D2000000207047012070474FF47F03D3F830218E
:10D21000D3F83431072A01D000207047042B03D8FB
:10D22000022B03D300207047012070470120704774
:10D2300008B5804708BD08B502F0E9F908BD38B562
:10D2400004461546E5F70CFB29462046E5F720FB8A
:10D2500038BD0120704708B50520CFF725F900B18A
:10D2600008BD0520F7F7B6FDFAE738B504460378A0
:10D27000022B06D0012B00D000231D461BB12846EF
:10D2800038BD0123F9E70020E5F764FBFFF7E1FF74
:10D290002070F4E708B5E5F711FD08BD10B401F5FD
:10D2A000A27150F8214024F44F3424F4407440F823
:10D2B000214050F82140120202F47C521B0403F476
:10D2C00040331A43144340F821405DF8044B704743
:10D2D00010B401F5A27150F8214024F4991424F4FB
:10D2E000F85440F8214050F82140120202F47C52D8
:10D2F0001B0403F440331A439DF804301B0503F468
:10D3000080131A43144340F821405DF8044B7047E2
:10D3100000B5A2F5807E4FEA9E0E4FF0010C0CFA8C
:10D320000EFC1CEA010F0DD0815809B900200AE05B
:10D330000021815082581BB11A684CEA02021A601F
:10D34000012000E000205DF804FB43090AD0012B16
:10D350000BD14FF6FF7300F01F0023FA00F000F02E
:10D36000010070474FF0FF33F5E70020704738B5F4
:10D370000D460079E5F7D6FC04462846E5F7C8FCDB
:10D38000083034F8100000F0010038BD38B50D4603
:10D390000079E5F7C7FC04462846E5F7B9FC0830F4
:10D3A00034F81000C0F3401038BD38B50D46007990
:10D3B000E5F7B8FC04462846E5F7AAFC083034F83F
:10D3C000100010F01C0018BF012038BD38B50D4604
:10D3D0000079E5F7A7FC04462846E5F799FC0830F4
:10D3E00034F81000C0F3400038BD38B504460D468F
:10D3F000FFF7ECFF30B129462046FFF7C7FF18B111
:10D40000012000E0002038BD0020FCE708B5FFF750
:10D41000DDFF80F00100C0B208BD7047704738B52D
:10D420000D460079E5F77EFC04462846E5F770FCDA
:10D43000083034F81000400B38BD032894BF00209A
:10D440000120704770B506460D46002404E04FF0F9
:10D45000FF33AB4211D001342F2C0CD83079E5F7D3
:10D4600061FC04F1080330F8133013F4807FEED030
:10D47000C3F34323EDE7002000E0012070BDF8B5C1
:10D4800006460F4615460024002C03DD4FF0FF34FE
:10D490002046F8BD3079E5F745FC50F83430BB4202
:10D4A00001D00134F0E700EBC4035B68AB42F8D174
:10D4B000EEE710B504460846E5F72AFC083034F8D4
:10D4C000103013F4807F04D0C3F3432304EBC30074
:10D4D00010BD0020FCE770B504460E4615460079E5
:10D4E000E5F720FC86602079E5F71CFCC56070BD7F
:10D4F00008B50079E5F716FC90F88000003818BFF1
:10D50000012008BDF8B504460D461646FFF7D1FFC9
:10D5100020B10768426831462846B847A3681BB166
:10D52000E268314628469847F8BD00B583B00190BF
:10D5300001A8E5F723FC0069019BD84000F0010039
:10D5400003B05DF804FB38B50C460079E5F7EAFB5B
:10D5500005462046E5F7DCFB083035F81030C3F30C
:10D560008203042B09D0052B01D1022006E02046BE
:10D57000FFF7DBFF18B1032000E0032038BD0220D5
:10D58000FCE72DE9F04182B00190884615461C4623
:10D59000089F099E01A8E5F7F1FB019A02F18003BB
:10D5A00050F82310B8F1000F31D04FF0010C8DB3BB
:10D5B00002234CEA030C7CB30C234CEA030C6FB33C
:10D5C0004FF470634CEA030C56B34FF440334CEA0B
:10D5D000030C21EA0C01B8F1000F23D098F80030B9
:10D5E00015B32D786D002B4304B32478A400234396
:10D5F000F7B13C7824022343E6B134782404234372
:10D600000B43803240F8223002B0BDE8F0814FF089
:10D61000000CCCE70023CCE70023CEE70023D1E7C2
:10D620000023D4E70023DBE70025DCE70024DEE766
:10D630000024E0E70024E2E700B585B08DF80F1084
:10D640000DF10F030193002100910B460A46FFF7ED
:10D6500098FF05B05DF804FB38B504460D46FFF7AA
:10D6600095FEB8B129462046FFF7D0FE90B1294675
:10D670002046FFF7D4FE226801238340C2F8083316
:10D68000226800F5A27052F8203023F0030342F81C
:10D69000203003E000212846FFF7CEFF38BD00B55B
:10D6A00083B0019001A8E5F769FB019B803350F836
:10D6B0002300C0F3014003B05DF804FBF8B5074652
:10D6C0000E4614461D461046FFF7B7FE60B9022D00
:10D6D0001DD002213046FFF7AFFF032C1BD0022DD7
:10D6E00017D0032D1DD0F8BD224631463846FFF72E
:10D6F00009FF3046FFF7D3FFA842F4D1002130469E
:10D70000FFF79AFF29463046FFF796FFEBE7032124
:10D71000E0E7012CE5D1224631463846FFF7F2FE1C
:10D72000E1E7022CDFD1F6E700B583B0019001A854
:10D73000E5F724FB0123019A9340036203B05DF8EF
:10D7400004FBF0B583B005460E461746002401944D
:10D7500009E0E0B2E5F70EFC024601AB314628468F
:10D76000FFF7D6FD0134BC42F3D301AB4FF4BE72D8
:10D7700031462846FFF7CCFD019803B0F0BD10B547
:10D780000C460079E5F7CEFA21467430E5F724F827
:10D7900010BD70B504460D46FFF7F8FD58B1266878
:10D7A00029462046FFF73BFE00F5A270002346F80D
:10D7B000203046F8203029462046E5F7A9FC20799C
:10D7C000E5F7B0FA04462846E5F7A2FA0830002348
:10D7D00024F8103070BD10B50C460079E5F7A2FAB8
:10D7E00021467430E5F718F810BD2DE9F0410546E3
:10D7F0000E469846069F002400E00134BC420DD23C
:10D80000E0B2E5F7B7FBA0F580739B0801229A40D0
:10D810001642F2D000232B502B58EEE7002E04DAEC
:10D820000023C5F87C31D5F87C3145F30730F7F794
:10D83000D1FAB8F1000F01D0C5F80463BDE8F0815A
:10D84000F8B506460F46144618E094FAA4F3B3FA66
:10D8500083F301229A4024EA020403F5A27356F8E6
:10D860002350C5F3052556F82300C0F30140FFF708
:10D87000D4FD024629463846FFF744FE002CE4D189
:10D88000F8BD70B505460E46D0F80413C9B2326F24
:10D8900041F00041FFF755FF041E05DB22463146EB
:10D8A0002846FFF7CDFF70BD31462846E5F7C8FD95
:10D8B00024F00044F2E708B5E5F7B0FC08BD08B570
:10D8C000E5F794FA08BD08B5FFF705FE08BD08B5F1
:10D8D000E5F720FB08BD08B5E5F772FD08BD08B502
:10D8E000FFF706FE08BD08B5E5F750FD08BD08B511
:10D8F000FFF771FF08BD08B5FFF741FF08BD08B588
:10D90000E5F752FB08BD08B5FFF7A6FE08BD08B550
:10D91000E5F7ACFB08BD4FF4805070474FF48070C2
:10D92000704710B5FFF7F7FF0446FFF7F7FF04FB5A
:10D9300000F010BD10B50446FFF7EDFFB4FBF0F3A7
:10D9400000FB1340B0FA80F0400910BD08B5FFF7A6
:10D95000E8FF08BD08B5FFF7DEFF08BD08B5FFF713
:10D96000DDFF08BD003A18BF0122022909D00329B2
:10D970000AD0012902D0C0F85425704742F00202B3
:10D98000F9E742F00402F6E742F00602F3E738B5A1
:10D9900005460C4691F82430B3B909686268A3685B
:10D9A000C0F80815C0F80C25C0F81035A369C0F8F8
:10D9B0006C35E16994F8202094F82130C0F81415F2
:10D9C000C0F86825C0F86435237BC5F8C0352369E5
:10D9D000C5F82435627D217D2846FFF7C3FF94F802
:10D9E0002230C5F8603538BD70B4034611F400200C
:10D9F00002D0D3F84C0138B911F0020F15D0D3F88A
:10DA000004414CB9002411E00020C3F84C01D3F8C4
:10DA10004C014FF40020EFE70024C3F80441D3F891
:10DA2000044140F00200012400E0002411F0400F06
:10DA300011D0D3F818510DB900250DE00025C3F819
:10DA40001851D3F8185140F040009AB1A4B1D3F85E
:10DA50003C55254600E0002511F0100F02D0D3F808
:10DA600010615EB911F4807F02D0D3F82021AAB9E9
:10DA700070BC70470025EFE70125EDE70026C3F8ED
:10DA80001061D3F8106140F01000002AEAD0002D98
:10DA9000E8D1002CE6D0D3F83C25E3E70022C3F818
:10DAA0002021D3F8203140F48070E1E743090AD007
:10DAB000012B0BD14FF6FF7300F01F0023FA00F08B
:10DAC00000F0010070474FF0FF33F5E7002070478A
:10DAD00000B583B0019001A8E5F7C8FF019A0123C2
:10DAE0009340836003B05DF804FB00B583B0019000
:10DAF00001A8E5F7BBFF019A01239340C36003B07F
:10DB00005DF804FB08B50346006AB0F1FF3F06D09C
:10DB10009B7F13F0020F06D011B1FFF7D9FF08BDAC
:10DB2000FFF7E3FFFBE711B1FFF7DFFFF7E7FFF7D1
:10DB3000CFFFF4E7B0F1FF3F1CD0F0B583B004464F
:10DB40000D4616461F4601290AD0002200230193E4
:10DB50000097334629462046E5F7C0FF03B0F0BDE5
:10DB6000089B1BB1FFF7B4FF2A46EFE7FFF7BDFFA5
:10DB70002A46EBE77047B0F1FF3F03D008B5E6F760
:10DB80001BF808BD704770B505460E46012343617A
:10DB90006424002202212846FFF726FF20B9012035
:10DBA000FFF749FB013CF4D100237377C5F800353A
:10DBB00070BD38B505460C4600212046FFF7A2FF90
:10DBC000637F3BB900232372204650F8083B61680D
:10DBD000984738BD21462846FFF7D5FFF2E70346B0
:10DBE00011F4802002D0D3F8480120BB11F0020FBD
:10DBF00002D0D3F8042132BB11F4007F02D0D3F855
:10DC0000242142BB11F4801F02D0D3F8502152BB13
:10DC100011F4002F02D0D3F84C2162BB11F0807FA9
:10DC200002D0D3F8602172BB11F4000F02D0D3F8F8
:10DC30005C2182BB70470022C3F84821D3F84821F9
:10DC40004FF48020D2E70022C3F80421D3F8042146
:10DC500040F00200D0E70022C3F82421D3F82421A9
:10DC600040F40070CEE70022C3F85021D3F85021D1
:10DC700040F48010CCE70022C3F84C21D3F84C21AB
:10DC800040F40020CAE70022C3F86021D3F86021E5
:10DC900040F08070C8E70022C3F85C21D3F85C3103
:10DCA00040F40000C6E743090AD0012B0BD14FF620
:10DCB000FF7300F01F0023FA00F000F0010070472E
:10DCC0004FF0FF33F5E700207047034691F820201E
:10DCD000032A38D8DFE802F0293016028A6812F4E5
:10DCE000802F04D0D3F84C25086990420FD18A6860
:10DCF00012F4802F29D1D3F84C258969914206D19D
:10DD000001207047D3F84C250869904206D00020C6
:10DD1000C3F800050622C3F800257047D3F83C2558
:10DD200089699142F3D101207047D3F84C250969E4
:10DD30009142ECD101207047D3F83C25096991420A
:10DD4000E5D1012070470120704701207047430949
:10DD50000AD0012B0BD14FF6FF7300F01F0023FAFE
:10DD600000F000F0010070474FF0FF33F5E70020AE
:10DD7000704700B583B0019001A8E6F7DFFE019A75
:10DD800001239340C36003B05DF804FB00B583B08A
:10DD9000019001A8E6F7D2FE019A01239340836027
:10DDA00003B05DF804FB00B583B0019001A8E6F76D
:10DDB000C5FE0069019BD84000F0010003B05DF88A
:10DDC00004FB2DE9F04188B00446884617461E46FC
:10DDD0000E9D20220021684603F03CFCC4F8008020
:10DDE0006760A660E5601F2D12D94FF0FF332361F5
:10DDF0000F9B6361109B83B118349C46BCE80F00F5
:10DE00000FC49CE80F0084E80F0008B0BDE8F08163
:10DE10000123AB40013B2361EAE718346D460FCD87
:10DE20000FC495E80F0084E80F00EEE730B583B02B
:10DE30000468B4F1FF3F32D08568A94232D211EBB9
:10DE4000040C32D05C18AC4200D96B1A046A24B1BD
:10DE500000930523A04703B030BDBFF35B8F194685
:10DE600004E01CF8010B02F8010B013959B112F062
:10DE7000030FF6D11CF0030FF3D104E05CF8040BA0
:10DE800042F8040B04390329F8DC04E01CF8010B08
:10DE900002F8010B01390029F8D11846DBE76FF0D1
:10DEA0002100D8E76FF02100D5E76FF02100D2E71D
:10DEB00030B583B00468B4F1FF3F31D08568A94222
:10DEC00031D211EB040C31D05C18AC4200D96B1A82
:10DED000446A8CB100930523A04703B030BD12F80B
:10DEE000010B0CF8010B013969B11CF0030FF6D1DD
:10DEF00012F0030FF3D106E01946F5E752F8040BD0
:10DF00004CF8040B04390329F8DC29B112F8010B91
:10DF10000CF8010B0139F8E7BFF35B8F1846DCE71B
:10DF20006FF02100D9E76FF02100D6E76FF02100F4
:10DF3000D3E730B583B00468B4F1FF3F34D01D4659
:10DF40008368994233D211EB040C33D06C189C4295
:10DF500000D95D1A846A2CB100950523A047284694
:10DF600003B030BD1346012104E0C80002FA00F0FE
:10DF7000034301310329F8D9294649B11CF0030FA5
:10DF800006D00CF8012B0139F7E74CF8043B0439B3
:10DF90000329FADC02E00CF8012B01390029FAD13F
:10DFA000BFF35B8F2846DBE76FF02100D8E76FF007
:10DFB0002100D5E76FF02100D2E700207047C31C95
:10DFC0005B0003EB00130B44013B49420B4003EBA6
:10DFD000C0000630704710B5036B0BB1984710BDF9
:10DFE000C3681F2B0CD821FA03F3426852B184682E
:10DFF0008C420AD952F8233002690A409818EEE799
:10E000000023F2E74FF0FF30E9E74FF0FF30E6E79B
:10E0100070B505460E46436B1BB198470446204633
:10E0200070BD0469B4F1FF3F0FD00C402146284673
:10E03000FFF7D1FFB042F2D02B691C440134AB682A
:10E04000A342F3D84FF0FF34E9E743681C680C1B88
:10E05000ECE710B50446FFF7DBFF2368B3F1FF3FA1
:10E0600004D0A268904203D2184410BD0020FCE7FF
:10E070000020FAE708B50368C91A8368994202D2FA
:10E08000FFF7A9FF08BD4FF0FF31F9E72DE9F84F81
:10E0900083468946104698460B9F0A9B1F440025DD
:10E0A00001E00135E089BD4222DA4FEA001A09EBAE
:10E0B000001408EBC50658F83510DBF82C00FFF704
:10E0C000D9FF002349F80A0063607268A2602373D5
:10E0D00063737B1EAB4203DD012323730023637351
:10E0E0000A9B9D42DDDBA38943F00203A381D8E7AD
:10E0F000BDE8F88F10B5C46904EB0113B0F828E04F
:10E10000CA1D00EBC202B2F804C0E644A0F828E041
:10E110000CF1FF3CA2F804C09A8912F0040F0FD052
:10E12000028EDA81018610BDDB8904EB0313CA1D60
:10E1300000EBC202B2F804C00CF1FF3CA2F804C02C
:10E140009A8912F0010FEFD1EAE710B44489846193
:10E15000C16101EB0411016201EB44030433134478
:10E16000013352421340436203689B69A3B15DF8D7
:10E17000044B7047C26902EB0312591CD1810B4654
:10E18000621E9A42F6DCC26902EB031300229A7304
:10E190006FF07F02DA73EAE70023F1E703681A6998
:10E1A00012F0005F27D09B691BB1012B12D0002019
:10E1B0007047036A5A88438D416A806901EBC00148
:10E1C0008988521A92B2013A92B2934294BF0020C7
:10E1D00001207047436A5A88438D016A806901EBC8
:10E1E00040018988521A92B2013A92B2934294BF86
:10E1F0000020012070479B691BB1012B08D0002033
:10E200007047436A188880F0010000F001007047F1
:10E21000036A188880F0010000F00100704708B51B
:10E22000436903B1984708BD026AB2F802C0438946
:10E23000013B03EA0C0302EB43029180BFF35B8FC7
:10E24000026A538801335380438D013343857047FD
:10E2500010B5044604980460426001811A89428125
:10E260000285029AC260039A42615A681968FFF7F0
:10E270006CFF002010BDF0B583B00446D518068EA3
:10E2800006F1070C089F40F83C70ADB200EBCC0CD7
:10E29000ACF80450019300920B463246C169FFF777
:10E2A000F5FE2086238D5B1B238531462046FFF734
:10E2B000BBFF002003B0F0BDF8B5044610B30B4619
:10E2C0001746418E426A508881421CD0481C6086A5
:10E2D0006689013E0E40BFF35B8F02EBC6014D68BD
:10E2E000A9B21BB102EBC60292681A602046FFF782
:10E2F00001FFADB2073554F83500002344F835303E
:10E3000007B13E80F8BD0020FCE7C36903EB0113B1
:10E310009868704708B5C36909015958C06AFFF782
:10E3200098FE08BDF8B50D461646BFF35B8F828E8A
:10E33000016A4B889A4214D00446531C8386438951
:10E34000013B134001EB43018988298089B2FFF723
:10E35000E1FF074629882046FFF7D7FF306038469F
:10E36000F8BD0027FBE703681A6912F0005F1BD0B5
:10E370009B694BB9438E42899B1A9BB2026A8169A1
:10E38000013B02EB4102938003689B69012B00D0A3
:10E390007047838E42899B1A9BB2426A8169013B16
:10E3A00002EBC102938070479B6923B9026A13880C
:10E3B00043F00103138003689B69012BE8D1426A93
:10E3C000138843F001031380E2E710B50446BFF35E
:10E3D0005B8FFFF7E3FE10B90023638510BD204675
:10E3E000FFF71DFFF8E7818E026A538899420AD031
:10E3F0004389013B0B4002EB43029288C36903EB64
:10E400000213986870470020704708B5BFF35B8F10
:10E41000C36803B1984708BD8C468B188B421AD944
:10E4200010B4BCFBF2F302FB13C35C0950F82440A8
:10E4300003F01F0324FA03F313F0010F04D00CF1CF
:10E44000010C8B186345ECD8BCFBF2F002FB10C04A
:10E450005DF8044B7047B1FBF2F002FB10107047FF
:10E4600038B504461546FFF7D7FF85420ED9034657
:10E4700000F580605D0954F8252003F01F03012199
:10E4800001FA03F31A4344F8252038BD4FF0FF305A
:10E49000FBE7B2F580620ED48A420CDA4FEA521CD6
:10E4A00050F82C3002F01F02012101FA02F223EA97
:10E4B000020340F82C30704708B54FF0FF324FF0A0
:10E4C000FF33E8F783FA08BD10B1C36A0133C362B2
:10E4D000704758B108B5C36A013BC36213B9036BF7
:10E4E0000BB1984708BD00230362FBE7704770B586
:10E4F0000446066A06F164052846FFF7DDFF626AF6
:10E50000B2F1FF3F0FD104F13C03E16B226C4A6092
:10E51000E16B11602364E3632046FFF7DAFF2846CE
:10E52000E8F7DCF970BD802106F15000FFF7B1FF7C
:10E53000E9E710B58CB004460B91436A0A93202397
:10E540000246194602A800F0F8FA01230193282395
:10E55000009302AB3522616A2046E6F74FFD0028A2
:10E5600000DB00200CB010BD40B108B5006A20B13E
:10E5700019B1D0F8883003B1984708BD704740B151
:10E5800008B5006A20B119B1D0F88C3003B19847B2
:10E5900008BD704708B530B1006A20B121B1D0F88C
:10E5A00090301BB1984708BD0846FCE70020FAE709
:10E5B0002DE9F84380460F4616469946046803E065
:10E5C000B6F1FF3F1AD02468A0451CD0A4F13C0549
:10E5D000B6F1FF3F02D06A6AB24215D0002FF2D0E6
:10E5E00020223946284603F065F90028EBD1B9F11D
:10E5F000FF3FE5D0AB6A4B45E2D105E0AB6AB3F132
:10E60000FF3FE0D100E000252846BDE8F88370B563
:10E6100005460C461E46CAB120231946204600F086
:10E620008CFA0123E3626662049BA362059B636329
:10E63000069BA363079B6364256204F13C036A683D
:10E640002264E5636B60226C136070BD00230B7065
:10E65000E7E7A0B110B50446036A5BB1027832B1B6
:10E6600093F8A4301BB1436AB3F5806F03D2204600
:10E67000FFF73DFF10BD0121FFF75BFFF7E7704794
:10E6800030B108B5026A12B1526802B1904708BDB4
:10E69000704750B110B50C4651B1026A5AB1926838
:10E6A00062B190472070002010BD6FF015007047D8
:10E6B0006FF01500F8E76FF00500F5E76FF0050063
:10E6C000F2E738B108B5026A3AB1D26842B1904770
:10E6D000002008BD6FF0150070476FF00500F8E7E7
:10E6E0006FF00500F5E798B138B50C46054691B1D5
:10E6F000036A9BB11B69A3B198472060AB69012BEA
:10E7000001D0002038BD002328616B611846F9E76D
:10E710006FF0150070476FF01500F3E76FF005001C
:10E72000F0E76FF00500EDE710B582B0044606E0B3
:10E730000021D4F8B400FFF7C4FF024678B90DF108
:10E740000701D4F8B400FFF7A4FF024638B99DF8DA
:10E75000073013F0400FEBD113F0040FEFD0104649
:10E7600002B010BD08B5D0F8B4301A6B0B8903EBBA
:10E77000430302EBC302D0F8D03013B111699847BC
:10E7800008BD6FF4FB60FBE7704708B54FF0FF3240
:10E790004FF0FF33E8F71AF908BDF8B506460C4606
:10E7A000A1F1100500F164073846FFF7EEFF284697
:10E7B000E6F7E4FC80B154F8083C24F8083C06F184
:10E7C000C802D6F8CC1044F80C1C44F8102CC6F83B
:10E7D000CC5054F80C2C15603846E8F77FF8002030
:10E7E000F8BD38B50D4600F164042046FFF7CDFFB3
:10E7F00055F8083C03F5803345F8083C2046E8F717
:10E800006DF838BD2DE9F04389B0109DD5F8C000F2
:10E81000282A50D10C460168611A8368994239D27E
:10E8200020236A46FFF702FBD4F8209005F1640824
:10E830004046FFF7AAFF4B464FF0FF326946284695
:10E84000FFF7B6FE064650B3036B33B30127636A86
:10E8500013F0010F29D016B14FF0FF33B36207BB9D
:10E860004046E8F73BF81EB1B36B0BB13046984712
:10E87000D5F880301BB14A46694628469847D7B13B
:10E880004046FFF782FF3046FFF723FE4046E8F799
:10E8900025F810E04FF0FF31C2E70027D7E7002747
:10E8A000D5E73046FFF710FEDAE746B1C6F8289004
:10E8B0004046E8F713F8002009B0BDE8F083404671
:10E8C000E8F70CF8EB6F002BF5D04A46694628466E
:10E8D0009847F0E770B504460E461546D0F8B430B8
:10E8E0009B6933B10020D4F8B4309B69012B05D06B
:10E8F00070BDD0F8B800FFF7DFFCF4E732462946D8
:10E90000D4F8B800FFF70EFDF2E770B504460D46E7
:10E910008E68B6B23146D0F8B800FFF7F6FC024672
:10E92000334629462046E6F79BFC012070BD70B5B2
:10E930000446A1F1100500F164063046FFF725FFFB
:10E940002846E6F71BFC18B93046E7F7C7FF70BD4D
:10E9500029462046FFF7D9FFD4F8B800FFF735FD68
:10E96000F2E710B584B0D0F8B440A46924B1012C0A
:10E970000DD0002004B010BD02910392009100233D
:10E98000012202A9D0F8BC00FFF775FCF2E7194696
:10E99000D0F8BC00E6F7E4FAECE7024670B171B1DA
:10E9A00043688B420DD310B400689468A4EB030C49
:10E9B00060445B1A53605DF8044B70477047002059
:10E9C000704700207047F8B505460F46164600F11F
:10E9D000C803D0F8C840A3421ED0ECB122686368D7
:10E9E000536022681A606460246023893380D0F801
:10E9F000B4309B6913B9D0F8A8300B60D5F8B430A7
:10EA00009B69012B01D02046F8BD3188D5F8BC00A8
:10EA1000FFF77BFC3860F6E7D5F8B4309B691BB193
:10EA2000012B1CD00024EEE732463946D5F8BC0055
:10EA3000FFF742FC04460028E5D1D5F8BC301B8D19
:10EA4000002BE0D0D5F8A810D5F8C400FFF7A5FF3B
:10EA50000446D5F8A8303B6000233380D3E73A461C
:10EA60003146D5F8BC00FFF75DFC0446CBE72DE945
:10EA7000F04182B00646884617460DF10701D0F8EE
:10EA8000B400FFF706FEC8BB9DF8073013F0040F73
:10EA900036D03FB143F6982704E04FF47A70E6F79A
:10EAA000F5FC013F06F164052846FFF76EFE01AA5A
:10EAB00041463046FFF787FF04462846E7F70EFF3A
:10EAC0005CB957B1D6F8B8103046FFF74BFE6FF47B
:10EAD000FB639842E1D00028E4D05CB1BDF804307B
:10EAE000A36003F58033A360D8F80030103BC8F86A
:10EAF00000301034204602B0BDE8F0810024F9E770
:10EB00000024F7E720B119B112B1016082604260C0
:10EB1000704710B5044618B90EE03C38FFF799FD70
:10EB200020688442F9D10023C4F8B830C4F8BC305E
:10EB3000D4F8B400FFF7A4FD10BD8B4228BF0B46EC
:10EB4000C9B170B51E465C1C8446013C05D012F864
:10EB5000015B0CF8015B002DF7D1B14204D80139FB
:10EB600000234354301B70BD8A1B224400216046A1
:10EB700002F070FDF6E70846704770B5036A9A68C0
:10EB80005C68944204D30BB10122DA60002070BDAE
:10EB9000002202745A6801325A60026A5368013BCB
:10EBA000126803EBC30C034602EB8C0200F1200653
:10EBB0001D685C68D3F808E0D3F80CC01560546099
:10EBC000C2F808E0C2F80CC010331032B342EFD1E3
:10EBD0001B68136081600120D9E7F0B58BB0044653
:10EBE0000D4616460DF1040C8646BEE80F00ACE853
:10EBF0000F00BEE80F00ACE80F00DEF80030CCF8E4
:10EC00000030226A5168002942D0013915F0010F05
:10EC100024D015F0040F07D1136801EBC10003EBFA
:10EC200080031B7C002B39D1136801EBC10103EB7E
:10EC30008103204603F12007D3F800E0D3F804C095
:10EC40009968DA68C0F800E0C0F804C08160C2606A
:10EC500010331030BB42EFD11B68036015F0020F78
:10EC600003D0226A5368013B5360039BB3421AD816
:10EC700015F0040F01D0019B236015F0080F18D088
:10EC8000143406AB93E8070084E80700012003E092
:10EC90000AB10223D36000200BB0F0BD0AB10F23EC
:10ECA000D3600020F8E7236A0BB10422DA60002069
:10ECB000F2E70120F0E710B402601A44C260019B41
:10ECC000836000230374037583610362012917D9EC
:10ECD00001EBC1039B00243BC21802620022C25018
:10ECE000036A8C1E9C60036A5A60036ADA60036AD6
:10ECF0001A74036A5A74022902D9036A243018600C
:10ED00005DF8044B7047182871F1000312D3B0F579
:10ED1000807F71F100030FD3B0F5803F71F10003E4
:10ED20000CD34FF0FF3383424FF000038B4107D3E6
:10ED3000052070470120704702207047032070476C
:10ED4000092070470246002000E00130884202D2CC
:10ED5000135C002BF9D1704717280BD9A0F11803C9
:10ED6000DBB2032B01D90F2070471838012303FAB7
:10ED700000F07047002070470268C3689A4201D2D1
:10ED800001207047036A0BB10822DA600020704747
:10ED900038B504460D46FFF7EFFF48B123681B78EE
:10EDA000B5EB531F04D0236A0BB10A22DA600020AE
:10EDB00038BD43680360836801338360036A03B12D
:10EDC000D9607047002308E0A2EB030C0CF1FF3C74
:10EDD00011F80CC000F803C001339342F4D370471C
:10EDE00008B5C36802689B1A8B4201D3012008BD95
:10EDF0000821FFF7DEFF0020F9E710B50446FFF712
:10EE0000BBFF40B123681A78FF2A05D0236A0BB1F3
:10EE10000A22DA60002010BD01332360FBE72DE9F0
:10EE2000F04F83B004466AB30D4698461746082A49
:10EE300031D8002835D0002939D0FFF79DFF06468C
:10EE400028B3A368002B38D0D4F800A09AF800B0FB
:10EE50000BF01F09B9F11F0F35D04846FFF77CFFB3
:10EE60008046B9F11B0F48D887424CD3431C01930D
:10EE70009A44E3689A454CD9236A0BB10822DA60B8
:10EE8000002604E0036A0BB10E22DA600026304649
:10EE900003B0BDE8F08F036A0BB10E22DA600026E2
:10EEA000F5E7036A0BB10E22DA600026EFE7036A8A
:10EEB0000BB10E22DA600026E9E7236A0BB10322C8
:10EEC000DA600026E3E7B8F1000FC6D0236A0BB181
:10EED0001A7C72B9012388F800304FF000082368CB
:10EEE000636008F1010843442360A368013BA36009
:10EEF000CDE71522DA600026C9E7236A0BB10722A5
:10EF0000DA600026C3E7236A0BB10522DA60002627
:10EF1000BDE73A460021284602F09CFBB8F1000FFD
:10EF200002D185F80090DAE721684246013128468F
:10EF3000FFF748FF236A002BD1D01B7C002BCED0DB
:10EF40000BF10703DBB2022BC9D939462846C0F7BB
:10EF50007FF9019B8342C2D0236A0BB11522DA608C
:10EF6000002694E738B505460C461146FFF710FF1A
:10EF700000B938BD00230422A1182846FFF74FFF2F
:10EF80000028F6D02B682360F3E738B504460D4619
:10EF9000FFF7E8FF08B9002038BD69682046FFF791
:10EFA0001FFF0028F8D1F6E738B504460D46FFF7F5
:10EFB000ECFF18B123686A681344236038BD10B5AC
:10EFC00082B0044600238DF80330FFF7E1FE08B954
:10EFD00002B010BD0DF1030304220DEB0201204627
:10EFE000FFF71DFF0028F3D09DF8033043B90199C6
:10EFF0002046FFF7C2FD30B19DF803302375E7E7E7
:10F000006FF00F01F4E763682360A3680133A36026
:10F01000DEE710B50446037D3BB1FFF7EEFE48B1D5
:10F02000002323754FF0FF3200E000220721204625
:10F03000FFF7D3FD10BD70B504460D4616460021FE
:10F04000FFF7A6FE00B970BD0023324629462046D0
:10F05000FFF7E5FEF7E708B50422FFF7ECFF08BD70
:10F0600008B50422FFF7E7FF08BD08B50222FFF745
:10F070009BFF08BD08B50322FFF796FF08BD38B512
:10F0800004460521FFF79BFF40B1257D35B9A368F4
:10F090006FF00042934202D25B00A36038BD0521AD
:10F0A0002046FFF786FE2846F8E7037D1BB98368F4
:10F0B00053B1002070470368C268934206D21B78A0
:10F0C000FF2B05D0002070470120704700207047BB
:10F0D0000120704708B5FFF79CFF08BD70B50446D6
:10F0E0000D460721FFF754FE50B123681E7806F045
:10F0F0001F06182E05D9236A0BB10A22DA600020F8
:10F1000070BD0023012229462046FFF788FE002813
:10F11000F6D0182EF4D12B781F2BF1D815212046CC
:10F12000FFF747FE0020EBE730B583B005460C46FD
:10F130000DF10701FFF7D2FF58B19DF80730143BDE
:10F14000DBB28DF80730012B05D8003B18BF012337
:10F15000237003B030BD0A212846FFF72AFE0020A5
:10F16000F7E738B504460D460621FFF711FE00B952
:10F1700038BD0023042229462046FFF750FE002810
:10F18000F6D0A3680133A360F2E72DE9F0418EB019
:10F19000054641B1036A0BB10E22DA6000273846FA
:10F1A0000EB0BDE8F0810E46FFF7E6FD07460028E9
:10F1B000F5D02B681C78640900220023CDE90C23CC
:10F1C000AC4603AF05F12008BE46DCF80000DCF8D1
:10F1D0000410DCF80820DCF80C30AEE80F000CF16D
:10F1E000100C7746C445EFD1DCF80000CEF80000E3
:10F1F00001E01C786409062C0ED101A903A8FFF7D1
:10F20000B0FF38B1039B069A9342F2D32B6A0BB13D
:10F210000822DA600027C2E700238DF80B30231F95
:10F22000DBB2012B1FD9334608220CA903A8FFF734
:10F23000F6FD07460028B2D0042C24D016D8023C94
:10F24000E4B2012C09D80C992846FFF7C9FD002823
:10F2500042D0039B0C9A13440393039B2B60AB682F
:10F26000013BAB609BE70DF10B06DCE7052CF4D10D
:10F270000C9B0D9AB3F1004F72F100011BD2DB1809
:10F2800052410C930D929DF80B3023B16FF00F009B
:10F290000021CDE90C010C9A05928DF8203003A8CD
:10F2A000FFF703FF68B9002103A8FFF76EFF0028EE
:10F2B000F5D1074673E72B6A0BB10522DA60002708
:10F2C0006DE79DF80B30002BC7D003A8FFF795FD25
:10F2D0000028C2D1074662E7074660E710B584B050
:10F2E000089C0294079C0194069C0094FFF7E3FCA1
:10F2F00004B010BD0238062805D8DFE800F0120679
:10F30000080A0C0E100000207047022070470220EF
:10F310007047032070470320704703207047032085
:10F3200070470120704738B108B5FFF7E3FF00F1DF
:10F330001801C9B2084608BD0846704710B40368F2
:10F34000C468A3420DD21F2A11D802F01F0242EA5C
:10F350004111197003680133036001205DF8044B0B
:10F360007047036A0BB10822DA600020F6E7036AEF
:10F370000BB10E22DA600020F0E7F8B5054616461C
:10F380001C460368621C1344C268934205D9036A91
:10F390000BB10822DA600020F8BD0F463178204614
:10F3A000FFF7C1FF024639462846FFF7C7FF30B9CD
:10F3B000F2E7013C2B685A1C2A60325D1A70002C5F
:10F3C000F7D1AB680133AB60E6E708B511461F2201
:10F3D000FFF7B4FF08BD08B51F220721FFF7AEFFF6
:10F3E00008BD70B504462BB9036A0BB10E22DA6072
:10F3F000002070BD0E46154619461046BFF728FF7F
:10F40000431E2A4631462046FFF7B7FFF1E770B5A5
:10F4100005460C4616460B6853B104216018BFF729
:10F4200017FF636818442B681844EB68984206D8A5
:10F430000423E21831462846FFF7D3FF70BD2B6A3C
:10F440000BB10822DA600020F8E770B504460D46DB
:10F450000168C368994209D268685B1A98420CD95E
:10F46000236A0BB10822DA60002604E0036A0BB1BC
:10F470000822DA600026304670BD29462046FFF794
:10F48000C6FF06460028F6D020682968884202D0C8
:10F490006A6802F0C5F823686A6813442360EAE7E3
:10F4A000082A0ED810B582B00C4613468A1812F9F5
:10F4B000012C002A1BDB00212246FFF792FF02B03D
:10F4C00010BD036A0BB10522DA600020704714F802
:10F4D0000CE06FEA0E0E0CF108026A4402F808EC28
:10F4E0000CF1010C9C45F2D36C460121E4E74FF08E
:10F4F000000CF7E708B513460A460021FFF771FF35
:10F5000008BD00B583B0019104220DEB0201FFF7A5
:10F51000C7FF03B05DF804FB00B583B0019104227E
:10F520000DEB0201FFF7E6FF03B05DF804FB00B549
:10F5300083B0019104220DEB0201FFF7DBFF03B062
:10F540005DF804FB08B50222FFF77FFF08BD08B590
:10F550000322FFF77AFF08BD00B583B00091019246
:10F560006946FFF7F4FF03B05DF804FB38B50546C4
:10F570000C4611462046FFF7E5FB02462146284689
:10F58000FFF7EAFF38BD08B50422FFF71EFF08BDEC
:10F5900008B50522FFF719FF08BD08B50422FFF7DB
:10F5A0001AFF08BD08B50522FFF715FF08BD08B50D
:10F5B0000B78183BDBB2072B05D8036A0BB1152279
:10F5C000DA60002008BD01230A460721FFF709FF82
:10F5D000F8E700B583B08DF807100DF10701FFF7CC
:10F5E000E6FF03B05DF804FB08B519B11521FFF77C
:10F5F000F0FF08BD1421FAE710B584B0002402948E
:10F600000194069C0094FFF756FB04B010BD00B9AE
:10F61000704708B5F5F7A6FD08BD60B1C3685A7814
:10F6200012F0010F03D01B781BB10020704700209F
:10F630007047012070470020704710B54468036888
:10F640008BB12046984730B100280ADBFF2800DD47
:10F65000FF20E3681870E268537843F001035370A9
:10F6600010BD4042F2E70020F5E708B501F0F2FFD7
:10F6700008BD08B501F0C7FF08BD704710B500F11F
:10F680000C04C4600461C5F7A1F810BD8169C368AA
:10F6900041EA030212F0030F10D100220261426915
:10F6A000013A02FB013304E002691A6003618269D6
:10F6B0009B1AC2689A42F7D9002070476FF0150074
:10F6C0007047C368C91A0CD48269436902FB03F30B
:10F6D0008B4208D9B1FBF2F302FB131129B10020D0
:10F6E000704700207047002070470120704710B518
:10F6F000044643618261C1600023C3618360FFF7F8
:10F70000C5FF002801DB2460646010BD884200DA78
:10F71000014611F17F0F01DB084670476FF07E0054
:10F72000704708B5806890F90E308B4201D10020F7
:10F7300008BDE9F7BBF8FBE7034600209860D860F6
:10F740001B605B6070470B6803F003030B6042684B
:10F7500032B1136803F003030B4313604160704739
:10F7600041600160704708B591B18C460B6823F089
:10F770000301032B18D9136803F003030B43136031
:10F78000DCF8003003F003031343CCF8003008BD6D
:10F790000168136803F003030B43136002604368BE
:10F7A000002BF4D14260F2E71146FFF7CCFFEEE701
:10F7B00008B50022C0F8C0204161E8F79BFE08BDF3
:10F7C00060B1036813F0030F08D010B5446809B99D
:10F7D000204610BDFDF76FFB2046FAE77047002377
:10F7E00003604360836000F10C03C360036100F1B8
:10F7F000140343618361704700B583B00A46012357
:10F80000009300231946E6F703FF03B05DF804FBFD
:10F8100000B583B00A46002100910B46E6F7F8FEDA
:10F8200003B05DF804FB08B500210068FFF7C8FFCE
:10F8300008BD5AB18A420CD38160C260006040604A
:10F8400000F1100303614361002070476FF0150061
:10F8500070476FF0150070470B4621B1096851B130
:10F8600011601A6070470368136002604368002BE0
:10F87000F8D14260704700231360436813B11A60E7
:10F88000426070474260026070470B4639B11168B0
:10F89000196041688A4209D00023136070471368D9
:10F8A000036041688A42F7D14360F5E74360F3E7BC
:10F8B00008B50A460368002101E019461B682BB110
:10F8C0009342FAD1FFF7E1FF012000E0002008BDDC
:10F8D000704708B5CB6823F00402CA6013F0040F28
:10F8E00000D108BD00F58470FFF7E2FFF9E710B51D
:10F8F0000446C36813F0020F09D0E36813F01F0039
:10F9000004D043F00202E26040F0020010BD014664
:10F910008068FFF7DEFFF0E738B108B50022114636
:10F9200000F58870E9F756FD08BD0020704708B55E
:10F93000EFF31180202383F31288BFF36F8FE9F771
:10F94000BFF808BD10B50246C46814F0020FC4F336
:10F95000400401D1204610BD08461146E7F732FAAF
:10F96000F8E708B5C36823F01003C3601030E6F76A
:10F97000B5FF08BD08B5C36823F00802C26013F0E4
:10F98000080F01D1002008BD1030EAF7EFF8B0FAF7
:10F9900080F04009F7E710B50446FFF7EBFF20467B
:10F9A000FFF7A5FF10BD70B505460E46144610467C
:10F9B000E7F7A8FBF36813F0040F08D1D5F8083176
:10F9C0002360C5F80841D5F80C313BB170BD224623
:10F9D000314605F58470FFF73FFFF7E7C5F80C41A6
:10F9E000F4E710B5E7F714FC041E01DC204610BD57
:10F9F000FFF79DFFFAE710B50C4611469C4228BF61
:10FA00001C46224601F0FFFD204610BDF8B5054614
:10FA1000D31D23F007037F3323F03F0301F1400799
:10FA2000A3F140063F2B07D8002282F31188BFF3D1
:10FA30006F8F0422104602DFCC183246AA213846C6
:10FA400001F008FEC5F8AC70C5F8B0600023C5F839
:10FA5000B4302046F8BDEFF30580003818BF012010
:10FA600070478830704710B4002484600373427379
:10FA70008173C4738461C4615DF8044B704710B432
:10FA800000231C4601E0013401338B4204D210F8FC
:10FA900003C0BCF1AA0FF6D0146000205DF8044B3F
:10FAA000704708B50A46D0F8B010D0F8AC00FFF7A0
:10FAB000E6FF08BD08B5EBF71BF808BD28B108B58F
:10FAC00031B1EBF7F1F8002008BD6FF01500704779
:10FAD0006FF01500F8E700282FD030B587B0044646
:10FAE0000025056045608560C5600561456115B10B
:10FAF000002007B030BD69462846EBF759F8236867
:10FB0000626800995B18019942EB01022360626010
:10FB1000A368E26802995B18039942EB0102A360B3
:10FB2000E2602369626904995B18059942EB01025E
:10FB300023616261681CC5B2D9E76FF01500704798
:10FB40000020704738B504460D46E8F7FFFA637B9E
:10FB500043F00203637335B3A5602B689D420DD15A
:10FB600000230BE05A686260236014605C601AE056
:10FB70001A4669688A420FD01B687BB173B194F949
:10FB80000E1093F90E209142F2D0521A002AE9DCAD
:10FB90001A46002BEDD1F0E70023EEE76B682560F5
:10FBA00063601C606C6038BD08B51830E9F7DEFF93
:10FBB00008BD38B505460468844212D09CB1204681
:10FBC000E8F7E6F904F11800E9F7D0FF0023C4F8DC
:10FBD000C0302046E8F732FA2C68A542EED1002466
:10FBE000ECE70024EAE738BD70B5044616461D462A
:10FBF000FFF7A8FF32462B462046E8F7CFFB70BD43
:10FC000008B501211838E8F71BFD08BD10B50446FA
:10FC1000E8F7C4FC04F11800E9F7A8FF10BD08B527
:10FC2000EFF31180202383F31288BFF36F8FE8F77F
:10FC300047FF08BD38B505460468844201D000205E
:10FC400002E00024FBE7012054B12046FFF7DEFF6D
:10FC50002046E8F74FFC2C68A542F4D10024F2E7D7
:10FC600038BD031D43608360704710B50446E9F753
:10FC700091FE48B102460369416920691B18606919
:10FC800041EB0001136151616268236813605A609F
:10FC900000232360636010BD10B5E9F771FE0446D0
:10FCA000E9F784FE7CB1236962691B1A62EBE0729A
:10FCB000B3F1004F72F1000108DA002A01DB1846A7
:10FCC00010BD0023FBE76FF00040F9E76FF0004044
:10FCD000F6E708B5EAF776F808BD08B5EAF772F86E
:10FCE00008BD70B50646B3F1FF3F08BFB2F1FF3F54
:10FCF00009D015461C4653EA02010CD1002200230C
:10FD0000C0E9002305E04FF0FF324FF0FF33C0E9B8
:10FD10000023304670BD6FF00101891A4FF0FF32A9
:10FD200062EB0303002B02DB01604360F1E7EAF7BB
:10FD300049F82B462246012D74F1000401DA012313
:10FD40000022C01841EB020130607160E1E7F8B5B4
:10FD50000546B3F1FF3F08BFB2F1FF3F0AD014469A
:10FD60001F4657EA02030CD100220023C0E90023FA
:10FD70002846F8BD4FF0FF324FF0FF33C0E90023B3
:10FD8000F6E7EAF71FF803460A46A042B94105D252
:10FD9000E61A67EB02022E606A60E9E70026324647
:10FDA000F9E708B5EFF31180202383F31288BFF33E
:10FDB0006F8FE8F785FE08BD10B50446E9F7D6FE5B
:10FDC00060B9636A0BB12046984704F11800E8F760
:10FDD00015FD18B1E8F78EFBFFF7E3FF10BD08B182
:10FDE0007038704770472DE9F84307468846046825
:10FDF000A04212D0154646687EB1B068FFF7EFFF0B
:10FE000081462846FFF7EBFF99F90E3090F90E5026
:10FE10009D4213D0EB1A002B10DD7B68C8F80070F0
:10FE2000C8F80430C3F80080C7F80480BDE8F88340
:10FE30002346B44219D0246804B1A3B1BCB1A06870
:10FE4000FFF7CDFF90F90E30AB42F1D05B1B002BDA
:10FE5000EEDD6368C8F80430C8F80040C3F80080DD
:10FE6000C4F80480E2E71C46E8E70024E6E7C8F8A7
:10FE70000070C8F80460C6F80080C7F80480D5E7B1
:10FE800070B58468237873B154F8045C5DB1A4F153
:10FE9000140604F11400E9F769FE0023E362314619
:10FEA0002846E7F7B5F9002070BD70B504460D4649
:10FEB0008668D6B17378012B0DD0022B12D00020AA
:10FEC00030700023A360E368C3F386322A4362F3F1
:10FED0009433E36070BDEAF797FB002333709842D8
:10FEE000EFDAF7E7FFF7CCFFF7E70020E9E700607C
:10FEF00040600023836070470023836070478368FD
:10FF00000B60C36813607047C3691A7A72B110B48A
:10FF10008468C268944206D018685A68091842F189
:10FF2000000219605A605DF8044B70477047026B1D
:10FF3000436B891843F1000301634363704708B5BD
:10FF4000FBF77FFB00B9012008BD30B108B5011FE8
:10FF500050F8040CE5F702FF08BD704708B50146EC
:10FF60000420EAF74BFF08BD00207047704710B52A
:10FF7000044608B1EBF7A4F92046EBF78FF910BD62
:10FF800000F4E040B0F5805F06D0B0F5005F01D02E
:10FF9000002070470120704701207047036823F05C
:10FFA000031323F47F430BB9002070476FF08600E2
:10FFB00070470B8813B10288934206D14B883BB13E
:10FFC0004288934206D1002070476FF08600704748
:10FFD000002070476FF086007047C1684288038830
:10FFE000002979D0002A79D003F44F41B1F5824F2E
:10FFF00076D1DBB2123B302B75D8DFE803F02274E8
:020000040005F5
:10000000747474197474747474747474747444743B
:100010007474743274747474747474745474747402
:100020007474747474747474747474747466660020
:10003000C02A5BD0E12A5BD0B2F5807F5AD1002084
:100040007047C02A59D0E02A59D0B2F5807F58D0E5
:10005000B2F5C07F57D040F209239A4255D1002013
:100060007047E92A54D0EF2A54D040F21B139A4229
:1000700052D040F299139A4250D040F23B239A4218
:100080004ED100207047E92A4DD040F21B139A420E
:100090004BD040F299139A4249D040F23B239A4206
:1000A00047D100207047C02A46D0E02A46D0B2F59A
:1000B000807F45D0B2F5A07F44D0B2F5C07F43D059
:1000C000B2F5007F42D100207047FF2A41D0B2F53F
:1000D000E07F40D10020704700207047002070472B
:1000E0006FF0850070476FF0850070470020704703
:1000F000002070476FF08600704700207047002096
:10010000704700207047002070476FF086007047EE
:100110000020704700207047002070470020704783
:100120006FF0860070470020704700207047002065
:1001300070476FF0860070470020704700207047BE
:100140000020704700207047002070476FF0860045
:100150007047002070476FF08600704700231A46F2
:1001600004E010F803C04CEA020201338B42F8D3DA
:100170000AB1002070476FF086007047994211D88D
:1001800070B50C4616461D460A460146304601F03B
:100190003AFA2A1B0021301901F05CFA049B1C601A
:1001A000002070BD6FF08900704752B108B59446C9
:1001B00001B10023ACEB03022121184401F04AFAFB
:1001C00008BD70472DE9F041884614461F46EBF7FD
:1001D0005FFF0646F8B9D8F80050298801F4E043DB
:1001E000B3F5804F0CD0AB6834EA03030BD197B161
:1001F0003A4605F10800EBF759FA064658B104E013
:1002000024F00104EFE76FF084060023C8F8003003
:100210002846EBF773FF3046BDE8F08110B50C4679
:10022000FFF7D0FF18B9226853681B0A00D110BD30
:100230001046EBF763FF002323606FF08500F6E7BD
:1002400070B5044645684669284600F08BFC00B14D
:1002500070BD284600F088FC0028F9D115F0FF0F8A
:100260000ED1B6B904F10800FFF798FE0028EFD1CF
:1002700062884FF6F8739A42EAD96FF08500E7E793
:100280000121606900F03BFC0028EBD16FF0860093
:10029000DEE76FF08600DBE72DE9F04389B00D461D
:1002A00017469846119EDDF84890139B00228DF862
:1002B0001B20E3B14FF480622B4607A9FFF782FFB2
:1002C0000446B8B1C9F8006000238DF81B30D9F896
:1002D0000030324621461098FFF767FF0798EBF78A
:1002E0000DFF04B90446204609B0BDE8F0834FF481
:1002F0000062E1E70DF11B0207992846EBF7BCFA13
:1003000004460028DED19DF81B30B34202D96FF0BD
:100310008904D7E70798416A826ACDF81090039361
:10032000109B0293CDF8048000972B46EBF718FF43
:1003300004460028CBD0C5E741F2062398420BD9EA
:10034000B0F5105F25D1802926D0C02926D0B1F57F
:10035000807F25D100207047B0F5905F09D241F22F
:10036000010398420DD0B0F5885F0AD06FF0850088
:100370007047A0F5905080B26923C34013F0010F7D
:1003800004D011F0070F0ED1002070476FF08500E8
:1003900070476FF08500704700207047002070475D
:1003A0006FF0860070476FF08600704738B50446DE
:1003B0000D46FFF7E5FD20B129462046FFF7BCFFBB
:1003C00038BD24F0FF04B4F5E24FF9D06FF085009A
:1003D000F6E738B5436A4BB904460D460120EAF703
:1003E00055FF606228B1A562002038BD6FF08A0019
:1003F000FBE76FF08C00F8E7F8B504460088BAB167
:100400000E461F461546FFF7BBFDA0B1E900089B4D
:1004100019602088FFF790FF044608B12046F8BD18
:100420002A463146384601F0EEF8079B1D60F5E795
:100430006FF08504F2E76FF08504EFE710B504462E
:10044000406A10B1A16AFFF792FD00206062A062CD
:1004500010BD38B50446FFF7F1FF0546237F012B99
:100460000BD05AB272B1023BDBB2012B0DD8236A1A
:10047000012B0CD06FF0960509E0236A3BB16FF0B9
:10048000960504E06FF0960501E06FF096052C22CA
:100490000021204601F0DEF8284638BDF0B583B0D3
:1004A0000D4616461F4604882046FFF769FDA8B989
:1004B00024F4405244F201039A420FD004F44F4115
:1004C000B1F5824F0AD0B1F5884F07D0B1F58E4F04
:1004D00004D024F0FF04B4F5F04F09D1099B009338
:1004E000089B3A4631462846FFF748FE03B0F0BD68
:1004F0006FF08500FAE7F0B585B0EAB10E461C460C
:10050000174600232360012203A9FFF75BFE05467F
:1005100010B1284605B0F0BD0398416A826A019483
:100520000097334600F077FB05460398EBF7E6FDAE
:10053000002DEED10546ECE76FF08905E9E700B53F
:1005400083B08E4611461A46B0F800C00CF4E04362
:10055000B3F5804F04D06FF0850003B05DF804FB65
:100560002CF4405044F2010398420DD00CF44F4C4F
:10057000BCF5824F08D0BCF5844F05D0BCF5884F40
:1005800002D0BCF58E4FE6D1059B0093049B7046CC
:10059000FFF7F4FDE1E7F0B585B012B30E461C4657
:1005A000174600221A60134603A9FFF70BFE054603
:1005B00058B90398038813F4804F09D16FF086056A
:1005C0000398EBF79BFD05B90546284605B0F0BD3D
:1005D000416A826A01940097334600F02DFB05467C
:1005E000EEE76FF08905F0E72DE9F04188B01E468F
:1005F0000023079306930492B0F800C03360002AEA
:100600007BD005460F461446B2F1005F78D22CF03D
:10061000FF0CBCF5E24F4DD0BCF5824F4AD006AB83
:1006200007AA29460020EBF7E7F9804600285CD1AD
:10063000079B9B6A93B96B681B0A08D004AB2246E0
:100640003946284600F09BFA804600284DD104998F
:100650000798FFF7BEFE8046002846D1079A5388C8
:100660000593536A05A9029102F128010191926A4A
:10067000009222463946284600F0A7FA8046A0BBE1
:10068000079A53884BBBBDF814305380059A4FF638
:10069000F8739A4227D8079C29462046FFF789FC21
:1006A000804610BB324606992046EBF77BF8804621
:1006B000F8B11AE02846FFF790FC8046C8B92146F9
:1006C0002846EBF799F8804698B921463846FFF757
:1006D00045FD80460028A2D00BE0059A9342D5D074
:1006E0006FF0860801E06FF0850806990798EBF730
:1006F000C3F9404608B0BDE8F0816FF08608F8E71E
:100700006FF08508F5E703680BB90020704710B556
:10071000044600F03EFB00232371627963F300027C
:100720006271236010BDF0B585B004461F460023FA
:100730000393036863BB08461646EFB14FF480622B
:10074000334603A9FFF73EFD054618BB221D03995A
:100750003046EBF791F80546E0B9637967F300039B
:10076000637167B103994A6A8B6A00962046EBF77A
:1007700019FD05468DB10DE04FF40062E0E70399E5
:100780004A6A8B6A00962046EBF72CFD0546F1E796
:100790006FF088052046FFF7B6FF0398EBF7AEFC35
:1007A00005B90546284605B0F0BD08B50123FFF799
:1007B000BAFF08BD38B503686BB1044612B900250D
:1007C000284638BD00F0CFFA05460028F8D020466C
:1007D000FFF799FFF4E76FF08805F1E72DE9F041A5
:1007E0000446884615461E46036883B1437913F0D4
:1007F000010F22D002791AB3AA4202D96FF08907F9
:1008000007E0334600F0BAFA074628B101E06FF07E
:100810008807356000232371B8F1000F05D03368D5
:100820002A4639464046FFF7C0FC2046FFF76BFFDB
:1008300007B907463846BDE8F0816FF08807E8E75A
:100840006FF08807E5E710B584B001240394089C95
:100850000294079C0194069C0094FFF71DFD04B0D0
:1008600010BD2DE9F04188B0044698460F9E002344
:10087000079300F0FE43B3F1106F10D06FF08605C0
:1008800031460E98EBF760F9109B1E600798EBF766
:1008900035FC05B90546284608B0BDE8F081084694
:1008A000174623464FF4804207A9FFF7B7FC0546D9
:1008B0000028E5D10798416A826A109B0493039649
:1008C0000E9B0293CDF804800097234600F06BFA4C
:1008D00005460028DAD0D3E738B50C46154600881F
:1008E000FFF74EFB20B129462046EBF72DF938BD26
:1008F0006FF08500FBE72DE9F04385B000220392FD
:10090000029203880A604288002A00F0E9800446C7
:100910000E46028802F4E042B2F5804F00F0E38018
:1009200023F0FF03B3F5E24F5CD0B3F5824F59D00B
:1009300002AB03AA21460120EBF75EF8054600282A
:1009400072D1039B9B6A002B5DD163681F0A40F044
:10095000BB80B4F80080B4F8029049464046FFF7E7
:1009600025FD0546002860D108F4E043B3F5805F1B
:100970003FD0B3F5005F3CD008F44F43B3F5844F4C
:100980005BD047F2010290455BD044F201029045F2
:1009900060D047F20202904561D044F202029045D5
:1009A00064D028F0FF02B2F5E84F66D0B2F5884F68
:1009B00068D0B2F5EE4F00F08580B2F58E4F68D06A
:1009C000B3F5824F69D0B3F5824F6ED0B2F5E24FE6
:1009D00074D0B2F5824F0FD109F10703DB085B0039
:1009E0005F1C09E02046FFF7F8FA054600289FD073
:1009F0001FE009F10703DF08019701990398FFF74A
:100A0000E8FC054688B9039901F128038A6A496A16
:100A1000204600F0BEF8054600285DD13246029916
:100A20000398EAF7BFFE05461DB102990398EBF75C
:100A300023F8284605B0BDE8F08309F10703DF0875
:100A4000DAE74FEA59030133DB0803EBC30303F191
:100A50003B07D1E74FEAD90303F11007CCE74FEA90
:100A6000D90303EB430303F15A07C5E74FEAD90360
:100A700003EB430303F14A07BEE709F10703DB0871
:100A80005F00B9E709F10703DB0803EB43035F1CD1
:100A9000B2E709F10703DF08AEE75FFA88F1422900
:100AA00091D109F10803DF08A6E75FFA88F8B8F1E9
:100AB000410F8BD109F10703DF089DE709F1070317
:100AC000DF0899E7202797E701A9204600F05CF8A6
:100AD0000546002891D0A8E70398FFF7AFFCA4E7EC
:100AE0006FF08605A5E76FF08605A2E70023036097
:100AF00043608360C3600361436183617047421E4A
:100B00006FF040439A4207D341B1B0F1804F07D311
:100B1000002807DA00207047012070470846704718
:100B20000020704701207047A0B108B50246017F40
:100B30008B1EDBB2012B0FD8032905D0136A73B1CA
:100B4000013B1362002008BD036A012BF6D1FFF7B9
:100B500080FCF8E7002070476FF09600F3E76FF035
:100B60009600F0E70020704710F0FF0F01D1002041
:100B700070476FF085007047002070477047002273
:100B80001A606FF08600704700230B606FF08600DC
:100B90007047F8B51F4643681B0A13D104460D463B
:100BA0001646038813F4804F05D03B4600F069F9E0
:100BB00010F1860F05D13B46324629462046FFF705
:100BC0008BFEF8BD6FF08600FBE72DE9F04784B09F
:100BD0009A460C9C0D9D0E9E43681B0A18D1074631
:100BE00088469146029601950094534600F027F9F5
:100BF00010F1860F02D004B0BDE8F087029601958F
:100C0000009453464A4641463846FFF7F5FBF2E763
:100C10006FF08600EFE710B582B044685FEA142CED
:100C200007D1059C0194049C0094FFF737FC02B0A7
:100C300010BD6FF08600FAE72DE9F04383B09946C6
:100C40000A9C0B9D43681B0A16D106460F46904628
:100C5000019500944B4600F0D4F810F1860F02D0B5
:100C600003B0BDE8F083019500944B4642463946F7
:100C70003046FFF764FCF3E76FF08600F0E710B54D
:100C800088B044685FEA142C11D1109C06940F9C24
:100C900005940E9C04940D9C03940C9C02940B9C54
:100CA00001940A9C0094EBF79DFC08B010BD6FF016
:100CB0008600FAE710B582B004464868000A0BD1F6
:100CC0000498009004F1080000F097FA08B102B00F
:100CD00010BD1C232360FAE76FF08600F7E710B51C
:100CE00082B004681C2C08D1059C0194049C0094DB
:100CF0000830EBF751FC02B010BD6FF08600FAE748
:100D000038B503681C2B02D00025284638BD00F1F9
:100D10000804204600F07BFA05464FF49071204607
:100D2000EAF7CEFAF1E708B503681C2B03D10830C7
:100D3000EBF7B6FC08BD6FF08800FBE710B5046860
:100D40001C2C03D10830EBF7C1FC10BD6FF08800FC
:100D5000FBE708B503681C2B01D0002008BD083054
:100D600000F05DFAFAE708B503681C2B03D10830E0
:100D700000F00CFA08BD6FF08600FBE710B50468C0
:100D80001C2C03D1083000F011FA10BD6FF0860062
:100D9000FBE708B503681C2B01D0002008BD083014
:100DA00000F016FAFAE710B586B044685FEA142C32
:100DB0000DD10C9C04940B9C03940A9C0294099CF6
:100DC0000194089C009400F032FA06B010BD6FF058
:100DD0008600FAE70020704710B582B0144601ABD8
:100DE0000020EBF783FD20B9019BA34204D102B0A0
:100DF00010BD6FF09200FAE76FF09300F7E7002064
:100E0000704710B582B0B0F800C00CF44F4CBCF580
:100E1000824F0AD0BCF5884F0ED1059C0194049CEA
:100E2000009400F085FB02B010BD059C0194049C69
:100E3000009400F02CFAF6E76FF08500F3E710B5A8
:100E400084B0B0F800C00CF44F4CBCF5824F0CD00D
:100E5000BCF5884F12D1089C0294079C0194069C13
:100E6000009400F0E6FA04B010BD089C0294079CC0
:100E70000194069C009400F045FAF4E76FF08500B9
:100E8000F1E7B0F800C02CF0FF0CBCF5E24F03D145
:100E900008B500F0A0FA08BD6FF085007047037830
:100EA000DB0903EBC303C3EB03130F2205E0815CF3
:100EB00083EA410383541B0A013A002AF7DA704798
:100EC00008B5FFF730FF08BD2DE9F04184B0002AD6
:100ED0005BD007460D461646D0F848419CB1C4F198
:100EE0001008424527D9B8F1000F33D107F59471A6
:100EF00003AB0193102200920B463846FFF7EFFE3A
:100F0000044600283DD1102E30D907F594741023E3
:100F10002A462146204600F0ACF903AB019310228B
:100F20000092234621463846FFF7D9FE044640BBCF
:100F30001035103EE7E700F59470204413460A464A
:100F4000014600F096F9D7F848313344C7F84831E4
:100F500000241BE000F59470204443460A460146F5
:100F600000F087F94544103C2644BFE707F594702C
:100F700033462A46014600F07CF9C7F84861002450
:100F800004E03846FFF7BCFE00E00024204604B031
:100F9000BDE8F0812DE9F04385B004468846164649
:100FA0001F46D0F84851102D26D0054495F8283119
:100FB00083F0800385F8283100F59C752846FFF7FB
:100FC0006EFF04F5947010232A46014600F051F993
:100FD00004F5947503AB0193102200922B46294629
:100FE0002046FFF77CFE814678B12046FFF788FE59
:100FF000484605B0BDE8F08300F59470102304F571
:101000009C72014600F035F9E2E732462946404637
:1010100000F0F9FA3E60E8E7F0B5D5B004460D46B9
:1010200016461F464FF4A672002101A800F012FBDD
:1010300033462A46214601A8EBF7B6F9044628B103
:1010400001A8FFF75DFE204655B0F0BD5A9A39461B
:1010500001A8FFF739FF04460028F1D15D9B5C9A97
:101060005B9901A8FFF796FF0446ECE72DE9F043F2
:1010700083B004460F4615461E4600F5DA7801ABEC
:1010800020224146FFF75AFE8146B8B94FF0000CC6
:1010900009E004EB0C0393F8D4E18EF06A0E83F8B8
:1010A000D4E10CF1010C94F814326345F1D8D4F872
:1010B000B0112046EBF742F8814630B12046FFF7E9
:1010C00048FE484603B0BDE8F08394F8142204F5C6
:1010D000EA712046FFF727FE81460028EED1019AEB
:1010E00041462046FFF71FFE81460028E6D1019BBE
:1010F000AB420FD001AB202241462046FFF71EFE37
:1011000081460028DAD12A464146384600F07BFA6B
:101110003560D3E733462A4639462046FFF70EFEB0
:101120008146CEE7F0B5ADF5077D04460D4616467F
:101130001F464FF406720021684600F08BFA3346D2
:101140002A4621466846EBF76DF8044630B16846FA
:10115000FFF7FFFD20460DF5077DF0BD8C9A39465F
:101160006846FFF7ADFE04460028F0D18F9B8E9AAB
:101170008D996846FFF77AFF0446EBE710B582B019
:10118000049C0094EBF738F902B010BD08B590F854
:101190001832012B04D0022B05D06FF0880008BD57
:1011A000FFF78EFEFBE7FFF78FFEF8E708B590F834
:1011B00018C2BCF1010F05D0BCF1020F05D06FF0D1
:1011C000880008BDFFF752FFFBE7FFF7E3FEF8E7F3
:1011D00010B5044690F81832012B04D0022B0AD126
:1011E000FFF78EFD01E0FFF7B4FD4FF40872002118
:1011F000204600F02FFA002010BD10B582B0002468
:101200000194049C0094EBF791F902B010BD08B56D
:101210004FF49072002100F01DFA002008BD08B5BF
:101220004FF4D472002100F015FA002008BDB0F888
:1012300000C00CF44F4CBCF5824F0FD110B586B0F6
:101240000C9C04940B9C03940A9C0294099C0194AA
:10125000089C0094EBF768FA06B010BD6FF08500AB
:101260007047024600201378013218430139FAD141
:10127000704710B591F800E00131147801328EEA20
:10128000040E80F800E00130013BF3D110BD10B531
:10129000844614461846BCF802E0BCF8003003F45B
:1012A000E042B2F5804F14D047F2121293421DD1A2
:1012B00064000134029B9C421BD8039B1C600423E6
:1012C0000370BEF5807F17D10130EFF7BDFAB0B9DA
:1012D00010BD029B9C4206D8224600F094F9039B65
:1012E0001C600020F4E76FF08900F1E76FF08500E3
:1012F000EEE76FF08900EBE76FF08500E8E76FF04D
:101300008600E5E72DE9F0410D4614469846089E13
:101310004788038844F21212934225D047F21212F2
:10132000934237D107B9E700B7F5807F35D1202C3C
:1013300036D120212846FFF794FFA0B32846EFF7C7
:101340006FFA98BB33680BB1BB423ED1069B9C42FF
:101350003ED822462946404600F055F9079B1C60BE
:1013600037600020BDE8F08127B914F0010F20D0CC
:101370006708FF00B7F5807F1ED1412C1FD12B7865
:10138000042B1FD1681CEFF755FA0028DAD06FF054
:101390008600E7E76FF08500E4E76FF08500E1E79E
:1013A0006FF08600DEE76FF08600DBE76FF0860007
:1013B000D8E76FF08600D5E76FF08500D2E76FF0D1
:1013C0008600CFE76FF08600CCE76FF08600C9E7B4
:1013D0006FF08900C6E7F8B50D461E4647880188BC
:1013E00047F2121399421AD1FC1DE40894421AD80C
:1013F00021462846EAF7A8FB024690B9214628462E
:10140000FFF72FFF0028F3D0B7F5807F0ED12846D5
:10141000EFF706FA02460028EAD1346001E06FF0E7
:1014200085021046F8BD6FF08902FAE76FF0850279
:10143000F7E7F8B50C4615461E464188028844F287
:10144000124C624531D047F2124C624549D1402DD1
:101450004AD111B1B1F5807F49D120212046FFF753
:1014600000FF002846D02046EFF7DAF9002844D1E3
:1014700004F1200720213846FFF7F3FE00283FD073
:101480003846EFF7CDF900283DD1069B9D424CD858
:101490002A462146304600F0B6F8079B1D60089B9F
:1014A0004FF480721A600020F8BD612D2ED111B169
:1014B000B1F5807F2DD120212046FFF7D2FE58B311
:1014C0002046EFF7ADF950BB94F82030042B29D11A
:1014D00004F12100EFF7AEF90028D6D06FF08600B6
:1014E000E2E76FF08500DFE76FF08500DCE76FF083
:1014F0008600D9E76FF08600D6E76FF08600D3E765
:101500006FF08600D0E76FF08600CDE76FF08500C2
:10151000CAE76FF08600C7E76FF08600C4E76FF098
:101520008600C1E76FF08600BEE76FF08900BBE779
:1015300010B514464288008800F4E04CBCF5804F9A
:1015400030D047F2124C60453AD1B2F5807F3AD1A3
:10155000402C3BD1029A602A3BD9D1F800E0D1F867
:1015600004C08868CA68C3F800E0C3F804C0986083
:10157000DA60D1F810E0D1F814C08869CA69C3F8FC
:1015800010E0C3F814C09861DA61042283F82020C7
:10159000203103F12100EFF757F9E8B96123039AED
:1015A000136010BD029A944207D82246184600F0F4
:1015B0002AF8039B1C600020F3E76FF08900F0E736
:1015C0006FF08500EDE76FF08500EAE76FF08600C9
:1015D000E7E76FF08900E4E76FF08600E1E70A22B1
:1015E0000021EEF727BB0139024410B5904201D12A
:1015F000002005E0037811F8014FA34201D0181B29
:1016000010BD0130F2E70A44431E914200D17047F9
:1016100010B511F8014B914203F8014FF9D110BDFB
:10162000884210B501EB020402D98442234607D850
:10163000431EA14208D011F8012B03F8012FF8E74F
:10164000024401468A4200D110BD13F8014D02F850
:10165000014DF7E702440346934200D1704703F877
:10166000011BF9E72DE9F04F85B00C46904619466D
:1016700057EC106B002F3B46DDE90E9BBCBF07F11A
:10168000004332462BF0200AAFBF00231F46164608
:101690002D23BAF1460F0B7005D0BAF1450F00D1DA
:1016A0000134022100E0032103AB2246019302AB87
:1016B00047EC106B00934B46BDF76AFEBBF1670F1A
:1016C000054619D118F0010F0ED005EB04080022D1
:1016D000002330463946BCF7D1FA08B1CDF80C806A
:1016E0003022039B434521D3039B2846109A5B1B62
:1016F000136005B0BDE8F08FBBF1470FE2D0BAF13F
:10170000460F00EB0408E2D10378302B0AD1002207
:10171000002330463946BCF7B1FA18B9C4F10104C8
:10172000C9F80040D9F800309844D0E7591C03911B
:101730001A70D6E7F7B500290270BABF49422D23C7
:101740002B230929437028DD0DF107030A271D46C5
:101750001A46013BB1FBF7F607FB1614303402F8CA
:10176000014C0C463146632CF2DC3031941E03F8F8
:10177000011C411C2346AB420AD30DF109039B1AFD
:10178000AC4288BF002302330344181A03B0F0BDF3
:1017900013F8016B01F8016FEDE7302330318370EE
:1017A000031DC170F1E72DE9F047164698468A6897
:1017B00007460B690C46DDF820909342B8BF1346EC
:1017C000336091F843200AB10133336023689906EE
:1017D00042BF336802333360256815F0060506D131
:1017E00004F1190AE36832689B1AAB422BDC94F8C7
:1017F00043302268003B18BF0123920630D404F125
:10180000430241463846C847013023D023681A3482
:1018100054F80A2C03F00603042B0ABF54F80E5C9C
:10182000002533684FF0000608BFED1A54F8123C4B
:1018300008BF25EAE5759342C4BF9B1AED18B5426F
:101840001AD1002008E00123524641463846C847D5
:10185000013003D14FF0FF30BDE8F0870135C1E71B
:10186000E1185A1C30200233224481F8430094F8D6
:10187000451082F84310C2E701232246414638460C
:10188000C8470130E6D00136D9E7C9B20346184649
:1018900013F8012B12B18A42F9D17047002918BF01
:1018A00000207047034611F8012B03F8012B002A92
:1018B000F9D1704710B56AB10139841810F8012BBD
:1018C00011F8013F9A4203D1A04201D0002AF5D17C
:1018D000D01A10BD1046FCE70139034610B532B1ED
:1018E00011F8014F013A03F8014B002CF7D11A44CB
:1018F0000021934200D110BD03F8011BF9E70A78DB
:1019000070B56AB970BD9A4209D10C46054614F803
:10191000013F002BF6D015F8016F9E42F7D0013041
:101920000378002BEFD11846ECE730B514469BB096
:1019300005461A46002C05DA8B2303604FF0FF3072
:101940001BB030BD4FF40273009104916946ADF8AD
:101950000C3014BF04F1FF332346029305934FF676
:10196000FF73ADF80E301E9BEEF728FD431CBCBF85
:101970008B232B60002CE3D0009B00221A70DFE742
:101980002DE9F74F036907460C69A342C0F2838033
:10199000013C00F1140501F11408A30055F82420BE
:1019A00008EB8409009305EB8403019358F8243075
:1019B00001339A42B2FBF3F631D34FF0000AC4462A
:1019C000AE46D3465CF8043B98B2E1454FEA134378
:1019D00006FB00A04FEA104280B206FB0323DEF8AC
:1019E000002092B24FEA134AA2EB00029BB2DEF84B
:1019F00000005A44C3EB224392B203EB104342EA85
:101A000003424FEA234B4EF8042BDBD2009BEB58EA
:101A10002BB9019B043B9D421A4630D33C613846AA
:101A200000F098F8002826DB2946002058F8042BFF
:101A3000D1F800C01FFA82FEC1451FFA8CF34FEAAD
:101A40001242A3EB0E030344C2EB23429BB202EB10
:101A50001C4243EA02434FEA224041F8043BE5D2EC
:101A600055F8242005EB840322B9043B9D421A4615
:101A70000BD33C610136304603B0BDE8F08F1268ED
:101A8000043B002ACAD1013CC5E71268043B002A86
:101A9000EFD1013CEAE70020EEE7C9B20346024479
:101AA00010B59342184601D1002003E004780133B9
:101AB0008C42F6D110BDB0F5803F034636BF03041B
:101AC00000201020B3F1807F3CBF1B020830B3F12F
:101AD000805F3CBF1B010430B3F1804F03D3002B68
:101AE0000ADB013070479B0001D5023070475B0074
:101AF00001D503307047202070470368024613F079
:101B000007000BD0D90721D4980747BF5B080120F5
:101B10009B0802204CBF13601360704799B209B94B
:101B20001B0C1020D9B209B908301B0A190704BFD1
:101B30001B090430990704BF9B080230D90703D45E
:101B40005B0800F1010003D013607047002070476C
:101B50002020704703460A690069801A30B50ED10B
:101B60001433143103EB820401EB820154F8045D59
:101B700051F8042D954203D005D24FF0FF3030BD0F
:101B8000A342F3D3FBE70120F9E738B502FB01F5E7
:101B90002946EDF7D1FB044618B12A460021FFF78C
:101BA00059FD204638BD2DE9F0471F468E68824614
:101BB0000C46BE4290460B682DD8B1F90C2012F4A9
:101BC000906F26D06569096905EB4505A3EB01090E
:101BD0007B1C05EBD5754B446D109D4238BF1D46EF
:101BE000530527D52946EDF7A7FB064660B34A46BD
:101BF0002169FFF708FDA38923F4906343F0800374
:101C0000A38126614E446561A5EB090526603E4629
:101C1000A560BE4200D93E46324641462068FFF7E5
:101C2000FFFCA36800209B1BA36023683344236050
:101C3000BDE8F0872A4600F023F806460028E0D1E8
:101C400021695046EDF72EFB0C234FF0FF30CAF808
:101C50000030A38943F04003A381E9E782B001B9D2
:101C600001A942B14BB113780B601278101E18BF56
:101C7000012002B070471046FBE76FF00100F8E763
:101C8000F8B5074615460C4621B91146BDE8F8409F
:101C9000EDF752BB22B9EDF705FB00242046F8BD55
:101CA00000F020F8A842F9D229463846EDF744FB67
:101CB00006460028F1D021462A46FFF7A4FC21461B
:101CC00038463446EDF7EEFAE8E70346084641B1F8
:101CD000FF2A04D98A224FF0FF301A607047012092
:101CE0000A70704751F8043C181F002BBCBF0B58FA
:101CF000C0187047B1EEC00A70470000F8C1FB7F02
:101D00000100000069DD01000000000021DE01008B
:101D100000000000956901000000000011CB0200E6
:101D20003C1E0500995B0300000000004D5E0300AF
:101D30000000000089D902006C1E050089D902004C
:101D4000541E0500D3B60400000000000DA00400DE
:101D5000841E05001DA004009C1E050099B104000E
:101D6000B41E050045CC020000000000E1F30200B3
:101D70000000000049FF010000000000573104008E
:101D800000000000555104000000000099CE010041
:101D90000000000095E00200CC1E0500DBB6040048
:101DA00000000000CD6B030000000000EF2F0400D6
:101DB000E41E050000000000141F050001C0020021
:101DC000FC1E0500F1D002002C1F0500B9AB040079
:101DD000441F050029EE02005C1F0500750002008B
:101DE000000000004BB604000000000055B60400DF
:101DF0000000000015D50200741F0500858A01004F
:101E000000000000B51C0300000000009D2403003A
:101E100000000000953604000000000001DF010012
:101E20000000000099F601000000000029FD0100FB
:101E30000000000075B604000000000088CC05001A
:101E4000E0CC05005C220500F72E0020E06B0020AE
:101E5000D4CC0500C0D10500F4D10500F82105005F
:101E6000012F0020E46C0020E8D10500D4D105004A
:101E700018D20500F8210500032F0020F06C002087
:101E80000CD2050010CD050000000000C0210500A7
:101E9000F92E00200000000028CD050090CD05009F
:101EA00000000000B8CD0500FB2E0020000000005F
:101EB000ACCD0500D8D5050008D605007822050070
:101EC000092F0020D82A0020FCD5050074D5050074
:101ED000D02A002034220500072F0020406D00206A
:101EE0009CD50500285F0500E82500203C5F050023
:101EF000F12E002060360020305F050048C8050044
:101F000000000000B4210500F32E002000000000B6
:101F100068C805002CCB0500000000005022050019
:101F2000F52E0020902A002054CB050064CE050039
:101F300000000000C8210500FD2E00200000000068
:101F40009CCE0500FCD205003CD305001C220500F8
:101F5000052F0020FC6C00202CD3050020D80500A4
:101F600050D80500482205000B2F0020FC2A002035
:101F700044D8050044D0050070D00500E0210500DC
:101F8000FF2E0020BC6C002064D005000000000083
:101F9000E94D040000000000E94D040000000000CD
:101FA000E94D040000000000E94D040000000000BD
:101FB000E94D0400052C030031D2040000000000AC
:101FC000E94D040000000000E94D0400B41E0500C6
:101FD000B5AD0400294B030031D2040005410300D4
:101FE00031D2040000000000E94D040000000000B0
:101FF000E94D04000535030031D20400FC1E050044
:102000004DC0020000000000E94D04000000000087
:10201000E94D040000000000E94D0400000000004C
:10202000E94D040000000000E94D0400000000003C
:10203000E94D040000000000FDF202000000000075
:10204000E94D040000000000E94D0400000000001C
:10205000E94D040000000000E94D0400000000000C
:10206000E94D040000000000E94D040000000000FC
:10207000E94D040000000000E94D040000000000EC
:10208000E94D040000000000E94D040000000000DC
:10209000E94D040000000000E94D040000000000CC
:1020A000E94D040000000000E94D040000000000BC
:1020B000E94D040000000000E94D040000000000AC
:1020C000E94D040000000000E94D0400000000009C
:1020D000E94D040000000000E94D0400B93603009A
:1020E00031D2040000000000E94D040000000000AF
:1020F000E94D040000000000E94D0400000000006C
:10210000E94D040000000000E94D0400000000005B
:10211000E94D040000000000E94D0400000000004B
:10212000E94D040000000000E94D0400000000003B
:10213000E94D040000000000E94D0400000000002B
:10214000E94D040000000000E94D0400000000001B
:10215000E94D040000000000E94D0400000000000B
:10216000E94D040000000000E94D040000000000FB
:10217000E94D040000000000E94D040000000000EB
:10218000E94D040000000000E94D040000000000DB
:10219000E94D040000000000E94D040000000000CB
:1021A000E94D040000000000E94D040000000000BB
:1021B000E94D0400E1BC0200D5BF02005802000056
:1021C00011A004000000000095D00200E1CF020041
:1021D00021CF020019CF020049A1040009CF02005B
:1021E00045A604007DA5040047A4040019D10200FF
:1021F00077A204006BA20400A5D70200AFA90400D7
:10220000BBA90400EDA904000FAA040031AA040030
:10221000C5D602008FAA04000000000015DC0200F1
:10222000000000001DDA02000000000000000000B5
:10223000D5DB02007DDF020087AC0400A1AC040006
:10224000A5AC04009DDD02001BB4040057B30400DC
:1022500019C5020005C60200B5C00200D5CA0200B9
:10226000699F0400F99E040000000000C1C802003C
:1022700000000000000000009BAE0400E9E3020043
:102280001BAE0400EBAF0400C1AE0400EDAE0400D1
:1022900023AF040033AF04006DAF040079AF040036
:1022A00033AF04005DAF040085AF040093AF0400BA
:1022B000A1AF0400DBAF0400DFAF040005000000A5
:1022C000155E02000000000006000000819A020076
:1022D0000000000004000000596602000000000039
:1022E00081F60200E1F6020000000000000000009C
:1022F00000000000000000000000000000000000DE
:1023000055240100D123010000000000000000005E
:1023100000000000000000000000000000000000BD
:1023200000000000B5B30100000000000000000044
:10233000000000000000000000000000000000009D
:10234000415B0400F5F70100000000000000000000
:10235000000000000000000000000000000000007D
:102360006CBF0500080000003CC00500070000002D
:102370001466050005000000746405000F000000ED
:102380008047050010000000708205000C0000006E
:10239000206405000300000058C805000300000089
:1023A0009C66050003000000C84905000400000009
:1023B000685405000400000074AA05000300000032
:1023C00048BA050003000000D89A05000300000089
:1023D000CCB3050003000000C0C6050003000000E8
:1023E000E09A0500030000006C6405000300000093
:1023F00068AD05000300000064BF05000300000095
:1024000008A505000300000044CB05000300000000
:10241000CCCB050003000000D0AB0500030000009A
:10242000C8A9050003000000A8C6050003000000BD
:1024300028B6050003000000849905000300000091
:1024400034C6050003000000445B050003000000E3
:10245000C4CC05000300000020D9050003000000E3
:10246000D87F05000300000090CE050003000000A7
:10247000149005000300000018D3050003000000BD
:102480001CD3050003000000105F050003000000DE
:102490009C600500030000001461050003000000BB
:1024A0000C440500030000008CD50500030000006B
:1024B000E8C6050004000000E8DC05000300000099
:1024C0004896050003000000349705000300000053
:1024D0000098050003000000588405000300000078
:1024E00058D9050003000000B4D90500030000001E
:1024F0004CF405000300000000EA050003000000A2
:10250000948C050003000000B0900500030000005B
:102510004C91050003000000D058050004000000A5
:10252000F8070600030000007470050003000000B7
:102530009470050003000000B8910500030000003E
:102540005CD005000300000034D805000300000043
:10255000705E050003000000ECD5050003000000DC
:1025600054F40500387F002040F40500010000000D
:1025700088760500105A0020A070050000000000B9
:10258000040000000F00000001000000080000002F
:102590003000000074000000840000000D00000006
:1025A0000C0000000E000000600000008800000029
:1025B000BC00000008000000FFFFFFFF4900000012
:1025C000FFFFFFFFB5EA01003DF1010035FC01000E
:1025D000887005000C27002090560020DC26002083
:1025E00002000000B47005008C560020C870050081
:1025F0002430002094700500683A002040BA002082
:102600000C7D0500BC6C0500CC6F050098750500BD
:10261000E47C0500B8660500E0F10500F4F505006E
:10262000207D0500D07C0500BC7C0500F87C050001
:10263000000000000000000000000000000000009A
:1026400000000000E4660500EC66050000000000E4
:10265000BD7E010000000000AC680500B468050004
:1026600000000000297F010000000000346905001F
:102670004069050000000000857F010003000000A4
:102680006069050068690500A0690500B3370400AA
:10269000000000001C6705005CE40500000000006D
:1026A000D97E010002000000AC430500E06905008E
:1026B000E42605000000000000000000B0670500EF
:1026C000B867050000000000A1F000000101000053
:1026D000146805001C68050000000000117F01005F
:1026E00000000000000000000000000000000000EA
:1026F0000000000000000000246B05002C6B0500AA
:102700000000000005800100000000001C6C0500B6
:10271000246C05000000000065810100000000003D
:1027200000000000000000000000000000000000A9
:1027300000000000FFFFFFFFFFFFFFFFFFFFFFFFA5
:1027400028080100294E0300060000001B5B4A0018
:10275000000000001B5B4800000000001B5B324AC9
:10276000000000001B3700001B5B4A000000000057
:102770001B3800001B5B6D00000000001B5B480065
:10278000000000001B5B324A000000001B37000005
:102790001B3800001B5B3F336C000000023684BD19
:1027A0004E2F7271A30740A5F605002254000000C9
:1027B000050001000600090000002A00180028009A
:1027C00000002A00F8A3050000A4050004A40500E9
:1027D00008A405000CA4050010A4050014A405001D
:1027E00018A405001CA4050020A4050024A40500CD
:1027F00028A405002CA4050030A4050034A405007D
:102800001800280000002A00010300000062746C18
:102810006500000000000000000000000000000053
:1028200000000000000000000000000000000000A8
:102830000000000000000000000000000000000197
:102840000000000055736167653A2022637261736E
:102850006822206F7220226372617368203C6E3E92
:1028600022207768657265206E20697320302E2ED5
:10287000340000004E6F20636F726564756D7020C8
:1028800070726573656E74210000000048617320EA
:10289000636F726564756D70207769746820736901
:1028A0007A653A2025640000496E76616C6964613E
:1028B00074696E6720636F726564756D70000000E7
:1028C000436F726564756D702073697A653A20256F
:1028D000642C2063617061636974793A2025640017
:1028E00030000000574553545F544F504449522F15
:1028F0006D6F64756C65732F6C69622F6D656D66A5
:1029000061756C742D6669726D776172652D736483
:102910006B2F636F6D706F6E656E74732F64656D72
:102920006F2F7372632F70616E6963732F6D656DA6
:102930006661756C745F64656D6F5F70616E69630D
:10294000732E630055736167653A206C6F61646133
:10295000646472203C616464723E0000526561648C
:10296000203078253038782066726F6D20307825D9
:1029700030387800257300004D433A000100000014
:102980000200000000940000FFFFFFFFFFFFFFFFB9
:10299000FFFFFFFF0100000000000000A42B00204B
:1029A0001000000000000000447100200002000040
:1029B00000000000EC780020800000000000000013
:1029C0006C790020800000000000000010530020FF
:1029D0004800000000200000002000000025845076
:1029E00000288450000200000002000000000000E7
:1029F0006C0B060000010000000000000000000059
:102A00000338FDD8704700000080E03779C34143A8
:102A1000176E05B5B5B89346F5F93FE9034F384D44
:102A2000321D30F94877825A3CBF737FDD4F1575F0
:102A3000000000000000F03F000000000000244003
:102A400000000000000059400000000000408F40DE
:102A5000000000000088C34000000000006AF84049
:102A60000000000080842E4100000000D01263416D
:102A70000000000084D797410000000065CDCD41E3
:102A8000000000205FA00242000000E876483742C4
:102A9000000000A2941A6D42000040E59C30A24262
:102AA0000000901EC4BCD64200003426F56B0C43D7
:102AB0000080E03779C3414300A0D885573476437E
:102AC00000C84E676DC1AB43003D9160E458E143DF
:102AD000408CB5781DAF154450EFE2D6E41A4B4454
:102AE00092D54D06CFF08044F64AE1C7022DB54499
:102AF000B49DD9794378EA44574553545F544F50B5
:102B00004449522F7A65706879722F696E636C75CB
:102B100064652F7A65706879722F64726976657260
:102B2000732F6770696F2E68000000002863666766
:102B30002D3E706F72745F70696E5F6D61736B2094
:102B40002620286770696F5F706F72745F70696E9E
:102B5000735F74292831554C203C3C202870696EE5
:102B600029292920213D203055000000415353459B
:102B70005254494F4E204641494C205B25735D20FD
:102B8000402025733A25640A0000000009556E7341
:102B90007570706F727465642070696E0A00000051
:102BA00028666C61677320262028283155203C3C1C
:102BB00020323129207C20283155203C3C203232E3
:102BC00029207C20283155203C3C20323329207C90
:102BD00020283155203C3C20323429207C202831CB
:102BE00055203C3C20323529207C20283155203C82
:102BF0003C203236292929203D3D203000000000AC
:102C000009496E7465727275707420666C616773C1
:102C100020617265206E6F7420737570706F7274AE
:102C200065640A0028666C616773202620282831B5
:102C3000203C3C203429207C202831203C3C20357D
:102C400029292920213D20282831203C3C203429D5
:102C5000207C202831203C3C203529290000000020
:102C60000950756C6C20557020616E642050756C35
:102C70006C20446F776E2073686F756C64206E6F84
:102C80007420626520656E61626C65642073696D95
:102C9000756C74616E656F75736C790A0000000065
:102CA000212828666C616773202620283155203C36
:102CB0003C2031362929202626202128666C616790
:102CC00073202620283155203C3C203137292920EB
:102CD00026262028666C6167732026202831203C38
:102CE0003C2031292929000009496E707574206340
:102CF000616E6E6F7420626520656E61626C6564E2
:102D000020666F7220274F70656E20447261696E75
:102D1000272C20274F70656E20536F7572636527CF
:102D2000206D6F64657320776974686F7574204FC8
:102D300075747075740A000028666C6167732026CC
:102D4000202831203C3C2031292920213D203020E1
:102D50007C7C2028666C6167732026202831203C0B
:102D60003C20322929203D3D2030000028666C613E
:102D7000677320262028283155203C3C20313829F3
:102D8000207C20283155203C3C203139292929201C
:102D90003D3D2030207C7C2028666C6167732026B6
:102DA00020283155203C3C203137292920213D2045
:102DB00030000000094F7574707574206E6565648D
:102DC0007320746F20626520656E61626C6564209B
:102DD000746F20626520696E697469616C697A65D7
:102DE00064206C6F77206F7220686967680A000042
:102DF00028666C61677320262028283155203C3CCA
:102E000020313829207C20283155203C3C20313984
:102E100029292920213D2028283155203C3C2031DA
:102E20003829207C20283155203C3C203139292963
:102E300000000000094F75747075742063616E6E38
:102E40006F7420626520696E697469616C697A6566
:102E500064206C6F7720616E6420686967680A007F
:102E600028666C61677320262028283155203C3C59
:102E700020323129207C20283155203C3C20323220
:102E800029292920213D2028283155203C3C203269
:102E90003129207C20283155203C3C203232292900
:102EA000000000000943616E6E6F7420626F7468E9
:102EB00020656E61626C6520616E64206469736177
:102EC000626C6520696E74657272757074730A0045
:102ED00028666C61677320262028283155203C3CE9
:102EE00020323129207C20283155203C3C203232B0
:102EF00029292920213D203055000000094D7573F6
:102F0000742065697468657220656E61626C652005
:102F10006F722064697361626C6520696E7465729A
:102F200072757074730A00002828666C61677320DC
:102F30002620283155203C3C2032322929203D3D95
:102F4000203029207C7C202828666C61677320262D
:102F500020283155203C3C203234292920213D2095
:102F60003029207C7C202828666C6167732026200D
:102F700028283155203C3C20323529207C2028311E
:102F800055203C3C20323629292920213D20282863
:102F90003155203C3C20323529207C2028315520D9
:102FA0003C3C20323629292900000000094F6E6C74
:102FB00079206F6E65206F66204750494F5F494EFC
:102FC000545F4C4F575F302C204750494F5F494E5C
:102FD000545F484947485F312063616E2062652035
:102FE000656E61626C656420666F722061206C653D
:102FF00076656C20696E746572727570742E0A0045
:103000002828666C616773202620283155203C3CB7
:103010002032322929203D3D203029207C7C202867
:1030200028666C61677320262028283155203C3C97
:1030300020323529207C20283155203C3C20323656
:1030400029292920213D2030290000000941742030
:103050006C65617374206F6E65206F662047504900
:103060004F5F494E545F4C4F575F302C20475049BB
:103070004F5F494E545F484947485F31206861734C
:1030800020746F20626520656E61626C65642E0A33
:1030900000000000F09F948420424D452F7072651F
:1030A00073737572652074687265616420737461EE
:1030B0007274656400000000626D653338305F72C1
:1030C0006561645F74656D705F63656C736975736A
:1030D000206572726F723A20282564290000000072
:1030E000626D653338305F726561645F68756D6904
:1030F00064697479206572726F723A202825642998
:10310000000000006164635F726561642065727233
:103110006F723A2028256429000000003E3E3E20C0
:10312000E5B7A6E4BEA7E6A380E6B58BE588B0E7E1
:10313000A3A8E78999EFBC8128E7ACAC2564E6AC8D
:10314000A129203C3C3C00003E3E3E20E5B7A6E4E1
:10315000BEA7E7A3A8E78999E5819CE6ADA2202D4B
:1031600020E68C81E7BBAD3A2025642E2530336400
:10317000E7A7922028E7B4AFE8AEA13A2025642E55
:1031800025303364E7A79229203C3C3C0000000036
:103190003E3E3E20E58FB3E4BEA7E6A380E6B58BB6
:1031A000E588B0E7A3A8E78999EFBC8128E7ACAC34
:1031B0002564E6ACA129203C3C3C00003E3E3E207C
:1031C000E58FB3E4BEA7E7A3A8E78999E5819CE66C
:1031D000ADA2202D20E68C81E7BBAD3A2025642EE0
:1031E00025303364E7A7922028E7B4AFE8AEA13AD0
:1031F0002025642E25303364E7A79229203C3C3CEF
:1032000000000000E296A000E296A100E29594E2A0
:103210009590E29590E29590E29590E29590E295F6
:1032200090E29590E29590E29590E29590E29590EB
:10323000E29590E29590E29590E29590E29590E289
:103240009590E29590E29590E29590E29590E295C6
:1032500090E29590E29590E29590E29590E29590BB
:10326000E29590E29590E29590E29590E29590E259
:103270009590E29590E29590E29590E29590E29596
:1032800090E2959700000000E2959120202020F028
:103290009F8EAF205A45524F2D504F494E542043D8
:1032A000414C4942524154494F4E20202020202079
:1032B000202020E295910000E295A0E29590E29511
:1032C00090E29590E29590E29590E29590E295904B
:1032D000E29590E29590E29590E29590E29590E2E9
:1032E0009590E29590E29590E29590E29590E29526
:1032F00090E29590E29590E29590E29590E295901B
:10330000E29590E29590E29590E29590E29590E2B8
:103310009590E29590E29590E29590E29590E295F5
:1033200090E29590E29590E29590E29590E295A3D7
:1033300000000000E2959120F09F938B20496E736E
:103340007472756374696F6E733A20202020202098
:10335000202020202020202020202020202020E2AB
:1033600095910000E29591202020312E2057656133
:1033700072207468652072657461696E657220637D
:103380006F6D666F727461626C79202020E2959196
:1033900000000000E29591202020322E204C6F6F1B
:1033A0006B20737472616967687420616865616419
:1033B0002061742073637265656E202020E2959110
:1033C00000000000E29591202020332E204B6565FF
:1033D0007020796F75722068656164205354494C80
:1033E0004C202020202020202020202020E2959109
:1033F00000000000E29591202020342E20436F6CC5
:103400006C656374696E67202532642073616D702A
:103410006C65732E2E2E2020202020202020E29567
:1034200091000000E2959AE29590E29590E29590E5
:10343000E29590E29590E29590E29590E29590E287
:103440009590E29590E29590E29590E29590E295C4
:1034500090E29590E29590E29590E29590E29590B9
:10346000E29590E29590E29590E29590E29590E257
:103470009590E29590E29590E29590E29590E29594
:1034800090E29590E29590E29590E29590E2959089
:10349000E29590E29590E29590E2959D0000000003
:1034A0004661696C656420746F2072656164207385
:1034B000616D706C652025643A2025640000000071
:1034C00050726F67726573733A205B25732573259D
:1034D0007325735D2025642F2564000053616D7092
:1034E0006C652025642072656A65637465642028B4
:1034F0006E6F726D3D252E3466290000496E73751E
:103500006666696369656E742076616C69642073B0
:10351000616D706C6573202825642F256429000077
:10352000E29D8C205A65726F2D706F696E742063F6
:10353000616C6962726174696F6E204641494C45E5
:10354000440000004661696C656420746F207365F7
:1035500074207A65726F206F66667365743A2025F1
:1035600064000000E29C85205A45524F2D504F497F
:103570004E542053455420535543434553534655C9
:103580004C4C59210000000020202056616C6964D9
:103590002073616D706C65733A2025642F2564007B
:1035A00020202043757272656E74206F7269656E9B
:1035B000746174696F6E206973206E6F77205A454D
:1035C000524F207265666572656E6365000000008B
:1035D0004661696C656420746F2073617665206F45
:1035E000666673657420746F2073746F72616765AB
:1035F0003A20256400000000F09F92BE205A6572B8
:103600006F2D706F696E7420736176656420746FBE
:103610002070657273697374656E742073746F7251
:1036200061676500F09F938A2043616C69627261F3
:1036300074696F6E205374617475733A00000000F2
:10364000202053797374656D3A20205B25732573B0
:1036500025735D2025642F3300000000202047796A
:10366000726F3A202020205B2573257325735D201F
:1036700025642F33000000002020416363656C3A0D
:103680002020205B2573257325735D2025642F334F
:103690000000000020204D61673A20202020205BA0
:1036A0002D2D2D5D2028756E7573656420696E2043
:1036B000494D55206D6F6465290000002020E29A75
:1036C000A0EFB88F20204779726F3A204B65657064
:1036D0002064657669636520434F4D504C455445E1
:1036E0004C59205354494C4C20666F722033207340
:1036F00065636F6E647300002020E29AA0EFB88FBC
:103700002020416363656C3A20506C6163652064DE
:10371000657669636520696E2036206F7269656E13
:10372000746174696F6E732028C2B1582C20C2B1C5
:10373000592C20C2B15A2900202020202020486F77
:103740006C64206561636820706F736974696F6E63
:1037500020666F7220322D33207365636F6E647341
:10376000000000002020E29AA0EFB88F20205379BB
:103770007374656D2063616C6962726174696F6EE8
:1037800020696E73756666696369656E7400000012
:1037900043616E6E6F742073617665202D207365B2
:1037A0006E736F72206E6F742066756C6C79206317
:1037B000616C696272617465640000004661696CE5
:1037C000656420746F20736176652063616C696243
:1037D000726174696F6E3A2025640000F09F92BE9A
:1037E0002053656E736F722063616C6962726174DD
:1037F000696F6E20736176656420737563636573AA
:103800007366756C6C790000E29AA0EFB88F202087
:1038100043414C4942524154494F4E20444547523E
:103820004144454421000000F09F92A1205449509A
:103830003A204D6F766520746F206F70656E206141
:1038400072656120616E6420726563616C69627289
:103850006174653A00000000202020312E204B6565
:10386000657020646576696365207374696C6C208B
:10387000284779726F290000202020322E20506CBA
:1038800061636520696E2036206F7269656E7461B0
:1038900074696F6E732028416363656C29000000B2
:1038A000E29C852043616C6962726174696F6E206D
:1038B0007265636F76657265642100005A45524FE8
:1038C0004544000052454C41544956450000000013
:1038D000F09F948420494D5520746872656164207E
:1038E00073746172746564004661696C6564207408
:1038F0006F207265616420424E4F3035353A202585
:10390000640000004661696C656420746F20736513
:103910006E642061747469747564653A202564006E
:10392000F09F939020523D252E3166C2B020503D2D
:10393000252E3166C2B020593D252E3166C2B020F9
:103940007C20515B252E33662C252E33662C252EAC
:1039500033662C252E33665D207C2043616C5B53DF
:1039600025644725644125645D207C202573000083
:103970003D3D3D2053797374656D205374617469C6
:103980007374696373203D3D3D0000002020557035
:1039900074696D653A20256C75207365636F6E647C
:1039A000730000002020546F74616C2073616D708F
:1039B0006C65733A20256C7500000000202056616C
:1039C0006C69642073616D706C65733A20256C7549
:1039D0002028252E316625252900000020204D6154
:1039E00078206E6F726D20646576696174696F6EA0
:1039F0003A20252E36660000202044726966742025
:103A0000636F7272656374696F6E733A20256C75AB
:103A100000000000202043616C6962726174696F6C
:103A20006E207761726E696E67733A20256C75003F
:103A3000E29AA0EFB88F202053656E736F72206EEC
:103A40006F742066756C6C792063616C6962726159
:103A50007465642100000000414443206465766978
:103A60006365206E6F742072656164790A000000DE
:103A70006164635F6368616E6E656C5F73657475C6
:103A80007020636830206661696C65643A20256443
:103A90000A0000006164635F6368616E6E656C5F5D
:103AA000736574757020636831206661696C656444
:103AB0003A2025640A000000E29594E29590E29590
:103AC00090E29590E29590E29590E29590E2959043
:103AD000E29590E29590E29590E29590E29590E2E1
:103AE0009590E29590E29590E29590E29590E2951E
:103AF00090E29590E29590E29590E29590E2959013
:103B0000E29590E29590E29590E29590E29590E2B0
:103B10009590E29590E29590E29590E29590E295ED
:103B200090E29590E29590E29590E29590E29590E2
:103B3000E29590E295970000E295912020536D6107
:103B400072742052657461696E657220496E697481
:103B500069616C697A6174696F6E20202020202071
:103B6000202020E295910000E295912020494D55BA
:103B7000204D6F64652028416363656C202B2047CE
:103B800079726F204F6E6C79292020202020202010
:103B9000202020E295910000E2959AE29590E2952E
:103BA00090E29590E29590E29590E29590E2959062
:103BB000E29590E29590E29590E29590E29590E200
:103BC0009590E29590E29590E29590E29590E2953D
:103BD00090E29590E29590E29590E29590E2959032
:103BE000E29590E29590E29590E29590E29590E2D0
:103BF0009590E29590E29590E29590E29590E2950D
:103C000090E29590E29590E29590E29590E2959001
:103C1000E29590E2959D00004C454420696E6974E0
:103C2000206661696C65643A202564005B312F363B
:103C30005D20E29C85204C454420696E6974696171
:103C40006C697A6564000000427574746F6E206957
:103C50006E6974206661696C65643A2025640000B1
:103C6000427574746F6E20696E74657272757074CB
:103C700020636F6E666967206661696C65643A20CF
:103C8000256400005B322F365D20E29C8520427562
:103C900074746F6E20696E697469616C697A6564A9
:103CA0000000000020202020202020E280A22053BD
:103CB000686F72742070726573733A205365742054
:103CC0007A65726F20706F696E740000202020206A
:103CD000202020E280A2204C6F6E672070726573F6
:103CE0007320283273293A20536176652063616C12
:103CF0006962726174696F6E000000005B332F3679
:103D00005D20E29C85204F7269656E746174696FF5
:103D10006E206F66667365742073797374656D20A9
:103D2000696E697469616C697A656400E29D8C20D2
:103D3000424E4F30353520696E6974206661696C7A
:103D400065643A20256400005B342F365D20E29CD8
:103D50008520424E4F30353520696E697469616C3B
:103D6000697A656420696E20494D55206D6F6465E0
:103D70000000000020202020202020E280A22055EA
:103D800073696E673A20416363656C65726F6D6538
:103D9000746572202B204779726F73636F706500B2
:103DA00020202020202020E280A2204E6F206D6164
:103DB000676E65746F6D6574657220286E6F206D17
:103DC00061676E6574696320696E74657266657299
:103DD000656E6365290000005B352F365D20E29C2F
:103DE00085204C6F6164656420736176656420632F
:103DF000616C6962726174696F6E2070726F66695E
:103E00006C6500005B352F365D20E28FB3204E6F6E
:103E10002073617665642063616C696272617469A4
:103E20006F6E2C207374617274696E672061757493
:103E30006F2D63616C6962726174696F6E0000005E
:103E400020202020202020506C6561736520666F43
:103E50006C6C6F772063616C6962726174696F6EFC
:103E600020696E737472756374696F6E733A0000C3
:103E700020202020202020312E204B6565702064DA
:103E80006576696365205354494C4C20666F7220F7
:103E900033207365636F6E647320284779726F29CE
:103EA0000000000020202020202020322E20506CF6
:103EB00061636520696E2036206F7269656E74617A
:103EC00074696F6E732C20327320656163682028DB
:103ED000416363656C2900002020202020202020E1
:103EE0002020C2B15820286C6566742F72696768FB
:103EF00074292C20C2B159202866726F6E742F620B
:103F000061636B292C20C2B15A202875702F646F11
:103F1000776E290020202020202020E29C85204C44
:103F20006F61646564207361766564207A65726F81
:103F30002D706F696E74206F666673657400000083
:103F400020202020202020E284B9EFB88F20204EAE
:103F50006F207361766564207A65726F2D706F696A
:103F60006E74202875736520627574746F6E20748A
:103F70006F20736574290000E29D8C20424C45201F
:103F8000696E6974206661696C65643A2025640015
:103F9000E29AA0EFB88F2020436F6E74696E756946
:103FA0006E6720776974686F757420424C452E2EB9
:103FB0002E0000005B362F365D20E29C8520424CAF
:103FC00045207365727669636520696E69746961FD
:103FD0006C697A656400000020202020202020E207
:103FE00080A220424C4520636F6E74726F6C206318
:103FF000616C6C6261636B20726567697374657272
:1040000065640000E295912020E29C8520494E499C
:104010005449414C495A4154494F4E20434F4D5009
:104020004C455445202020202020202020202020E6
:1040300020E2959100000000E295A0E29590E295C3
:1040400090E29590E29590E29590E29590E29590BD
:10405000E29590E29590E29590E29590E29590E25B
:104060009590E29590E29590E29590E29590E29598
:1040700090E29590E29590E29590E29590E295908D
:10408000E29590E29590E29590E29590E29590E22B
:104090009590E29590E29590E29590E29590E29568
:1040A00090E29590E29590E29590E29590E295905D
:1040B000E29590E295A30000E295912020F09F9276
:1040C000A120555341474520494E5354525543541E
:1040D000494F4E533A20202020202020202020200D
:1040E0002020202020E2959100000000E295912000
:1040F0002020E280A2205765617220726574616998
:104100006E657220636F6D666F727461626C792088
:10411000202020202020202020E295910000000077
:10412000E29591202020E280A2204C6F6F6B2073DB
:104130007472616967687420616865616420202019
:1041400020202020202020202020202020E29591C7
:1041500000000000E29591202020E280A220507211
:1041600065737320627574746F6E20746F2073654D
:1041700074207A65726F20706F696E742020202021
:1041800020E2959100000000E29591202020E2803D
:10419000A2204C6F6E6720707265737320746F205D
:1041A000736176652063616C6962726174696F6EB8
:1041B0002020202020E2959100000000E29591202F
:1041C0002020E280A22055736520424C452061707A
:1041D0007020666F722072656D6F746520636F6EFC
:1041E00074726F6C2020202020E295910000000066
:1041F000F09F8EAF205A65726F2D706F696E7420BC
:1042000063616C6962726174696F6E207265717549
:1042100065737465642076696120424C4500000036
:104220005265736574207265717565737465642079
:1042300076696120424C450053656E736F7220634E
:10424000616C6962726174696F6E20726571756507
:10425000737465642076696120424C45000000005B
:10426000F09F92BE204C6F6E672070726573732052
:104270006465746563746564202D20736176696E6E
:10428000672063616C6962726174696F6E0000001F
:10429000F09F8EAF205A65726F2D706F696E74201B
:1042A00063616C6962726174696F6E2072657175A9
:1042B00065737465642100004932432F424D4520E7
:1042C0006E6F74207265616479202825642900006E
:1042D00054656D702063616C696220726561642051
:1042E0006661696C202825642900000048756D69A5
:1042F000646974792063616C69622072656164200D
:104300006661696C20282564290000006374726C62
:104310005F6D6561732068756D206661696C20282A
:10432000256429006374726C5F6D6561732066613A
:10433000696C20282564290041444320696E697412
:10434000206661696C65643A2028256429000000B4
:10435000E29D8C2053797374656D20696E69746970
:10436000616C697A6174696F6E206661696C6564FD
:104370003A20256400000000F09F948D2050657263
:10438000666F726D696E672073656E736F722073EE
:10439000656C662D746573742E2E2E00696D755FC5
:1043A0007468726561640000626D655F746872654F
:1043B00061640000E29C8520536D61727420526537
:1043C0007461696E657220737461727465642073C0
:1043D00075636365737366756C6C7900F09F948484
:1043E0002053797374656D20726561647920666FFE
:1043F00072206F7065726174696F6E00541E0500E3
:1044000008001100541E0500060000006D61696E71
:1044100000000000441F050077000000646973611C
:10442000626C65640000000045756C6572206E6FFB
:1044300074696669636174696F6E73202573000027
:104440005175617465726E696F6E206E6F74696606
:1044500069636174696F6E732025730041747465BC
:104460006D7074696E6720746F2072657374617209
:1044700074206164766572746973696E672E2E2E7E
:104480000000000025733A2053746F702061647639
:104490006572746973696E672072657475726E6592
:1044A000643A20256420286D617920626520616C62
:1044B00072656164792073746F707065642900009F
:1044C000E29C9320424C4520616476657274697366
:1044D000696E6720726573746172746564207375A8
:1044E000636365737366756C6C790000416476650F
:1044F00072746973696E6720616C7265616479209A
:104500006163746976652C2073746F7070696E676F
:104510002066697273742E2E2E0000004164766549
:1045200072746973696E6720726573746172742046
:10453000617474656D7074202564206661696C65B2
:10454000643A2025640000004661696C656420744B
:104550006F20726573746172742061647665727421
:104560006973696E672061667465722033206174B7
:1045700074656D7074733A2025640000576F726B18
:1045800071756575653A2052657374617274696EF0
:1045900067206164766572746973696E672061660D
:1045A00074657220646973636F6E6E6563742E2E1A
:1045B0002E0000007075626C6963000072616E64A9
:1045C0006F6D0000253032583A253032583A253088
:1045D00032583A253032583A253032583A2530325E
:1045E00058202825732900007075626C69632D6955
:1045F0006400000072616E646F6D2D6964000000DC
:10460000424C4520446973636F6E6E6563746564E4
:104610002066726F6D2025732C20726561736F6E3A
:104620003A2030782530327800000000436F6E6EFB
:10463000656374696F6E206661696C65643A2025F4
:1046400064000000E29C9320424C4520436F6E6E54
:104650006563746564000000496E697469616C6922
:104660007A696E6720424C4520494D55207365722A
:104670007669636500000000426C7565746F6F7445
:104680006820696E6974206661696C65643A2025EA
:1046900064000000426C7565746F6F746820696E09
:1046A000697469616C697A656400000041647665CB
:1046B00072746973696E67206661696C65642074E1
:1046C0006F2073746172743A20256400424C452057
:1046D0006164766572746973696E67207374617260
:1046E00074656400573D252E33662C20583D252ED9
:1046F00033662C20593D252E33662C205A3D252E1D
:1047000033660000526F6C6C3D252E31662C2050B4
:10471000697463683D252E31662C205961773D25EB
:104720002E316600543D252E3266000052483D254C
:104730002E3266006C6566743D25642C726967686C
:10474000743D256400000000436F6E74726F6C202E
:10475000636F6D6D616E642063616C6C6261636B2D
:10476000207265676973746572656400726573743D
:104770006172745F6164766572746973696E6700F3
:10478000C4490500F78B040000000000B049050093
:1047900000000100AC490500AD8C040000000000E1
:1047A0008825002000000100844905000000000069
:1047B000000000000000000000000000804905002B
:1047C0002F8C0400858002001425002000000300C7
:1047D0007C490500AD8C0400000000000C25002081
:1047E0000000010054490500000000000000000026
:1047F0000000000000000000504905002F8C04005C
:104800008580020098240020000003004C49050028
:10481000AD8C040000000000902400200000010086
:104820002449050000000000000000000000000016
:1048300000000000204905002F8C04008580020044
:104840001C240020000003001C490500AD8C04005E
:10485000000000001424002000000100F4480500BE
:104860000000000000000000000000000000000048
:10487000F04805002F8C040085800200A023002052
:1048800000000300EC480500AD8C040000000000AF
:104890009823002000000100C4480500000000002B
:1048A000000000000000000000000000C0480500FB
:1048B0002F8C0400858002002423002000000300C8
:1048C0000000022902F5DEBC9A785634127856347C
:1048D000127856341200000002F5DEBC9A78563485
:1048E0001278563412785634120000000000032863
:1048F0000000022902F4DEBC9A785634127856344D
:10490000127856341200000002F4DEBC9A78563455
:104910001278563412785634120000000000032832
:104920000000022902F3DEBC9A785634127856341D
:10493000127856341200000002F3DEBC9A78563426
:104940001278563412785634120000000000032802
:104950000000022902F2DEBC9A78563412785634EE
:10496000127856341200000002F2DEBC9A785634F7
:1049700012785634127856341200000000000328D2
:104980000000022902F1DEBC9A78563412785634BF
:10499000127856341200000002F1DEBC9A785634C8
:1049A00012785634127856341200000000000328A2
:1049B00002F0DEBC9A7856341278563412785634A7
:1049C0001200000000000028626C655F736572765B
:1049D0006963650052657472696576656420636118
:1049E0006C6962726174696F6E206F66667365745C
:1049F00073207375636365737366756C6C790000FF
:104A0000E29C85204170706C6965642063616C690B
:104A100062726174696F6E206F666673657473206D
:104A20007375636365737366756C6C790000000061
:104A3000424E4F303535206D6F64652073657420AC
:104A4000746F203078253032580000004661696C60
:104A5000656420746F20726561642045756C6572B1
:104A60003A20256400000000E29AA0EFB88F2020D1
:104A700043616C6962726174696F6E20696E7375EF
:104A80006666696369656E743A205379733D25647F
:104A9000204779726F3D256420416363656C3D2535
:104AA00064204D61673D256400000000E29AA0EF9C
:104AB000B88F202043616C6962726174696F6E20E7
:104AC000696E73756666696369656E743A205379B9
:104AD000733D2564204779726F3D256420416363EF
:104AE000656C3D25642028494D55206D6F6465290E
:104AF000000000004661696C656420746F20726577
:104B00006164207175617465726E696F6E3A2025FB
:104B100064000000496E76616C696420717561748F
:104B200065726E696F6E206E6F726D3A2025660039
:104B300025733A205175617465726E696F6E206ECF
:104B40006F726D616C697A6174696F6E20697373DD
:104B500075653A20252E3466000000004F746865A4
:104B600072000000494D552028416363656C202B7D
:104B7000204779726F2900004E444F462028467521
:104B80006C6C20467573696F6E290000496E6974FC
:104B900069616C697A696E6720424E4F3035352005
:104BA0006472697665722028456E68616E6365641B
:104BB0002076657273696F6E2900000049324320C8
:104BC000646576696365206E6F74207265616479CF
:104BD00000000000493243206465766963652072F5
:104BE000656164792C20616464726573733A203066
:104BF00078253032580000004661696C6564207485
:104C00006F207265616420636869702049443A20AE
:104C100025640000496E76616C6964206368697080
:104C20002049443A20307825303258202865787061
:104C3000656374656420307825303258290000009F
:104C4000E29C8520424E4F303535206465746563A3
:104C50007465642028436869702049443A2030789C
:104C60002530325829000000526573657474696EEE
:104C70006720424E4F3035352E2E2E004661696C2E
:104C8000656420746F2072657365743A2025640032
:104C90004661696C656420746F2076657269667917
:104CA000206368697020616674657220726573653F
:104CB000740000004661696C656420746F20656E45
:104CC00074657220636F6E666967206D6F64653A04
:104CD000202564004661696C656420746F207365EB
:104CE0007420756E6974733A202564004661696C9E
:104CF000656420746F20656E61626C6520657874F0
:104D000065726E616C206372797374616C3A2025F0
:104D100064000000E29C852045787465726E616CC9
:104D2000206372797374616C206F7363696C6C615A
:104D3000746F7220656E61626C6564004661696CB7
:104D4000656420746F2073657420706F77657220BE
:104D50006D6F64653A202564000000004661696C4F
:104D6000656420746F20736574206D6F64653A20EC
:104D70002564000053797374656D205374617475F4
:104D8000733A203078253032582C204572726F7279
:104D90003A2030782530325800000000E29AA0EF27
:104DA000B88F202053797374656D206572726F72AD
:104DB0002064657465637465643A20307825303208
:104DC00058000000E29C8520424E4F303535206966
:104DD0006E697469616C697A6174696F6E20636F62
:104DE0006D706C65746500002020204D6F64653A1D
:104DF0002025730043616E6E6F74207361766520A9
:104E000063616C6962726174696F6E202D207365D5
:104E10006E736F72206E6F742066756C6C79206390
:104E2000616C69627261746564000000F09F92BEFB
:104E30002043616C6962726174696F6E2070726F79
:104E400066696C6520736176656420746F206D659A
:104E50006D6F72790000000025733A204E6F207349
:104E6000617665642063616C6962726174696F6EFA
:104E70002070726F66696C6520617661696C616231
:104E80006C6500004175746F2063616C69627261CA
:104E900074696F6E20736176653A20257300000097
:104EA000E29D8C00E29C8500E29AA0EFB88F0000A2
:104EB000424E4F303535206E6F7420696E697469CB
:104EC000616C697A65640000E295912020202020C1
:104ED00020424E4F3035352053656C662D54657336
:104EE000742020202020202020202020202020206E
:104EF000202020E2959100004661696C6564207471
:104F00006F206765742073797374656D20737461A5
:104F10007475733A2025640053797374656D20535A
:104F200074617475733A203078253032580000006F
:104F300053797374656D204572726F723A203078C0
:104F40002530325800000000E29AA0EFB88F2020F0
:104F500053797374656D206572726F722064657425
:104F600065637465642100005065726970686572DC
:104F7000616C20696E697469616C697A6174696FCA
:104F80006E206572726F720053797374656D20695B
:104F90006E697469616C697A6174696F6E2065729B
:104FA000726F720053656C6620746573742066615D
:104FB000696C65640000000052656769737465720E
:104FC000206D61702076616C7565206F7574206F3F
:104FD000662072616E6765005265676973746572F9
:104FE000206D61702061646472657373206F7574E5
:104FF000206F662072616E67650000005265676908
:1050000073746572206D61702077726974652065B4
:1050100072726F72000000004C6F7720706F7765BE
:1050200072206D6F6465206E6F7420617661696CAB
:1050300061626C6500000000416363656C65726FBE
:105040006D6574657220706F776572206D6F646531
:10505000206E6F7420617661696C61626C6500001E
:10506000467573696F6E20636F6E6669672065723F
:10507000726F720053656E736F7220636F6E666934
:1050800067206572726F7200556E6B6E6F776E205F
:105090006572726F720000004661696C656420740D
:1050A0006F206765742063616C6962726174696FF7
:1050B0006E3A2025640000000AF09F938A20436125
:1050C0006C6962726174696F6E2053746174757378
:1050D0003A000000202053797374656D3A202564EE
:1050E0002F3320257300000020204779726F3A206B
:1050F000202025642F3320257300000020204163E9
:1051000063656C3A202025642F332025730000004E
:1051100020204D61673A2020202025642F33202550
:105120007300000020204D61673A202020202D2DA3
:105130002D20286E6F74207573656420696E204978
:105140004D55206D6F646529000000004661696C53
:10515000656420746F20726561642073656E736F7F
:105160007220646174613A20256400000AF09F9403
:1051700084205175617465726E696F6E20286E6F40
:10518000726D616C697A6564293A00002020773D70
:10519000252E34662C20783D252E34662C20793D32
:1051A000252E34662C207A3D252E34660000000022
:1051B00020204E6F726D3A20252E366620287368A7
:1051C0006F756C6420626520312E3029000000006C
:1051D0000AF09F93902045756C657220416E676C54
:1051E00065733A00202048656164696E673A20253E
:1051F0002E3266C2B00000002020526F6C6C3A2044
:10520000202020252E3266C2B000000020205069E8
:105210007463683A202020252E3266C2B000000058
:105220000AE2AC86EFB88F2020416363656C65723B
:105230006F6D6574657220286D2F73C2B2293A00B4
:105240002020583D252E32662C20593D252E3266D1
:105250002C205A3D252E32660000000020204D6192
:10526000676E69747564653A20252E3266206D2F4D
:1052700073C2B2202867726176697479207E392EF4
:10528000382900000AF09F9484204779726F736375
:105290006F706520287261642F73206F72206465BF
:1052A000672F73293A0000002020583D252E3366D1
:1052B0002C20593D252E33662C205A3D252E336651
:1052C000000000000AF09FA7AD204D61676E657475
:1052D0006F6D657465722028C2B554293A000000CC
:1052E00020204669656C6420737472656E6774680B
:1052F0003A20252E326620C2B55400000AE2959469
:10530000E29590E29590E29590E29590E29590E298
:105310009590E29590E29590E29590E29590E295D5
:1053200090E29590E29590E29590E29590E29590CA
:10533000E29590E29590E29590E29590E29590E268
:105340009590E29590E29590E29590E29590E295A5
:1053500090E29590E29590E29590E29590E295909A
:10536000E29590E29590E29590E29590E29590E238
:105370009590E29590E29590E2959700E2959120C4
:1053800020E29C852053656C662D54657374204320
:105390006F6D706C657465202020202020202020F7
:1053A000202020202020202020E2959100000000D5
:1053B000E2959AE29590E29590E29590E29590E2DE
:1053C0009590E29590E29590E29590E29590E29525
:1053D00090E29590E29590E29590E29590E295901A
:1053E000E29590E29590E29590E29590E29590E2B8
:1053F0009590E29590E29590E29590E29590E295F5
:1054000090E29590E29590E29590E29590E29590E9
:10541000E29590E29590E29590E29590E29590E287
:105420009590E29590E29590E29590E2959D0A0024
:10543000626E6F3035355F6C6F61645F63616C699C
:1054400062726174696F6E5F70726F66696C65001D
:10545000626E6F3035355F726561645F717561745E
:1054600065726E696F6E0000626E6F3035355F6415
:1054700072697665720000005175617465726E69BB
:105480006F6E20636F6E7461696E7320696E7661F2
:105490006C69642076616C75657320284E614E2FAF
:1054A000496E6629000000005175617465726E696D
:1054B0006F6E206E6F726D206F7574206F66207234
:1054C000616E67653A20252E34660000517561745F
:1054D00065726E696F6E206E6F726D20746F6F20D3
:1054E000736D616C6C2C20726573657474696E6782
:1054F00020746F206964656E74697479000000001F
:105500005175617465726E696F6E206D756C74692A
:10551000706C69636174696F6E20726573756C7409
:10552000656420696E207A65726F206E6F726D21DE
:105530000000000025733A204E6F726D206465767E
:10554000696174696F6E3A20252E3666000000008E
:105550004F7269656E746174696F6E206F666673F1
:10556000657420726573657420746F206964656E5C
:1055700074697479000000004E554C4C20706F69BE
:105580006E74657220696E206F7269656E746174E5
:10559000696F6E5F6F66667365745F6170706C795A
:1055A00000000000496E76616C69642072617720AA
:1055B0007175617465726E696F6E2C207573696E9A
:1055C00067206964656E7469747900004472696665
:1055D0007420646574656374656420286465766905
:1055E0006174696F6E3A20252E36662C20636F75C4
:1055F0006E743A20256C75290000000043726974AE
:105600006963616C206472696674206465746563A3
:105610007465642120526573657474696E67206FC8
:105620007269656E746174696F6E207379737465E5
:105630006D00000025733A20447269667420646529
:105640007465637465642028646576696174696F44
:105650006E3A20252E3666292C206170706C79698F
:105660006E6720636F7272656374696F6E0000000D
:105670004170706C69656420257520647269667478
:1056800020636F7272656374696F6E73000000004F
:105690004E5653206E6F7420636F6E666967757225
:1056A00065642C2063616E6E6F7420736176652073
:1056B0006F66667365740000496E76616C6964207C
:1056C0007175617465726E696F6E2070726F766944
:1056D00064656420666F72207A65726F2D706F69E1
:1056E0006E7400005A65726F206F7269656E746126
:1056F00074696F6E207365743A0000002020437552
:105700007272656E743A20773D252E34662C2078AF
:105710003D252E34662C20793D252E34662C207AAA
:105720003D252E346600000020204F6666736574A8
:105730003A2020773D252E34662C20783D252E34C6
:10574000662C20793D252E34662C207A3D252E347A
:105750006600000043616E6E6F7420736574207A7A
:1057600065726F20706F696E743A20696E7375662A
:1057700066696369656E742063616C6962726174E5
:10578000696F6E00536B697070696E6720696E7621
:10579000616C69642073616D706C65202564000024
:1057A0004176657261676564207A65726F2D706FEE
:1057B000696E742066726F6D2025642073616D7050
:1057C0006C6573004176657261676564207175610F
:1057D0007465726E696F6E2068617320706F6F728E
:1057E000207175616C69747920286E6F726D3D252A
:1057F0002E3466290000000025733A204E565320AF
:105800006E6F7420636F6E666967757265642C20B5
:1058100063616E6E6F74206C6F6164206F66667377
:10582000657400004F7269656E746174696F6E20F3
:105830006F66667365742073797374656D20696E25
:10584000697469616C697A65642028456E68616E67
:105850006365642076657273696F6E2900000000CD
:105860004C6F61646564207361766564206F726952
:10587000656E746174696F6E206F6666736574001F
:105880006F7269656E746174696F6E5F6F6666735F
:1058900065745F6C6F6164007175617465726E69C7
:1058A0006F6E5F6D756C7469706C795F7072656333
:1058B000697365006F7269656E746174696F6E5F9C
:1058C0006F66667365745F6170706C7900000000CC
:1058D0006F7269656E746174696F6E5F6F6666730F
:1058E00065740000574553545F544F504449522F3C
:1058F0007A65706879722F6C69622F686561702FA4
:10590000686561702E6300006368756E6B5F757308
:10591000656428682C2063290000000009756E6505
:105920007870656374656420686561702073746164
:1059300074652028646F75626C652D667265653FBD
:105940002920666F72206D656D6F727920617420F9
:1059500025700A006C6566745F6368756E6B2868F5
:105960002C2072696768745F6368756E6B28682C99
:1059700020632929203D3D206300000009636F72E8
:10598000727570746564206865617020626F756EF1
:1059900064732028627566666572206F766572662C
:1059A0006C6F773F2920666F72206D656D6F72791D
:1059B0002061742025700A0028616C69676E2026BA
:1059C0002028616C69676E202D20312929203D3DFA
:1059D0002030000009616C69676E206D757374205A
:1059E0006265206120706F776572206F6620320AD1
:1059F000000000006279746573203E206865617064
:105A00005F666F6F7465725F62797465732862791F
:105A1000746573290000000009686561702073696E
:105A20007A6520697320746F6F20736D616C6C0AE6
:105A300000000000686561705F737A203E20636833
:105A4000756E6B737A2873697A656F6628737472E2
:105A5000756374207A5F6865617029290000000011
:105A60006368756E6B305F73697A65202B206D6992
:105A70006E5F6368756E6B5F73697A65286829204D
:105A80003C3D20686561705F737A00005745535450
:105A90005F544F504449522F7A65706879722F6C69
:105AA00069622F6F732F63627072696E74665F70C4
:105AB00061636B616765642E630000007061636BF6
:105AC0006167656420213D202828766F6964202A5B
:105AD0002930290009537472696E672077697468E8
:105AE00020746F6F206D616E7920617267756D65CE
:105AF0006E74730A00000000097374725F70747230
:105B00005F706F735B5D20746F6F20736D616C6C81
:105B10000A00000009756E6578706563746564201D
:105B200073697A652025750A0000000009746F6F9B
:105B3000206D616E7920666F726D6174206172678D
:105B4000730A000063627072696E74665F706163ED
:105B50006B61676500000000286E696C2900000019
:105B6000574553545F544F504449522F7A657068DB
:105B700079722F6C69622F6F732F6D7073635F7012
:105B80006275662E63000000657272203D3D203014
:105B9000000000004661696C656420746F207265C6
:105BA000626F6F743A207370696E6E696E672065FC
:105BB0006E646C6573736C792E2E2E0A00000000E3
:105BC0007F7F7F7F7F7F7F7F7F7F7F7F7F7F7F7FE5
:105BD0007F7F7F7F7F7F7F7F7F7F7F7F7F7F7F7FD5
:105BE0007F7F7F7F7F7F7F7F7F7F7F3E7F7F7F3F46
:105BF0003435363738393A3B3C3D7F7F7F407F7FB5
:105C00007F000102030405060708090A0B0C0D0EAC
:105C10000F101112131415161718197F7F7F7F7F2D
:105C20007F1A1B1C1D1E1F20212223242526272806
:105C3000292A2B2C2D2E2F303132337F7F7F7F7FEF
:105C40004142434445464748494A4B4C4D4E4F50CC
:105C50005152535455565758595A61626364656698
:105C60006768696A6B6C6D6E6F707172737475764C
:105C70007778797A303132333435363738392B2FDB
:105C8000574553545F544F504449522F7A657068BA
:105C900079722F6C69622F7574696C732F6F6E6FD8
:105CA00066662E63000000007374617465203D3DDC
:105CB00020282831554C203C3C2028322929207CA2
:105CC000202831554C203C3C20283029292900002F
:105CD00065767420213D204556545F4E4F5000009C
:105CE000657674203D3D204556545F5245434845F6
:105CF000434B00007374617465203D3D20305500B6
:105D0000217379735F736C6973745F69735F656D19
:105D100070747928266D67722D3E636C69656E74A8
:105D2000732900007472616E73697420213D20280C
:105D300028766F6964202A29302900007374617401
:105D400065203D3D202831554C203C3C2028312900
:105D5000290000006D67722D3E72656673203D3D1F
:105D6000203000007374617465203D3D202831555A
:105D70004C203C3C20283029290000005745535432
:105D80005F544F504449522F7A65706879722F6979
:105D90006E636C7564652F7A65706879722F7370A5
:105DA000696E6C6F636B2E68000000007A5F737021
:105DB000696E5F756E6C6F636B5F76616C6964288A
:105DC0006C290000094E6F74206D79207370696E24
:105DD0006C6F636B2025700A000000007A5F73709F
:105DE000696E5F6C6F636B5F76616C6964286C29A8
:105DF0000000000009496E76616C69642073706967
:105E00006E6C6F636B2025700A0000006D67722D49
:105E10003E72656673203E203000000057455354A3
:105E20005F544F504449522F7A65706879722F6CD5
:105E300069622F7574696C732F6E6F746966792E41
:105E400063000000574553545F544F504449522F4C
:105E50007A65706879722F6C69622F7574696C73DA
:105E60002F72696E675F6275666665722E630000E9
:105E70007468726561645F616E616C797A657200E5
:105E8000496E76616C696420696E7374616E6365D6
:105E900000000000496E76616C6964206261636B8A
:105EA000656E6420636F6E66696775726174696F91
:105EB0006E000000496E76616C696420696E7374CF
:105EC000616E63652C20656E64706F696E74206FFF
:105ED0007220636F6E66696775726174696F6E00B8
:105EE000496E76616C696420656E64706F696E746A
:105EF00000000000456E64706F696E74206E6F74F0
:105F000020726567697374657265640A0000000039
:105F10006970635F73657276696365006D626F783F
:105F20005F777120232564006970633000000000F2
:105F3000345F050001000000285F0500216B0100AF
:105F4000932E0400296A0100ED2D0400516901001F
:105F5000532B0400C32B04005B2B04008D2B040087
:105F6000772B0400612B04000000000000000000FB
:105F70006B3004005D300400673004005B300400C7
:105F80000000000000000000000000000000000011
:105F900049300400574553545F544F504449522FE1
:105FA0007A65706879722F696E636C7564652F7A93
:105FB00065706879722F6C6F6767696E672F6C6F99
:105FC000675F6261636B656E642E68006261636B1C
:105FD000656E6420213D202828766F6964202A2977
:105FE000302900006D736720213D202828766F69D5
:105FF00064202A2930290000574553545F544F50DC
:106000004449522F7A65706879722F73756273797B
:10601000732F6C6F6767696E672F6C6F675F636F55
:1060200072652E63000000006C6F675F6261636BD6
:10603000656E645F636F756E745F67657428292091
:106040003C2028283332202F20335529202D20288A
:1060500031202B20302929006261636B656E64203A
:106060003C3D205F6C6F675F6261636B656E645F70
:106070006C6973745F656E640000000009756E657D
:1060800078706563746564206C69737420656E64F0
:10609000206C6F636174696F6E0A00006C6F67003B
:1060A000574553545F544F504449522F7A65706896
:1060B00079722F7375627379732F6C6F6767696E6E
:1060C000672F6C6F675F6D676D742E630000000053
:1060D0006C696E6B203C3D205F6C6F675F6C696E16
:1060E0006B5F6C6973745F656E640000736F7572CB
:1060F00063655F6964203C206C6F675F7372635FE8
:10610000636E745F67657428646F6D61696E5F6943
:10611000642900006C6F675F6D676D74000000009C
:10612000574553545F544F504449522F7A65706815
:1061300079722F7375627379732F6C6F6767696EED
:10614000672F6C6F675F6D73672E6300706C656E91
:10615000203E3D20300000004D657373616765206F
:1061600064726F7070656420626563617573652029
:10617000697420657863656564732073697A652046
:106180006C696D69746174696F6E202825752900CA
:106190005B2530386C755D20000000005B253032D7
:1061A000753A253032753A253032752E25303375E3
:1061B0002C253033755D20001B5B306D0000000026
:1061C00025732E0025733A20000000003C25733E05
:1061D0002000000025732F00574553545F544F5043
:1061E0004449522F7A65706879722F73756273799A
:1061F000732F6C6F6767696E672F6C6F675F6F7562
:10620000747075742E6300006C6576656C203C3D7F
:106210002034000025732000253032782000000053
:10622000202020007C000000657272203E3D20305E
:10623000000000001B5B313B33316D001B5B313BC9
:1062400033336D006572720077726E00696E66009E
:106250006462670000000000346205003C620500D3
:106260000000000000000000000000004462050083
:10627000486205004C620500506205004275666682
:1062800065722073697A6520697320626967676542
:1062900072207468616E207061676500446576697C
:1062A0006365207365656D7320746F206861766522
:1062B00020302073697A6500526571756573746565
:1062C000642072616E6765206F766572666C6F77A9
:1062D00073206465766963652073697A65000000E0
:1062E0004F6666736574206F7574206F66206465F1
:1062F0007369676E617465642072616E6765000022
:106300004572726F72202564207768696C6520671A
:10631000657474696E67207061676520696E666F69
:10632000000000004572726F722025642077686952
:106330006C652065726173696E67207061676500C6
:1063400073747265616D5F666C6173685F657261BD
:1063500073655F7061676520657272202564206FC8
:1063600066667365743D30782530387A78000000B1
:10637000666C6173685F7772697465206572726FAD
:1063800072202564206F66667365743D3078253011
:10639000387A7800666C6173682072656164206683
:1063A00061696C65643A20256400000063616C6C6F
:1063B0006261636B206661696C65643A20256400E4
:1063C0004275666665722073697A65206973206E0E
:1063D0006F7420616C69676E656420746F206D69ED
:1063E0006E696D616C2077726974652D626C6F6384
:1063F0006B2D73697A650000496E636F7272656315
:106400007420706172616D657465720053697A659C
:1064100020697320696E636F727265637400000097
:1064200053545245414D5F464C41534800000000D3
:106430006E726635333430004D616E75666163741B
:106440007572657200000000536D61727450617462
:106450006368303031000000302E302E33000000F1
:106460006E726635333430646B00000062745F64B2
:1064700069730000F8650500F78B04000000000058
:10648000F465050000000100F0650500AD8C040016
:10649000000000004826002000000100E86505001B
:1064A0005D360400000000003064050000000100BB
:1064B000E4650500AD8C04000000000040260020CB
:1064C00000000100DC6505005D36040000000000EE
:1064D0003864050000000100D8650500AD8C04009B
:1064E000000000003826002000000100D0650500F3
:1064F0002D7E010000000000502600200000010059
:10650000CC650500AD8C04000000000030260020A2
:1065100000000100C46505005D36040000000000B5
:106520004864050000000100C0650500AD8C040052
:10653000000000002826002000000100B8650500CA
:106540005D360400000000005864050000000100F2
:10655000B4650500AD8C040000000000202600207A
:1065600000000100AC6505005D360400000000007D
:106570006064050000000100A8650500AD8C040002
:10658000000000001826002000000100A0650500A2
:106590005D360400000000000C440500000001000E
:1065A0000000282A0000282A000003280000272ACB
:1065B0000000272A000003280000262A0000262ABF
:1065C000000003280000252A0000252A00000328D7
:1065D0000000502A0000502A000003280000292A49
:1065E0000000292A000003280000242A0000242A91
:1065F0000000032800000A18000000284241532030
:106600004E6F74696669636174696F6E7320257378
:106610000000000090660500F78B040000000000F9
:106620008C6605000000010088660500AD8C040042
:1066300000000000CC26002000000100806605005C
:10664000957E010000000000000000000000010035
:106650007C6605002F8C04008580020058260020EF
:1066600000000300786605002B8D04000000000088
:1066700094660500000001000000042900000229C2
:106680000000192A0000192A0000032800000F1832
:10669000000000280400AD270100060162617300BC
:1066A0006B65726E656C00004B65726E656C206385
:1066B0006F6D6D616E647300A0660500A8660500CD
:1066C0003026050000000000000000006379636CC4
:1066D00065733A202575206877206379636C65734C
:1066E0000A0000006379636C657300004B65726E8D
:1066F000656C206379636C65732E0000556E616272
:106700006C6520746F20706172736520696E70759E
:10671000742028657272202564290A00736C6565EF
:1067200070000000557074696D653A20256C6C75B9
:10673000206D730A000000002D7000002D2D707276
:106740006574747900000000556E737570706F7217
:10675000746564206F7074696F6E3A2025730A0047
:10676000757074696D653A20256C6C75206461796B
:10677000732C20256C6C7520686F7572732C202526
:106780006C6C75206D696E757465732C20256C6C4E
:1067900075207365636F6E64732C20256C6C752097
:1067A0006D696C6C697365636F6E64730A000000D9
:1067B000757074696D6500004B65726E656C20754F
:1067C0007074696D652E2043616E2062652063617F
:1067D0006C6C6564207769746820746865202D701E
:1067E000206F72202D2D707265747479206F707413
:1067F000696F6E7300000000342E302E39390000AE
:106800005A65706879722076657273696F6E20259B
:10681000730A000076657273696F6E004B65726E65
:10682000656C2076657273696F6E2E004661696CC7
:10683000656420746F2072656164206B65726E659B
:106840006C2073797374656D206865617020737452
:10685000617469737469637320286572722025649A
:10686000290A0000667265653A2020202020202039
:1068700020202020257A750A00000000616C6C6FD2
:1068800063617465643A202020202020257A750AEF
:10689000000000006D61782E20616C6C6F63617484
:1068A00065643A20257A750A000000006865617009
:1068B0000000000053797374656D20686561702075
:1068C0007573616765207374617469737469637348
:1068D0002E000000556E61626C6520746F2070613F
:1068E000727365206C6F6720736576657269747961
:1068F0002028657272202564290A0000496E76619D
:106900006C6964206C6F67206C6576656C3A202535
:10691000640A0000556E61626C6520746F206669C0
:106920006E64206C6F6720736F757263653A202503
:10693000730A00006C6F675F6C6576656C00000021
:106940003C6D6F64756C65206E616D653E203C73B7
:10695000657665726974792028302D34293E0000EF
:106960007265626F6F7400005265626F6F742E0003
:10697000636F6C6400000000436F6C64207265629A
:106980006F6F742E000000007761726D00000000D0
:106990005761726D207265626F6F742E0000000087
:1069A000A469050070690500786905000000000011
:1069B000B3370400000000008869050090690500F5
:1069C00000000000BB3704000000000000000000D1
:1069D00000000000000000000000000000000000B7
:1069E0004B65726E656C20746872656164732E000D
:1069F0005363686564756C65723A20257520736908
:106A00006E6365206C6173742063616C6C0A0000B6
:106A1000546872656164733A0A00000009546F7427
:106A2000616C20657865637574696F6E2063796346
:106A30006C65733A20257520282575202525290A9F
:106A40000000000009546F74616C206578656375FF
:106A500074696F6E206379636C65733A203F2028F8
:106A60003F202525290A00004E410000257325708E
:106A700020252D3130730A00096F7074696F6E73B1
:106A80003A20307825782C207072696F7269747999
:106A90003A2025642074696D656F75743A20256C01
:106AA0006C640A000973746174653A2025732C20A4
:106AB000656E7472793A2025700A0000556E616225
:106AC0006C6520746F2064657465726D696E6520F5
:106AD000756E7573656420737461636B2073697A76
:106AE0006520282564290A0A0000000009737461E2
:106AF000636B2073697A6520257A752C20756E7515
:106B000073656420257A752C20757361676520256F
:106B10007A75202F20257A7520282575202525298E
:106B20000A0A00006C697374000000004C697374F9
:106B3000206B65726E656C20746872656164732E7B
:106B400000000000574553545F544F504449522FA2
:106B50007A65706879722F7375627379732F7368B1
:106B6000656C6C2F6D6F64756C65732F6B65726EE1
:106B7000656C5F736572766963652F7468726561B1
:106B8000642F737461636B732E630000257020495A
:106B900052512025303264202573287265616C20A3
:106BA00073697A652025347A75293A09756E75738B
:106BB00065642025347A750975736167652025340D
:106BC0007A75202F2025347A75202825327A752071
:106BD0002525290A00000000257020252D33327359
:106BE00020287265616C2073697A652025347A7576
:106BF000293A09756E757365642025347A750975AF
:106C0000736167652025347A75202F2025347A75C5
:106C10002028253275202525290A00007374616318
:106C20006B7300004C6973742074687265616473DF
:106C300020737461636B2075736167652E000000BB
:106C40005B25705D00000000524541445900000082
:106C500044495341424C4544000000006465766954
:106C60006365733A0A0000002D20257300000000C0
:106C700020282573290A000020204454206E6F64C8
:106C800065206C6162656C733A000000646576692A
:106C90006365000044657669636520636F6D6D61AF
:106CA0006E6473004C69737420636F6E66696775F8
:106CB0007265642064657669636573008C6C050099
:106CC000946C0500D06C050000000000000000007E
:106CD000D46C0500246B0500A46C050000000000C6
:106CE0009982010000000000000000000000000088
:106CF000000000000000000000000000496E636F0B
:106D00007272656374206461746120776964746869
:106D10000A000000526561642076616C7565203060
:106D20007825780A000000005573696E6720646159
:106D300074612077696474682025640A000000008B
:106D400057726974696E672076616C75652030785A
:106D500025780A006465766D656D206C6F6164202E
:106D6000737570706F7274732073657474696E6775
:106D700020627970617373206F6E20612073696E79
:106D8000676C6520696E7374616E63652E0A00001E
:106D90004C6F6164696E672E2E2E0A707265737374
:106DA000206374726C2D78206374726C2D71207462
:106DB0006F206573636170650A0000002D2D00006F
:106DC0002D650000556E6B6E6F776E206F70746965
:106DD0006F6E20222573220A000000004E756D623E
:106DE0006572206F662062797465732072656164D4
:106DF0003A2025640A000000696E76616C6964209F
:106E00006164647220272573270A0000696E766129
:106E10006C69642073697A6520272573270A00004E
:106E2000696E76616C6964207769647468202725CF
:106E300073270A00613A733A773A0000272D6120E0
:106E40003C616464726573733E27206973206D61D1
:106E50006E6461746F72790A00000000272D732040
:106E60003C73697A653E27206973206D616E6461A9
:106E7000746F72790A0000006465766D656D0000BC
:106E8000526561642F7772697465207068797369DF
:106E900063616C206D656D6F72790A55736167650A
:106EA0003A0A52656164206D656D6F727920617474
:106EB00020616464726573732077697468206F70F1
:106EC00074696F6E616C2077696474683A0A6465EE
:106ED000766D656D203C616464726573733E205B02
:106EE0003C77696474683E5D0A5772697465206D09
:106EF000656D6F727920617420616464726573736B
:106F00002077697468206D616E6461746F72792096
:106F1000776964746820616E642076616C75653A87
:106F20000A6465766D656D203C6164647265737397
:106F30003E203C77696474683E203C76616C7565E0
:106F40003E00000055736167653A0A6465766D65B9
:106F50006D2064756D70202D61203C6164647265E4
:106F600073733E202D73203C73697A653E205B2D40
:106F700077203C77696474683E5D0A006C6F6164D9
:106F80000000000055736167653A0A6465766D65B7
:106F90006D206C6F6164205B6F7074696F6E735DE0
:106FA000205B616464726573735D0A4F7074696F0E
:106FB0006E733A0A2D65096C6974746C652D656E83
:106FC0006469616E2070617273650000786E0500FF
:106FD000806E0500E06F0500D5830100020200000D
:106FE000E46F050068EE0500446F05000000000036
:106FF000BD870100050200007C6F0500846F05005D
:1070000000000000A984010002010000000000004F
:107010000000000000000000000000000000000070
:10702000574553545F544F504449522F7A65706806
:1070300079722F7375627379732F7368656C6C2F17
:107040006261636B656E64732F7368656C6C5F75EA
:107050006172742E6300000052582072696E6720BE
:107060006275666665722066756C6C2E00000000A5
:107070003A0000007368656C6C2E7368656C6C5F19
:107080007561727400000000756172743A7E24208C
:10709000000000007368656C6C5F756172740000BD
:1070A0007368656C6C5F756172745F6261636B6558
:1070B0006E640000185A00201E000000F543040012
:1070C000D0250500D426002070250500F4700500A9
:1070D000FC59002064000000E0700500B859002051
:1070E000703B00208000000000000000C337040057
:1070F00002000000F1460400045A0020185A002043
:107100001E000000453804001539040059380400F9
:10711000E9380400B138040000000000574553541A
:107120005F544F504449522F7A65706879722F73BB
:1071300075627379732F7368656C6C2F7368656CF7
:107140006C2E630073682D3E6374782026262073AE
:10715000682D3E6966616365000000005741524E2C
:10716000494E473A2041207072696E7420726571F1
:1071700075657374207761732064657465637465E5
:1071800064206F6E206E6F74206163746976652071
:107190007368656C6C206261636B656E642E0A00B7
:1071A000537562636F6D6D616E64733A0A0000001F
:1071B00025733A2077726F6E6720706172616D651A
:1071C00074657220636F756E740A0000506C65619F
:1071D00073652073706563696679206120737562D9
:1071E000636F6D6D616E642E0A0000004572726FF0
:1071F000723A20726571756573746564206D756C83
:107200007469706C652066756E6374696F6E206555
:107210007865637574696F6E730A00006E6F742011
:107220007465726D696E617465643A2025630A0045
:10723000257325730A0000003A20636F6D6D616E3F
:1072400064206E6F7420666F756E6400546F6F20DB
:107250006D616E7920617267756D656E74732069FA
:107260006E2074686520636F6D6D616E642E0A0018
:107270006D6174636820213D202828766F69642041
:107280002A29302900000000636F6C756D6E732031
:10729000213D2030000000000A2573257300000006
:1072A000636E74203E2031006D61746368000000DD
:1072B00073682D3E6374780073682D3E6374782084
:1072C00026262073682D3E69666163652026262088
:1072D00073682D3E64656661756C745F70726F6D66
:1072E000707400005368656C6C207468726561642A
:1072F000206572726F723A2025640000095468722A
:1073000065616420636F6E74657874207265717551
:10731000697265642E0A00007A5F666C61675F635C
:107320006D645F6374785F67657428736829207C77
:107330007C20286B5F63757272656E745F6765741D
:10734000282920213D2073682D3E6374782D3E74DA
:107350006964290073682D3E667072696E74665F99
:1073600063747800666D7400506C6561736520709D
:107370007265737320746865203C5461623E2062BC
:107380007574746F6E20746F2073656520616C6C0A
:1073900020617661696C61626C6520636F6D6D61FF
:1073A0006E64732E0A000000596F752063616E20B1
:1073B000616C736F2075736520746865203C54613F
:1073C000623E20627574746F6E20746F2070726FED
:1073D0006D7074206F72206175746F2D636F6D70A6
:1073E0006C65746520616C6C20636F6D6D616E649B
:1073F00073206F722069747320737562636F6D6D93
:10740000616E64732E0A0000596F752063616E20EF
:1074100074727920746F2063616C6C20636F6D6D82
:10742000616E64732077697468203C2D683E206F1C
:1074300072203C2D2D68656C703E20706172616D0C
:107440006574657220666F72206D6F726520696E5B
:10745000666F726D6174696F6E2E0A000A536865FB
:107460006C6C20737570706F72747320666F6C6CC7
:107470006F77696E67206D6574612D6B6579733AFE
:107480000A20204374726C202B202861206B6579C0
:107490002066726F6D3A206162636465666B6C6E24
:1074A000707577290A2020416C7420202B202861D8
:1074B000206B65792066726F6D3A206266290A50EA
:1074C0006C6561736520726566657220746F2073E8
:1074D00068656C6C20646F63756D656E746174694A
:1074E0006F6E20666F72206D6F72652064657461C7
:1074F000696C732E0A0000000A417661696C616252
:107500006C6520636F6D6D616E64733A0A000000F4
:10751000253038583A2000007C0A00002873682D76
:107520003E7368656C6C5F666C6167203D3D2053FF
:1075300048454C4C5F464C41475F43524C465F4484
:10754000454641554C5429207C7C202873682D3EAB
:107550007368656C6C5F666C6167203D3D205348C5
:10756000454C4C5F464C41475F4F4C465F43524C45
:107570004629000068656C70000000005072696E5A
:107580007473207468652068656C70206D65737312
:107590006167652E00000000747505007C750500AC
:1075A00000000000659A0100010000005745535497
:1075B0005F544F504449522F7A65706879722F7327
:1075C00075627379732F7368656C6C2F7368656C63
:1075D0006C5F7574696C732E63000000646C6F637C
:1075E00020213D202828766F6964202A293029002F
:1075F0001B5B34303325646D000000001B5B256489
:1076000025630000574553545F544F504449522F4F
:107610007A65706879722F7375627379732F7368E6
:10762000656C6C2F7368656C6C5F6F70732E630094
:107630007368202626206461746100006C656E67A3
:107640007468203E3D20746D705F636E74000000AE
:107650001B5B313B3325646D000000007A5F666C74
:1076600061675F73796E635F6D6F64655F67657493
:1076700028736829207C7C20216B5F69735F696EA9
:107680005F697372282900007B460400C946040024
:10769000A145040000000000000000000000000000
:1076A0000000000025732573000000002D68000015
:1076B0002D2D68656C700000202D2000202000001A
:1076C0004C6F7374206C6F67733A20256C750A00D9
:1076D0006F66660020756E6B6E6F776E20706172DC
:1076E000616D657465723A200000000025733A25CB
:1076F0007325730A000000004563686F207374618E
:107700007475733A2025730A0000000041637469A0
:107710007665207368656C6C206261636B656E646E
:10772000733A0A0020202532642E203A257320283F
:107730002573290A00000000574553545F544F50E9
:107740004449522F7A65706879722F737562737924
:10775000732F7368656C6C2F7368656C6C5F636DF9
:1077600064732E63000000006F626A203C3D205F5E
:107770007368656C6C5F6C6973745F656E64000040
:107780005B2533645D2025730A0000004E6F207274
:107790006573706F6E73652066726F6D20746865B7
:1077A000207465726D696E616C2C20617373756DE8
:1077B00065642038307832342073637265656E20DA
:1077C00073697A650A0000001B5B366E00000000DA
:1077D00072657476616C00005072696E7420726517
:1077E0007475726E2076616C7565206F66206D6FA2
:1077F000737420726563656E7420636F6D6D616E66
:1078000064000000726573697A650000436F6E73EF
:107810006F6C652067657473207465726D696E6145
:107820006C2073637265656E2073697A65206F7270
:1078300020617373756D65732064656661756C7422
:1078400020696E20636173652074686520726561CC
:10785000646F7574206661696C732E204974206DA5
:10786000757374206265206578656375746564203E
:1078700061667465722065616368207465726D6904
:107880006E616C207769647468206368616E6765F7
:1078900020746F20656E7375726520636F727265F8
:1078A0006374207465787420646973706C61792ED8
:1078B00000000000686973746F727900436F6D6D2A
:1078C000616E6420686973746F72792E0000000025
:1078D0007368656C6C00000055736566756C2C20D0
:1078E0006E6F7420556E69782D6C696B65207368B6
:1078F000656C6C20636F6D6D616E64732E000000AB
:10790000636C656172000000436C65617220736393
:107910007265656E2E00000072656D0049676E6FBE
:107920007265206C696E657320626567696E6E6949
:107930006E672077697468202772656D20270000C4
:1079400064656661756C7400417373756D6520388C
:10795000302063686172732073637265656E20778F
:107960006964746820616E642073656E6420746855
:1079700069732073657474696E6720746F2074680E
:1079800065207465726D696E616C2E006261636B57
:10799000656E6473000000004C6973742061637449
:1079A000697665207368656C6C206261636B656ED7
:1079B00064732E0A000000006261636B7370616380
:1079C000655F6D6F64650000546F67676C6520626A
:1079D00061636B7370616365206B6579206D6F64A3
:1079E000652E0A536F6D65207465726D696E616CEA
:1079F0007320617265206E6F742073656E64696EAA
:107A0000672073657061726174652065736361706E
:107A10006520636F646520666F72206261636B73BB
:107A20007061636520616E642064656C65746520B7
:107A3000627574746F6E2E205468697320636F6D65
:107A40006D616E6420666F72636573207368656C28
:107A50006C20746F20696E74657270726574206436
:107A6000656C657465206B65792061732062616364
:107A70006B73706163652E00636F6C6F72730000CF
:107A8000546F67676C6520636F6C6F7265642073F9
:107A9000796E7461782E0000767431303000000009
:107AA000546F67676C6520767431303020636F6D7A
:107AB0006D616E64732E0000546F67676C65207093
:107AC000726F6D70742E00006563686F00000000B7
:107AD000546F67676C65207368656C6C20656368BC
:107AE0006F2E000073746174730000005368656C3E
:107AF0006C20737461746973746963732E00000081
:107B00006261636B7370616365000000536574208C
:107B1000646966666572656E74206573636170651D
:107B200020636F646520666F72206261636B73709F
:107B300061636520616E642064656C657465206BAB
:107B400065792E0064656C6574650000536574206A
:107B50007468652073616D6520657363617065206D
:107B6000636F646520666F72206261636B7370611E
:107B7000636520616E642064656C657465206B6567
:107B8000792E00005265736574207368656C6C20F3
:107B90007374617469737469637320666F7220749F
:107BA0006865204C6F67676572206D6F64756C65E2
:107BB0002E00000073686F77000000004765742096
:107BC0007368656C6C207374617469737469637332
:107BD00020666F7220746865204C6F67676572203D
:107BE0006D6F64756C652E0044697361626C65200D
:107BF0007368656C6C206563686F2E2045646974DA
:107C0000696E67206B65797320616E64206D6574A1
:107C1000612D6B65797320617265206E6F742068C9
:107C2000616E646C65640000456E61626C65207312
:107C300068656C6C206563686F2E00004469736131
:107C4000626C652070726F6D70742E00456E61629B
:107C50006C652070726F6D70742E000044697361E2
:107C6000626C6520767431303020636F6D6D616EAB
:107C700064732E00456E61626C652076743130301D
:107C800020636F6D6D616E64732E000044697361D3
:107C9000626C6520636F6C6F7265642073796E74BB
:107CA00061782E00456E61626C6520636F6C6F7247
:107CB00065642073796E7461782E0000D0770500BA
:107CC000D877050000000000FDAC010001000000B5
:107CD000047805000C780500347D0500ADAC01008A
:107CE00001010000B4780500BC7805000000000028
:107CF00019AB010001000000D0780500D87805001C
:107D0000607D050000000000000000000079050013
:107D1000087905000000000081A9010001000000B1
:107D2000187905001C79050000000000E7470400F1
:107D300000000000387D0500407905004879050005
:107D400000000000FDA9010001000000000000008B
:107D50000000000000000000000000000000000023
:107D6000647D05008C79050098790500000000000D
:107D7000A1AA010001000000B8790500C87905003A
:107D8000047E05000000000000000000787A050075
:107D9000807A0500447F050000000000000000001C
:107DA000987A0500A07A0500047F05000000000015
:107DB00000000000DC720500B87A0500C47E0500F2
:107DC0000000000000000000C87A0500D07A05001D
:107DD000847E050041AA010001010000E47A05004B
:107DE000EC7A0500447E0500000000000000000061
:107DF0000000000000000000000000000000000083
:107E000000000000087E0500007B05000C7B0500DB
:107E1000000000002349040001000000447B05002D
:107E20004C7B050000000000174904000100000021
:107E30000000000000000000000000000000000042
:107E400000000000487E0500AC4C0500847B050066
:107E500000000000EB47040001000000B47B0500B7
:107E6000BC7B0500000000002DAA010001000000FD
:107E70000000000000000000000000000000000002
:107E800000000000887E0500D0760500E87B050034
:107E9000000000004B48040001000000C408060078
:107EA000287C0500000000003F480400010000009D
:107EB00000000000000000000000000000000000C2
:107EC00000000000C87E0500D07605003C7C05005F
:107ED0000000000091AA010001000000C408060093
:107EE0004C7C0500000000002F4904000100000048
:107EF0000000000000000000000000000000000082
:107F000000000000087F0500D07605005C7C0500BD
:107F1000000000009348040001000000C4080600AF
:107F2000747C050000000000874804000100000088
:107F30000000000000000000000000000000000041
:107F400000000000487F0500D07605008C7C05000D
:107F500000000000DB48040001000000C408060027
:107F6000A47C050000000000CF48040001000000D0
:107F70000000000000000000000000000000000001
:107F800000000000436F6D6D616E6420627566666F
:107F9000657220697320746F6F2073686F7274202C
:107FA000746F20657870616E6420616C6C20636F03
:107FB0006D6D616E6473206D61746368696E6720B6
:107FC00077696C6463617264207061747465726E49
:107FD0003A2025730A000000666C61736800000097
:107FE0002A2A2A20426F6F74696E67206E524620DB
:107FF000436F6E6E6563742053444B2076332E308E
:108000002E322D3839626131323934616339622060
:108010002A2A2A0A000000002A2A2A205573696E9B
:1080200067205A6570687972204F532076342E305D
:108030002E39392D66373931633439663439326334
:10804000202A2A2A0A000000574553545F544F50F3
:108050004449522F6E72662F7375627379732F6263
:108060006C7565746F6F74682F736572766963657C
:10807000732F6D64732E6300636F6E6E00000000DB
:1080800009496E76616C696420706172616D657416
:108090006572730A000000006174747200000000D1
:1080A0004D54552076616C756520746F6F206C6F30
:1080B000773A202564206F72206C696E6B2069739B
:1080C00020646973636F6E6E65637465640000009D
:1080D00043616E6E6F7420616C6C6F6361746520B8
:1080E000706C61636520666F72206D656D66617589
:1080F0006C74206368756E6B2064617461000000AD
:108100004661696C656420746F2073656E64204DF0
:10811000656D6661756C7420646961676E6F7374F8
:108120006963206368756E6B2C206572722025640C
:10813000000000004D656D6661756C7420446174CB
:1081400061204578706F7274206368617261637436
:108150006572697374696320697320616C7265610B
:1081600064792073756273637269626564000000EC
:108170004D44532044617461204578706F727420BF
:10818000696E76616C6964207772697465206F66C8
:1081900066736574000000004D44532044617461AF
:1081A000204578706F727420696E76616C69642006
:1081B000617474726962757465206C656E67746849
:1081C000000000004D4453204461746120457870E4
:1081D0006F7274206368617261637465726973742D
:1081E000696320777269746520696E76616C696471
:1081F0002076616C756500004D656D6661756C7407
:108200002D50726F6A6563742D4B65793A414B68E6
:1082100057456A6A507047366A6747485A4851421C
:108220006234714E4B356E36564F385A330000006B
:10823000546F6F206C6F6E6720555249000000002C
:1082400068747470733A2F2F6368756E6B732D6E3C
:1082500072662E6D656D6661756C742E636F6D2F21
:108260006170692F76302F6368756E6B732F000015
:1082700054840500F78B04000000000040840500D2
:10828000000001003C840500AD8C040000000000EB
:1082900034270020000001001484050025B30100EC
:1082A0000000000000000000000004001084050031
:1082B000AD8C0400000000002C270020000001000D
:1082C000E883050025B30100000000000100000064
:1082D00000000400E4830500AD8C040000000000F1
:1082E0002427002000000100BC83050025B3010005
:1082F000000000000200000000000400B883050038
:10830000AD8C0400000000001C27002000000100CC
:108310009083050025B30100000000000300000069
:10832000000004008C830500AD8C040000000000F8
:1083300014270020000001006483050000000000F5
:1083400069B1010000000000000008006083050022
:108350002F8C0400858002003C27002000000C00C8
:1083600000000229023684BD4E2F7271A30740A57A
:10837000F605002254000000023684BD4E2F7271B3
:10838000A30740A5F60500225400000000000328C2
:10839000023684BD4E2F7271A30740A5F604002259
:1083A00054000000023684BD4E2F7271A30740A511
:1083B000F60400225400000000000328023684BDA9
:1083C0004E2F7271A30740A5F6030022540000004F
:1083D000023684BD4E2F7271A30740A5F60300221A
:1083E0005400000000000328023684BD4E2F727135
:1083F000A30740A5F602002254000000023684BD07
:108400004E2F7271A30740A5F6020022540000000F
:1084100000000328023684BD4E2F7271A30740A5C9
:10842000F601002254000000023684BD4E2F727106
:10843000A30740A5F6010022540000000000032815
:10844000023684BD4E2F7271A30740A5F6000022AC
:1084500054000000000000286D647300000000005C
:108460001B4D04006D757465785F696E69742063D7
:10847000616C6C65642077697468204E554C4C20A3
:10848000706172616D65746572000000436F756C98
:1084900064206E6F7420616C6C6F63617465206D15
:1084A00075746578206265666F726520696E69749F
:1084B00069616C697A696E6700000000F42700202A
:1084C000EC270020E427002000000000DC2700202B
:1084D00091B5010035B50100B9B401004DB40100FA
:1084E00008000000000000000000000000C00000C4
:1084F0002C1F0500020000000000000000400F00DB
:10850000741F05000300000000C00000000200000E
:108510002C1F05000400000000C0000000400F00F8
:108520002C1F05000500000000C20000003E0F00E7
:108530002C1F05000600000000C20000003E0F00D6
:108540002C1F05000800000000400F000000040080
:10855000741F0500090000000040130000C06C00FB
:10856000741F050072302F61313A20203078253099
:108570003878202072312F61323A2020307825302F
:108580003878202072322F61333A2020307825301D
:108590003878000072332F61343A2020307825304B
:1085A0003878207231322F69703A202030782530A7
:1085B0003878207231342F6C723A20203078253090
:1085C0003878000020787073723A20203078253097
:1085D00038780000735B2532645D3A2020307825BE
:1085E0003038782020735B2532645D3A2020307863
:1085F000253038782020735B2532645D3A202030A6
:1086000078253038782020735B2532645D3A20204D
:10861000307825303878000066707363723A202015
:10862000307825303878000072342F76313A2020A7
:10863000307825303878202072352F76323A202055
:10864000307825303878202072362F76333A202043
:10865000307825303878000072372F76343A202071
:10866000307825303878202072382F76353A20201F
:10867000307825303878202072392F76363A20200D
:1086800030782530387800007231302F76373A2034
:1086900030782530387820207231312F76383A20E2
:1086A000307825303878202020207073703A2020D0
:1086B00030782530387800004558435F524554558E
:1086C000524E3A2030782530780000004661756CB3
:1086D00074696E6720696E737472756374696F6E06
:1086E000206164647265737320287231352F706362
:1086F000293A20307825303878000000556E6861BE
:108700006E646C6564204952516E3A202564000005
:10871000535053454C20696E207468726561642023
:108720006D6F646520646F6573206E6F7420696E71
:108730006469636174652050535000002A2A2A2A14
:108740002A20425553204641554C54202A2A2A2A91
:108750002A0000002020537461636B696E672065F6
:1087600072726F72000000002020556E7374616396
:108770006B696E67206572726F7200002020507204
:108780006563697365206461746120627573206537
:1087900072726F7200000000202042464152204158
:1087A0006464726573733A203078257800000000A5
:1087B0002020496D7072656369736520646174611E
:1087C00020627573206572726F7200002020496EFE
:1087D000737472756374696F6E206275732065724D
:1087E000726F72002020466C6F6174696E672D7025
:1087F0006F696E74206C617A79207374617465207E
:10880000707265736572766174696F6E20657272DD
:108810006F7200002A2A2A2A2A20555341474520F0
:108820004641554C54202A2A2A2A2A0020204469ED
:10883000766973696F6E206279207A65726F0000C5
:108840002020556E616C69676E6564206D656D6F83
:108850007279206163636573730000002020537494
:1088600061636B206F766572666C6F772028636F2B
:108870006E746578742061726561206E6F74207605
:10888000616C69642900000020204E6F20636F70C6
:10889000726F636573736F7220696E737472756340
:1088A00074696F6E730000002020496C6C6567610D
:1088B0006C206C6F6164206F66204558435F5245A1
:1088C0005455524E20696E746F20504300000000D2
:1088D0002020496C6C6567616C20757365206F663C
:1088E00020746865204550535200000020204174D8
:1088F00074656D707420746F206578656375746538
:1089000020756E646566696E656420696E73747245
:10891000756374696F6E00002A2A2A2A2A2044652A
:10892000627567206D6F6E69746F7220657863651C
:108930007074696F6E202A2A2A2A2A00526573658C
:108940007276656420457863657074696F6E20285F
:108950000000000053707572696F757320696E7442
:108960006572727570742028495251200000000011
:108970002A2A2A2A2A20257320256429202A2A2AFD
:108980002A2A00002A2A2A2A2A204D505520464108
:10899000554C54202A2A2A2A2A00000020205374E9
:1089A00061636B696E67206572726F722028636FF6
:1089B0006E746578742061726561206D6967687492
:1089C000206265206E6F742076616C6964290000F6
:1089D000202044617461204163636573732056698C
:1089E0006F6C6174696F6E0020204D4D46415220BE
:1089F000416464726573733A203078257800000012
:108A00002020496E737472756374696F6E204163C0
:108A1000636573732056696F6C6174696F6E0000D3
:108A2000574553545F544F504449522F7A657068EC
:108A300079722F617263682F61726D2F636F726537
:108A40002F636F727465785F6D2F6661756C742E1D
:108A500063000000212828285343425F5479706541
:108A6000202A2920282830784530303045303030D1
:108A7000554C29202B20307830443030554C29205B
:108A8000292D3E434653522026202831554C203C68
:108A90003C20283055202B2034552929290000005E
:108AA00009537461636B696E67206572726F72201F
:108AB0006E6F74206120737461636B206661696CF2
:108AC0000A0A00002A2A2A2A2A204841524420461B
:108AD00041554C54202A2A2A2A2A00002020427577
:108AE00073206661756C74206F6E20766563746F99
:108AF00072207461626C6520726561640000000020
:108B000020204465627567206576656E74000000FC
:108B100020204661756C7420657363616C617469B3
:108B20006F6E20287365652062656C6F7729000081
:108B3000415243485F455843455054207769746813
:108B400020726561736F6E2025780A000946617591
:108B50006C7420657363616C6174696F6E207769F2
:108B600074686F75742046535220696E666F0A00F0
:108B700009486172644661756C7420776974686F26
:108B80007574204846535220696E666F20536861A1
:108B90006C6C206E65766572206F636375720A0077
:108BA00065736620213D202828766F6964202A2974
:108BB000302900000945534620636F756C64206EB0
:108BC0006F742062652072657472696576656420D1
:108BD0007375636365737366756C6C792E20536867
:108BE000616C6C206E65766572206F636375722EA2
:108BF0000A000000574553545F544F504449522FC8
:108C00007A65706879722F617263682F61726D2F57
:108C1000636F72652F636F727465785F6D2F697211
:108C2000715F6D616E6167652E6300007072696FC0
:108C3000203C3D20282831554C203C3C202833291D
:108C400029202D203129000009696E76616C696444
:108C5000207072696F7269747920256420666F7262
:108C600020256420697271212076616C75657320FE
:108C70006D757374206265206C6573732074686110
:108C80006E20256C750A0A000020002000000000FC
:108C9000060001006D7075004661696C65642074A2
:108CA0006F20616C6C6F63617465206E6577204D19
:108CB000505520726567696F6E2025750A000000A7
:108CC000506172746974696F6E2025753A20736102
:108CD0006E69747920636865636B206661696C6591
:108CE000642E0000496E76616C696420756E64655F
:108CF000726C79696E6720726567696F6E20696E44
:108D00006465782025750000574553545F544F50D3
:108D10004449522F7A65706879722F617263682FA7
:108D200061726D2F636F72652F6D70752F61726D3B
:108D30005F6D70752E6300002128726567696F6E24
:108D40005B6964785D2E64745F61747472202620A0
:108D50002831554C203C3C2028302929290000008E
:108D60000952414D5F4E4F43414348452077697456
:108D7000682044545F4D454D5F434143484541425F
:108D80004C45206174747269627574650A0A00004A
:108D900009436F6E6669677572696E672025752075
:108DA000737461746963204D505520726567696FF3
:108DB0006E73206661696C65640A0A00094D617210
:108DC0006B696E6720257520617265617320666F1F
:108DD000722064796E616D696320726567696F6E78
:108DE00073206661696C65640A0A000009436F6E4E
:108DF0006669677572696E672025752064796E6192
:108E00006D6963204D505520726567696F6E7320E0
:108E10006661696C65640A0A0000000009526571A8
:108E20007565737420746F20636F6E666967757201
:108E3000653A20257520726567696F6E7320287307
:108E40007570706F727465643A202575290A0A007E
:108E5000094661696C656420746F20616C6C6F6396
:108E6000617465204D505520726567696F6E73207F
:108E700066726F6D2044540A0A0000000200000070
:108E8000948E0500464C4153485F30005352414D8B
:108E90005F30000000000000848E0500020000002A
:108EA000E0FF0F00002000208C8E05002100000054
:108EB000E0FF0620574553545F544F504449522F0A
:108EC0007A65706879722F6C69622F6C6962632FA2
:108ED0006E65776C69622F6C6962632D686F6F6B6A
:108EE000732E63002828282873697A655F742928FF
:108EF0003434382929203C3C20313029202D2028A9
:108F0000282875696E747074725F74292028265F32
:108F1000656E642929202D20307832303030303091
:108F200030302929203E3D20323034380000000006
:108F3000096D656D6F72792073706163652061766C
:108F400061696C61626C6520666F72206E65776C1A
:108F500069622068656170206973206C6573732095
:108F60007468616E20746865206D696E696D756DD9
:108F70002072657175697265642073697A65207302
:108F8000706563696669656420627920434F4E4667
:108F900049475F4E45574C49425F4C4942435F4DFC
:108FA000494E5F52455155495245445F48454150ED
:108FB0005F53495A450A0000657869740A00000049
:108FC0006C6F636B20213D202828766F6964202A0E
:108FD000293029002A6C6F636B20213D20282876D8
:108FE0006F6964202A29302900000000096E6F6E25
:108FF0002D726563757273697665206C6F636B2083
:10900000616C6C6F636174696F6E206661696C6519
:10901000640A00006765746F70740000574553540C
:109020005F544F504449522F7A65706879722F6CA3
:1090300069622F6E65745F6275662F6275662E6356
:10904000000000006275662D3E666C616773203D0E
:109050003D203055000000006275662D3E6672614D
:109060006773203D3D202828766F6964202A2930C7
:1090700029000000706F6F6C000000007265715F66
:1090800073697A65203C3D2073697A6500000000B1
:10909000090A0000706172656E7400006672616793
:1090A000000000003B50040000000000C34F04001B
:1090B0006E65745F62756600574553545F544F5038
:1090C0004449522F7A65706879722F6C69622F6EED
:1090D00065745F6275662F6275665F73696D706C2B
:1090E000652E63006275662D3E6C656E203D3D20E9
:1090F000305500006275662D3E6C656E203E3D2049
:109100006C656E006E65745F6275665F73696D7025
:109110006C655F68656164726F6F6D286275662942
:10912000203E3D206C656E006E65745F6275665F03
:1091300073696D706C655F7461696C726F6F6D28B7
:1091400062756629203E3D206C656E006E65745F19
:109150006275665F73696D706C65000057455354A6
:109160005F544F504449522F6D6F64756C65732F77
:1091700068616C2F6E6F726469632F6E7266782FF0
:1091800068616C2F6E72665F6770696F2E68000091
:109190006E72665F6770696F5F70696E5F7072652F
:1091A00073656E745F636865636B282A705F7069AE
:1091B0006E29000021202524736F63005745535406
:1091C0005F544F504449522F7A65706879722F6905
:1091D0006E636C7564652F7A65706879722F737928
:1091E000732F6E6F746966792E6800006E6F7469F4
:1091F000667920213D202828766F6964202A29304D
:1092000029000000574553545F544F504449522F92
:109210007A65706879722F736F632F6E6F726469ED
:10922000632F6E726635332F6E726635335F6370EF
:10923000756E65745F6D676D742E63007265742062
:109240003E3D203000000000EF5104009551040025
:1092500000000000574553545F544F504449522F6B
:109260007A65706879722F7375627379732F6D6781
:109270006D742F6D63756D67722F6D676D742F73CD
:1092800072632F6D676D742E6300000068616E64F9
:109290006C6572203C3D205F6D63756D67725F6821
:1092A000616E646C65725F6C6973745F656E640097
:1092B0007263000067726F757000000066612D3E7A
:1092C00066615F73697A6520252034203D3D20303A
:1092D00000000000574553545F544F504449522FEB
:1092E0007A65706879722F7375627379732F6D6701
:1092F0006D742F6D63756D67722F6772702F696D56
:10930000675F6D676D742F7372632F7A657068790C
:10931000725F696D675F6D676D742E63000000009A
:109320004661696C656420746F20726561642064B5
:109330006174612066726F6D20666C617368206174
:109340007265613A20256400574553545F544F506D
:109350004449522F7A65706879722F7375627379F8
:10936000732F6D676D742F6D63756D67722F6772E4
:10937000702F696D675F6D676D742F696E636C75B3
:1093800064652F6D676D742F6D63756D67722F67E0
:1093900072702F696D675F6D676D742F696D675FA0
:1093A0006D676D745F707269762E6800736C6F7490
:1093B000203E3D203020262620736C6F74203C20F8
:1093C0002832203C3C2031290000000009496D7002
:1093D0006F737369626C6520736C6F74206E756D4A
:1093E0006265720A000000004661696C6564207461
:1093F0006F206F70656E20666C61736820617265A6
:10940000612049442025753A202564004661696C35
:10941000656420746F20657261736520666C61738A
:109420006820617265613A20256400004661696CBC
:10943000656420746F2072656164206461746120CA
:1094400066726F6D20666C6173683A202564000057
:1094500055706C6F616420746F6F206C617267650A
:1094600020666F7220736C6F743A202575203E2041
:1094700025750000696D675F6D676D745F666C616F
:1094800073685F636865636B5F656D7074795F694E
:109490006E6E657200000000696D61676500000016
:1094A000736C6F74000000003C3F3F3F3E000000C3
:1094B0006861736800000000626F6F7461626C65C0
:1094C0000000000070656E64696E6700636F6E6611
:1094D00069726D65640000006163746976650000FF
:1094E0007065726D616E656E7400000046616C653A
:1094F0006420626F6F745F7365745F6E657874204B
:109500007769746820636F64652025642C20666F1A
:109510007220736C6F742025642C20776974682026
:1095200061637469766520736C6F742025642061B3
:109530006E6420636F6E6669726D202564000000A2
:10954000696D61676573000073706C697453746151
:1095500074757300636F6E6669726D002568752E91
:109560002568752E256875002E257500736C6F743F
:10957000730000004661696C656420746F206F7031
:10958000656E20736C6F7420256420666F7220698D
:109590006E666F726D6174696F6E20666574636864
:1095A000696E673A2025640075706C6F61645F694D
:1095B0006D6167655F6964007368610075706772EB
:1095C00061646500496D6167652075706C6F6164E9
:1095D00020696E7370656374206661696C65643AB6
:1095E0002025640049727265636F76657261626CF2
:1095F00065206572726F723A20666C6173682077BD
:1096000072697465206661696C65643A202564003E
:10961000C5E70100F1E8010000000000F5EE0100DF
:10962000000000000000000000000000000000003A
:1096300000000000000000000000000065EE0100D6
:1096400031EB0100000000006D63756D67725F69AA
:109650006D675F6772700000717565727900000058
:10966000626F6F746C6F6164657200004D43556288
:109670006F6F740020257325732573002573257380
:1096800025730000666F726D617400005A65706822
:109690007972000076342E302E39392D6E63733195
:1096A0002D32000061726D00636F727465782D6DEC
:1096B000333300006E726637303032646B00000066
:1096C00025735A6570687972000000006F757470B8
:1096D000757400006275665F73697A65000000004A
:1096E0006275665F636F756E7400000035F6010089
:1096F00035F601000000000000000000000000003E
:109700000000000000000000000000000000000059
:1097100000000000000000001DF60100CDF5010072
:109720000000000035F20100000000004DF10100D2
:10973000000000006D63756D67725F6F735F677225
:1097400070000000574553545F544F504449522F06
:109750007A65706879722F7375627379732F6D678C
:109760006D742F6D63756D67722F7472616E737097
:109770006F72742F7372632F736D702E630000000D
:1097800028736D70742D3E66756E6374696F6E73A9
:109790002E6F757470757420213D202828766F69AE
:1097A00064202A293029290009526571756972657A
:1097B00064207472616E73706F7274206F75747050
:1097C00075742066756E6374696F6E20706F696E54
:1097D0007465722063616E6E6F74206265204E55F1
:1097E0004C4C0A00A4900500F0970500AB0900005E
:1097F00018A902206D63756D677220736D7000008B
:109800006D63756D67725F736D700000F49705008E
:10981000000000004E756C6C20637064206F626AFB
:1098200065637420666F7220636F6E6E6563746922
:109830006F6E202570000000574553545F544F5001
:109840004449522F7A65706879722F737562737903
:10985000732F6D676D742F6D63756D67722F7472E2
:10986000616E73706F72742F7372632F736D705F9C
:1098700062742E6300000000426C7565746F6F7433
:109880006820534D50207472616E73706F72742033
:109890007265676973746572206661696C656420BE
:1098A000286572722025642900000000000002294A
:1098B00002487C997411269EAE014ECEFB28782E6C
:1098C000DA00000002487C997411269EAE014ECE4B
:1098D000FB28782EDA000000000003280284AA602A
:1098E00074528A8B86D34CB71D1DDC538D0000004B
:1098F00000000028574553545F544F504449522F9D
:109900007A65706879722F7375627379732F6D67DA
:109910006D742F6D63756D67722F7472616E7370E5
:109920006F72742F7372632F73657269616C5F75E8
:1099300074696C2E630000007263203D3D2030008E
:109940006473745F6C656E203D3D20340000000040
:1099500000FFFFFFFFFFFF0000000000000000000D
:10996000FFFFFFFFFFFF00000000000000000000FD
:109970003031323334353637383961626364656685
:109980000000000062745F72706100004254204C5D
:10999000572057510000000002FB349B5F800000FD
:1099A00080001000000000000000000057455354E4
:1099B0005F544F504449522F7A65706879722F7303
:1099C00075627379732F626C7565746F6F74682F2D
:1099D000686F73742F6275662E630000747970650A
:1099E000203D3D2042545F4255465F455654207C01
:1099F0007C2074797065203D3D2042545F4255467D
:109A00005F41434C5F494E207C7C20747970652017
:109A10003D3D2042545F4255465F49534F5F494E9A
:109A20000000000009496E76616C69642062756609
:109A300066657220747970652072657175657374DE
:109A400065640A006D6574612D3E706172656E74A7
:109A50000000000076696577000000006E65745FA5
:109A60006275665F68656164726F6F6D28706172A0
:109A7000656E7429203E2030000000002162745F72
:109A80006275665F6861735F766965772870617279
:109A9000656E742900000000A4900500A49A0500DA
:109AA0004700000044D00220A4900500B49A0500AD
:109AB0000001000024D40220A4900500C49A0500EF
:109AC0002E000000E4DA0220A4900500D49A0500DC
:109AD00002010000C4DB022062745F627566000050
:109AE00062745F6461746100756E6B6E6F776E0097
:109AF0004461746120627566666572206F76657276
:109B0000666C6F7720286C696E6B207479706520A5
:109B10003078253032782900546F6F20736D616C76
:109B20006C20282575206279746573292065766517
:109B30006E74203078253032780000004E6F20633C
:109B40006F6D6D616E642073656E7420666F722038
:109B5000636D6420636F6D706C657465203078256B
:109B6000303478004F70436F64652030782530348E
:109B70007820636F6D706C6574656420696E7374B2
:109B8000656164206F662065787065637465642024
:109B90003078253034780000574553545F544F5087
:109BA0004449522F7A65706879722F7375627379A0
:109BB000732F626C7565746F6F74682F686F737440
:109BC0002F6863695F636F72652E6300216275663B
:109BD000000000004E6F2070656E64696E67207033
:109BE00065726970686572616C20636F6E6E656323
:109BF00074696F6E00000000556E6578706563745F
:109C00006564207374617475732030782530327800
:109C100020257300556E61626C6520746F206C6F37
:109C20006F6B20757020636F6E6E2077697468208B
:109C300068616E646C65202575000000556E616278
:109C40006C6520746F206C6F6F6B757020636F6E26
:109C50006E20666F722068616E646C6520257500E9
:109C6000657674206E756D5F68616E646C657320D7
:109C7000283D25752920746F6F206C6172676520FF
:109C8000282575203E202575290000004E6F206391
:109C90006F6E6E656374696F6E20666F72206861A7
:109CA0006E646C65202575007061636B657473204C
:109CB000636F756E74206D69736D61746368000005
:109CC00061746F6D69635F6765742826636F6E6E7C
:109CD0002D3E696E5F6C6C29000000004861726463
:109CE00077617265206572726F722C206861726490
:109CF0007761726520636F64653A20256400000017
:109D0000556E68616E646C6564206576656E74205E
:109D1000307825303278206C656E2025753A202504
:109D200073000000496E76616C69642048434920E5
:109D30006576656E742073697A652028257529001B
:109D400062745F6863695F6576745F6765745F6698
:109D50006C616773286864722D3E657674292026CD
:109D6000202831554C203C3C202831292900000076
:109D7000556E68616E646C65642076656E646F72A2
:109D80002D7370656369666963206576656E7420FE
:109D9000307825303278206C656E2025753A202584
:109DA00073000000436F756C64206E6F74207375D0
:109DB000626D69742072785F776F726B3A202564E8
:109DC00000000000496E76616C69642048434920B8
:109DD00041434C207061636B65742073697A652020
:109DE000282575290000000041434C2064617461FE
:109DF000206C656E677468206D69736D617463684B
:109E00002028257520213D2025752900556E616289
:109E10006C6520746F2066696E6420636F6E6E20BF
:109E2000666F722068616E646C65202575000000A5
:109E3000556E6B6E6F776E206275662074797065F3
:109E400020257500696E74657276616C2065786393
:109E500065656473207468652076616C696420723E
:109E6000616E676520307825303478006C617465E8
:109E70006E63792065786365656473207468652016
:109E800076616C69642072616E6765203078253078
:109E900034780000737570765F74696D656F7574E2
:109EA0002065786365656473207468652076616CED
:109EB00069642072616E67652030782530347800DF
:109EC0004661696C656420746F20736574207265E7
:109ED0007175697265642073656375726974792040
:109EE0006C6576656C0000004E6F206368616E677C
:109EF0006520746F20656E6372797074696F6E206F
:109F000073746174652028656E6372797074203093
:109F100078253032782900005B305D004964656E39
:109F20007469747925733A20257300004964656E5D
:109F3000746974795B25645D3A2025730000000024
:109F40004843493A2076657273696F6E2025732005
:109F50002830782530327829207265766973696FE8
:109F60006E203078253034782C206D616E756661F6
:109F70006374757265722030782530347800000083
:109F80004C4D503A2076657273696F6E20257320B0
:109F900028307825303278292073756276657220F2
:109FA00030782530347800006576745F666C6167C0
:109FB000732026202831554C203C3C20283029296C
:109FC00000000000496E76616C696420627566204D
:109FD0007479706520257500536D617274526574D3
:109FE00061696E657250617463680000556E6162EC
:109FF0006C6520746F2073656E6420746F206472CA
:10A000006976657220286572722025642900000037
:10A0100009556E61626C6520746F20616C6C6F63B2
:10A0200020666F7220486F7374204E43500A000000
:10A0300009556E61626C6520746F2073656E6420D3
:10A04000486F7374204E4350202865727220256437
:10A05000290A0000556E61626C6520746F206C6F78
:10A060006F6B20757020636F6E6E20776974682047
:10A07000696E646578203078253032780000000001
:10A080004E6F74207265706F7274696E67207061B4
:10A09000636B657420666F72206E6F6E2D636F6EDA
:10A0A0006E656374656420636F6E6E004F75742017
:10A0B0006F6620636F6D6D616E64206275666665A4
:10A0C00072730000556E61626C6520746F20616C64
:10A0D0006C6F63617465206275666665720000006E
:10A0E000556E636C65617265642070656E64696E3F
:10A0F000672073656E745F636D64000073756363DE
:10A100006573730009636F6D6D616E64206F7063BA
:10A110006F6465203078253034782074696D656F00
:10A1200075740A0009436F6E74726F6C6C657220EF
:10A13000756E726573706F6E736976652C20636FD0
:10A140006D6D616E64206F70636F6465203078257B
:10A150003034782074696D656F7574207769746820
:10A16000206572722025640A000000006F70636F22
:10A170006465203078253034782073746174757389
:10A18000203078253032782025730000436F6E74BC
:10A19000726F6C6C657220746F20686F73742066C8
:10A1A0006C6F7720636F6E74726F6C206E6F7420AB
:10A1B000737570706F7274656400000056656E642C
:10A1C0006F722048434920657874656E73696F6EBD
:10A1D00073206E6F7420617661696C61626C6500DA
:10A1E000485720506C6174666F726D3A2025732059
:10A1F0002830782530347829000000004857205650
:10A20000617269616E743A20257320283078253098
:10A21000347829004669726D776172653A2025733A
:10A220002028307825303278292056657273696F7E
:10A230006E2025752E2575204275696C6420257564
:10A24000000000004661696C656420746F207265CF
:10A25000616420737570706F727465642076656ECA
:10A26000646F7220636F6D6D616E64730000000037
:10A270004661696C656420746F2072656164207347
:10A280007570706F727465642076656E646F72208D
:10A290006665617475726573000000004661696CE3
:10A2A000656420746F207265616420444C45206DA4
:10A2B00061782064617461206C656E0074785F6FF2
:10A2C000637465747320657863656564732074686E
:10A2D000652076616C69642072616E676520257502
:10A2E0000000000074785F74696D652065786365AF
:10A2F000656473207468652076616C69642072619E
:10A300006E676520257500004E6F6E2D4C452063ED
:10A31000617061626C6520636F6E74726F6C6C65E6
:10A3200072206465746563746564210041434C2048
:10A3300042522F4544522062756666657273206EE4
:10A340006F7420696E697469616C697A6564000074
:10A3500048434920647269766572206973206E6F84
:10A36000742072656164790042542052582057511C
:10A370000000000048434920647269766572206FCE
:10A3800070656E206661696C65642028256429000B
:10A390006576742D3E737461747573203D3D203075
:10A3A000783030004E6F2070656E64696E67206390
:10A3B0006F6E6E20666F7220706565722025730067
:10A3C000556E657870656374656420484F53545FBB
:10A3D0004E554D5F434F4D504C455445445F5041A1
:10A3E000434B4554532C207374617475732030783B
:10A3F0002530327820257300312E306200000000B5
:10A40000312E3100312E3200322E3000322E31000A
:10A41000332E3000342E3000342E3100342E3200F2
:10A42000352E3000352E3100352E3200352E3300DA
:10A43000352E3400362E30005374616E64617264C0
:10A4400020426C7565746F6F746820636F6E7472F0
:10A450006F6C6C657200000056656E646F722073DD
:10A460007065636966696320636F6E74726F6C6C8C
:10A47000657200004669726D77617265206C6F616C
:10A480006465720052657363756520696D61676507
:10A49000000000007265736572766564000000005C
:10A4A0006E524635317800006E52463532780000E3
:10A4B0006E524635337800006E5246353448780087
:10A4C0006E524635344C7800496E74656C20436F8B
:10A4D00072706F726174696F6E0000004E6F72640B
:10A4E00069632053656D69636F6E647563746F7221
:10A4F000000000004E58502053656D69636F6E6414
:10A500007563746F7273000062745F6863695F6380
:10A510006F72650038A4050058A4050074A40500F6
:10A5200084A4050094A40500A0A40500A8A4050027
:10A53000B0A40500B8A40500C0A4050094A40500BB
:10A54000C8A40500DCA40500F4A405000E03000067
:10A55000112602000F040000E52502001A01000088
:10A560004D050200050400002161040013010000F4
:10A57000AD090200FF010000A90C02003E0100002D
:10A58000390C020005040000510802000804000014
:10A59000A511020030030000E910020010010000C4
:10A5A0000D0B020001120000612502000A1E0000CE
:10A5B0006363040003090000A10E0200040B000005
:10A5C0003D090200060A0000D1180200070A000037
:10A5D000F90802000C050000B5080200050C000097
:10A5E0000D180200A4900500F0A50500470000002A
:10A5F000E4DC0220636D6420646973616C6C6F77C6
:10A600006564000053657420707269766163792017
:10A610006D6F646520636F6D6D616E64206973207A
:10A620006E6F7420737570706F72746564000000D3
:10A63000574553545F544F504449522F7A657068C0
:10A6400079722F7375627379732F626C7565746F8D
:10A650006F74682F686F73742F69642E6300000035
:10A66000636F6E666C69637420213D202828766FC5
:10A670006964202A29302900636F6E666C696374EF
:10A680002D3E63616E64696461746520213D2028FC
:10A6900028766F6964202A29302900007265736961
:10A6A00064656E7420213D202828766F6964202A15
:10A6B0002930290028636F6E666C6963742D3E63D0
:10A6C000616E6469646174652D3E737461746520A4
:10A6D000262042545F4B4559535F49445F414444EF
:10A6E000454429203D3D2030000000004661696C52
:10A6F000656420746F2072656164206964656E749E
:10A7000069747920726F6F74000000005265616493
:10A710002053746174696320416464726573736566
:10A720007320636F6D6D616E64206E6F742061764F
:10A7300061696C61626C65004661696C6564207476
:10A740006F20726561642073746174696320616451
:10A7500064726573736573004E6F207374617469FE
:10A7600063206164647265737365732073746F72C0
:10A77000656420696E20636F6E74726F6C6C6572B5
:10A78000000000004661696C656420746F2075707C
:10A790006461746520525041206164647265737312
:10A7A00020282564290000004E525041206E6F740D
:10A7B00020737570706F72746564207768656E20A1
:10A7C00042545F505249564143593D7900000000C0
:10A7D0004661696C656420746F2064697361626CA2
:10A7E000652061646472657373207265736F6C7544
:10A7F00074696F6E000000005265736F6C76696E4D
:10A8000067206C6973742073697A65206578636565
:10A81000656465642E20537769746368696E672088
:10A82000746F20686F73742E000000004661696CBD
:10A83000656420746F20636C656172207265736F4C
:10A840006C7574696F6E206C697374004661696C15
:10A85000656420746F206164642049524B20746FDA
:10A8600020636F6E74726F6C6C6572004661696C08
:10A87000656420746F2073657420707269766163FB
:10A8800079206D6F6465000062745F6465762E6C7C
:10A89000652E726C5F656E7472696573203E203040
:10A8A0000000000044697361626C696E6720616436
:10A8B0006472657373207265736F6C7574696F6E03
:10A8C000206661696C6564202865727220256429A0
:10A8D000000000004661696C656420746F20726539
:10A8E0006D6F76652049524B2066726F6D20636FE5
:10A8F0006E74726F6C6C6572000000004F6E6C7944
:10A900002072616E646F6D20737461746963206975
:10A9100064656E7469747920616464726573732010
:10A92000737570706F72746564000000496E7661B3
:10A930006C696420696E70757420706172616D65F8
:10A9400074657273000000004661696C6564207470
:10A950006F2072656164207075626C696320616448
:10A96000647265737300000043616E277420736521
:10A970007420626F7468204944454E5449545920EC
:10A9800026204E5250410000556E61626C65207465
:10A990006F20736574206964656E746974792061D1
:10A9A0006464726573730000556E61626C65207437
:10A9B0006F207365742072616E646F6D20616464D2
:10A9C000726573730000000062745F6964000000C8
:10A9D000546F6F2062696720616476657274697371
:10A9E000696E672064617461000000004661696CF3
:10A9F000656420746F20737461727420616476657D
:10AA000072746973657200004E6F2076616C6964C0
:10AA1000206C656761637920616476004661696CCA
:10AA2000656420746F2073746F7020616476657242
:10AA3000746973696E673A2025640000436F6E7411
:10AA4000726F6C6C65722063616E6E6F74207265DC
:10AA500073756D6520636F6E6E65637461626C659E
:10AA6000206164766572746973696E672028256455
:10AA70002900000062745F616476000057455354FA
:10AA80005F544F504449522F7A65706879722F692C
:10AA90006E636C7564652F7A65706879722F73794F
:10AAA000732F627974656F726465722E680000009E
:10AAB000282870737263203C2070647374202626EB
:10AAC000202870737263202B206C656E6774682970
:10AAD000203C3D207064737429207C7C2028707396
:10AAE0007263203E207064737420262620287064D0
:10AAF0007374202B206C656E67746829203C3D20A0
:10AB0000707372632929000009536F7572636520A1
:10AB1000616E642064657374696E6174696F6E2020
:10AB200062756666657273206D757374206E6F74DE
:10AB3000206F7665726C61700A0000007073615F4F
:10AB400063727970746F5F696E6974282920666119
:10AB5000696C6564202564007073615F67656E656C
:10AB6000726174655F72616E646F6D282920666121
:10AB7000696C6564202564004661696C65642074B5
:10AB80006F20696D706F727420414553206B657939
:10AB90002025640041455320656E637279707469A5
:10ABA0006F6E206661696C6564202564000000009A
:10ABB0004661696C656420746F2064657374726F9C
:10ABC0007920414553206B65792025640000000001
:10ABD00062745F686F73745F63727970746F000082
:10ABE0004661696C656420746F2067656E6572618B
:10ABF000746520454343206B65792025640000007F
:10AC00004661696C656420746F206578706F72743A
:10AC100020454343207075626C6963206B65792021
:10AC2000256400004661696C656420746F20657856
:10AC3000706F727420454343207072697661746549
:10AC4000206B6579202564004661696C6564207419
:10AC50006F2064657374726F7920454343206B6580
:10AC600079204944202564004661696C656420743C
:10AC70006F20696D706F72742074686520707269DE
:10AC800076617465206B657920666F72206B6579DB
:10AC90002061677265656D656E7420256400000033
:10ACA000526177206B65792061677265656D656EAD
:10ACB00074206661696C6564202564004661696C76
:10ACC000656420746F2064657374726F7920746892
:10ACD00065206B6579202564000000007073615F5A
:10ACE000696D706F72745F6B657928292072657465
:10ACF00075726E65642073746174757320256400C9
:10AD00004275737920706572666F726D696E672027
:10AD1000616E6F746865722045434448206F7065AA
:10AD2000726174696F6E0000E69D350E480103CCB8
:10AD3000DBFDF4AC1191F4EFB9A5F9E9A7832C5E22
:10AD40002CBE97F2D203B0208BD28915D08E1C7402
:10AD50002430ED8FC24563765C15525ABF9A326338
:10AD60006DEB2A65499C80DC62745F65636300005B
:10AD7000646973636F6E6E656374656400000000E0
:10AD8000646973636F6E6E6563742D636F6D706C51
:10AD9000657465007363616E2D6265666F72652D03
:10ADA000696E6974696174696E670000696E6974BF
:10ADB000696174696E672D66696C7465722D6C6962
:10ADC000737400006164762D636F6E6E65637461E9
:10ADD000626C65006164762D6469722D636F6E6EBE
:10ADE00065637461626C6500646973636F6E6E6540
:10ADF0006374696E6700000028756E6B6E6F776E06
:10AE000029000000574553545F544F504449522F76
:10AE10007A65706879722F7375627379732F626CBB
:10AE20007565746F6F74682F686F73742F636F6EBE
:10AE30006E2E63006362203C3D205F62745F636F2F
:10AE40006E6E5F63625F6C6973745F656E64000051
:10AE500009496E76616C696420636F6E6E2073744D
:10AE60006174652025750A006B5F63757272656E8B
:10AE7000745F6765742829203D3D206B5F776F7292
:10AE80006B5F71756575655F7468726561645F6736
:10AE900065742874785F6E6F746966795F776F7216
:10AEA0006B71756575655F676574282929000000F9
:10AEB0007478000069735F61636C5F636F6E6E2806
:10AEC000636F6E6E290000004661696C65642072D4
:10AED0006561642072656D6F746520666561747567
:10AEE0007265732028256429000000004661696CA2
:10AEF0006564204C4520536574205048592028250E
:10AF0000642900004661696C656420746F20736574
:10AF1000742064617461206C656E202825642900AA
:10AF20002162745F6275665F6861735F76696577D9
:10AF3000286F75747369646529000000094E6F20DD
:10AF4000636F6E74726F6C6C657220627566730AE3
:10AF500000000000094E6F20545820636F6E746526
:10AF600078740A0030207C7C20286275662D3E7241
:10AF70006566203D3D203129000000006672616752
:10AF800020213D202828766F6964202A2930290055
:10AF900009496E76616C696420636F6E6E656374D7
:10AFA000696F6E20747970652025750A00000000B5
:10AFB00009636F756C646E2774207375626D6974B4
:10AFC0002028657272202564290A0000556E657874
:10AFD000706563746564206669727374204C3243D3
:10AFE0004150206672616D6500000000556E657805
:10AFF000706563746564204C3243415020636F6E0A
:10B0000074696E756174696F6E0000004E6F742014
:10B01000656E6F756768206275666665722073700D
:10B0200061636520666F72204C3243415020646139
:10B0300074610000556E65787065637465642041C5
:10B04000434C20666C616773202830782530327855
:10B050002900000041434C206C656E206D69736DC2
:10B060006174636820282575203E2025752900001D
:10B070006275662D3E726566203D3D203100000000
:10B08000096275662D3E7265662025640A0000001F
:10B09000746D7020213D20636F6E6E007072657656
:10B0A00020213D2026636F6E6E2D3E5F636F6E6EB6
:10B0B0005F7265616479000009496E76616C69644C
:10B0C00020636F6E6E656374696F6E20726566656E
:10B0D00072656E63650A00006F6C64203E2030006C
:10B0E00009436F6E6E207265666572656E636520DA
:10B0F000636F756E74657220697320300A000000FA
:10B100006E6F207472616E736974696F6E2025733F
:10B1100000000000496E76616C696420282575295D
:10B12000206F6C642073746174650000636F6E6ED1
:10B13000202570206661696C656420746F206573DA
:10B140007461626C6973682E205246206E6F697359
:10B15000653F00006E6F2076616C6964202825755C
:10B16000292073746174652077617320736574009E
:10B17000696E636F6D70617469626C652068616E81
:10B18000646C652025750000696E646578203E3D1D
:10B19000203020262620696E646578203C202828EF
:10B1A00073697A655F742920282828696E742920BC
:10B1B00073697A656F6628636861725B31202D2040
:10B1C00032202A202128215F5F6275696C74696EC4
:10B1D0005F74797065735F636F6D70617469626CC1
:10B1E000655F70285F5F747970656F665F5F286167
:10B1F000636C5F636F6E6E73292C205F5F74797070
:10B20000656F665F5F28262861636C5F636F6E6E93
:10B2100073295B305D2929295D29202D20312920C2
:10B220002B202873697A656F662861636C5F636F92
:10B230006E6E7329202F2073697A656F66282861E6
:10B24000636C5F636F6E6E73295B305D29292929FA
:10B250000000000009496E76616C69642062745FC9
:10B26000636F6E6E20706F696E7465720A00000005
:10B2700054696D656F757420646973636172646588
:10B28000642E204E6F20626C6F636B696E6720695D
:10B290006E2073797377712E00000000556E616225
:10B2A0006C6520746F20616C6C6F636174652062E3
:10B2B00075666665722077697468696E2074696D59
:10B2C000656F75740000000009496E76616C6964F1
:10B2D00020636F6E6E20747970652025750A0000FA
:10B2E000636F6E6E2025703A206E6F7420636F6EF0
:10B2F0006E65637465640000466174616C206572FC
:10B30000726F7220282564292E20446973636F6E42
:10B310006E656374696E672025700000466F756EF8
:10B32000642076616C696420636F6E6E6563746916
:10B330006F6E202825702920776974682061646405
:10B340007265737320257320696E202573207374D2
:10B35000617465200000000053656E64204C452038
:10B36000706172616D2075706461746520666169D9
:10B370006C65642028657272202564290000000035
:10B3800053656E64206175746F204C452070617246
:10B39000616D20757064617465206661696C6564B7
:10B3A000202865727220256429000000A490050001
:10B3B000B8B3050000000000C4E00220A49005001E
:10B3C000C8B30500000100008CE1022062745F63D5
:10B3D0006F6E6E00574553545F544F504449522F7F
:10B3E0007A65706879722F7375627379732F626CE6
:10B3F0007565746F6F74682F686F73742F6C326328
:10B4000061702E630000000073203D3D20266C65B6
:10B410005F6368616E2D3E5F7064755F7265616425
:10B42000790000006F6C64004E6F20617661696C7A
:10B4300061626C65204C3243415020636F6E7465CD
:10B44000787420666F7220636F6E6E202570000026
:10B45000546F6F20736D616C6C204C4520636F6E70
:10B460006E20706172616D2072737000556E616242
:10B470006C6520746F20616C6C6F63617465204C27
:10B4800032434150206368616E6E656C2049440010
:10B49000666368616E203C3D205F62745F6C32635E
:10B4A00061705F66697865645F6368616E5F6C692F
:10B4B00073745F656E640000556E61626C65207424
:10B4C0006F20616C6C6F6361746520627566666580
:10B4D0007220666F72206F702030782530327800CD
:10B4E000457870656374696E6720757020746F208D
:10B4F000256420726566732C20676F7420256400B4
:10B50000616C726561647920686176652076696531
:10B5100077206F6E2025700062203D3D207064759D
:10B5200000000000546F6F20736D616C6C204C3212
:10B53000434150207369676E616C696E67205044A7
:10B54000550000004C32434150206C656E677468B2
:10B55000206D69736D617463682028257520213D15
:10B560002025752900000000496E76616C69642011
:10B570006964656E742076616C756520696E204C17
:10B5800032434150205044550000000052656A6526
:10B590006374696E6720756E6B6E6F776E204C32C8
:10B5A0004341502050445520636F64652030782516
:10B5B00030327800546F6F20736D616C6C204C32A8
:10B5C0004341502050445520726563656976656437
:10B5D0000000000049676E6F72696E6720646174D5
:10B5E0006120666F7220756E6B6E6F776E20636878
:10B5F000616E6E656C2049442030782530347800C7
:10B60000F36F0400F56F040000000000000000006C
:10B61000000000001D6202000000000000000000A9
:10B62000000000000000000062745F6C3263617013
:10B6300000000000415454206368616E6E656C2008
:10B640006E6F7420636F6E6E6563746564000000D6
:10B650004E6F7420636F6E6E6563746564000000E6
:10B66000556E61626C6520746F2066696E6420415E
:10B670005454206368616E6E656C00004E6F2061EB
:10B680007661696C61626C65204154542063686125
:10B690006E6E656C20666F7220636F6E6E20257013
:10B6A000000000004E6F20617661696C61626C651C
:10B6B0002041545420636F6E7465787420666F72F5
:10B6C00020636F6E6E20257000000000556E616271
:10B6D0006C6520746F2063726561746520555549EF
:10B6E000443A2073697A652025750000556E6162C1
:10B6F0006C6520746F2063726561746520555549CF
:10B70000443A2073697A65202564000057455354F4
:10B710005F544F504449522F7A65706879722F7385
:10B7200075627379732F626C7565746F6F74682FAF
:10B73000686F73742F6174742E6300006E65745F9C
:10B740006275665F706F6F6C5F676574286275669F
:10B750002D3E706F6F6C5F696429203D3D2026612E
:10B7600074745F706F6F6C006275662D3E6C656EF1
:10B77000203E3D2073697A656F6628737472756325
:10B78000742062745F6174745F68647229000000E1
:10B790004572726F72207369676E696E67206461AB
:10B7A0007461000052616E206F7574206F662054C2
:10B7B000582062756666657273206F7220636F6EC3
:10B7C00074657874732E00006368616E0000000079
:10B7D000726571007265712D3E66756E63000000C2
:10B7E000216368616E2D3E72657100002162745F95
:10B7F0006174745F69735F656E68616E6365642808
:10B800006174745F6368616E29000000476F742083
:10B810006572722025642C206E6F742063616C6CDD
:10B82000696E6720415454206362000009556E6BB5
:10B830006E6F776E206F7020747970652030782578
:10B840003032580A00000000415454204D54552015
:10B8500065786365656465642C206D617820257565
:10B860002C2077616E74656420257A7500000000D5
:10B87000546F6F20736D616C6C20415454205044A0
:10B88000552072656365697665640000556E686170
:10B890006E646C65642041545420636F646520308D
:10B8A0007825303278000000496E76616C6964203A
:10B8B0006C656E20257520666F7220636F6465204D
:10B8C00030782530327800004E6F20415454206388
:10B8D00068616E6E656C20666F72204D5455202530
:10B8E0007A7500004E6F2070656E64696E67204146
:10B8F000545420726571756573740000415454206E
:10B9000054696D656F757420666F72206465766921
:10B9100063652025732E20446973636F6E6E6563C3
:10B9200074696E672E2E2E00446973636F6E6E65A8
:10B930006374696E67206661696C6564202865724E
:10B94000722025642900000002020100FB7E040031
:10B9500004040100C17E0400060601003B7E0400D1
:10B9600008040100777D04000A0201005D7D0400E7
:10B970000C040100437D04000E0401000973020061
:10B980002004010069720200100401009D7C040083
:10B9900012020100277C04001604010093730400C6
:10B9A00018010100977304001E0004008B8004003E
:10B9B00052020000FD7B040001040200C576020073
:10B9C00003020200578004000501020049800400C0
:10B9D000070402003B800400090102002D800400DE
:10B9E0000B0002001F8004000D0002001180040003
:10B9F0000F0002000380040021020200F57F040012
:10BA000011010200E77F040013000200D97F040047
:10BA100017040200CB7F040019000200BD7F040060
:10BA20001B020300497404001D020500917B040001
:10BA30002304030037740400A490050044BA0500F1
:10BA4000020100006CEF022062745F6174740000F8
:10BA5000434D414320757064617465206661696C73
:10BA60006564202564000000556E61626C65207479
:10BA70006F20696D706F727420746865206B6579D2
:10BA800020666F722041455320434D414320256479
:10BA900000000000434D4143206F7065726174697E
:10BAA0006F6E20696E6974206661696C656420251B
:10BAB00064000000434D41432066696E697368204D
:10BAC0006661696C6564202564000000756E6162C2
:10BAD0006C6520746F20736176652053433A206E45
:10BAE0006F20636667206C65667400004E6F20737C
:10BAF0007061636520746F2073746F726520436C8E
:10BB000069656E7420537570706F72746564204639
:10BB100065617475726573004661696C6564207453
:10BB20006F20636C65617220534320256400000020
:10BB3000574553545F544F504449522F7A657068AB
:10BB400079722F7375627379732F626C7565746F78
:10BB50006F74682F686F73742F676174742E63003D
:10BB6000737663203C3D205F62745F676174745F2D
:10BB7000736572766963655F7374617469635F6C22
:10BB80006973745F656E6400676174745F73756276
:10BB90005F69735F656D7074792873756229000041
:10BBA0004E6F20737061636520746F2073746F72C1
:10BBB000652043434320636667000000636F6E6E39
:10BBC00020257020706172616D7320257020726570
:10BBD000737562206661696C6564202865727220E5
:10BBE000256429007376630009696E76616C696467
:10BBF00020706172616D65746572730A0A000000DD
:10BC000076616C75655F6C656E206F6620257520AA
:10BC100070726F766964656420666F72204E554C51
:10BC20004C2076616C7565007374617469635F7331
:10BC30007663203C3D205F62745F676174745F735C
:10BC40006572766963655F7374617469635F6C695B
:10BC500073745F656E640000556E61626C6520747C
:10BC60006F2072656769737465722068616E646CB9
:10BC70006520307825303478000000007376632D1D
:10BC80003E617474727300007376632D3E61747448
:10BC9000725F636F756E740009696E76616C6964BA
:10BCA00020706172616D657465720A0A000000009F
:10BCB00052656164206D6574686F64206E6F7420D6
:10BCC000736574004661696C656420746F207265E9
:10BCD00061642061747472696275746520257020D6
:10BCE0002865727220257A6429000000496E766109
:10BCF0006C69642072656164206C656E6774683A73
:10BD000020257A6400000000094E6F206D6F726577
:10BD100020617474726962757465730A0A000000A8
:10BD20004C696E6B206973206E6F7420656E637250
:10BD30007970746564000000446576696365206904
:10BD400073206E6F742073756273637269626564C9
:10BD500020746F20636861726163746572697374C3
:10BD6000696300004E6F20627566666572206176B9
:10BD700061696C61626C6520746F2073656E64200C
:10BD8000696E6469636174696F6E000070617261ED
:10BD90006D730000706172616D732D3E6174747219
:10BDA000207C7C20706172616D732D3E75756964B5
:10BDB000000000002161746F6D69635F74657374C6
:10BDC0005F6269742873632D3E666C6167732C2013
:10BDD00053435F494E4449434154455F50454E44A7
:10BDE000494E47290000000009496E646963617487
:10BDF0006520616C72656164792070656E64696E3E
:10BE0000670A0000534320726573746F726520697E
:10BE10006E6469636174696F6E206661696C6564E4
:10BE200000000000434343202570206E6F7420778C
:10BE300072697461626C65004E6F2062756666653A
:10BE40007220617661696C61626C6520746F207329
:10BE5000656E64206E6F74696669636174696F6E84
:10BE600000000000706172616D73202626207061F1
:10BE700072616D732D3E66756E630000496E76616A
:10BE80006C69642068616E646C65000042616420C6
:10BE9000706565723A2041545420726561642D6268
:10BEA000792D75756964207273703A2048616E64EB
:10BEB0006C6520307825303478206973206F757474
:10BEC0007369646520726571756573746564207249
:10BED000616E6765203078253034782D30782530D4
:10BEE00034782E2041626F7274696E6720726561CA
:10BEF000642E00004661696C656420746F20756E65
:10BF00007375627363726962652028657272202599
:10BF100064290000496E76616C6964206461746113
:10BF2000206C656E202575203E20257500000000E0
:10BF30004661696C656420746F2073657420736555
:10BF400063757269747920666F7220626F6E6465C2
:10BF500064207065657220282564290062742F634F
:10BF60006363000062745F676174740038C0050029
:10BF7000F78B04000000000034C005000000010041
:10BF800030C00500AD8C040000000000D82900205E
:10BF90000000010028C005000000000000000000B3
:10BFA000000000000000000024C005002F8C0400E9
:10BFB00085800200E02900200000030020C0050069
:10BFC000AD8C040000000000D0290020000001001A
:10BFD00018C00500BB8B0400F17C020000000000CB
:10BFE0000000030014C00500AD8C04000000000038
:10BFF000C8290020000001000CC00500998602003D
:10C0000000000000000000000000010000002A2BDA
:10C0100000002A2B000003280000292B0000292BF8
:10C0200000000328000002290000052A0000052A5C
:10C03000000003280000011800000028F0C00500DF
:10C04000F78B040000000000ECC0050000000100B8
:10C05000E8C00500AD8C040000000000642A002048
:10C0600000000100E0C00500838B04000000000018
:10C070000000000000000100DCC00500AD8C0400E1
:10C08000000000005C2A002000000100D4C0050070
:10C090004F8B0400000000000000000000000100C1
:10C0A000D0C00500AD8C040000000000542A002020
:10C0B00000000100C8C005001D8B04000000000046
:10C0C00000000000000001000000042A0000042A13
:10C0D000000003280000012A0000012A00000328B4
:10C0E0000000002A0000002A0000032800000018B9
:10C0F00000000028556E61626C6520746F206669CF
:10C100006E6420534D50206368616E6E656C000054
:10C110004E6F20617661696C61626C6520534D5091
:10C1200020636F6E7465787420666F7220636F6E23
:10C130006E20257000000000556E6B6E6F776E20CC
:10C1400070616972696E67206D6574686F6420281C
:10C150002575290043616C63756C61746520636F9C
:10C160006E6669726D206661696C6564000000002E
:10C17000574553545F544F504449522F7A65706865
:10C1800079722F7375627379732F626C7565746F32
:10C190006F74682F686F73742F736D702E63000057
:10C1A000757365725F64617461203D3D2028287657
:10C1B0006F6964202A2930290000000043616C6304
:10C1C000756C617465204C544B206661696C6564C4
:10C1D0000000000043616C63756C617465206C6FD6
:10C1E00063616C2044484B657920636865636B200C
:10C1F0006661696C6564000043616C63756C6174B1
:10C20000652072656D6F74652044484B65792063C5
:10C210006865636B206661696C6564004661696C82
:10C22000656420746F2067656E6572617465204473
:10C23000484B65790000000052656D6F7465207091
:10C2400075626C6963206B65792072656A656374D9
:10C25000656400004E6F206B6579732073706163B5
:10C260006520666F7220257300000000556E6162C4
:10C270006C6520746F20616C6C6F6361746520491C
:10C2800064656E7420496E666F20627566666572BD
:10C2900000000000556E61626C6520746F20616C57
:10C2A0006C6F63617465204964656E7420416464D9
:10C2B0007220496E666F20627566666572000000C6
:10C2C00052656D6F7465206973207573696E6720A0
:10C2D0004465627567205075626C6963206B65798F
:10C2E00000000000526563656976656420696E76BA
:10C2F000616C6964207075626C6963206B6579009C
:10C30000556E61626C6520746F20676574206B6583
:10C31000797320666F722025730000002128736DE9
:10C32000702D3E72656D6F74655F6469737420264D
:10C3300020307830322900005265667573696E6767
:10C34000206E65772070616972696E672E2054686F
:10C3500065206F6C6420626F6E64206D757374204D
:10C36000626520756E7061697265642066697273BA
:10C37000742E00002162745F69645F66696E645F99
:10C38000636F6E666C696374286E65775F626F6E4B
:10C390006429000054686520696E2D70726F6772A1
:10C3A0006573732070616972696E672068617320BC
:10C3B0006265656E2064656C6574656421000000CB
:10C3C000534D5020646F6573206E6F7420616C6CE8
:10C3D0006F7720612070616972696E67206661699C
:10C3E0006C757265206174207468697320706F6960
:10C3F0006E742E204B6E6F776E2069737375652E89
:10C4000020446973636F6E6E656374696E6720693B
:10C410006E73746561642E005075626C6963206B85
:10C420006579206E6F7420617661696C61626C65FC
:10C4300000000000546F6F20736D616C6C20534DD1
:10C44000502050445520726563656976656400002C
:10C45000534D5020636F6D6D616E642028636F646F
:10C4600065203078253032782920726563656976D9
:10C4700065642061667465722074696D656F75749A
:10C48000000000005265636569766564207265731B
:10C49000657276656420534D5020636F646520306B
:10C4A0007825303278000000556E68616E646C65E6
:10C4B0006420534D5020636F6465203078253032FE
:10C4C00078000000556E657870656374656420536C
:10C4D0004D5020636F64652030782530327800003D
:10C4E000496E76616C6964206964656E74697479FB
:10C4F0002025730020666F722025730070616972B9
:10C50000696E67206661696C656420287065657274
:10C5100020726561736F6E203078257829000000E5
:10C52000094E6F20534D50206368616E6E656C201C
:10C53000666F756E640A0000534D502054696D6536
:10C540006F75740053432050616972204F6E6C798F
:10C55000204D6F64652073656C656374656420624B
:10C560007574204C45205343206E6F742073757092
:10C57000706F72746564000079AB02003F9904002B
:10C580000198040000000000000000002DAE020031
:10C59000000000000000000000000000000000009B
:10C5A0000000000000000000CDA402000600000012
:10C5B0002190040006000000F59E0200100000001B
:10C5C000CDA902001000000079B1020001000000B6
:10C5D00019900400100000001D9004000A000000E3
:10C5E000A5A8020010000000BDAF02000700000077
:10C5F0005D90040010000000619004000100000044
:10C6000081A70200400000004F94040010000000C9
:10C6100083900400010000000000010001000301FC
:10C6200000030202010002000000000002030100FA
:10C630000300000062745F736D700000574553542F
:10C640005F544F504449522F7A65706879722F7346
:10C6500075627379732F626C7565746F6F74682F70
:10C66000686F73742F6B6579732E630061646472F5
:10C6700020213D202828766F6964202A293029004E
:10C6800066756E6320213D202828766F6964202A14
:10C69000293029006B65797320213D202828766F89
:10C6A0006964202A2930290062745F6B6579730000
:10C6B0006C888391AAF5A53860370BDB5A6083BE7E
:10C6C00062745F63727970746F0000004661696C18
:10C6D000656420746F20636F6D70757465204D41C3
:10C6E00043202564000000006D6375626F6F745F06
:10C6F00064667500414443207265736F6C7574699C
:10C700006F6E2076616C7565202564206973206EDC
:10C710006F742076616C6964000000004F7665726A
:10C7200073616D706C696E672069732073757070CA
:10C730006F7274656420666F722073696E676C65D2
:10C74000206368616E6E656C206F6E6C790000000E
:10C750004F76657273616D706C696E672076616C7F
:10C760007565202564206973206E6F742076616C76
:10C770006964000050726F76696465642062756652
:10C7800066657220697320746F6F20736D616C6CC5
:10C79000202825752F2575290000000053656C653C
:10C7A0006374656420414443206761696E20697346
:10C7B000206E6F742076616C6964000053656C654F
:10C7C0006374656420414443207265666572656EDA
:10C7D0006365206973206E6F742076616C696400F4
:10C7E00053656C65637465642041444320616371E3
:10C7F0007569736974696F6E2074696D65206973FA
:10C80000206E6F742076616C69640000496E7661F9
:10C810006C69642073656C656374696F6E206F6604
:10C82000206368616E6E656C730000004368616E22
:10C830006E656C202575206E6F7420636F6E66695F
:10C840006775726564000000616463406530303074
:10C8500000000000616463006164635F6E7266786B
:10C860005F736161646300006CC805000100000033
:10C8700054C80500556E6B6E6F776E2074797065C5
:10C88000202575004661696C656420746F207365AE
:10C890006E64202865727220256429004E6F742012
:10C8A000656E6F756768206461746120666F7220C1
:10C8B0006576656E742068656164657200000000CD
:10C8C0004576656E74207061796C6F6164206C656B
:10C8D0006E677468206973206E6F7420636F727264
:10C8E00065637400436F756C646E277420616C6CB3
:10C8F0006F63617465206120627566666572206190
:10C90000667465722077616974696E6720313020C2
:10C910007365636F6E64732E000000004E6F7420A9
:10C92000656E6F75676820737061636520696E203E
:10C9300062756666657220257A752F257A75000006
:10C940004E6F7420656E6F75676820646174612036
:10C95000666F722041434C20686561646572000017
:10C960004E6F20617661696C61626C652041434C59
:10C9700020627566666572732100000041434C2099
:10C980007061796C6F6164206C656E677468206992
:10C9900073206E6F7420636F7272656374000000A1
:10C9A0004E6F7420656E6F756768206461746120D6
:10C9B000666F722049534F2068656164657200009C
:10C9C0004E6F20617661696C61626C652049534FDE
:10C9D00020627566666572732028257A75292100A4
:10C9E00049534F207061796C6F6164206C656E678C
:10C9F0007468206973206E6F7420636F7272656350
:10CA000074000000556E6B6E6F776E2048434920AE
:10CA10007479706520257500484349207472616EF1
:10CA200073706F7274207365747570206661696CC1
:10CA3000656420776974683A2025640A0000000064
:10CA4000495043207365727669636520696E73741B
:10CA5000616E636520696E697469616C697A61747D
:10CA6000696F6E206661696C65643A2025640A000E
:10CA70005265676973746572696E6720656E64706C
:10CA80006F696E74206661696C656420776974688B
:10CA900020256400456E64706F696E742062696E53
:10CAA00064696E67206661696C6564207769746883
:10CAB0002025640044657265676973746572696EE8
:10CAC000672048434920656E64706F696E74206604
:10CAD00061696C656420776974683A202564000098
:10CAE000436C6F73696E672049504320736572769B
:10CAF000696365206661696C656420776974683A6A
:10CB000020256400484349207472616E73706F720F
:10CB1000742074656172646F776E206661696C65FC
:10CB20006420776974683A202564000062745F6845
:10CB300063695F69706330006E72665F62745F681C
:10CB40006369000062745F6863695F647269766537
:10CB50007200000058CB0500010000002CCB05003E
:10CB6000574553545F544F504449522F6D6F64756D
:10CB70006C65732F68616C2F6E6F726469632F6EC2
:10CB80007266782F68616C2F6E72665F7370752E97
:10CB9000680000002128705F7265672D3E4558547B
:10CBA000444F4D41494E5B646F6D61696E5F6964CE
:10CBB0005D2E5045524D20262028307831554C208E
:10CBC0003C3C202838554C292929000062745F68B4
:10CBD00063695F6E726635335F737570706F727400
:10CBE00000000000574553545F544F504449522FA2
:10CBF0006D6F64756C65732F68616C2F6E6F7264F6
:10CC000069632F6E7266782F68616C2F6E72665F33
:10CC1000636C6F636B2E6800574553545F544F50DD
:10CC20004449522F7A65706879722F64726976650B
:10CC300072732F636C6F636B5F636F6E74726F6C74
:10CC40002F636C6F636B5F636F6E74726F6C5F6E7C
:10CC500072662E630000000074797065203C2043EA
:10CC60004C4F434B5F434F4E54524F4C5F4E5246D6
:10CC70005F545950455F434F554E54002DC7020035
:10CC80004DC9020000000000636C6F636B403530DB
:10CC900030300000636C6F636B0000006866636C8B
:10CCA0006B0000006C66636C6B0000006866636C70
:10CCB0006B3139326D0000006866636C6B617564BE
:10CCC000696F0000636C6F636B5F636F6E74726F8C
:10CCD0006C000000D8CC05000100000094CC0500D9
:10CCE00051C8020061C702009CCC0500379F0400B8
:10CCF0005F9F0400A4CC05002D9F0400559F0400F5
:10CD0000ACCC0500239F04004B9F0400B8CC050069
:10CD1000656E74726F70795F62745F68636900003A
:10CD2000726E675F686369002CCD0500010000002A
:10CD300020CD0500574553545F544F504449522F5E
:10CD40006E72662F647269766572732F656E747287
:10CD50006F70792F656E74726F70795F636333786B
:10CD6000782E630064657620213D202828766F693F
:10CD700064202A29302900006275666665722021C8
:10CD80003D202828766F6964202A29302900000078
:10CD900063727970746F403530383434303030001D
:10CDA00063727970746F63656C6C0000B0CD0500C0
:10CDB00001000000A0CD05000DCE02000000000023
:10CDC000574553545F544F504449522F7A65706809
:10CDD00079722F647269766572732F666C617368FD
:10CDE0002F6A6573643231362E63000028696478D7
:10CDF000203E2030292026262028696478203C3DCA
:10CE000020342900756E616C69676E656420616409
:10CE100064726573733A2030782530386C783A251F
:10CE20007A750000696E76616C6964206164647271
:10CE30006573733A2030782530386C783A257A75E6
:10CE4000000000006E6F7420776F72642D616C6952
:10CE5000676E65643A2030782530386C783A257AE8
:10CE600075000000666C6173682D636F6E74726F7D
:10CE70006C6C65724033393030300000666C617321
:10CE8000685F636F6E74726F6C6C65720000000097
:10CE9000666C6173685F6E7266000000A0CE05006C
:10CEA000010000007CCE05000400000000FF00002F
:10CEB00025733A20257520256369427920666C61C7
:10CEC0007368000042465020666C61736820736985
:10CED0007A65206D69736D61746368207769746821
:10CEE000206465766963657472656500556E61627C
:10CEF0006C6520746F20656E74657220342D6279C4
:10CF00007465206D6F64653A2025640A0000000096
:10CF10006465766963652073697A65202575206D7F
:10CF200069736D6174636820257A75202A20257ADB
:10CF30007520427920706167657300004661696CF5
:10CF4000656420746F2065786974204450442028FB
:10CF50002564290057616974696E6720756E74696C
:10CF60006C20666C617368206973207265616479F6
:10CF7000000000004661696C656420746F20776171
:10CF8000697420756E74696C20666C6173682069C1
:10CF900073207265616479202825642900000000EF
:10CFA0004A454445432049442072656164206661D6
:10CFB000696C65643A202564000000004465766968
:10CFC000636520696420253032782025303278204E
:10CFD0002530327820646F6573206E6F74206D6128
:10CFE00074636820636F6E6669672025303278202D
:10CFF00025303278202530327800000042502063FE
:10D000006C656172206661696C65643A2025640A0A
:10D010000000000053464450207265616420666140
:10D02000696C65643A202564000000006C61796FCA
:10D030007574207365747570206661696C65643AF7
:10D04000202564006D7832357236343335664030D1
:10D05000000000006D783235723634007370695FFD
:10D060006E6F720068D005000100000054D005000A
:10D070005C1F0500408AF701000100006C1E0500DE
:10D080000B0001000000000000008000000800000C
:10D0900000100000C2281710A8D0050000000100F1
:10D0A0000000010002000000E520F1FFFFFFFF0388
:10D0B00044EB086B083B04BBEEFFFFFFFFFF00FFE4
:10D0C000FFFF00FF0C200F5210D800FF2372F50065
:10D0D00082ED04CC4483684430B030B0F7C4D55CF2
:10D0E00000BE29FFF0D0FFFF0100000000FF00009C
:10D0F000574553545F544F504449522F7A657068D6
:10D1000079722F696E636C7564652F7A65706879C2
:10D11000722F647269766572732F6770696F2F67FB
:10D1200070696F5F7574696C732E680063616C6CF5
:10D130006261636B00000000094E6F2063616C6CDC
:10D140006261636B210A000063616C6C6261636BF6
:10D150002D3E68616E646C6572000000094E6F20A0
:10D1600063616C6C6261636B2068616E646C657294
:10D17000210A000063622D3E68616E646C65720076
:10D18000574553545F544F504449522F7A65706845
:10D1900079722F647269766572732F6770696F2F69
:10D1A0006770696F5F6E7266782E630065727220B9
:10D1B0003D3D204E5246585F53554343455353001F
:10D1C0006770696F40383432383030006770696F8B
:10D1D000310000006770696F4038343235303000FC
:10D1E0006770696F30000000ECD10500010000009D
:10D1F000CCD10500FFFF0000002884500000000093
:10D200000100000000D000500000000010D2050016
:10D2100001000000E0D10500FFFFFFFF0025845062
:10D22000000000000000000000D0005000000000DE
:10D230004E65656420746F20757365207468652081
:10D24000696E7465726E616C2064726976657220B5
:10D2500062756666657220627574206974732073E6
:10D26000697A6520697320696E737566666963699A
:10D27000656E7420282575202B202575203E2025DD
:10D2800075292E2041646A75737420746865207A4C
:10D2900065706879722C636F6E6361742D62756658
:10D2A0002D73697A65206F72207A65706879722CA7
:10D2B000666C6173682D6275662D6D61782D73697A
:10D2C0007A652070726F7065727479202874686551
:10D2D000206F6E6520776974682067726561746578
:10D2E000722076616C75652920696E2074686520EE
:10D2F00022257322206E6F64652E00006932634020
:10D300003930303000000000693263310000000025
:10D3100061726475696E6F5F693263006932635F61
:10D320006E7266785F7477696D00000030D3050017
:10D330000200000008D3050010D305000090005043
:10D340000000000000000000000000000000400697
:10D3500000000101DDD9020010000000ABAB0400A9
:10D360006CD30500306D0020FFFF000000900050DE
:10D3700078D305000100000080D305000200000002
:10D380002E06000B2F06000C756E737570706F7291
:10D390007465642073706565640000005472796977
:10D3A0006E6720746F207472616E73666572206D93
:10D3B0006F7265207468616E20746865206D617895
:10D3C000696D756D2073697A6520666F7220746867
:10D3D0006973206465766963653A202564203E2080
:10D3E000256400004661696C656420746F20696E75
:10D3F000697469616C697A65206465766963653A08
:10D4000020257300456E61626C696E6720636861F8
:10D410006E6E656C20776974686F75742061207218
:10D420006567697374657265642063616C6C6261C1
:10D43000636B0A005258206576656E74206F6E200B
:10D44000696C6C6567616C206368616E6E656C0009
:10D450005258206576656E74206F6E206469736122
:10D46000626C6564206368616E6E656C000000002C
:10D47000574553545F544F504449522F6D6F647554
:10D480006C65732F68616C2F6E6F726469632F6EA9
:10D490007266782F68616C2F6E72665F6970632E9A
:10D4A00068000000696E646578203C203136000019
:10D4B000574553545F544F504449522F6D6F647514
:10D4C0006C65732F68616C2F6E6F726469632F6E69
:10D4D0007266782F647269766572732F696E636CF9
:10D4E0007564652F6E7266785F6970632E680000E0
:10D4F00073656E645F696E646578203C2031360028
:10D5000053656E64696E672064617461206E6F7428
:10D5100020737570706F72746564000074785F6D4D
:10D5200061736B20746F6F2062696720286F7220AF
:10D530004950435F434F4E465F4E554D20746F6FC9
:10D5400020736D616C6C290072785F6D61736B2064
:10D55000746F6F2062696720286F72204950435FA3
:10D56000434F4E465F4E554D20746F6F20736D6173
:10D570006C6C29006D626F78403261303030000091
:10D580006D626F7800000000697063006D626F78F3
:10D590005F6E7266785F697063000000A0D5050059
:10D5A0000200000080D5050088D5050000010203B7
:10D5B000040506070B0000004661696C6564207471
:10D5C0006F20616C6C6F636174652050504920431B
:10D5D00068616E6E656C0000756172744038303041
:10D5E0003000000075617274300000007561727463
:10D5F0005F6E7266785F75617274650000D60500B3
:10D6000001000000E4D5050000800050010000008A
:10D61000000000002CD605000000D601000000002C
:10D620000000000048910020479100200080005039
:10D6300038D605000100000040D6050004000000B7
:10D640001400000013000002160600011506000376
:10D6500048616C662D6475706C6578206E6F7420FF
:10D66000737570706F72746564000000536C61763E
:10D6700065206D6F6465206973206E6F742073750B
:10D6800070706F72746564206F6E202573000000E7
:10D690004C6F6F706261636B206D6F64652069739E
:10D6A000206E6F7420737570706F72746564000003
:10D6B000576F72642073697A6573206F746865723E
:10D6C000207468616E20382062697473206172650D
:10D6D000206E6F7420737570706F727465640000D3
:10D6E0004672657175656E63696573206C6F7765E9
:10D6F00072207468616E20313235206B487A206167
:10D700007265206E6F7420737570706F72746564CB
:10D71000000000004661696C656420746F20696ECA
:10D72000697469616C697A65206E726678206472CA
:10D73000697665723A2025303878000054696D6545
:10D740006F75742077616974696E6720666F7220E7
:10D750007472616E7366657220636F6D706C657450
:10D7600065000000557064617465206578636565C7
:10D7700064732063757272656E7420627566666587
:10D780007200000057616974696E6720666F7220CD
:10D7900057414B452061636B6E6F776C6564676DB5
:10D7A000656E742074696D6564206F757400000087
:10D7B0004353204750494F20706F727420257320C7
:10D7C00070696E202564206973206E6F7420726505
:10D7D000616479004661696C656420746F20616CD6
:10D7E0006C6F63617465204750494F5445206368EE
:10D7F000616E6E656C20666F722057414B4500006C
:10D800004661696C656420746F20636F6E6669673A
:10D810007572652057414B452070696E000000000D
:10D8200073706940613030300000000073706934FB
:10D83000000000007370695F6E7266785F737069D4
:10D840006D00000048D80500010000002CD805003C
:10D8500000A00050000000000048E80100000000A7
:10D860000000000000000000FFFFFFFF0000FF00BD
:10D870000000000000000000FFFFFFFF02000001A9
:10D88000010000002FB40400FFFF00009CD8050039
:10D89000FFFFFFFF000000000000000000A000509C
:10D8A000A8D8050001000000B0D805000300000062
:10D8B000080000040A000006090000056C1E0500AF
:10D8C0000B000100574553545F544F504449522FA9
:10D8D0006D6F64756C65732F68616C2F6E6F726409
:10D8E00069632F6E7266782F68616C2F6E72665F47
:10D8F0007274632E6800000076616C203C3D202825
:10D90000283078464646554C203C3C202830554C23
:10D910002929203E3E202830554C292900000000AE
:10D92000646B5F627574746F6E735F616E645F6C5D
:10D9300065647300414B6857456A6A507047366AA0
:10D940006747485A4851426234714E4B356E3656DD
:10D950004F385A33000000006D656D6661756C7458
:10D960005F6E63730000000020252D3230733A2073
:10D97000756E61626C6520746F20676574207374C6
:10D9800061636B2073706163652028256429000042
:10D990004661696C656420746F2073657420756ED0
:10D9A0007573656420737461636B206D657472694F
:10D9B000637300006D656D6661756C745F6E637393
:10D9C0005F6D657472696373000000004661696C85
:10D9D000656420746F207374617274206D656D6668
:10D9E00061756C74206E63735F62745F636F6E6EDB
:10D9F000656374696F6E5F74696D655F6D732074C4
:10DA0000696D65722C206572723A202564000000F1
:10DA1000574553545F544F504449522F6E72662FEE
:10DA20006D6F64756C65732F6D656D6661756C7473
:10DA30002D6669726D776172652D73646B2F6D65EC
:10DA40006D6661756C745F62745F6D657472696335
:10DA5000732E6300636F756E74203E2030000000EB
:10DA60004661696C656420746F2073746F70206DFB
:10DA7000656D6661756C74206E63735F62745F635D
:10DA80006F6E6E656374696F6E5F74696D655F6DEF
:10DA9000732074696D65722C206572723A2025645A
:10DAA000000000004661696C656420746F20616449
:10DAB00064207468726561643A20257320666F7211
:10DAC00020737461636B20756E7573656420706C70
:10DAD000616365206D6561737572656D656E742C2B
:10DAE000206572723A202564000000004661696C6E
:10DAF000656420746F2073657420746865206E639C
:10DB0000735F62745F626F6E645F636F756E7420C3
:10DB10006D65747269632C206572723A2025640009
:10DB20004661696C656420746F20736574206E6350
:10DB3000735F62745F636F6E6E656374696F6E5F4F
:10DB4000636F756E74206D6574726963732C2065E4
:10DB500072723A202564000042542052580000009E
:10DB6000425420545800000028696D6167655F6E5B
:10DB7000756D29203C2030784600000057455354ED
:10DB80005F544F504449522F626F6F746C6F6164E1
:10DB900065722F6D6375626F6F742F626F6F742F74
:10DBA000626F6F747574696C2F7372632F626F6F1D
:10DBB000747574696C5F7075626C69632E630000C4
:10DBC00028737761705F7479706529203C20307804
:10DBD000460000007065726D00000000746573748B
:10DBE000000000004255473B2063616E27742068A7
:10DBF000617070656E000000726576657274000079
:10DC00005365636F6E6461727920696D6167652029
:10DC10006F6620696D6167652070616972202825D3
:10DC2000642E2920697320756E7265616368616274
:10DC30006C652E20547265617420697420617320B4
:10DC4000656D707479000000496D61676520696ECB
:10DC50006465783A2025642C2053776170207479AC
:10DC600070653A2025730000496D61676520696E13
:10DC70006465783A2025642C20537761702074798C
:10DC800070653A206E6F6E6500000000626F6F7401
:10DC90005F7365745F6E65787400000004000000B7
:10DCA000020000000100000008000000626F6F74B5
:10DCB0005F77726974655F737761705F696E666FB5
:10DCC0000000000004010403040204010401040331
:10DCD000010403040104000077C295F360D2EF7FD2
:10DCE0003552500F2CB679806D6375626F6F745F1B
:10DCF0007574696C000000006E637300332E302E63
:10DD000032000000020C0600D02F060001120000B5
:10DD1000F8DC0500FCDC0500474E55004D656D66DE
:10DD200061756C74000000004E6F204275696C6470
:10DD300020494420617661696C61626C6500000075
:10DD40002573204275696C642049443A202573008C
:10DD50003C4E554C4C3E0000532F4E3A202573004C
:10DD6000535720747970653A2025730053572076F5
:10DD7000657273696F6E3A202573000048572076EC
:10DD8000657273696F6E3A20257300005265616495
:10DD9000206174206F666673657420307825782062
:10DDA0002825642062797465732920666F72207358
:10DDB0006F757263652074797065202564206661D3
:10DDC000696C65640000000025733A204E554C4C88
:10DDD00020696E70757420617267756D656E7473FD
:10DDE00000000000427566666572206F662025643B
:10DDF00020627974657320746F6F20736D616C6C31
:10DE000020746F207061636B6574697A652064614A
:10DE100074610000556E6578706563746564207088
:10DE200061636B6574697A6572207374617475736C
:10DE30003A202564000000006D656D6661756C74A4
:10DE40005F7061636B6574697A65725F626567694B
:10DE50006E0000006D656D6661756C745F70616366
:10DE60006B6574697A65725F6765745F6E657874F7
:10DE7000000000000101000038E20500020000007F
:10DE8000C8DE050003000000D4DE05000400000029
:10DE900094DE0500F7B90400FFB9040003BA0400DA
:10DEA000850103005BBA0400990003004D050300DF
:10DEB0004D03030019050300C50403009504030086
:10DEC000490403003103030075BA040085BA040055
:10DED0009DBA04005D0B0300BD0A0300390A03006C
:10DEE00025733A204E6F20726573657420696E66E3
:10DEF0006F20636F6C6C6563746564004576656E56
:10DF0000742073746F7261676520282564292073FB
:10DF10006D616C6C6572207468616E206C617267F3
:10DF200065737420726573657420726561736F6EBA
:10DF300020282564290000006D656D6661756C748C
:10DF40005F7265626F6F745F747261636B696E6735
:10DF50005F636F6C6C6563745F72657365745F6932
:10DF60006E666F0041535345525421204C523A2063
:10DF700030782578000000004576656E7420737453
:10DF80006F726167652066756C6C00004576656E22
:10DF9000742073617665642073756363657373665B
:10DFA000756C6C79206166746572202564206472DA
:10DFB0006F7073004576656E742073746F7261675D
:10DFC00065202825642920736D616C6C657220744E
:10DFD00068616E206C6172676573742025732065BB
:10DFE00076656E74202825642900000074726163D0
:10DFF000650000004142434445464748494A4B4C6E
:10E000004D4E4F505152535455565758595A6162BC
:10E01000636465666768696A6B6C6D6E6F70717258
:10E02000737475767778797A3031323334353637A0
:10E0300038392B2F000000000000211042206330EF
:10E040008440A550C660E770088129914AA16BB150
:10E050008CC1ADD1CEE1EFF13112100273325222F8
:10E06000B5529442F772D662399318837BB35AA3A0
:10E07000BDD39CC3FFF3DEE36224433420040114C8
:10E08000E664C774A44485546AA54BB528850995F0
:10E09000EEE5CFF5ACC58DD5533672261116300698
:10E0A000D776F6669556B4465BB77AA71997388740
:10E0B000DFF7FEE79DD7BCC7C448E5588668A77858
:10E0C0004008611802282338CCC9EDD98EE9AFF990
:10E0D000488969990AA92BB9F55AD44AB77A966A38
:10E0E000711A500A333A122AFDDBDCCBBFFB9EEBE0
:10E0F000799B588B3BBB1AABA66C877CE44CC55C08
:10E10000222C033C600C411CAEED8FFDECCDCDDD2F
:10E110002AAD0BBD688D499D977EB66ED55EF44ED7
:10E12000133E322E511E700E9FFFBEEFDDDFFCCF7F
:10E130001BBF3AAF599F788F8891A981CAB1EBA1D3
:10E140000CD12DC14EF16FE18010A100C230E3204F
:10E150000450254046706760B9839893FBA3DAB3F7
:10E160003DC31CD37FE35EF3B1029012F322D2329F
:10E170003542145277625672EAB5CBA5A8958985C7
:10E180006EF54FE52CD50DC5E234C324A0148104EF
:10E190006674476424540544DBA7FAB79987B89797
:10E1A0005FE77EF71DC73CD7D326F2369106B0163F
:10E1B00057667676154634564CD96DC90EF92FE957
:10E1C000C899E9898AB9ABA944586548067827688F
:10E1D000C018E1088238A3287DCB5CDB3FEB1EFB37
:10E1E000F98BD89BBBAB9ABB754A545A376A167ADF
:10E1F000F10AD01AB32A923A2EFD0FED6CDD4DCD07
:10E20000AABD8BADE89DC98D267C076C645C454C2E
:10E21000A23C832CE01CC10C1FEF3EFF5DCF7CDFD6
:10E220009BAFBABFD98FF89F176E367E554E745E7E
:10E23000932EB23ED10EF01E711103008FC7040061
:10E24000BFCF040004000000F87300202800000085
:10E250000100000018ED00E00C00000001000000CB
:10E2600004E000E0100000000100000004ED00E008
:10E270000800000001000000FCED00E004000000C8
:10E280000100000000E100E00400000001000000C7
:10E2900000E200E0040000000100000000E300E0F4
:10E2A000040000000100000000E400E02000000085
:10E2B000526177206C6F6721000000004465627531
:10E2C00067206C6F67210000496E666F206C6F6776
:10E2D000210000005761726E696E67206C6F6721C4
:10E2E000000000004572726F72206C6F67210000A1
:10E2F0004D657472696320696E64657820257520A8
:10E3000065786365656473206578706563746564BA
:10E3100020617272617920626F756E64732025646A
:10E320000A000000496E76616C696420747970653A
:10E33000202825752076732025752920666F722088
:10E340006B65793A2025640043616E206F6E6C79AD
:10E350002061646420746F206E756D626572207434
:10E360007970657320286B65793A2025642900004F
:10E37000202025733A2025750000000020202573F9
:10E380003A206E756C6C0000202025733A202569B8
:10E3900000000000202025733A202225732200006F
:10E3A000202025733A203C756E6B6E6F776E20745B
:10E3B0007970653E000000004D65747269637320DA
:10E3C0006B6579732F76616C7565733A0000000098
:10E3D0006D657472696373004D656D6661756C740B
:10E3E00053646B4D65747269635F496E74657276D0
:10E3F000616C4D73000000004D656D6661756C7455
:10E4000053646B4D65747269635F556E65787065B2
:10E41000637465645265626F6F74436F756E7400E8
:10E4200073796E635F7375636365737366756C0090
:10E4300073796E635F6661696C75726500000000D8
:10E44000636F6E6E65637469766974795F636F6E0E
:10E450006E65637465645F74696D655F6D730000FC
:10E46000636F6E6E65637469766974795F657870E1
:10E4700065637465645F74696D655F6D730000004A
:10E480006F7065726174696F6E616C5F686F7572D1
:10E49000730000006F7065726174696F6E616C5F0C
:10E4A0006372617368667265655F686F7572730029
:10E4B0004D656D6661756C7453444B4D657472693E
:10E4C000635F6C6F675F64726F707065645F6C69C7
:10E4D0006E6573004D656D6661756C7453444B4D8C
:10E4E00065747269635F6C6F675F7265636F726496
:10E4F00065645F6C696E6573000000007570746917
:10E500006D655F730000000054696D65725461733E
:10E510006B46726565537461636B000054696D6589
:10E52000725461736B4370755573616765000000C9
:10E53000416C6C5461736B7343707555736167659F
:10E54000000000006D656D6F72795F7063745F6DC0
:10E5500061780000486561705F4279746573467246
:10E56000656500006E63735F636F6E6E65637469EB
:10E570006F6E5F706F6C6C5F756E757365645F73E3
:10E580007461636B000000006E63735F62745F729E
:10E59000785F756E757365645F737461636B00009B
:10E5A0006E63735F62745F74785F756E75736564B4
:10E5B0005F737461636B00006E63735F62745F63AB
:10E5C0006F6E6E656374696F6E5F74696D655F6DA4
:10E5D000730000006E63735F62745F636F6E6E65DD
:10E5E0006374696F6E5F636F756E74006E63735FE3
:10E5F00062745F626F6E645F636F756E74000000BB
:10E6000070726573737572655F6C65667400000087
:10E6100070726573737572655F7269676874000004
:10E6200074656D70657261747572655F63656C7336
:10E630006975735F7831300068756D6964697479E4
:10E640005F7063745F783130000000006772696E3C
:10E6500064696E675F746F74616C0000D8E30500D5
:10E66000F8E3050020E4050030E4050040E405007F
:10E6700060E4050080E4050094E40500B0E40500D2
:10E68000D4E40500FCE4050008E505001CE50500F0
:10E6900030E5050044E5050054E5050064E50500A6
:10E6A00088E50500A0E50500B8E50500D4E505000E
:10E6B000ECE5050000E6050010E6050020E6050093
:10E6C00038E605004CE6050000000000FFFFFFFFF4
:10E6D000FFFFFFFFFFFFFFFF01000000020000003F
:10E6E000FFFFFFFFFFFFFFFFFFFFFFFFFFFFFFFF3A
:10E6F000FFFFFFFFFFFFFFFFFFFFFFFFFFFFFFFF2A
:10E70000FFFFFFFFFFFFFFFFFFFFFFFFFFFFFFFF19
:10E71000FFFFFFFF03000000FFFFFFFFFFFFFFFF02
:10E72000FFFFFFFFFFFFFFFFFFFFFFFFFFFFFFFFF9
:10E73000FFFFFFFF000000000000000000000000DD
:10E7400000000000000000000000000000000000C9
:10E7500000000000000102030405060708090A0B77
:10E760000C0D0E0F101112131415161718191A008C
:10E770000000000002000000000000000000000097
:10E780000000000001000000010000000000000087
:10E790000000000000000000000000000100000078
:10E7A0000200000000000000000000000000000067
:10E7B0000000000001000000030000000000000055
:10E7C0000000000000000000000000000100000048
:10E7D0000400000002000000000000000000000033
:10E7E0000000000001000000050000000200000021
:10E7F0000000000000000000000000000100000018
:10E800000600000000000000000000000000000002
:10E8100000000000010000000700000000000000F0
:10E8200000000000000000000000000001000000E7
:10E8300008000000000000000000000000000000D0
:10E8400000000000010000000900000000000000BE
:10E8500000000000000000000000000001000000B7
:10E860000A0000000000000000000000000000009E
:10E8700000000000010000000B000000000000008C
:10E880000000000000000000000000000100000087
:10E890000C0000000000000000000000000000006C
:10E8A00000000000010000000D000000000000005A
:10E8B0000000000000000000000000000100000057
:10E8C0000E0000000000000000000000000000003A
:10E8D00000000000640000000F00000000000000C5
:10E8E0000000000000000000000000000100000027
:10E8F0001000000000000000000000000000000008
:10E9000000000000010000001100000000000000F5
:10E9100000000000000000000000000001000000F6
:10E9200012000000000000000000000000000000D5
:10E9300000000000010000001300000002000000C1
:10E9400000000000000000000000000001000000C6
:10E9500014000000000000000000000000000000A3
:10E960000000000001000000150000000000000091
:10E970000000000000000000000000000100000096
:10E980001600000000000000000000000000000071
:10E99000000000000100000017000000000000005F
:10E9A0000000000000000000000000000100000066
:10E9B000180000000100000000000000000000003E
:10E9C000000000000A000000190000000100000023
:10E9D0000000000000000000000000000A0000002D
:10E9E0001A0000000000000000000000000000000D
:10E9F00000000000010000003F3F3F2025730000A1
:10EA00006D666C745F73797374696D6500000000E6
:10EA10004E756D20617267733A2025640000000016
:10EA20005472616365204576656E742047656E6536
:10EA300072617465642100004E6F207761746368B1
:10EA4000646F6720636F6E666967757265642C20FA
:10EA5000746869732077696C6C2068616E672066E2
:10EA60006F72657665720A00434F4E4649475F4DA7
:10EA7000454D4641554C545F485454505F454E41B6
:10EA8000424C45206E6F7420656E61626C65640A4D
:10EA90000000000055736520276D666C745F6E7210
:10EAA0006620666F74612720696E73746561642ED9
:10EAB000205365652068747470733A2F2F6D666CEF
:10EAC000742E696F2F6E72662D666F74612D73657B
:10EAD00074757020666F72206D6F72652064657446
:10EAE00061696C730A000000547269676765726936
:10EAF0006E67204865617274626561740A00000087
:10EB0000446F75626C6520667265652073686F7509
:10EB10006C64206861766520637261736865642047
:10EB2000746865206170702120F09FA4AF204D6152
:10EB30006B65207375726520434F4E4649475F41B0
:10EB400053534552543D790A0000000053746163E9
:10EB50006B206F766572666C6F77207465737420B6
:10EB60006661696C65642C20737461636B206F76D9
:10EB70006572666C6F7720776173206E6F74207496
:10EB800072696767657265642100000041626F7594
:10EB90007420746F20637261736820696E2025731E
:10EBA00021000000574553545F544F504449522FA1
:10EBB0006D6F64756C65732F6C69622F6D656D6622
:10EBC00061756C742D6669726D776172652D736401
:10EBD0006B2F706F7274732F7A65706879722F6300
:10EBE0006F6D6D6F6E2F6D656D6661756C745F64B2
:10EBF000656D6F5F636C692E630000000974657357
:10EC000074205F5F4153534552540A007365737318
:10EC1000696F6E73000000006865617274626561FF
:10EC200074000000556E6B6E6F776E206F707469A4
:10EC30006F6E2E20456E7465722027686561727450
:10EC40006265617427206F72202773657373696F23
:10EC50006E73270A00000000636F726564756D7043
:10EC60002073746F7261676520636170616369749A
:10EC7000793A20257A75420A00000000636F7265B8
:10EC800064756D702073697A65207265717569723B
:10EC900065643A20257A75420A0000007072765F3A
:10ECA0007A65706879725F6173736572745F657895
:10ECB000616D706C650000004D656D6661756C740A
:10ECC000205465737420436F6D6D616E6473000032
:10ECD000636C6561725F636F72650000636C656190
:10ECE0007220636F726564756D7020636F6C6C6504
:10ECF00063746564000000006578706F72740000D2
:10ED000064756D70206368756E6B7320636F6C6CD7
:10ED10006563746564206279204D656D6661756C0C
:10ED2000742053444B207573696E67206874747047
:10ED3000733A2F2F6D666C742E696F2F6368756E32
:10ED40006B2D646174612D6578706F7274000000C2
:10ED50006765745F636F72650000000063686563D8
:10ED60006B20696620636F726564756D70206973CE
:10ED70002073746F72656420616E642070726573B5
:10ED8000656E74006765745F6465766963655F6965
:10ED90006E666F00646973706C6179206465766972
:10EDA000636520696E666F726D6174696F6E0000D5
:10EDB0006765745F6C61746573745F75726C000075
:10EDC00067657473206C61746573742072656C651B
:10EDD0006173652055524C006765745F6C617465A2
:10EDE00073745F72656C656173650000706572664F
:10EDF0006F726D7320616E204F5441207570646195
:10EE00007465207573696E67204D656D6661756CFC
:10EE10007420636C69656E7400000000636F726536
:10EE200064756D705F73697A650000007072696E59
:10EE30007420636F726564756D7020636F6D70759B
:10EE40007465642073697A6520616E642073746FE1
:10EE500072616765206361706163697479000000A5
:10EE60006D6574726963735F64756D700000000096
:10EE700064756D702063757272656E74206865616B
:10EE8000727462656174206F722073657373696F49
:10EE90006E206D657472696373000000706F737427
:10EEA0005F6368756E6B7300506F7374204D656D92
:10EEB0006661756C74206461746120746F20636C8A
:10EEC0006F756400636F6D6D616E647320746F2085
:10EED000766572696679206D656D6661756C742002
:10EEE0006461746120636F6C6C656374696F6E201C
:10EEF0002868747470733A2F2F6D666C742E696F66
:10EF00002F6D63752D746573742D636F6D6D616EF8
:10EF1000647329006275736661756C74000000008B
:10EF200074726967676572206120627573666175C6
:10EF30006C740000686172646661756C7400000036
:10EF400074726967676572206120686172646661C6
:10EF5000756C74006D656D6D616E616765000000B4
:10EF6000747269676765722061206D656D6F727973
:10EF7000206D616E6167656D656E74206661756C8C
:10EF80007400000075736167656661756C740000DC
:10EF900074726967676572206120757361676520A7
:10EFA0006661756C7400000068616E6700000000A7
:10EFB0007472696767657220612068616E6700001E
:10EFC0007A61737365727400747269676765722021
:10EFD00061207A657068797220617373657274005C
:10EFE000737461636B5F6F766572666C6F77000038
:10EFF00074726967676572206120737461636B2046
:10F000006F766572666C6F770000000061737365E0
:10F010007274000074726967676572206D656D6651
:10F0200061756C7420617373657274006C6F6164D8
:10F0300061646472000000007465737420612033A1
:10F040003220626974206C6F61642066726F6D207B
:10F05000616E20616464726573730000646F756231
:10F060006C655F66726565007472696767657220BA
:10F070006120646F75626C652066726565206572DB
:10F08000726F720074726967676572206661756C71
:10F0900074207669612073746F726520746F2061CB
:10F0A0002062616420616464726573730000000013
:10F0B0006973725F62616470747200007472696770
:10F0C000676572206661756C74207669612073745F
:10F0D0006F726520746F20612062616420616464D6
:10F0E000726573732066726F6D20616E2049535292
:10F0F00000000000747269676765722061207265A4
:10F10000626F6F7420616E64207265636F72642039
:10F110006974207573696E67206D656D6661756CC5
:10F12000740000007472696767657220616E2069FF
:10F130006D6D656469617465206361707475726575
:10F14000206F6620616C6C20686561727462656115
:10F1500074206D6574726963730000006C6F675F83
:10F160006361707475726500747269676765722097
:10F1700063617074757265206F6620637572726565
:10F180006E74206C6F672062756666657220636FAF
:10F190006E74656E747300006C6F6773000000001E
:10F1A0007772697465732074657374206C6F67730C
:10F1B00020746F206C6F6720627566666572000050
:10F1C0006361707475726520616E206578616D7021
:10F1D0006C65207472616365206576656E740000ED
:10F1E0004CF40500B8EC0500F4F105000000000047
:10F1F00000000000F8F10500D0EC0500DCEC050093
:10F2000000000000B3CF040000000000F8EC05008F
:10F2100000ED050000000000A9CF04000000000080
:10F2200050ED05005CED0500000000009DCF0400DE
:10F230000000000084ED050094ED050000000000D2
:10F2400091CF040000000000B0ED0500C0ED050006
:10F25000000000005D20030000000000D8ED050064
:10F26000ECED0500000000004D2003000000000050
:10F270001CEE05002CEE05000000000099210300A3
:10F280000000000060EE050070EE050000000000C8
:10F2900049210300000000009CEE0500A8EE0500D7
:10F2A000000000003D20030000000000DCDB050042
:10F2B000C4EE0500D4F205000000000000000000CC
:10F2C000000000000000000000000000000000003E
:10F2D00000000000D8F2050014EF050020EF050043
:10F2E0000000000071CF04000000000034EF0500B2
:10F2F00040EF05000000000061CF040000000000A6
:10F3000054EF050060EF05000000000051CF04003D
:10F310000000000084EF050090EF050000000000F1
:10F3200041CF040000000000A8EF0500B0EF050089
:10F33000000000002D20030000000000C0EF0500C9
:10F34000C8EF0500000000000921030000000000D4
:10F35000E0EF0500F0EF050000000000C920030009
:10F36000000000000CF0050014F005000000000093
:10F3700031CF0400000000002CF0050038F005003B
:10F380000000000025CF0400000000005CF0050034
:10F3900068F0050000000000A1200300000000004C
:10F3A000B4F0050084F0050000000000DD1F03003C
:10F3B00000000000B0F00500BCF0050000000000F7
:10F3C000812003000000000060690500F4F00500E2
:10F3D0000000000017CF04000000000018EC05003A
:10F3E00024F10500000000006D2003000000000073
:10F3F0005CF1050068F10500000000000BCF04007F
:10F400000000000098F10500A0F1050000000000D8
:10F41000FFCE040000000000ECDF0500C0F1050095
:10F4200000000000012003000000000000000000B8
:10F4300000000000000000000000000000000000CC
:10F440006C6F675F6261636B656E645F6D666C7441
:10F45000000000002124030000000000FFCF040092
:10F4600099230300000000000000000000000000DD
:10F47000B5230300447F0020507F0020800000005F
:10F480002050696E205265736574000020576174C6
:10F490006368646F67203000204465627567676544
:10F4A0007200000020536F6674776172650000007F
:10F4B000204C6F636B757000204750494F20576197
:10F4C0006B65757000000000204C50434F4D50207C
:10F4D00057616B657570000020446562756720494F
:10F4E0006E746572666163652057616B6575700047
:10F4F00020564255532057616B657570000000001F
:10F50000205761746368646F67203100204E464362
:10F510002057616B6575700020506F776572206FA2
:10F520006E2052657365740020556E6B6E6F776E3A
:10F5300000000000526573657420526561736F6E40
:10F540002C205245534554524541533D307825783F
:10F550000000000052657365742043617573657324
:10F560003A200000434F4E4649475F4D454D4641C6
:10F57000554C545F464F54415F434C495F434D44A3
:10F58000206E6F7420656E61626C65640A00000015
:10F590006D666C745F6E7266000000004D656D668E
:10F5A00061756C74206E524620436F6E6E65637495
:10F5B0002053444B205465737420436F6D6D616E0E
:10F5C00064730000666F746100000000506572662D
:10F5D0006F726D206120464F5441207573696E67CC
:10F5E000204D656D6661756C7420636C69656E7421
:10F5F0000000000090F505009CF5050008F60500E8
:10F6000000000000000000000CF60500C4F5050035
:10F61000CCF50500000000001126030000000000EA
:10F6200000000000000000000000000000000000DA
:10F6300000000000574553545F544F504449522F27
:10F640006D6F64756C65732F68616C2F6E6F72647B
:10F6500069632F6E7266782F68616C2F6E72665FB9
:10F66000647070692E6800006368616E6E656C205E
:10F670003C206E72665F647070695F6368616E6E75
:10F68000656C5F6E756D6265725F67657428705F2B
:10F690007265672900000000574553545F544F506E
:10F6A0004449522F6D6F64756C65732F68616C2FC0
:10F6B0006E6F726469632F6E7266782F68656C7006
:10F6C0006572732F6E7266785F677070695F6470C1
:10F6D00070692E630000000065657000746570003D
:10F6E000574553545F544F504449522F6D6F6475C2
:10F6F0006C65732F68616C2F6E6F726469632F6E17
:10F700007266782F647269766572732F7372632FD5
:10F710006E7266785F636C6F636B2E63000000002F
:10F720006D5F636C6F636B5F63622E6D6F64756C8E
:10F73000655F696E697469616C697A65640000006F
:10F74000574553545F544F504449522F6D6F647561
:10F750006C65732F68616C2F6E6F726469632F6EB6
:10F760007266782F647269766572732F7372632F75
:10F770006E7266785F6770696F74652E6300000053
:10F78000705F6368616E6E656C000000574553548E
:10F790005F544F504449522F6D6F64756C65732FE1
:10F7A00068616C2F6E6F726469632F6E7266782F5A
:10F7B00068616C2F6E72665F6770696F74652E6822
:10F7C00000000000696E646578203C20380000006D
:10F7D0006E7266795F6770696F5F70696E5F707275
:10F7E0006573656E745F636865636B2870696E2905
:10F7F0000000000070696E5F69735F6F75747075EB
:10F800007428705F696E7374616E63652C20706913
:10F810006E29202626202170696E5F696E5F7573E0
:10F82000655F62795F746528705F696E7374616E7D
:10F8300063652C2070696E290000000070696E5F9E
:10F840006861735F7472696767657228705F696E5B
:10F850007374616E63652C2070696E29000000006E
:10F86000696E745F656E61626C65000070696E5FE1
:10F8700069735F696E70757428705F696E73746107
:10F880006E63652C2070696E29000000705F696EE0
:10F890007374616E63652D3E705F726567203D3DD8
:10F8A0002028284E52465F4750494F54455F5479AF
:10F8B00070652A292030783530303044303030556A
:10F8C0004C290000002030303030303030303030C3
:10F8D0003030303000010000000100005745535423
:10F8E0005F544F504449522F6D6F64756C65732F90
:10F8F00068616C2F6E6F726469632F6E7266782F09
:10F90000647269766572732F7372632F6E72667894
:10F910005F6970632E630000705F636F6E66696776
:10F92000000000006D5F63622E7374617465203D9A
:10F930003D204E5246585F4452565F535441544501
:10F940005F494E495449414C495A45440000000022
:10F95000574553545F544F504449522F6D6F64754F
:10F960006C65732F68616C2F6E6F726469632F6EA4
:10F970007266782F647269766572732F7372632F63
:10F980006E7266785F6E766D632E63006279746561
:10F99000735F636F756E74203C3D202834202D20EA
:10F9A000627974655F7368696674290069735F764C
:10F9B000616C69645F616464726573732861646417
:10F9C000722C20302900000069735F76616C6964D5
:10F9D0005F6164647265737328616464722C2031A2
:10F9E000290000006E7266785F69735F776F7264DA
:10F9F0005F616C69676E65642828766F696420634F
:10FA00006F6E7374202A29616464722900000000FB
:10FA1000574553545F544F504449522F6D6F64758E
:10FA20006C65732F68616C2F6E6F726469632F6EE3
:10FA30007266782F647269766572732F7372632FA2
:10FA40006E7266785F7370696D2E6300705F6362BB
:10FA50002D3E68616E646C6572000000705F6362C9
:10FA60002D3E737461746520213D204E5246585FCF
:10FA70004452565F53544154455F554E494E495484
:10FA800049414C495A454400705F786665725F642D
:10FA90006573632D3E705F74785F6275666665722C
:10FAA00020213D202828766F6964202A29302920CA
:10FAB0007C7C20705F786665725F646573632D3E41
:10FAC00074785F6C656E677468203D3D203000007F
:10FAD000705F786665725F646573632D3E705F72F8
:10FAE000785F62756666657220213D202828766FF2
:10FAF0006964202A293029207C7C20705F78666523
:10FB0000725F646573632D3E72785F6C656E6774B7
:10FB100068203D3D203000002828705F78666572BF
:10FB20005F646573632D3E72785F6C656E677468A1
:10FB3000203C202831554C203C3C202865617379BD
:10FB4000646D615F737570706F72745F62697473F6
:10FB50005B705F696E7374616E63652D3E6472766F
:10FB60005F696E73745F6964785D29292920262690
:10FB70002028705F786665725F646573632D3E74DC
:10FB8000785F6C656E677468203C202831554C2086
:10FB90003C3C202865617379646D615F737570709A
:10FBA0006F72745F626974735B705F696E737461A6
:10FBB0006E63652D3E6472765F696E73745F69640F
:10FBC000785D2929292900002128666C6167732046
:10FBD00026202831554C203C3C20332929207C7C90
:10FBE0002028705F63622D3E73735F70696E203DE5
:10FBF0003D203078464646464646464629000000A7
:10FC0000574553545F544F504449522F6D6F64759C
:10FC10006C65732F68616C2F6E6F726469632F6EF1
:10FC20007266782F647269766572732F7372632FB0
:10FC30006E7266785F7477696D2E6300705F636FB4
:10FC40006E6669672D3E73636C5F70696E20213D3F
:10FC500020705F636F6E6669672D3E7364615F70CD
:10FC6000696E00002128666C6167732026202831A8
:10FC7000554C203C3C203429290000002128666C8A
:10FC80006167732026202831554C203C3C203329C5
:10FC9000290000002128666C616773202620283126
:10FCA000554C203C3C20322929000000705F6362E3
:10FCB0002D3E7374617465203D3D204E5246585F61
:10FCC0004452565F53544154455F494E495449414B
:10FCD0004C495A45440000002830207C7C202828CC
:10FCE00028705F696E7374616E63652D3E64727611
:10FCF0005F696E73745F69647829203D3D204E52C0
:10FD000046585F5457494D315F494E53545F4944FB
:10FD1000582920262620282828705F786665725F7B
:10FD2000646573632D3E7072696D6172795F6C6595
:10FD30006E67746829203C20283155203C3C2031D6
:10FD4000362929202626202828705F786665725F6C
:10FD5000646573632D3E7365636F6E646172795F72
:10FD60006C656E67746829203C20283155203C3C26
:10FD700020313629292929207C7C2030207C7C20B8
:10FD800030207C7C2030207C7C2030207C7C20300B
:10FD9000207C7C2030207C7C2030207C7C2030200B
:10FDA0007C7C2030207C7C2030207C7C2030207C9F
:10FDB0007C2030207C7C2030207C7C2030207C7C8F
:10FDC0002030207C7C2030207C7C2030207C7C20DB
:10FDD00030207C7C2030207C7C2030207C7C2030BB
:10FDE000207C7C2030207C7C2030207C7C203020BB
:10FDF0007C7C2030207C7C2030207C7C2030207C4F
:10FE00007C2030207C7C2030207C7C2030207C7C3E
:10FE10002030207C7C2030207C7C2030207C7C208A
:10FE200030207C7C2030207C7C2030207C7C20306A
:10FE3000207C7C2030207C7C2030207C7C2030206A
:10FE40007C7C2030207C7C2030207C7C2030207CFE
:10FE50007C2030207C7C2030207C7C2030207C7CEE
:10FE60002030207C7C2030207C7C2030207C7C203A
:10FE700030207C7C2030207C7C2030207C7C20301A
:10FE8000207C7C2030207C7C2030207C7C2030201A
:10FE90007C7C2030207C7C2030207C7C2030207CAE
:10FEA0007C2030207C7C2030207C7C2030207C7C9E
:10FEB0002030207C7C2030207C7C2030207C7C20EA
:10FEC00030207C7C2030207C7C2030207C7C2030CA
:10FED000207C7C2030207C7C2030207C7C203020CA
:10FEE0007C7C2030207C7C2030207C7C2030207C5E
:10FEF0007C2030207C7C2030207C7C2030207C7C4E
:10FF00002030207C7C2030207C7C2030207C7C2099
:10FF100030207C7C2030207C7C2030207C7C203079
:10FF2000207C7C2030207C7C2030207C7C20302079
:10FF30007C7C2030207C7C2030207C7C2030207C0D
:10FF40007C2030207C7C2030207C7C2030207C7CFD
:10FF50002030207C7C2030207C7C2030207C7C2049
:10FF600030207C7C2030207C7C2030207C7C203029
:10FF7000207C7C2030207C7C2030207C7C20302029
:10FF80007C7C2030207C7C2030207C7C2030207CBD
:10FF90007C2030207C7C2030207C7C2030207C7CAD
:10FFA0002030207C7C2030207C7C2030207C7C20F9
:10FFB00030207C7C2030207C7C2030207C7C2030D9
:10FFC000207C7C2030207C7C2030207C7C203020D9
:10FFD0007C7C2030207C7C2030207C7C2030207C6D
:10FFE0007C2030207C7C2030207C7C2030207C7C5D
:10FFF0002030207C7C2030207C7C2030207C7C20A9
:020000040006F4
:1000000030207C7C2030207C7C2030207C7C203088
:10001000207C7C2030207C7C2030207C7C20302088
:100020007C7C2030207C7C2030207C7C2030207C1C
:100030007C2030207C7C2030207C7C2030207C7C0C
:100040002030207C7C2030207C7C2030207C7C2058
:1000500030207C7C2030207C7C2030207C7C203038
:10006000207C7C2030207C7C2030207C7C20302038
:100070007C7C2030207C7C2030207C7C2030207CCC
:100080007C2030207C7C2030207C7C2030207C7CBC
:100090002030207C7C2030207C7C2030207C7C2008
:1000A00030207C7C2030207C7C2030207C7C2030E8
:1000B000207C7C2030207C7C2030207C7C203020E8
:1000C0007C7C2030207C7C2030207C7C2030207C7C
:1000D0007C2030207C7C2030207C7C2030207C7C6C
:1000E0002030207C7C2030207C7C2030207C7C20B8
:1000F00030207C7C2030207C7C2030207C7C203098
:10010000207C7C2030207C7C2030207C7C20302097
:100110007C7C2030207C7C2030207C7C2030207C2B
:100120007C2030207C7C2030207C7C2030207C7C1B
:100130002030207C7C2030207C7C2030207C7C2067
:1001400030207C7C2030207C7C2030207C7C203047
:10015000207C7C2030207C7C2030207C7C20302047
:100160007C7C2030207C7C2030207C7C2030207CDB
:100170007C2030207C7C2030207C7C2030207C7CCB
:100180002030207C7C2030207C7C2030207C7C2017
:1001900030207C7C2030207C7C2030207C7C2030F7
:1001A000207C7C2030207C7C2030207C7C203020F7
:1001B0007C7C2030207C7C2030207C7C2030207C8B
:1001C0007C2030207C7C2030207C7C2030207C7C7B
:1001D0002030207C7C2030207C7C2030207C7C20C7
:1001E00030207C7C2030207C7C2030207C7C2030A7
:1001F000207C7C2030207C7C2030207C7C203020A7
:100200007C7C2030207C7C2030207C7C2030207C3A
:100210007C2030207C7C2030207C7C2030207C7C2A
:100220002030207C7C2030207C7C2030207C7C2076
:1002300030207C7C2030207C7C2030207C7C203056
:10024000207C7C2030207C7C2030207C7C20302056
:100250007C7C2030207C7C2030207C7C2030207CEA
:100260007C2030207C7C2030207C7C2030207C7CDA
:100270002030207C7C2030207C7C2030207C7C2026
:1002800030207C7C2030207C7C2030207C7C203006
:10029000207C7C2030207C7C2030207C7C20302006
:1002A0007C7C2030207C7C2030207C7C2030207C9A
:1002B0007C2030207C7C2030207C7C2030207C7C8A
:1002C0002030207C7C2030207C7C2030207C7C20D6
:1002D00030207C7C2030207C7C2030207C7C2030B6
:1002E000207C7C2030207C7C2030207C7C203020B6
:1002F0007C7C2030207C7C2030207C7C2030207C4A
:100300007C2030207C7C2030207C7C2030207C7C39
:100310002030207C7C2030207C7C2030207C7C2085
:1003200030207C7C2030207C7C2030207C7C203065
:10033000207C7C2030207C7C2030207C7C20302065
:100340007C7C2030207C7C2030207C7C2030207CF9
:100350007C2030207C7C2030207C7C2030207C7CE9
:100360002030207C7C2030207C7C2030207C7C2035
:1003700030207C7C2030207C7C2030207C7C203015
:10038000207C7C2030207C7C2030207C7C20302015
:100390007C7C2030207C7C2030207C7C2030207CA9
:1003A0007C2030207C7C2030207C7C2030207C7C99
:1003B0002030207C7C2030207C7C2030207C7C20E5
:1003C00030207C7C2030207C7C2030207C7C2030C5
:1003D000207C7C2030207C7C2030207C7C203020C5
:1003E0007C7C2030207C7C2030207C7C2030207C59
:1003F0007C2030207C7C2030207C7C2030207C7C49
:100400002030207C7C2030207C7C2030207C7C2094
:1004100030207C7C2030207C7C2030207C7C203074
:10042000207C7C2030207C7C2030207C7C20302074
:100430007C7C2030207C7C2030207C7C2030207C08
:100440007C2030207C7C2030207C7C2030207C7CF8
:100450002030207C7C2030207C7C2030207C7C2044
:1004600030207C7C2030207C7C2030207C7C203024
:10047000207C7C2030207C7C2030207C7C20302024
:100480007C7C2030207C7C2030207C7C2030207CB8
:100490007C20302900000000705F63622D3E737481
:1004A000617465203D3D204E5246585F4452565F70
:1004B00053544154455F504F57455245445F4F4E4A
:1004C00000000000212828705F63622D3E68616E85
:1004D000646C6572203D3D202828766F6964202A6F
:1004E000293029292026262028705F786665725FCA
:1004F000646573632D3E74797065203D3D204E52D6
:1005000046585F5457494D5F584645525F545852BC
:1005100058292900212828705F63622D3E68616E8A
:10052000646C6572203D3D202828766F6964202A1E
:10053000293029292026262028705F786665725F79
:10054000646573632D3E74797065203D3D204E5285
:1005500046585F5457494D5F584645525F5458546A
:1005600058292900756E72656769737465726564D0
:10057000202573206275730A0000000072656769A8
:10058000737465726564202573206275730A0000B8
:1005900067656E65726963006D6574616C3A2065AC
:1005A0006D657267656E63793A2000006D657461F0
:1005B0006C3A20616C6572743A2020202020000083
:1005C0006D6574616C3A20637269746963616C3A39
:1005D000202000006D6574616C3A206572726F7244
:1005E0003A202020202000006D6574616C3A20774D
:1005F00061726E696E673A20202000006D6574613B
:100600006C3A206E6F746963653A202020200000E8
:100610006D6574616C3A20696E666F3A2020202007
:10062000202000006D6574616C3A20646562756716
:100630003A2020202020000098050600AC05060086
:10064000C0050600D4050600E8050600FC05060006
:10065000100606002406060025733A2066726565BA
:10066000696E67206E6F6E2D656D70747920766986
:10067000727471756575650D0A000000756E657898
:10068000706563746564206275666665722068656E
:100690006C6420636F756E7465720D0A0000000053
:1006A000574553545F544F504449522F6D6F6475F2
:1006B0006C65732F6C69622F6F70656E2D616D7044
:1006C0002F6F70656E2D616D702F6C69622F727067
:1006D0006D73672F72706D73675F76697274696F7F
:1006E0002E630000726574203D3D20300000000044
:1006F000737461747573203E3D20300073746174AF
:100700007573203D3D2073697A656F662872705F4E
:100710006864722900000000737461747573203D71
:100720003D203000737461747573203D3D206C650D
:100730006E00000072785F767100000074785F765A
:10074000710000004E530000574553545F544F5002
:100750004449522F7A65706879722F6B65726E65A5
:100760006C2F6465766963652E630000646576208E
:100770003C3D205F6465766963655F6C6973745F97
:10078000656E640069646C65000000005745535451
:100790005F544F504449522F7A65706879722F6BBD
:1007A00065726E656C2F696E69742E6300000000BF
:1007B0007468726561645F64617461203C3D205FB0
:1007C0005F7374617469635F7468726561645F64A8
:1007D0006174615F6C6973745F656E640000000032
:1007E000041D0500041D05006C1D05007C1D050091
:1007F000041E05003C1E05006F730000574553544E
:100800005F544F504449522F7A65706879722F6B4C
:1008100065726E656C2F6B686561702E63000000F9
:1008200068656170203C3D205F6B5F686561705F4B
:100830006C6973745F656E6400000000216172630F
:10084000685F69735F696E5F6973722829207C7CB9
:1008500020282874696D656F7574292E7469636B1F
:1008600073203D3D202828286B5F74696D656F7586
:10087000745F7429207B307D29292E7469636B7322
:1008800029000000574553545F544F504449522F9C
:100890007A65706879722F6B65726E656C2F696E00
:1008A000636C7564652F6B73636865642E68000004
:1008B0007468726561642D3E626173652E70656E49
:1008C0006465645F6F6E0000574553545F544F502A
:1008D0004449522F7A65706879722F6B65726E6524
:1008E0006C2F6D656D5F736C61622E63000000009C
:1008F000736C6162203C3D205F6B5F6D656D5F7363
:100900006C61625F6C6973745F656E640000000007
:1009100028736C61622D3E667265655F6C697374E5
:10092000203D3D202828766F6964202A293029201F
:10093000262620736C61622D3E696E666F2E6E7581
:100940006D5F75736564203D3D20736C61622D3E63
:10095000696E666F2E6E756D5F626C6F636B732967
:10096000207C7C20736C61625F7074725F69735F5E
:10097000676F6F6428736C61622C20736C61622DE9
:100980003E667265655F6C697374290009736C61FA
:100990006220636F7272757074696F6E2064657423
:1009A00065637465640A000009496E76616C696468
:1009B000206D656D6F727920706F696E746572203D
:1009C00070726F76696465640A0000002161726369
:1009D000685F6972715F756E6C6F636B6564286BBD
:1009E00065792900574553545F544F504449522F5D
:1009F0007A65706879722F6B65726E656C2F6964A9
:100A00006C652E63000000005F6B65726E656C2E76
:100A1000637075735B305D2E63757272656E742DD5
:100A20003E626173652E7072696F203E3D2030001A
:100A300021617263685F6972715F756E6C6F636B61
:100A4000656428617263685F6972715F6C6F636B64
:100A5000282929000974686973206973206D65610C
:100A60006E7420746F2062652063616C6C65642015
:100A70007769746820495251732064697361626CAC
:100A800065640A00574553545F544F504449522FF0
:100A90007A65706879722F6B65726E656C2F6D75F3
:100AA0007465782E6300000021617263685F69736A
:100AB0005F696E5F6973722829000000096D7574A3
:100AC000657865732063616E6E6F74206265207552
:100AD00073656420696E7369646520495352730AB3
:100AE000000000006D757465782D3E6C6F636B5F60
:100AF000636F756E74203E20305500005745535487
:100B00005F544F504449522F7A65706879722F6B49
:100B100065726E656C2F73656D2E63002828617297
:100B200063685F69735F696E5F6973722829203D2E
:100B30003D203029207C7C20282874696D656F75E4
:100B400074292E7469636B73203D3D202828286B1F
:100B50005F74696D656F75745F7429207B307D29C2
:100B6000292E7469636B73292900000073797377E8
:100B70006F726B7100000000574553545F544F5023
:100B80004449522F7A65706879722F6B65726E6571
:100B90006C2F776F726B2E6300000000776F726BA3
:100BA0002D3E717565756520213D202828766F6979
:100BB00064202A293029000068616E646C65722007
:100BC000213D202828766F6964202A2930290000D9
:100BD000776F726B20213D202828766F6964202A68
:100BE00029302900717565756520213D20282876FA
:100BF0006F6964202A29302900000000776F726B2A
:100C00002D3E68616E646C657220213D2028287637
:100C10006F6964202A2930290000000021666C6178
:100C2000675F746573742826776F726B2D3E666CF0
:100C30006167732C204B5F574F524B5F44454C41CB
:100C40005941424C455F42495429000073796E6313
:100C500020213D202828766F6964202A2930290028
:100C60007175657565000000737461636B00000049
:100C700021666C61675F746573742826717565758C
:100C8000652D3E666C6167732C204B5F574F524B4E
:100C90005F51554555455F535441525445445F4259
:100CA0004954290064776F726B20213D20282876F3
:100CB0006F6964202A293029000000002B00000001
:100CC000574553545F544F504449522F7A657068CA
:100CD00079722F6B65726E656C2F746872656164D2
:100CE0002E630000282828287072696F2929203D6A
:100CF0003D203135202626207A5F69735F69646C58
:100D0000655F7468726561645F656E7472792828C6
:100D1000656E747279292929207C7C202828283145
:100D200035202D203129203E3D2028282D313629FF
:100D300029292026262028287072696F2929203E1B
:100D40003D2028282D3136292920262620282870C4
:100D500072696F2929203C3D20283135202D203112
:100D60002929290009696E76616C696420707269AD
:100D70006F7269747920282564293B20616C6C6F3F
:100D80007765642072616E67653A20256420746F10
:100D90002025640A000000000954687265616473CC
:100DA000206D6179206E6F742062652063726561C9
:100DB00074656420696E20495352730A0000000074
:100DC00064756D6D79000000736C656570696E67A0
:100DD00000000000646561640000000073757370BA
:100DE000656E64656400000061626F7274696E67AD
:100DF0000000000073757370656E64696E670000B3
:100E00007175657565640000C00D06000100050080
:100E1000C494050002000700C80D06000400080085
:100E2000D40D060008000400DC0D060010000900C7
:100E3000E80D060020000800F40D060040000A003E
:100E4000000E0600800006005F6B65726E656C2EFA
:100E5000637075735B305D2E63757272656E742D91
:100E60003E626173652E73636865645F6C6F636B6C
:100E7000656420213D203155000000005745535442
:100E80005F544F504449522F7A65706879722F6BC6
:100E900065726E656C2F73636865642E6300000075
:100EA000217A5F69735F69646C655F7468726561FC
:100EB000645F6F626A65637428746872656164292F
:100EC00000000000574553545F544F504449522F7F
:100ED0007A65706879722F6B65726E656C2F696EBA
:100EE000636C7564652F6B7468726561642E68004D
:100EF0005F6B65726E656C2E637075735B305D2E13
:100F000063757272656E7420213D202828766F69A2
:100F100064202A293029000073697A656F66285F8A
:100F200073636865645F7370696E6C6F636B2920AF
:100F30003D3D2030207C7C206C6F636B20213D2068
:100F4000265F73636865645F7370696E6C6F636B53
:100F5000000000005F6B65726E656C2E63707573C8
:100F60005B305D2E63757272656E742D3E626173C7
:100F7000652E73636865645F6C6F636B65642021C5
:100F80003D203055000000000961626F7274696E87
:100F90006720657373656E7469616C20746872652F
:100FA00061642025700A0000217465726D696E61AC
:100FB000746500000961626F72746564205F637517
:100FC0007272656E74206261636B2066726F6D2051
:100FD000646561640A000000574553545F544F50E4
:100FE0004449522F7A65706879722F6B65726E650D
:100FF0006C2F74696D65736C6963696E672E63002D
:10100000282874696D656F75742920262620282884
:1010100075696E747074725F74292028736C6963CB
:10102000655F74696D656F7574732929203C3D2077
:10103000282875696E747074725F74292028746929
:101040006D656F7574292920262620282875696EFC
:10105000747074725F7429202874696D656F75747B
:101060002929203C20282875696E747074725F7479
:101070002920282628736C6963655F74696D656F24
:10108000757473295B282873697A655F7429202831
:101090002828696E74292073697A656F66286368E9
:1010A00061725B31202D2032202A202128215F5FB0
:1010B0006275696C74696E5F74797065735F636F74
:1010C0006D70617469626C655F70285F5F747970C0
:1010D000656F665F5F28736C6963655F74696D65D2
:1010E0006F757473292C205F5F747970656F665F0C
:1010F0005F282628736C6963655F74696D656F7519
:101100007473295B305D2929295D29202D2031291F
:10111000202B202873697A656F6628736C69636574
:101120005F74696D656F75747329202F2073697AF8
:10113000656F662828736C6963655F74696D656F98
:10114000757473295B305D292929295D2929202699
:10115000262028282875696E747074725F7429209F
:101160002874696D656F75742929202D20282875CC
:10117000696E747074725F74292028736C6963657A
:101180005F74696D656F7574732929292025207333
:10119000697A656F662828736C6963655F74696D29
:1011A000656F757473295B305D29203D3D203029C2
:1011B00000000000574553545F544F504449522F8C
:1011C0007A65706879722F6B65726E656C2F7468C2
:1011D000726561645F6D6F6E69746F722E6300007B
:1011E000757365725F636220213D202828766F69E0
:1011F00064202A293029000009757365725F6362D3
:101200002063616E206E6F74206265204E554C4CD9
:101210000A000000574553545F544F504449522F21
:101220007A65706879722F6B65726E656C2F746960
:101230006D656F75742E6300217379735F646E6FD3
:1012400064655F69735F6C696E6B65642826746F93
:101250002D3E6E6F64652900574553545F544F50BF
:101260004449522F7A65706879722F6B65726E658A
:101270006C2F706F6C6C2E630000000009696E7635
:10128000616C6964206576656E7420747970652080
:101290002830782578290A0A000000006576656EF6
:1012A000742D3E73656D20213D202828766F69647A
:1012B000202A29302900000009696E76616C696472
:1012C0002073656D6170686F72650A0A0000000026
:1012D0006576656E742D3E717565756520213D20BE
:1012E0002828766F6964202A2930290009696E76DA
:1012F000616C69642071756575650A0A00000000FB
:101300006576656E742D3E7369676E616C20213D54
:10131000202828766F6964202A29302900000000DF
:1013200009696E76616C696420706F6C6C207369FA
:10133000676E616C0A0A00006576656E742D3E6DFD
:1013400073677120213D202828766F6964202A293F
:101350003029000009696E76616C6964206D6573DF
:10136000736167652071756575650A0A0000000084
:1013700009696E76616C6964206576656E742074A7
:101380007970650A0A000000746872656164202142
:101390003D202828766F6964202A29302900000022
:1013A00009706F6C6C65722073686F756C6420686F
:1013B0006176652061207468726561640A0A0000C4
:1013C0006D6F6465203D3D204B5F504F4C4C5F4D31
:1013D0004F44455F4E4F544946595F4F4E4C59005C
:1013E000096F6E6C79204E4F544946595F4F4E4CF1
:1013F00059206D6F646520697320737570706F720A
:101400007465640A0A00000074797065203C202825
:101410002831554C203C3C20285F504F4C4C5F4EAF
:10142000554D5F54595045532929290009696E7655
:10143000616C696420747970650A0A006F626A20C1
:10144000213D202828766F6964202A293029000050
:10145000096D7573742070726F7669646520616EB2
:10146000206F626A6563740A0A0000006576656E23
:10147000747320213D202828766F6964202A293042
:1014800029000000094E554C4C206576656E74733A
:101490000A0A00006E756D5F6576656E7473203E96
:1014A0003D203000093C30206576656E74730A0A71
:1014B00000000000574553545F544F504449522F89
:1014C0007A65706879722F6B65726E656C2F6D65C9
:1014D0006D706F6F6C2E6300616C69676E203D3DAF
:1014E0002030207C7C20282875696E747074725FAF
:1014F00074296D656D20262028616C69676E202D2A
:1015000020312929203D3D2030000000096D6973FC
:10151000616C69676E6564206D656D6F72792061BD
:10152000742025702028616C69676E203D20257A23
:1015300075290A00616C69676E202F2073697A65CE
:101540006F6628766F6964202A29203E3D2031206D
:1015500026262028616C69676E20252073697A65CC
:101560006F6628766F6964202A2929203D3D203046
:101570000000000009616C69676E206D757374204E
:1015800062652061206D756C7469706C65206F6692
:101590002073697A656F6628766F6964202A290A44
:1015A00000000000FF8FFFFFFF8FFFFFFE8FFFFF98
:1015B000FE8FFFFFFD8FFFFFFC8FFFFFFC8FFFFF04
:1015C000FB8FFFFF6D757465785F667265652063DC
:1015D000616C6C65642077697468204E554C4C20B2
:1015E000706172616D6574657200000043616E2701
:1015F0007420696E697469616C697A65206D7574AF
:1016000065782C20776173204E554C4C0D0A0000F4
:101610004661696C20746F20616371756972652021
:101620006D757465780A00004661696C20746F20DE
:10163000696E63726561736520504D20636F756ECE
:101640007465720A000000004661696C20746F20A6
:10165000646563726561736520504D20636F756EBC
:101660007465720A000000004661696C20746F2086
:1016700072656C65617365206D757465780A00002C
:10168000436F756C64206E6F74206C6F636B207099
:101690006F7765722073617665206D75746578006B
:1016A0004661696C20746F20756E6C6F636B206D82
:1016B000757465780A0000006374782063616E6E4B
:1016C0006F74206265204E554C4C00000A6374789C
:1016D000206973204E554C4C0A00000067E6096AE9
:1016E00085AE67BB72F36E3C3AF54FA57F520E5143
:1016F0008C68059BABD9831F19CDE05BD89E05C1D3
:1017000007D57C3617DD703039590EF7310BC0FF25
:1017100011155868A78FF964A44FFABE01234567D5
:1017200089ABCDEFFEDCBA9876543210F0E1D2C32B
:10173000202D002005000000190000007D000000A1
:10174000512563FCC2CAB9F3849E17A7ADFAE6BC63
:10175000FFFFFFFFFFFFFFFF00000000FFFFFFFF95
:10176000982F8A4291443771CFFBC0B5A5DBB5E90C
:101770005BC25639F111F159A4823F92D55E1CAB80
:1017800098AA07D8015B8312BE853124C37D0C550E
:10179000745DBE72FEB1DE80A706DC9B74F19BC156
:1017A000C1699BE48647BEEFC69DC10FCCA10C2446
:1017B0006F2CE92DAA84744ADCA9B05CDA88F9762A
:1017C00052513E986DC631A8C82703B0C77F59BF94
:1017D000F30BE0C64791A7D55163CA0667292914C0
:1017E000850AB72738211B2EFC6D2C4D130D38535D
:1017F00054730A65BB0A6A762EC9C281852C72921F
:10180000A1E8BFA24B661AA8708B4BC2A3516CC74C
:1018100019E892D1240699D685350EF470A06A1085
:1018200016C1A419086C371E4C774827B5BCB034D4
:10183000B30C1C394AAAD84E4FCA9C5BF36F2E6872
:10184000EE828F746F63A5781478C8840802C78C01
:10185000FAFFBE90EB6C50A4F7A3F9BEF27871C604
:10186000AAAAAAAAAAAAAAAAAAAAAAAA555555552C
:10187000555555555555555500000000555555556C
:10188000522563FCC2CAB9F3849E17A7ADFAE6BC21
:10189000FFFFFFFFFFFFFFFF00000000FFFFFFFF54
:1018A000512563FCC2CAB9F3849E17A7ADFAE6BC02
:1018B000FFFFFFFFFFFFFFFF00000000FFFFFFFF34
:1018C00096C298D84539A1F4A033EB2D817D0377DA
:1018D000F240A463E5E6BCF847422CE1F2D1176B75
:1018E000F551BF376840B6CBCE5E316B5733CE2B48
:1018F000169E0F7C4AEBE78E9B7F1AFEE242E34F77
:101900004B60D2273E3CCE3BF6B053CCB0061D65B3
:10191000BC86987655BDEBB3E7933AAAD835C65A3C
:10192000FCFFFFFFFFFFFFFFFFFFFFFF00000000C6
:10193000000000000000000001000000FFFFFFFFAA
:1019400000002020202020202020202828282828AF
:101950002020202020202020202020202020202087
:1019600020208810101010101010101010101010DF
:1019700010100404040404040404040410101010DF
:10198000101010414141414141010101010101019A
:10199000010101010101010101010101011010100A
:1019A000101010424242424242020202020202026D
:1019B00002020202020202020202020202101010DD
:1019C00010200000000000000000000000000000E7
:1019D0000000000000000000000000000000000007
:1019E00000000000000000000000000000000000F7
:1019F00000000000000000000000000000000000E7
:101A000000000000000000000000000000000000D6
:101A100000000000000000000000000000000000C6
:101A200000000000000000000000000000000000B6
:101A300000000000000000000000000000000000A6
:101A40000000494E4600696E66004E414E006E61D0
:101A50006E00300030313233343536373839414258
:101A600043444546003031323334353637383961F6
:101A7000626364656600496E66696E697479004EDA
:101A8000614E005245454E54206D616C6C6F632071
:101A9000737563636565646564002F566F6C756D5F
:101AA00065732F576F726B73706163652F62756911
:101AB0006C642F2E6275696C642F484F53542D78D7
:101AC00038365F36342D6170706C652D64617277C5
:101AD000696E2F61726D2D7A65706879722D6561FE
:101AE00062692F7372632F6E65776C69622D6E6108
:101AF0006E6F2F6E65776C69622F6C6962632F73EE
:101B000074646C69622F64746F612E630042616C4F
:101B10006C6F6320737563636565646564002F563D
:101B20006F6C756D65732F576F726B737061636542
:101B30002F6275696C642F2E6275696C642F484F33
:101B400053542D7838365F36342D6170706C652DA6
:101B500064617277696E2F61726D2D7A6570687934
:101B6000722D656162692F7372632F6E65776C6980
:101B7000622D6E616E6F2F6E65776C69622F6C6976
:101B800062632F7374646C69622F6D707265632E6B
:101B90006300232D302B2000686C4C006566674580
:101BA0004647004300504F534958002E00000000A4
:101BB00000000000F1220100000000000001000010
:101BC0000000000000000000000000000000000015
:101BD0000000000000000000000000000000000005
:101BE0000000000001B00100000000000001000042
:101BF00000000000000000000000000000000000E5
:101C000000000000000000000000000000000000D4
:101C1000000000004759040000000000000100001F
:101C200000000000000000000000000000000000B4
:101C300000000000000000000000000000000000A4
:101C40000000000000000000000000000000000094
:101C50000000000000000000000000000000000084
:101C60000000000000000000000000000000000074
:101C70000000000000000000000000000000000064
:101C80000000000000000000000000000000000054
:101C90000000000000000000000000000000000044
:101CA0000000000000000000000000000000000034
:101CB0000000000000000000000000000000000024
:101CC0000000000000000000000000000000000014
:101CD0000000000000000000000000000000000004
:101CE00000000000000000000000000000000000F4
:101CF00000000000000000000000000000000000E4
:101D00000000000000000000992202000000000016
:101D100000000000000000000000000000000000C3
:101D200000000000000000000000000000000000B3
:101D300000000000000000000000000000000000A3
:101D40000000000000000000000000000000000093
:101D50000000000000000000000000000000000083
:101D60000000000000000000000000000000000073
:101D70000000000000000000000000000000000063
:101D80000000000000000000000000000000000053
:101D90000000000000000000000000000000000043
:101DA0000000000000000000000000000000000033
:101DB000141F0500000000000000000000000000EB
:101DC0000000000000000000000000000000000013
:101DD0000000000000000000000000000000000003
:101DE00000000000000000000000000000000000F3
:101DF000000000000000000084030000000000005C
:101E000000000000000000000000000000000000D2
:101E1000759E0300000000000000000000000000AC
:101E20007022002070220020419C0400000000006D
:101E300000000000000000000000000000000000A2
:101E400090220020902200200000000001000000ED
:101E5000A0220020A0220020A8220020A8220020EA
:101E60000000000001000000B8220020B82200207D
:101E70000000000000000000000000000000000062
:101E80000000000000000000000000000000000052
:101E90000000000000000000000000000000000042
:101EA0000000000000000000000000000000000032
:101EB0000000000003000000D855002004000000CE
:101EC0000C00000000040A400102000000040A4067
:101ED0000001000000000000000000000000000001
:101EE00000000000000000000000000000000000F2
:101EF00000000000000000000000000000000000E2
:101F000000000000000000000000000000000000D1
:101F100000000000000000000000000000000000C1
:101F200000000000000000000000000000000000B1
:101F3000000000000000000000000000D5200100AB
:101F40000000000000000000D8480500000010005C
:101F50000000000000000000000000000000000081
:101F60000000000000000000000000000000000071
:101F70000000000000000000000000000000000061
:101F80000000000000000000000000000000000051
:101F90000000000000000000000000000000000041
:101FA0000000000000000000000000000000000031
:101FB0000000000000000000D5200100000000002B
:101FC00000000000084905000000100000000000AB
:101FD0000000000000000000000000000000000001
:101FE00000000000000000000000000000000000F1
:101FF00000000000000000000000000000000000E1
:1020000000000000000000000000000000000000D0
:1020100000000000000000000000000000000000C0
:1020200000000000000000000000000000000000B0
:1020300000000000D52001000000000000000000AA
:1020400038490500000010000000000000000000FA
:102050000000000000000000000000000000000080
:102060000000000000000000000000000000000070
:102070000000000000000000000000000000000060
:102080000000000000000000000000000000000050
:102090000000000000000000000000000000000040
:1020A0000000000000000000000000000000000030
:1020B000E920010000000000000000006849050060
:1020C0000000100000000000000000000000000000
:1020D0000000000000000000000000000000000000
:1020E00000000000000000000000000000000000F0
:1020F00000000000000000000000000000000000E0
:1021000000000000000000000000000000000000CF
:1021100000000000000000000000000000000000BF
:10212000000000000000000000000000412101004C
:1021300000000000000000009849050000001000A9
:1021400001010000B025002007100000A02500209C
:10215000F0DEBC9A7856341278563412785634121F
:1021600006000000000000000B000000A0000000BE
:10217000F0000000000000000000000088130000D4
:10218000010000000000803F00000000000000008F
:1021900000000000172304000000000000000720DA
:1021A00000000100CC1E050000000000CC1E050050
:1021B000010000000200000000000000000000001C
:1021C000000200001F310400A465050000000200A9
:1021D000B065050000000200BC65050000000200BB
:1021E000C865050000000200D4650500000002007B
:1021F000E065050000000200EC650500000002003B
:1022000001000000000100000000000000000000CC
:1022100000000000000000000000000000000000BE
:1022200000000000000000000000000000000000AE
:10223000000000000000000000000000000000009E
:10224000000000000000000000000000000000008E
:10225000000000000000000000000000000000007E
:10226000000000000000000000000000000000006E
:102270004D7E0100000000000000000084660500A3
:10228000000012000000000001000000EC26002009
:1022900000000000000000000000000018A702205D
:1022A000000000000000000000000000000000002E
:1022B00000000000000000000002000004710500A2
:1022C000703D00207883050000001800A4830500FD
:1022D00000000200D083050000000200FC8305001E
:1022E0000000020028840500000002000000000039
:1022F00000000000000000000000000000000000DE
:1023000000000000000000000000000000000000CD
:1023100000000000000000000000000000000000BD
:1023200000000000000000000000000000000000AD
:10233000000000000000000000000000000000009D
:10234000000000000000000000000000000000008D
:1023500000000000814C04008DB00100000000006E
:10236000000000000000000002000000000000006B
:1023700000000000AC3100203A000000983100203D
:102380003A000000703100203A0000008431002043
:102390003A000000C03100203A0000005C3100200B
:1023A0003A000000E83100203A000000E484050013
:1023B000BDB80100774F04000100000001000000DB
:1023C000000000000000000000000000E86A0500B6
:1023D0000100000001000000000000001096050050
:1023E0000700010049EA010000000000EC9605002A
:1023F00009000000235904005428002004000000B4
:1024000000000000F0980500F78B040000000000B9
:10241000DC98050000000100D8980500AD8C040090
:10242000000000001829002000000100B0980500FD
:102430000000000099F90100000000000000020007
:10244000AC9805002F8C040085800200A428002091
:102450000000030000000000000000000000000079
:10246000000000000000000000000000000000006C
:10247000000000000000000000000000000000005C
:10248000000000000000000000000000000000004C
:10249000000000000000000000000000000000003C
:1024A000000000000000000000000000000000002C
:1024B0000000000000000000000000001DF9010005
:1024C0000000000000000000C49805000000140097
:1024D0000000000009FD01000000000000000000F5
:1024E000000000002F640400000000000000000055
:1024F00000000000FD0D02000000000000000000D0
:1025000000000000F1400200000000000000000098
:1025100000000000413F0200000000000000000039
:102520000000000011540200000000000000000044
:1025300000000000554802000000000000000000FC
:1025400090290020902900200000000000000000D9
:10255000216A02004D8104009980040000000000FF
:1025600000000000E16E02004D7A0400377904009B
:10257000E56602000000000010C005000000020037
:102580001CC0050000000A002CC00500000020004F
:10259000000000000000000000000000000000003B
:1025A000000000000000000000000000000000002B
:1025B000000000000000000000000000000000001B
:1025C000000000000000000000000000000000000B
:1025D00000000000000000000000000000000000FB
:1025E00000000000000000000000000000000000EB
:1025F00000000000000000000000000077860400DA
:1026000000000000CCC0050000000200D8C005009A
:1026100000000200E4C00500000002006C2A002057
:102620006C2A002000000000000000000E000000E6
:10263000802A0020802A0020B5AD020000000000A2
:1026400000000000000000000000000038CB050082
:1026500000000000D59D0400C59D0400000000009E
:10266000141F0500B42A0020B42A00200000000036
:1026700001000000C42A0020C42A0020E41E050036
:10268000FFFF0000FFFF0000E82A0020000000001C
:10269000000000000000000000000000000000003A
:1026A000C86D0020200000000000000000000000B5
:1026B00000000000BCD80500010000000C2B002029
:1026C0000C2B002000000000010000001C2B00204B
:1026D0001C2B0020242B0020242B002000000000B5
:1026E00001000000342B0020342B002000000000EB
:1026F00000000000000000000000000000000000DA
:1027000000000000000000000000000000000000C9
:102710005C1F05000000000000000000F06D0020BC
:10272000E86D0020536D61727450617463683030DD
:102730003100000058DB050011000000000000001F
:1027400060DB050012000000000000001170002096
:102750001E00000002000000000000000000000059
:10276000FFFF0000000000005522030000000000F1
:10277000000000000090D003007001500000000035
:10278000FFFFFFFF3F000000FFFFFFFF3F000000D3
:102790000000000000000000000000000000000039
:1027A0000000000000000000000000000000000029
:1027B0000000000000000000000000000000000019
:1027C0000000000000000000000000000000000009
:1027D00000000000000000000000000000000000F9
:1027E00000000000000000000000000000000000E9
:1027F00000000000000000000000000000000000D9
:1028000008000000FF0000000000000003000000BE
:102810000000000090050600000000005D4C030071
:1028200000000000000000000000000000000000A8
:102830000000000000000000000000000000000098
:10284000902C0020902C0020982C0020982C002008
:102850006DFF040069FF040055160500C5C703009D
:10286000B9C70300ADC703000000000015C803008E
:10287000FC2C0020F42C0020EC2C00200000000098
:10288000E42C0020E5C9030031C9030065C9030039
:10289000ADC903000C8800203A00003A10880020DF
:1028A0003A00003A148800203A00003A18880020C4
:1028B0003A00003A608D0020102D0020D02C00201E
:1028C000C82C0020C42C0020C02C0020202D00206B
:1028D00000000000000000000000000000000000F8
:1028E00000000000000000000000000000000000E8
:1028F00000000000000000000000000000000000D8
:1029000000000000000000000000000000000000C7
:1029100000000000000000000000000000000000B7
:1029200000000000000000000000000000000000A7
:102930004300000000000000000000000000000054
:102940000000000000000000000000000000000087
:102950004300000000000000000000000000000034
:102960000000000000000000000000000000000067
:102970004300000000000000000000000000000014
:102980000000000000000000000000000000000047
:1029900043000000000000000000000000000000F4
:1029A0000000000000000000000000000000000027
:1029B00043000000000000000000000000000000D4
:1029C0000000000000000000000000000000000007
:1029D00043000000000000000000000000000000B4
:1029E00000000000000000000000000000000000E7
:1029F0004300000000000000000000000000000094
:102A000000000000000000000000000000000000C6
:102A1000CB1C05005D1C05000000000041190600EC
:102A2000AB1B0600971B0600971B0600971B0600B2
:102A3000971B0600971B0600971B0600971B0600B6
:102A4000971B0600971B0600FFFFFFFFFFFFFFFF1E
:102A5000FFFFFFFFFFFF0000010041534349490012
:102A60000000000000000000000000000000000066
:102A700000000000000000000000415343494900ED
:102A80000000000000000000000000000000000046
:102A90000000000000000000000000000C2864019D
:102AA000FF00000000000000000000000000000027
:102AB00000000000000000000000000000FFFFFF19
:102AC0000000000000000000000000000000000006
:102AD00000000000000000000000000000000000F6
:102AE00000000000000000000000000000000000E6
:102AF00000000000000000000000000000000000D6
:102B000000000000000000000000000000000000C5
:102B100000000000000000000000000000000000B5
:102B200000000000000000000000000000000000A5
:102B30000000000000000000000000000000000095
:102B40000000000000000000000000000000000085
:102B50000000000000000000000000000000000075
:102B60000000000000000000000000000000000065
:102B70000000000000000000000000000000000055
:102B80000000000000000000000000000000000045
:102B90000000000000000000000000000000000035
:102BA0000000000000000000000000000000000025
:102BB0000000000000000000000000000000000015
:102BC0000000000000000000000000000000000005
:102BD00000000000000000000000000000000000F5
:102BE00000000000000000000000000000000000E5
:102BF0000000000000000000759E030000000000BF
:102C00000000000000000000583000205830002074
:102C1000F11F0300000000000000000000000000A1
:102C200000000000000000000000000000000000A4
:102C3000759E03000000000000000000000000007E
:102C40009030002090300020B922030000000000E6
:102C50000000000000000000000000000000000074
:102C6000B0300020B03000200000000064FD0220E1
:102C7000000000000500000030000000000000001F
:102C8000D0300020D03000200000000080830120E0
:102C90000000000005000000B80000000000000077
:102CA000F0300020F03000200000000054FE022030
:102CB000000000000C0000001C00000000000000EC
:102CC000103100201031002000000000A4FF02207D
:102CD000000000000200000088000000000000006A
:102CE0000000000018A70120000001000000000003
:102CF00000000000000000004831002048310020A2
:102D000000000000000000000E0000005C31002008
:102D10005C31002000000000000000000E000000F8
:102D20007031002070310020000000000000000021
:102D30000E000000843100208431002000000000DB
:102D4000000000000E0000009831002098310020A3
:102D500000000000000000000E000000AC31002068
:102D6000AC31002000000000000000000E00000058
:102D7000C0310020C0310020000000000000000031
:102D80000E000000D4310020D431002000000000EB
:102D9000000000000E000000E8310020E8310020B3
:102DA00000000000000000000E000000FC310020C8
:102DB000FC31002000000000FFFFFFFF0C3200206C
:102DC0000C320020000000000000000000000000A5
:102DD000203200202032002028320020283200201B
:102DE0000000000000000000000000003C32002055
:102DF0003C32002044320020443200200000000019
:102E0000000000000000000058320020583200206E
:102E10006032002060320020000000000600060042
:102E200006000000A55E0400A89A050024DA02202E
:102E30000000000000000000000000008C320020B4
:102E40008C320020943200209432002000000000D8
:102E50000C000C001000000000000000BCB30500D6
:102E60008CED0220000000000000000000000000C7
:102E7000C0320020C0320020C8320020C8320020FA
:102E8000000000000C000C0010000000417B04005A
:102E900038BA050084FB022000000000000000009A
:102EA00000000000F4320020F4320020FC32002048
:102EB000FC320020000000000300030001000000BD
:102EC00000000000B89A050070DB0220000000003E
:102ED00000000000000000002833002028330020FC
:102EE0003033002030330020000000000A000A00C8
:102EF00001000000E35E0400989A05000CD3022054
:102F00000000000000000000000000005C33002012
:102F10005C33002064330020643300200000000094
:102F20000500050010000000F16C0400ACB30500C2
:102F3000C4E00220000000000000000000000000CB
:102F400090330020903300209833002098330020E5
:102F5000000000000A000A0001000000000000005C
:102F6000E4A50500ACDF0220000000000000000026
:102F700000000000C4330020C4330020CC33002004
:102F8000CC33002000000000040004000800000012
:102F900000000000E4970500C4CF022000000000FC
:102FA0000000000000000000F8330020F83300208B
:102FB0000034002000340020000000000100010067
:102FC0000100000000000000C89A0500C8DC0220D3
:102FD000040000001400000003000000474E5500EC
:102FE000DFF490DC9CEC4FBBAFB813252DBA51CC6D
:102FF0009FCF81C715E015E00769970010002000FA
:103000001A9C83EE08EEA8D510732845AE286616E4
:1030100082F2D4E79703808B52B4A0063FED92A6CC
:103020000100200094FB8CC3361A45E5EDB1CC7E3F
:1030300037792FA9BF9D0A07B4B2CC72141094B28D
:10304000DFA8C41522004700304502202B7FC1971E
:103050005EF2B0EDBEA1AAB0FAE353D732BA607CFB
:103060004CC7F05287E1717C6568C132022100DEF5
:10307000917DC77FCFE1B12F75C928A5C0C9AF5FCA
:0F308000D181D931052247C79D168DAD6150C44E
:00000001FF
