:10C20000405C01207DD90100EDD0010061D9010021
:10C2100061D9010061D9010061D9010061D9010032
:10C220000000000000000000000000005DDB0100D5
:10C2300061D9010000000000A5DA010061D9010008
:10C24000E5DE0100E5DE0100E5DE0100E5DE0100DE
:10C25000E5DE0100E5DE0100E5DE0100E5DE0100CE
:10C26000E5DE0100E5DE0100E5DE0100E5DE0100BE
:10C27000E5DE0100E5DE0100E5DE0100E5DE0100AE
:10C28000E5DE0100E5DE0100E5DE0100E5DE01009E
:10C29000E5DE0100E5DE0100E5DE0100E5DE01008E
:10C2A000E5DE0100E5DE0100E5DE0100E5DE01007E
:10C2B000E5DE0100E5DE0100E5DE0100E5DE01006E
:10C2C000E5DE0100E5DE0100E5DE0100E5DE01005E
:10C2D000E5DE0100E5DE0100E5DE0100E5DE01004E
:10C2E000E5DE0100E5DE0100E5DE0100E5DE01003E
:10C2F000E5DE0100E5DE0100E5DE0100E5DE01002E
:10C30000E5DE0100E5DE0100E5DE0100E5DE01001D
:10C31000E5DE0100E5DE0100E5DE0100E5DE01000D
:10C32000E5DE0100E5DE0100E5DE0100E5DE0100FD
:10C33000E5DE0100E5DE0100E5DE0100E5DE0100ED
:10C34000E5DE0100E5DE0100E5DE0100E5DE0100DD
:04C35000E5DE010025
:10C358002DE9F14F03F11C0402EB840C4FEA930B17
:10C368008A68CB680868496800F046F93CE9F0003B
:10C378006040694072407B400BF1060E4EE083EA54
:10C38800134480EA134582EA134746BA96EA3444CE
:10C39800604000F00F1684EA063420F00F1684EA95
:10C3A800161054BA94EA0106724002F00F1486EA95
:10C3B800043622F00F1486EA14124CBA654069401C
:10C3C80001F00F1485EA043521F00F1485EA1411E1
:10C3D8005CBA67407B4003F00F1487EA043723F008
:10C3E8000F1487EA141344BA44404DBA4D4056BA64
:10C3F80056405FBA5F4087EA174886EA174B84EAD7
:10C4080017464FEA38488BEA1B4485EA1B4788EAF7
:10C418001B4580EA3440694072407B4000F070342C
:10C4280000F0803500F00F3040EA440040EAD500C3
:10C4380080EA900404F0332480EA8400604001F02C
:10C44800703401F0803501F00F3141EA440141EACE
:10C45800D50181EA910404F0332481EA8401614022
:10C4680002F0703402F0803502F00F3242EA4402E2
:10C4780042EAD50282EA920404F0332482EA840272
:10C48800624003F0703403F0803503F00F3343EA61
:10C49800440343EAD50383EA930404F0332483EA8C
:10C4A80084036340C943DB4381EA000483EA04460A
:10C4B80086EA020183EA014382EA334583EA1443A8
:10C4C8005C4084EA00077FEA040A8AEA024A8AEAA8
:10C4D800010B87EA11488AEA374A80EA060181EAAD
:10C4E8001A418AEA030A04EA0A00454088EA04076E
:10C4F80007EA0B0041408AEA0B0608EA060084EACC
:10C5080034428AEA3A4602EA060358404540414026
:10C5180087EA37438BEA3B4003EA000985EA0905C5
:10C5280082EA0309464006EA0906714085EA0100E5
:10C5380005EA3546464006EA314181EA304181EA5A
:10C54800364606EA304686EA354634400F4086EAE3
:10C55800010508EA050886EA3640024088EA02082A
:10C5680081EA314213405C4080EA020309EA030988
:10C5780087EA0907674088EA040806EA0A0601EA22
:10C588000B018AEA0B0425408AEA3A4420404540D8
:10C598008BEA3B4B02EA0B02564084EA0B04234029
:10C5A80059406E40694087EA364080EA384080EA60
:10C5B800060380EA104481EA134585EA344585EA92
:10C5C80017427D4082EA354180EA05403CE9F000A7
:10C5D8006040694072407B40BEF1010E3FF6CFAE2D
:10C5E80020BC00F05FF828606960AA60EB60BDE8D5
:10C5F800F08F00BF00F000BA80EA101404F0F014C5
:10C6080080EA0410604081EA111404F0F01481EA11
:10C618000411614082EA121404F0F01482EA041250
:10C62800624083EA131404F0F01483EA04136340AD
:10C6380080EA102404F47F4480EA0420604081EA00
:10C64800112404F47F4481EA0421614082EA12241F
:10C6580004F47F4482EA0422624083EA132404F447
:10C668007F4483EA0423634081EA500404F055348C
:10C6780080EA4400614083EA520404F0553482EAB7
:10C688004402634082EA900404F0333480EA840070
:10C69800624083EA910404F0333481EA8401634000
:10C6A800704700BF82EA900404F0333480EA8400C3
:10C6B800624083EA910404F0333481EA84016340E0
:10C6C80081EA500404F0553480EA4400614083EA6A
:10C6D800520404F0553482EA4402634080EA10248C
:10C6E80004F47F4480EA0420604081EA112404F4C1
:10C6F8007F4481EA0421614082EA122404F47F44E1
:10C7080082EA0422624083EA132404F47F4483EA21
:10C718000423634080EA101404F0F01480EA041043
:10C72800604081EA111404F0F01481EA04116140B8
:10C7380082EA121404F0F01482EA0412624083EAD6
:10C74800131404F0F01483EA04136340704700BF25
:10C758002DE9F14F94464FEA930B8A68CB68086835
:10C768004968FFF749FF0BF1060E33E083EA1344EB
:10C7780080EA134582EA134746BA96EA3444604091
:10C7880000F00F1684EA063420F00F1684EA16101B
:10C7980054BA94EA0106724002F00F1486EA04368D
:10C7A80022F00F1486EA14124CBA6540694001F071
:10C7B8000F1485EA043521F00F1485EA14115CBAC8
:10C7C80067407B4003F00F1487EA043723F00F1407
:10C7D80087EA1413BCE8F0006040694072407B406F
:10C7E80000F0E03400F0103500F00F3040EA54005B
:10C7F80040EAC50080EA900404F0332480EA84000B
:10C80800604001F0E03401F0103501F00F3141EAE9
:10C81800540141EAC50181EA910404F0332481EA14
:10C828008401614002F0E03402F0103502F00F326A
:10C8380042EA540242EAC50282EA920404F033242E
:10C8480082EA8402624003F0E03403F0103503F01A
:10C858000F3343EA540343EAC50383EA930404F01D
:10C86800332483EA8403634081EA324787EA134525
:10C8780081EA354690EA060484EA034B82EA1B42C1
:10C8880080EA044484EA054483EA144A85EA1444A5
:10C898008BEA044B84EA374481EA0B4181EA16416A
:10C8A80004EA0A00454082EA04082BEA08004140ED
:10C8B8008AEA0B0602EA060084EA34438AEA3A4620
:10C8C80003EA060778404540414088EA38478BEA42
:10C8D8003B4007EA000985EA090583EA070946405B
:10C8E80006EA0906714085EA010005EA3546464030
:10C8F80006EA314181EA304181EA364606EA3046A5
:10C9080086EA3546344008EA010886EA01052A40E5
:10C9180086EA364003405A4081EA31431F407C4052
:10C9280080EA030709EA070988EA0908544088EAFF
:10C93800020806EA0A0601EA0B018AEA0B02154018
:10C948008AEA3A42104045408BEA3B4003405E4049
:10C958004240174079404D404E40E443F64386EA52
:10C9680018435D4085EA054083EA134386EA03419C
:10C9780083EA384284EA114383EA04435FEA334393
:10C98800BEF1010E3FF6F2AE1ED4BCE8F0006040E6
:10C99800694072407B4020BCFFF784FE28606960D4
:10C9A800AA60EB60BDE8F08F2DE9E0414FF2F0029C
:10C9B80080EA1031114080EA01304840410882087D
:10C9C800C3084FF0000E4FE700F0113001F01131AD
:10C9D80002F0113203F0113340EA410040EA8200CC
:10C9E80040EAC3004FF2F00280EA1031114080EAB9
:10C9F80001304840BDE8E0812DE9F04F02F11C0507
:10CA08000646074600EB850851F8040B043A46F839
:10CA1800040BF9D14FF0010CFFF7C6FF5FEA302095
:10CA280080EA0C001ECF41404A4053405C401EC67D
:10CA38002000464517D04FEA4C0C1CF4807F18BFE5
:10CA4800ACF1E50C2C2DE7D03C2D06D1FFF7ACFF5F
:10CA580006CF41404A4006C6100006CF41404A4032
:10CA680006C61000D8E736E90F00FFF7C5FD043DFC
:10CA780086E80F00F7D1BDE8F08F00BF2DE9F00779
:10CA880091E8F807B2E802105B1854EB0C04B2E81E
:10CA980002104D4156EB0C06B2E802104F4158EB1C
:10CAA8000C08B2E8021059EB01095AEB0C0A80E8AD
:10CAB800F80780410130BDE8F00770472DE9F0071D
:10CAC80091E8F807B2E802105B1A74EB0C04B2E8BC
:10CAD80002108D4176EB0C06B2E802108F4178EB1C
:10CAE8000C08B2E8021079EB01097AEB0C0A80E82D
:10CAF800F80780414042BDE8F00770472DE9F0078C
:10CB0800524290E87800B1E880071740DB1918EA2C
:10CB1800020854EB080419EA020955EB09051AEA58
:10CB2800020A56EB0A0678C090E87800B1E8800758
:10CB380017407B4118EA020854EB080419EA020975
:10CB480055EB09051AEA020A56EB0A0678C0804135
:10CB58000130BDE8F00770472DE9F007524290E830
:10CB68007800B1E880071740DB1B18EA020874EB6D
:10CB7800080419EA020975EB09051AEA020A76EBB4
:10CB88000A0678C090E87800B1E880071740BB41F2
:10CB980018EA020874EB080419EA020975EB09059A
:10CBA8001AEA020A76EB0A0678C080414042BDE8DC
:10CBB800F00770472DE9F00152424FF0040890E861
:10CBC800300091E8C000A31B1340E41AF618EB1BD1
:10CBD8001340ED1AFF1830C0C0C1B8F10108EED1FA
:10CBE800BDE8F001704700BF00B592EC080AB1E853
:10CBF800805707EE101A53EC102A56EC114AA7FB7F
:10CC08000251A8FB020BE7FB6310E9FB62B041ECA1
:10CC1800145AA8FB0351EAFB6201E7FB64B5E7FB82
:10CC28006605E8FB661505EE10BAA9FB03B6EAFB34
:10CC38006316ECFB6356E8FB640BE9FB641BEAFB39
:10CC4800645BECFB646B05EE900AACFB023012EE01
:10CC5800104AEEFB6250E9FB6460EAFB64B0E7FB54
:10CC68006431E8FB645112EE904AE8FB6461E9FB29
:10CC780064B1EAFB640106EE103AA7FB043213EE36
:10CC8800104AE7FB6462E8FB64B2E9FB6402EAFB72
:10CC9800641211EE904AE9FB6453EAFB646313EEF5
:10CCA800904AE7FB64B3E8FB6403E9FB6413EAFB1F
:10CCB800642306EE905A17EE109A99E8000610EED3
:10CCC800108AA9FB0854EAFB68B412EE108AECFB40
:10CCD8006804EEFB6814E9FB6824EAFB683410EE8C
:10CCE800908AEEFB6865E9FB68B5EAFB680512EE19
:10CCF800908AECFB6815EEFB6825E9FB6835EAFBD2
:10CD0800684507EE106A11EE108AAEFB0876E9FB5B
:10CD18006806EAFB681613EE108AECFB6826EEFB41
:10CD28006836E9FB6846EAFB685611EE908AECFB28
:10CD380068B7EEFB6807E9FB6817EAFB682713EE9C
:10CD4800908AECFB6837EEFB6847E9FB6857EAFB1B
:10CD5800686700BD2DE9F04F07EE900AFFF744FF22
:10CD680017EE908A07EE90BAA8EC084A88E8FF0008
:10CD7800BDE8F08F00B591E89857A3FB0352A3FBD9
:10CD88000401E3FB6420E3FB671042EC145AA3FBA5
:10CD98000752E3FB6802E4FB6415E3FB6805E3FB69
:10CDA8006925A4FB07B6E3FB6926E3FB6A56E4FBA7
:10CDB800670BE4FB682BE3FB6A5BE3FB6C6B40EC03
:10CDC800151AA4FB0810E4FB6950E3FB6C60E3FB55
:10CDD8006EB0E7FB6721E4FB6951E4FB6A61E3FBA2
:10CDE8006EB1E4FB6E0106EE102AA7FB0832E4FBE5
:10CDF8006A62E4FB6CB2E4FB6E02E7FB6E12E7FBCF
:10CE08006853E7FB6963E4FB6CB3E7FB6C03E7FB80
:10CE18006E13E8FB6E2306EE905AA7FB0954E7FB56
:10CE28006AB4E7FB6C04E8FB6C14E8FB6E24E9FBCE
:10CE38006E34E8FB6865E7FB6AB5E8FB6A05E8FB62
:10CE48006C15E9FB6C25E9FB6E35EAFB6E4507EED0
:10CE5800106AA8FB0976E8FB6A06E9FB6A16E9FB93
:10CE68006C26EAFB6C36EAFB6E46ECFB6E56E8FB7A
:10CE780069B7E9FB6907E9FB6A17EAFB6A27EAFB76
:10CE88006C37ECFB6C47ECFB6E57EEFB6E6700BD36
:10CE98002DE9F04F07EE900AFFF76CFF17EE908A26
:10CEA80007EE90BAA8EC084A88E8FF00BDE8F08FC2
:10CEB80030B44FF0000310F8014B11F8015B013A50
:10CEC80084EA050443EA0403F5D1A3F101034FEA18
:10CED800D37030BC704700BF4FF0000310F8012B2F
:10CEE800013943EA0203F9D1A3F101034FEAD370F0
:10CEF800704700BF30B411F8014B12F8015B6C4069
:10CF080000F8014B013BF6D130BC70472DE9F04FDA
:10CF180090E8F00F00F140004FF0040E59E0F0B433
:10CF2800826BC36B04680525242687593C444FEA65
:10CF3800724787EAF24787EA92273C4442684FEAF9
:10CF4800F21787EAB24787EAD2073C4440F8044B15
:10CF5800032D08BF6FF01B0687593A444FEA734701
:10CF680087EAF34787EA93273A4443684FEAF31777
:10CF780087EAB34787EAD3073A4440F8042B87592E
:10CF88003B444FEA744787EAF44787EA94273B44CF
:10CF980044684FEAF41787EAB44787EAD4073B4462
:10CFA80040F8043B013DC0D1A0F13C00076A3C4475
:10CFB8004FEA724787EAF24787EA92273C440268B9
:10CFC8004FEAF21787EAB24787EAD2073C44C463BC
:10CFD800F0BC4FF0020288EA781C8CEAF84C0BEBA4
:10CFE800BC1C8AEA090303EA080383EA0A039C448F
:10CFF80050F8043B9C4451F8043B9C44674444EA81
:10D00800050B0BEA060B04EA05034BEA030BE344A2
:10D0180084EAF42383EA34530BEBB30B87EA771CD7
:10D028008CEAF74C0AEBBC1C89EA080303EA0703FD
:10D0380083EA09039C4450F8043B9C4451F8043BA0
:10D048009C4466444BEA040A0AEA050A0BEA04030C
:10D058004AEA030AE2448BEAFB2383EA3B530AEBDE
:10D06800B30A86EA761C8CEAF64C09EBBC1C88EA03
:10D07800070303EA060383EA08039C4450F8043BC9
:10D088009C4451F8043B9C4465444AEA0B0909EA6C
:10D0980004090AEA0B0349EA0309E1448AEAFA2384
:10D0A80083EA3A5309EBB30985EA751C8CEAF54C17
:10D0B80008EBBC1C87EA060303EA050383EA0703B7
:10D0C8009C4450F8043B9C4451F8043B9C44644401
:10D0D80049EA0A0808EA0B0809EA0A0348EA0308C1
:10D0E800E04489EAF92383EA395308EBB30884EA70
:10D0F800741C8CEAF44C07EBBC1C86EA050303EAB3
:10D10800040383EA06039C4450F8043B9C4451F80A
:10D11800043B9C44E34448EA090707EA0A0708EA8B
:10D12800090347EA0307674488EAF82383EA385380
:10D1380007EBB3078BEA7B1C8CEAFB4C06EBBC1CA9
:10D1480085EA040303EA0B0383EA05039C4450F8C9
:10D15800043B9C4451F8043B9C44E24447EA0806DB
:10D1680006EA090607EA080346EA0306664487EA68
:10D17800F72383EA375306EBB3068AEA7A1C8CEA6C
:10D18800FA4C05EBBC1C84EA0B0303EA0A0383EAA6
:10D1980004039C4450F8043B9C4451F8043B9C44D1
:10D1A800E14446EA070505EA080506EA070345EAF1
:10D1B8000305654486EAF62383EA365305EBB3058F
:10D1C80089EA791C8CEAF94C04EBBC1C8BEA0A034B
:10D1D80003EA090383EA0B039C4450F8043B9C448C
:10D1E80051F8043B9C44E04445EA060404EA070479
:10D1F80005EA060344EA0304644485EAF52383EA5E
:10D20800355304EBB304013A7FF4E5AEA0F14000D6
:10D21800BEF1010E7FF483AEA0F1400C9CE80F0034
:10D22800001949199219DB19ACE80F009CE80F00A6
:10D238004044494452445B44ACE80F00BDE8F08FD9
:10D248002DE9F00791E8F807B2E802105B1854EBF3
:10D258000C04B2E802104D4156EB0C06B2E802107D
:10D268004F4158EB0C08B2E8021059EB01095AEB90
:10D278000C0A8941B3F1FF3374F1FF3475F1FF35BE
:10D2880076F1000677F1000778F1000879F10109D5
:10D298007AF1FF3A51F100015B184C414D4156F1CA
:10D2A800000657F1000758F1000859EBD1795AEBFD
:10D2B800010A80E8F807BDE8F00770472DE9F00794
:10D2C80091E8F807B2E802105B1A74EB0C04B2E8B4
:10D2D80002108D4176EB0C06B2E802108F4178EB14
:10D2E8000C08B2E8021079EB01097AEB0C0A8941C3
:10D2F8005B184C414D4156F1000657F1000758F1B3
:10D30800000859EBD1795AEB010A80E8F807BDE823
:10D31800F007704718EB040859EB05095AEB060AA1
:10D328005BEB070B5FF0000C4CF1000C18EB0508E9
:10D3380059EB06095AEB070A5BEB070B50EB0C009D
:10D348005FF0000C51EB0C0152EB0C0263414CF105
:10D35800000CB8EB070879F100097AF1000A7BEBB9
:10D36800040BA841B141A241B3416CF1000CBBEBE5
:10D37800050BB041B941AA41BB416CF1000C4CF01E
:10D3880001068CF0020718EB060859EB6C095AEBFA
:10D398006C0A7BEB6C0B70EB6C0471EB6C0572EB3D
:10D3A800670653EB6C076CEB6C0C18EB0C0059EB35
:10D3B8000C015AEB0C025BF1000354F1000455F127
:10D3C800000556EBDC7657EB0C0770472DE9F04F5C
:10D3D80007EE900AFFF708FC59EC168A17EE10AA18
:10D3E800FFF798FF59EC148A5BEC15AAFFF792FF38
:10D3F80017EE908A88E8FF00BDE8F08F2DE9F04F1E
:10D4080007EE900AFFF7B6FC59EC168A17EE10AA39
:10D41800FFF780FF59EC148A5BEC15AAFFF77AFF37
:10D4280017EE908A88E8FF00BDE8F08F81F0004190
:10D4380002E000BF83F0004330B54FEA41044FEAF1
:10D44800430594EA050F08BF90EA020F1FBF54EA8C
:10D45800000C55EA020C7FEA645C7FEA655C00F028
:10D46800E2804FEA5454D4EB5555B8BF6D420CDDF9
:10D478002C4480EA020281EA030382EA000083EA7C
:10D48800010180EA020281EA0303362D88BF30BD1C
:10D4980011F0004F4FEA01314FF4801C4CEA113172
:10D4A80002D0404261EB410113F0004F4FEA0333D1
:10D4B8004CEA133302D0524263EB430394EA050F5C
:10D4C80000F0A780A4F10104D5F1200E0DDB02FACB
:10D4D8000EFC22FA05F2801841F1000103FA0EF25F
:10D4E800801843FA05F359410EE0A5F120050EF125
:10D4F800200E012A03FA0EFC28BF4CF0020C43FA56
:10D5080005F3C01851EBE37101F0004507D54FF062
:10D51800000EDCF1000C7EEB00006EEB0101B1F5B2
:10D52800801F1BD3B1F5001F0CD349085FEA3000F8
:10D538004FEA3C0C04F101044FEA445212F5800F03
:10D5480080F09A80BCF1004F08BF5FEA500C50F1A0
:10D55800000041EB045141EA050130BD5FEA4C0C83
:10D56800404141EB0101013C28BFB1F5801FE9D2E0
:10D5780091F0000F04BF01460020B1FA81F308BF03
:10D588002033A3F10B03B3F120020CDA0C3208DDCF
:10D5980002F1140CC2F10C0201FA0CF021FA02F1AA
:10D5A8000CE002F11402D8BFC2F1200C01FA02F11A
:10D5B80020FA0CFCDCBF41EA0C019040E41AA2BF3F
:10D5C80001EB0451294330BD6FEA04041F3C1CDA07
:10D5D8000C340EDC04F11404C4F1200220FA04F027
:10D5E80001FA02F340EA030021FA04F345EA0301D1
:10D5F80030BDC4F10C04C4F1200220FA02F001FA93
:10D6080004F340EA0300294630BD21FA04F0294614
:10D6180030BD94F0000F83F4801306BF81F48011AD
:10D628000134013D4EE77FEA645C18BF7FEA655C20
:10D6380029D094EA050F08BF90EA020F05D054EAF2
:10D64800000C04BF1946104630BD91EA030F1EBFF7
:10D658000021002030BD5FEA545C05D140004941FB
:10D6680028BF41F0004130BD14F580043CBF01F5EE
:10D67800801130BD01F0004545F0FE4141F47001D4
:10D688004FF0000030BD7FEA645C1ABF19461046AF
:10D698007FEA655C1CBF0B46024650EA013406BFB0
:10D6A80052EA033591EA030F41F4002130BD00BF6F
:10D6B80090F0000F04BF0021704730B54FF480642C
:10D6C80004F132044FF000054FF0000150E700BFAD
:10D6D80090F0000F04BF0021704730B54FF480640C
:10D6E80004F1320410F0004548BF40424FF00001F9
:10D6F8003EE700BF42004FEAE2014FEA31014FEA3C
:10D7080002701FBF12F07F4393F07F4F81F060518A
:10D71800704732F07F4208BF704793F07F4F04BFD5
:10D7280041F40021704730B54FF4607401F00045B2
:10D7380021F000411CE700BF50EA010208BF704712
:10D7480030B54FF000050AE050EA010208BF704703
:10D7580030B511F0004502D5404261EB41014FF46C
:10D76800806404F132045FEA915C3FF4D8AE4FF074
:10D7780003025FEADC0C18BF03325FEADC0C18BF57
:10D78800033202EBDC02C2F1200300FA03FC20FAA8
:10D7980002F001FA03FE40EA0E0021FA02F11444F5
:10D7A800BDE600BF70B54FF0FF0C4CF4E06C1CEA0E
:10D7B80011541DBF1CEA135594EA0C0F95EA0C0F7F
:10D7C80000F0DEF82C4481EA030621EA4C5123EAF2
:10D7D8004C5350EA013518BF52EA033541F4801121
:10D7E80043F4801338D0A0FB02CE4FF00005E1FBD4
:10D7F80002E506F00042E0FB03E54FF00006E1FB1E
:10D8080003569CF0000F18BF4EF0010EA4F1FF0460
:10D81800B6F5007F64F5407404D25FEA4E0E6D41A0
:10D8280046EB060642EAC62141EA55514FEAC520B1
:10D8380040EA5E504FEACE2EB4F1FD0C88BFBCF52D
:10D84800E06F1ED8BEF1004F08BF5FEA500E50F1DE
:10D85800000041EB045170BD06F0004646EA0101A4
:10D8680040EA020081EA0301B4EB5C04C2BFD4EBD6
:10D878000C0541EA045170BD41F480114FF0000ECF
:10D88800013C00F3AB8014F1360FDEBF002001F03D
:10D89800004170BDC4F10004203C35DA0C341BDCB7
:10D8A80004F11404C4F1200500FA05F320FA04F089
:10D8B80001FA05F240EA020001F0004221F00041BD
:10D8C80010EBD37021FA04F642EB06015EEA430E30
:10D8D80008BF20EAD37070BDC4F10C04C4F1200560
:10D8E80000FA04F320FA05F001FA04F240EA020013
:10D8F80001F0004110EBD37041F100015EEA430EE4
:10D9080008BF20EAD37070BDC4F1200500FA05F203
:10D918004EEA020E20FA04F301FA05F243EA020382
:10D9280021FA04F001F0004121FA04F220EA020091
:10D9380000EBD3705EEA430E08BF20EAD37070BDD7
:10D9480094F0000F0FD101F00046400041EB0101B7
:10D9580011F4801F08BF013CF7D041EA060195F099
:10D96800000F18BF704703F00046520043EB030353
:10D9780013F4801F08BF013DF7D043EA0603704740
:10D9880094EA0C0F0CEA135518BF95EA0C0F0CD04B
:10D9980050EA410618BF52EA4306D1D181EA030191
:10D9A80001F000414FF0000070BD50EA410606BF8B
:10D9B8001046194652EA430619D094EA0C0F02D1D0
:10D9C80050EA013613D195EA0C0F05D152EA033615
:10D9D8001CBF104619460AD181EA030101F0004133
:10D9E80041F0FE4141F470014FF0000070BD41F07C
:10D9F800FE4141F4780170BD70B54FF0FF0C4CF456
:10DA0800E06C1CEA11541DBF1CEA135594EA0C0F74
:10DA180095EA0C0F00F0A7F8A4EB050481EA030EC1
:10DA280052EA03354FEA013100F088804FEA0333A8
:10DA38004FF0805545EA131343EA12634FEA022276
:10DA480045EA111545EA10654FEA00260EF0004137
:10DA58009D4208BF964244F1FD0404F5407402D289
:10DA68005B084FEA3202B61A65EB03055B084FEA1A
:10DA780032024FF480104FF4002CB6EB020E75EB17
:10DA8800030E22BFB61A754640EA0C005B084FEA3F
:10DA98003202B6EB020E75EB030E22BFB61A7546BC
:10DAA80040EA5C005B084FEA3202B6EB020E75EB07
:10DAB800030E22BFB61A754640EA9C005B084FEA7F
:10DAC8003202B6EB020E75EB030E22BFB61A75468C
:10DAD80040EADC0055EA060E18D04FEA051545EA7B
:10DAE80016754FEA06164FEAC30343EA52734FEA24
:10DAF800C2025FEA1C1CC0D111F4801F0BD141EA9D
:10DB080000014FF000004FF0004CB6E711F4801F01
:10DB180004BF01430020B4F1FD0C88BFBCF5E06FE1
:10DB28003FF6AFAEB5EB030C04BFB6EB020C5FEAF1
:10DB3800500C50F1000041EB045170BD0EF0004E46
:10DB48004EEA113114EB5C04C2BFD4EB0C0541EA78
:10DB5800045170BD41F480114FF0000E013C90E675
:10DB680045EA060E8DE60CEA135594EA0C0F08BF39
:10DB780095EA0C0F3FF43BAF94EA0C0F0AD150EA38
:10DB880001347FF434AF95EA0C0F7FF425AF1046CB
:10DB980019462CE795EA0C0F06D152EA03353FF4F3
:10DBA800FDAE1046194622E750EA410618BF52EA70
:10DBB80043067FF4C5AE50EA41047FF40DAF52EA44
:10DBC80043057FF4EBAE12E74FF0FF3C06E000BFE1
:10DBD8004FF0010C02E000BF4FF0010C4DF804CDEE
:10DBE8004FEA410C7FEA6C5C4FEA430C18BF7FEAAE
:10DBF8006C5C1BD001B050EA410C0CBF52EA430CDC
:10DC080091EA030F02BF90EA020F0020704710F15B
:10DC1800000F91EA030F58BF994208BF90422CBFEA
:10DC2800D8176FEAE37040F0010070474FEA410CE3
:10DC38007FEA6C5C02D150EA013C07D14FEA430C01
:10DC48007FEA6C5CD6D152EA033CD3D05DF8040B72
:10DC5800704700BF8446104662468C4619466346A4
:10DC680000E000BF01B5FFF7B7FF002848BF10F17B
:10DC7800000F01BD4DF808EDFFF7F4FF0CBF0120C0
:10DC880000205DF808FB00BF4DF808EDFFF7EAFF3C
:10DC980034BF012000205DF808FB00BF4DF808EDF7
:10DCA800FFF7E0FF94BF012000205DF808FB00BFEC
:10DCB8004DF808EDFFF7CEFF94BF012000205DF876
:10DCC80008FB00BF4DF808EDFFF7C4FF34BF012083
:10DCD80000205DF808FB00BF4FEA410C7FEA6C5C4E
:10DCE80002D150EA013C0AD14FEA430C7FEA6C5C4E
:10DCF80002D152EA033C02D14FF0000070474FF0C6
:10DD0800010070474FEA410212F5001215D211D5F1
:10DD18006FF47873B3EB625212D94FEAC12343F020
:10DD2800004343EA505311F0004F23FA02F018BFA2
:10DD3800404270474FF00000704750EA013005D16B
:10DD480011F0004008BF6FF0004070474FF000002E
:10DD5800704700BF4FEA4102B2F1E04324BFB3F578
:10DD6800001CDCF1FE5C0DD901F0004C4FEAC0024A
:10DD78004CEA5070B2F1004F40EB830008BF20F02E
:10DD88000100704711F0804F21D113F13872BCBFE8
:10DD980001F00040704741F480114FEA5252C2F13D
:10DDA8001802C2F1200C10FA0CF320FA02F018BF86
:10DDB80040F001004FEAC1234FEAD32303FA0CFCD9
:10DDC80040EA0C0023FA02F34FEA4303CCE77FEA68
:10DDD800625307D150EA01331EBF4FF0FE4040F4B2
:10DDE8004000704701F0004040F0FE4040F4000061
:10DDF800704700BF7BB972B90029BEBF00204FF041
:10DE0800004106E008BF00281CBF6FF000414FF03A
:10DE1800FF3000F057B8ADF1080C6DE904CE0029C9
:10DE280009DB002B1ADB00F061F8DDF804E0DDE91E
:10DE3800022304B07047404261EB4101002B1BDB19
:10DE480000F054F8DDF804E0DDE9022304B04042B4
:10DE580061EB4101524263EB43037047524263EB6B
:10DE6800430300F043F8DDF804E0DDE9022304B0E1
:10DE7800404261EB41017047524263EB430300F0BB
:10DE880035F8DDF804E0DDE9022304B0524263EB23
:10DE98004303704753B94AB9002908BF00281CBF7B
:10DEA8004FF0FF314FF0FF3000F00CB8ADF1080C27
:10DEB8006DE904CE00F01AF8DDF804E0DDE902238C
:10DEC80004B07047704700BF10F8012B11F8013BF0
:10DED800012A28BF9A42F7D0D01A7047034613F890
:10DEE800012B002AFBD1181A013870472DE9F04799
:10DEF80086468C460846089E154674461946002BE9
:10DF080040F0C1808542B2FA82F245D94AB1C2F1E5
:10DF1800200300FA02FC954094402EFA03F343EAEA
:10DF28000C0C4FEA154EA8B2230CBCFBFEF80EFBF6
:10DF380018CC08FB00F943EA0C43994528D9EB189B
:10DF480008F1FF3704D2994502D9A8F102072B44FA
:10DF5800A3EB0903A4B2B3FBFEFC0EFB1C330CFBC2
:10DF680000F044EA0344A04214D92C190CF1FF3301
:10DF780004D2A04202D9ACF102032C44241A43EA89
:10DF880007401EB1D440002334607360BDE8F087B9
:10DF98004746DDE76346F1E792BB431B01214FEAA1
:10DFA800154EAFB2200CB3FBFEFC0EFB1C330CFB72
:10DFB80007F840EA0343984561D9EB180CF1FF30A4
:10DFC80004D2984502D9ACF102002B44A3EB080314
:10DFD800A4B2B3FBFEFC0EFB1C330CFB07F744EAB0
:10DFE8000344A7424DD92C190CF1FF3304D2A742A0
:10DFF80002D9ACF102032C44E41B43EA0040C0E719
:10E00800C2F120039540944020FA03F12EFA03F35D
:10E018004FEA154E9040AFB20343B1FBFEFC0EFB36
:10E028001C10190C0CFB07F841EA0041884522D95D
:10E0380069180CF1FF3004D2884502D9ACF102000E
:10E048002944A1EB08019BB2B1FBFEFC0EFB1C119D
:10E058000CFB07F743EA01439F420ED9EB180CF17A
:10E06800FF3104D29F4202D9ACF102012B44DB1BE1
:10E0780041EA004193E76046E3E76146F7E7604617
:10E08800A4E76346B8E7834206D916B900210846D3
:10E098007CE7C6E900E0F9E7B3FA83F78FB9834272
:10E0A80001D3724508D8BEEB020460EB03030120DC
:10E0B8009C461EB9002169E73846FAE7C6E9004CD4
:10E0C800F8E7C7F1200CBB400EFA07F522FA0CF46A
:10E0D8002EFA0CF1BA401C4320FA0CF3B8404FEA70
:10E0E800144901431FFA84FEB3FBF9F809FB183001
:10E0F8000B0C08FB0EFA43EA00439A4540D9E31893
:10E1080008F1FF3004D29A4502D9A8F1020023444D
:10E11800A3EB0A0389B2B3FBF9F809FB183308FB30
:10E128000EFE41EA03418E452CD9611808F1FF33F0
:10E1380004D28E4502D9A8F10203214443EA0040E3
:10E14800A1EB0E01A0FB02984145CE46434602D3FF
:10E1580006D14D4504D20138B9EB020E68EB040331
:10E16800002EA7D0B5EB0E0261EB030101FA0CFCFF
:10E1780022FA07F3F9404CEA0303C6E9003199E7AC
:10E188004046C5E74346D9E708B5FFF7A1FA0AA311
:10E19800D3E90023FFF706FBFFF7B4FDB0F57A7F5C
:10E1A80002DC002803DB08BD4FF47A70FBE700208F
:10E1B800F9E700BFAFF300809A9999999999B93F07
:10E1C800002800F08D8030B52DED028B85B00C460F
:10E1D8000546002979D0694606F032FD9DED008A92
:10E1E80068EE087A9DED017A27EE077A77EE877A4E
:10E1F8009DED027A27EE077A77EE877A9DED030A7E
:10E2080020EE000A37EE800A33F01AFDF7EE007AA6
:10E2180030EE670AB0EEC00ADFED357AB4EEE70AF1
:10E22800F1EE10FA0DDD334B9A6801329A60D3EDA6
:10E23800037AB4EEE70AF1EE10FA06DD83ED030A7D
:10E2480003E02C4A53680133536084ED008A019B34
:10E258006360029BA360039BE36095ED047ADFEDA6
:10E26800267AB4EEE77AF1EE10FA32D86869FFF749
:10E2780041FA1DA3D3E90023FFF794FA00221F4BAC
:10E28800FFF7BAFBFFF766FD2061A869FFF732FACE
:10E2980015A3D3E90023FFF785FA0022174BFFF7F0
:10E2A800ABFBFFF757FD60612869FFF723FA0EA360
:10E2B800D3E90023FFF776FA0022104BFFF79CFB07
:10E2C800FFF748FDA0616B6CE36105B0BDEC028B04
:10E2D80030BD6B692361AB6963612B69A361F2E7A8
:10E2E800704700BFAFF30080182D4454FB2109404C
:10E2F8000AD7233C506700200000B44300806640E2
:10E308002DE9F04F2DED0E8BA5B000AFBA4B1B6871
:10E3180003F00703022B07D84FF47A7033F0ACFDF3
:10E328004FF0000A544614E0B44A0321B24835F0CD
:10E33800C0FBF1E7B24B00221A7003F08BFA0CE035
:10E34800B04B00221A7003F099F90AE00A2033F062
:10E3580093FDAB4B1B78002BECD1AA4B1B78002B01
:10E36800EED107F1480005F067F8034650B1A24A1C
:10E37800126812F0070FE9D0A34A01219E4835F030
:10E38800A2FBE3E7A14A13680133136007F1880091
:10E3980003F0BCF907F1280107F14800FFF710FF67
:10E3A8009FED9B8AD7ED0E7A67EE887A17EE900A72
:10E3B800FFF7A0F98EA3D3E90023FFF71DFBFFF7B2
:10E3C800C9FC08EE900AD7ED0F7A67EE887A17EE47
:10E3D800900AFFF78FF986A3D3E90023FFF70CFB18
:10E3E800FFF7B8FC0646D7ED107A67EE887A17EE85
:10E3F800900AFFF77FF97EA3D3E90023FFF7FCFA21
:10E40800FFF7A8FC054604F09FFC68B90134632CAB
:10E418001FD80AF1010A40F6B7339A4500F2128173
:10E428000A2033F029FD94E707F1280000F04CFAA0
:10E4380003460028EAD010F1800FE7D06E4A126830
:10E4480012F0060FE2D0734A02216B4835F03BFB0D
:10E45800DCE702F01BF9684B1B6803F00703022B8B
:10E4680001D80024D5E718EE900AFFF743F90022F7
:10E478000023FEF7E1FF41EC1C0B3046FFF73AF9A9
:10E4880000220023FEF7D8FF41EC1B0B2846FFF7BC
:10E4980031F900220023FEF7CFFF41EC1A0BB86ACE
:10E4A800FFF728F900220023FEF7C6FF41EC190BFD
:10E4B800F86AFFF71FF900220023FEF7BDFF41ECC1
:10E4C800180B386BFFF716F900220023FEF7B4FF8C
:10E4D80041EC1D0B786BFFF70DF900220023FEF7C6
:10E4E800ABFF41EC1E0B97F888307B6097F889608A
:10E4F80097F88A5006F026FD002868D0464B3B6006
:10E508006C460A233B7313237B739AB06B4613F153
:10E5180010025FD04FF0520C6AB36146BCF1040F91
:10E5280003DDDFF8FCE0C3F814E0082901DD83ED22
:10E5380006CB102901DD83ED08BB182901DD83ED29
:10E548000AAB202901DD83ED0C9B282901DD83ED31
:10E558000E8B302901DD83ED10DB382901DD83EDD9
:10E5680012EB402901DD78681865442900DD5E65F5
:10E57800482900DD9D650A2139721321797262BB31
:10E58800BCF1510F5BDD522142B1142038730020D9
:10E598007873B8730120F873F86818616FF3000B8B
:10E5A8006FF3410B6FF3820B6FF3C50B032363F318
:10E5B800881BC1F30A0161F3532B6FF31F5B002320
:10E5C80059460D480AF0DCFAA546002421E7134B0A
:10E5D8003B6095E76FF0004C9EE7BCF14C0F01DD06
:10E5E8003968D96503F16001002025E0AFF30080A8
:10E5F800182D4454FB210940D82F0020584005000D
:10E608004FA200204EA20020704005005067002055
:10E61800000034438C400500444005004C40050090
:10E62800A840050000F1880507F10806354415F8EB
:10E63800885C01F8015B01300128F3D9A0E76FF08D
:10E648001B01A1E707F10C0006F082FC914B1B6847
:10E6580003F00703022B75D88E4B1B6803F00703E2
:10E66800022B75D88B4B1B6803F00703022B7BD852
:10E67800884B1B6803F00703022B7DD8854B1B686A
:10E6880003F00703022B3FD9834BD868FFF732F812
:10E6980000220023FEF7D0FE41EC170B6D4688B030
:10E6A8006B4613F1100200F0DA80102142B10846DF
:10E6B800042901DD794E5E61082801DD83ED067BC2
:10E6C8000F2940F3CF8010213AB10420387200207E
:10E6D8007872B872F872B86818616FF300096FF34E
:10E6E80041096FF382096FF3C509032363F388199E
:10E6F800C1F30A0161F353296FF31F5900234946F7
:10E7080064480AF03DFAAD46624B1B6803F0070304
:10E71800022B00F2AA805F4B1B6803F00703022B51
:10E7280000F2AA8004F0C4FE48B95A4B1B6813F0E3
:10E73800060F40F0A98007F1880002F051F84FF069
:10E74800000A6DE6564A0321524835F0B2F983E7CC
:10E7580033F078FB534BA3FB00239B09524A032158
:10E768004C4835F0B0F97DE74B4B1B684F4A032105
:10E77800484835F0A8F97BE7474B5E6807EE906A92
:10E78800B8EE677ADFED4A7A27EE277AD3ED007A7A
:10E79800F8EE677AC7EE277A17EE900AFEF7AAFF17
:10E7A80000220023FEF748FE41EC170B6D461C22A1
:10E7B8000C2312F0070F26D103F1080108461F3376
:10E7C80023F00703ADEB030D6A4629B102F11000EF
:10E7D80003291BD86FF01B006FF300086FF3410883
:10E7E8006FF382086FF3C508032363F3881860F397
:10E7F80053286FF31F5810320023414625480AF06A
:10E80800BFF9AD463AE704330432D2E730B1042900
:10E8180001DD284B5361082900DD96611C230C2675
:10E8280013F0070F18D1334620B18E4202DA861949
:10E8380086ED007B08331E46994201DA6FF01B060D
:10E8480040B1C3F387033B7200237B72BB72FB7238
:10E85800B86810613046BFE704360433E0E76FF06C
:10E86800004123E76FF01B012EE73B69124A0321A1
:10E87800084835F028F94EE7074B5B690F4A032132
:10E88800044835F020F94DE70D4A0221014835F0DA
:10E8980010F950E7D82F0020506700206441050088
:10E8A800F8400500D34D6210144105002C410500C5
:10E8B8000000C84244410500804105009C41050014
:10E8C800B8410500000000004D4B1B68002B00F00C
:10E8D8009080F0B52DED048BB7B00446494B1B78FA
:10E8E80043B9494B1B78002B2ED1002037B0BDEC23
:10E8F800048BF0BD0568099546680A9687680B97EA
:10E90800C0680C90E3690D93FEF7F4FECDE90601AB
:10E918003846FEF7EFFECDE904013046FEF7EAFE81
:10E92800CDE902012846FEF7E5FECDE90001374AA8
:10E93800402126A831F006FB83B226AA3449304884
:10E94800006833F021FBCCE7D4ED047ACDED097AE9
:10E9580094ED059A8DED0A9AD4ED068ACDED0B8AD1
:10E96800E3690C939FED2B8A67EE887A17EE900A7D
:10E97800FEF7C0FE20A3D3E90023FFF73DF8FFF719
:10E98800E9F9044669EE087A17EE900AFEF7B2FE36
:10E9980019A3D3E90023FFF72FF8FFF7DBF90546A2
:10E9A80068EE887A17EE900AFEF7A4FE12A3D3E960
:10E9B8000023FFF721F8FFF7CDF9FEF79BFECDE91D
:10E9C80004012846FEF796FECDE902012046FEF72F
:10E9D80091FECDE90001104A60210EA831F0B2FA8B
:10E9E80083B20EAA0D490648006833F0CDFA00201C
:10E9F8007CE76FF07F007047182D4454FB210940D5
:10EA08008467002056A2002055A200202048050057
:10EA1800D048050000003443404805000C49050073
:10EA28002DE9F04F2DED048B8BB000AF584B1B78C0
:10EA3800002B00F04F820446002800F04E82554B10
:10EA48001B7AB3B9082207F12001202033F0E9FA34
:10EA58000546002800F0A8804F4B1B6813F0070FED
:10EA680040F08F8028462C37BD46BDEC048BBDE8AE
:10EA7800F08F07F11C0004F0B9FC054633F0EBFAFF
:10EA88000646002DDED1434A1368C31A52689342E2
:10EA9800D8D3424B1B780B3BDBB2012B0DD93A7F05
:10EAA800012A05D97A7F012A02D9BA7F012AC9D851
:10EAB800012B0FD9374B1E60C4E73A7F012AF7D9DB
:10EAC8007A7F012AF4D9BA7F012AF1D9FA7F012A7B
:10EAD800B8D8EDE7304B1B6813F0060FEAD097F86B
:10EAE8001C9097F81D8097F81EE097F81FC06D4698
:10EAF8008AB06B4613F110023DD01820B2B101461E
:10EB0800042803DDDFF89CA0C3F814A0082901DD60
:10EB1800C3F818900C2901DDC3F81C80102901DD09
:10EB2800C3F820E0142901DDC3F824C0172825DD27
:10EB38004FF0180C3AB10621397600217976B9766A
:10EB4800F976B869186100216FF300016FF341018C
:10EB58006FF382016FF3C501022363F38811CCF3CD
:10EB68000A0363F353216FF31F5100230A480AF085
:10EB780007F8AD469EE76FF00040BFE76FF01B0C4B
:10EB8800D8E70346064A0121034834F09CFF69E7A9
:10EB98005BA20020D0250020602F0020E42E00205A
:10EBA8003C4C0500F84B050097F8200097F82130F9
:10EBB8001B021BB297F8226097F82320120212B2A8
:10EBC800164397F8249097F82520120212B249EAC2
:10EBD800020997F8268097F82720120212B248EA0D
:10EBE80002081843FEF774FD0022BF4BFEF7DAFD5A
:10EBF80082468B463046FEF76BFD0022BA4BFEF785
:10EC0800D1FDC7E904014846FEF762FD0022B64B74
:10EC1800FEF7C8FDC7E902014046FEF759FD00228C
:10EC2800B14BFEF7BFFDC7E9000152465B465046AF
:10EC38005946FEF7B7FD80468946D7E904010246E2
:10EC48000B46FEF7AFFD02460B4640464946FEF727
:10EC5800F3FB80468946D7E9020102460B46FEF7D8
:10EC6800A1FD02460B4640464946FEF7E5FB8046B5
:10EC78008946D7E9000102460B46FEF793FD024696
:10EC88000B4640464946FEF7D7FB41EC100B32F0E5
:10EC9800A3FF59EC108B92A3D3E9002340464946C1
:10ECA800FFF710F8002800F0A08042464B46504677
:10ECB8005946FEF7A1FEFFF74DF808EE100A20604E
:10ECC80042464B46D7E90401FEF796FEFFF742F8A5
:10ECD80009EE100A606042464B46D7E90201FEF78A
:10ECE8008BFEFFF737F808EE900AA06042464B46C5
:10ECF800D7E90001FEF780FEFFF72CF800EE100AB6
:10ED0800E06028EE088A29EE099A38EE098A68EE4A
:10ED1800A88A38EE288A20EE000A38EE000A32F077
:10ED28008FFFF7EE007A70EE677AF0EEE77A9FEDE4
:10ED38006F7AF4EEC77AF1EE10FA7FF793AE6C4B68
:10ED48001B6813F0040F3FF48DAEDFED6A7A30EEE6
:10ED5800270A6C461C220C2312F0070540F0978006
:10ED680003F1080842461F3323F00703ADEB030DF8
:10ED78006E46B8F1000F00F0958006F11009B8F161
:10ED8800030F40F28D80B9F1000F09D0B8F1040FDC
:10ED980001DD594B7361B8F1080F01DD574BB361C1
:10EDA8001C230C2213F0070F74D19246B9F1000FFF
:10EDB80009D0424507DA09EB020B10EE100AFEF7FC
:10EDC80099FCCBE900010AF10803984565DB1A466E
:10EDD800B9F1000F66D0C3F387033B7600237B7637
:10EDE800BB76FB76B86930615CE0414B1B6813F079
:10EDF800060F3CD00022002340464946FEF71CFB84
:10EE08006E4688B06B4613F110023AD010255AB1FD
:10EE1800AC46042D03DDDFF8E8E0C3F814E0BCF1EC
:10EE2800080F01DDC3E906010F2D2DDD10253AB1CC
:10EE38000421397600217976B976F976B8691861AE
:10EE480000216FF300016FF341016FF382016FF34B
:10EE5800C501022363F38811C5F30A0363F3532141
:10EE68006FF31F510023224809F08AFEB5464FF080
:10EE78007E53236000236360A360E3606FF00405A2
:10EE8800F0E56FF00045C2E76FF01B05CFE70433EC
:10EE9800043261E70432043384E76FF01B0297E71A
:10EEA8006FF01B0200216FF300016FF341016FF354
:10EEB80082016FF3C501042363F3881162F35321C0
:10EEC8006FF31F5106F110020023094809F058FE9C
:10EED800A546C7E56FF01505C4E56FF01505C1E552
:10EEE8002D431CEBE2361A3F0000103F0AD7233CA3
:10EEF800602F002000000000784C050098550500A0
:10EF08005C4C0500000000002DE9D04F84B0044699
:10EF18000068FEF7EFFB804689466068FEF7EAFB6B
:10EF280082468B46A068FEF7E5FBCDE90001E06864
:10EF3800FEF7E0FBCDE9020142464B464046494612
:10EF4800FEF730FC06460F4652465B465046594689
:10EF5800FEF728FC02460B4630463946FEF76CFAA7
:10EF680006460F46DDE9000102460B46FEF71AFC8D
:10EF780002460B4630463946FEF75EFA06460F460D
:10EF8800DDE9020102460B46FEF70CFC02460B4681
:10EF980030463946FEF750FA41EC100B32F01CFEB1
:10EFA80057EC106B22A3D3E9002330463946FEF70D
:10EFB80089FE30B332463B4640464946FEF71CFDC3
:10EFC800FEF7C8FE206032463B4650465946FEF7DB
:10EFD80013FDFEF7BFFE606032463B46DDE90001E7
:10EFE800FEF70AFDFEF7B6FEA06032463B46DDE9B5
:10EFF8000201FEF701FDFEF7ADFEE06004B0BDE8DA
:10F00800D08F094B1B6813F0060F07D14FF07E53C2
:10F0180023600023E360A3606360EFE7034A0221F3
:10F02800014834F046FDF1E714300020145605007D
:10F038008DEDB5A0F7C6B03E2DE9F04F95B000AF05
:10F0480005460C4616460068FEF754FB804689467E
:10F058006868FEF74FFBC7E91001A868FEF74AFB8E
:10F06800C7E90E01E868FEF745FBC7E90C0120680F
:10F07800FEF740FB82468B466068FEF73BFBC7E91C
:10F088000A01A068FEF736FBC7E90801E068FEF749
:10F0980031FB04460D46C7E9068942464B465046B1
:10F0A8005946FEF77FFB80468946D7E91023D7E902
:10F0B8000A01FEF777FB02460B4640464946FEF733
:10F0C800B9F980468946D7E90E23D7E90801FEF742
:10F0D80069FB02460B4640464946FEF7ABF98046B7
:10F0E8008946D7E90C2320462946FEF75BFB0246F2
:10F0F8000B4640464946FEF79DF9C7E90201D7E9A4
:10F108000623D7E90A01FEF74DFB80468946D7E971
:10F11800102350465946FEF745FB02460B4640462B
:10F128004946FEF789F980468946D7E90E232046E5
:10F138002946FEF737FB02460B4640464946FEF78E
:10F148007BF980468946D7E90C23D7E90801FEF701
:10F1580029FB02460B4640464946FEF76BF9C7E9CC
:10F168000401D7E90623D7E90801FEF71BFB80460F
:10F178008946D7E9102320462946FEF713FB0246A5
:10F188000B4640464946FEF755F980468946D7E979
:10F198000E2350465946FEF705FB02460B464046ED
:10F1A8004946FEF749F980468946D7E90C23D7E94D
:10F1B8000A01FEF7F7FA02460B4640464946FEF7B3
:10F1C8003BF9C7E90001D7E9062320462946FEF79F
:10F1D800E9FA04460D46D7E91023D7E90801FEF7F6
:10F1E800E1FA02460B4620462946FEF725F9044671
:10F1F8000D46D7E90E23D7E90A01FEF7D3FA0246EE
:10F208000B4620462946FEF715F904460D46D7E970
:10F218000C2350465946FEF7C5FA02460B462046CF
:10F228002946FEF709F980468946D7E9024522466C
:10F238002B4620462946FEF7B5FA04460D46D7E97F
:10F2480004BC5A46634658466146FEF7ABFA024686
:10F258000B4620462946FEF7EFF804460D46D7E947
:10F2680000AB52465B4650465946FEF79BFA0246AB
:10F278000B4620462946FEF7DFF804460D4642466F
:10F288004B4640464946FEF78DFA02460B46204655
:10F298002946FEF7D1F841EC100B32F09DFC55ECF5
:10F2A800104B70A3D3E9002320462946FEF70AFD38
:10F2B800002800F08E8022462B46D7E90201FEF78F
:10F2C8009BFBFEF747FD306022462B46D7E9040139
:10F2D800FEF792FBFEF73EFD706022462B46504635
:10F2E8005946FEF789FBFEF735FDB06022462B46EE
:10F2F80040464946FEF780FBFEF72CFDF0602046AD
:10F308002946FEF727FD07EE900AB7EE007A77EE5A
:10F31800C77AF0EEE77A4C4BC3ED0A7A9FED4B7A49
:10F32800F4EEC77AF1EE10FA40F38880484B1B6878
:10F3380013F0040F00F082809FED467A77EE877A0B
:10F348006D461C220C2312F0070F55D103F1080655
:10F3580032461F3323F00703ADEB030D6C46002E36
:10F3680055D004F11009032E4FD9B9F1000F07D079
:10F37800042E01DD384B6361082E01DD374BA36194
:10F388001C230C2213F0070F39D19046B9F1000F56
:10F3980009D0B24207DA09EB020A17EE900AFEF723
:10F3A800A9F9CAE9000108F108039E422ADB1A46B6
:10F3B800B9F1000F2BD0C3F3870387F84C30002333
:10F3C80087F84D3087F84E3087F84F30F86C206159
:10F3D8001DE01F4B1B6813F0070F07D14FF07E533A
:10F3E80033600023F360B360736088E71C4A01212F
:10F3F800174834F05EFBF1E704330432A3E7043224
:10F408000433BFE76FF01B02D2E76FF01B02002145
:10F418006FF300016FF341016FF382016FF3C501D0
:10F42800042363F3881162F353216FF31F5104F12E
:10F4380010020023064809F0A3FBAD465437BD4629
:10F44800BDE8F08FAFF30080083600200AD7A33B51
:10F4580014300020000000007C560500E05905002B
:10F46800485605008DEDB5A0F7C6B03E0000000077
:10F478002DE9F04F8DB009900D46174640F0ACFECF
:10F488004B0143EAD0634401241A63EB01039B0058
:10F4980043EA9473A400241843EB0101C90041EA2C
:10F4A8005471C4F3103444EA41444FEAD139012D70
:10F4B80065D07D6829463C48FEF706FD28B12946F7
:10F4C8003A48FEF701FD002861D135A3D3E90023AE
:10F4D80020464946FEF78EFC80460A9130A3D3E9C0
:10F4E800002320464946FEF785FC15461C46304A4F
:10F4F800002328462146FEF77DFC06460F462C4A87
:10F50800002328462146FEF775FC15461C464EF694
:10F518006022002328462146FEF76CFC81460B91A9
:10F528004EF66022002328462146FEF763FC154666
:10F538001C464FF47A72002328462146FEF75AFCEF
:10F5480083468A464FF47A72002328462146FEF7FE
:10F5580051FCCDE90623CDF810B0CDF814A0CDF8B4
:10F5680008900B9A03920096019742460A9B11490C
:10F57800099835F059F800200DB0BDE8F08F224603
:10F588004B460D49099835F04FF80020F4E72A4614
:10F598000A49099835F066F86FF00400ECE700BFF7
:10F5A800005C26050000000034640500386405008E
:10F5B80080EE36005C6405002064050044640500A4
:10F5C80010B5082140F6014012F046FFD8B10446B4
:10F5D80008210C300FF0D8FD02460F4B93F8D830B5
:10F5E80013F0010F0BD10D484FF0005136F0CDFF4D
:10F5F8000022214640F6014013F008FB10BD04A18B
:10F60800D1E90001F2E76FF06800F7E7AFF3008097
:10F6180090880002008000209020002010880002BE
:10F6280000B583B09FED0A7B8DED007B082903D9D7
:10F63800002003B05DF804FB0A460146684642F024
:10F648006DFADDE900013FF0DDFDF2E7AFF3008080
:10F65800000000000000000030B589B00C9D0028B3
:10F668003FD00446002948D0D0F8200110F0010FFF
:10F678004FD10020C4F80801C4F80C0104F58870C3
:10F68800C4F81001C4F8140104F58C70C4F818010A
:10F69800C4F81C01002D48D02879002847D1012042
:10F6A800C4F820019FED247B8DED067B002004909B
:10F6B8000393029001900094214B204629F024FAEC
:10F6C80055B1296811B1204629F01EF96B791BB193
:10F6D800237B43F00103237320462AF06FF909B016
:10F6E80030BD184C40F2DB222146174833F0B8FAF7
:10F6F80040F2DB2120463DF035FE124C4FF43772C4
:10F708002146114833F0ACFA4FF4377120463DF0EA
:10F7180029FE0C4C40F2DD2221460B4833F0A0FABA
:10F7280040F2DD2120463DF01DFE0120B8E740F201
:10F738000110B5E7AFF30080FFFFFFFFFFFFFFFFFA
:10F748001D7D030044E30500FC2F050000000000B8
:10F758002DE9F04F476A97B08346209E08910C9296
:10F76800129355EC104B8DED000B7FB910202FF044
:10F77800CBFF0246CBF8240020B9A74BEA21A748C3
:10F788003DF03BFCC0E901770760C760DBF8243037
:10F79800196859B15A680123584693404A608B60EA
:10F7A80030F066FDDBF8243000221A602B1EB7BF4C
:10F7B80023F00043002301220193A8BF3360019F77
:10F7C800974BB8BF3260BB4319D142F20F73129AFC
:10F7D8001360C7F31303234300F0DB85219B53B960
:10F7E800904B21E0904B03930833219A13600398C0
:10F7F80017B0BDE8F08F8B4B03930333F5E79DED0E
:10F80800007B0022002351EC170B8DED0A7BFEF7DD
:10F8180031FA804650B10123129A1360219B13B12B
:10F82800824B219A1360824B0393E0E7C7F30A5691
:10F8380014AA15A958469DED0A0B30F0A1FF0290B5
:10F84800002E76D00B9BA6F2FF36CDF84C80C3F382
:10F85800130343F07F53DDE90A0143F440131946CB
:10F868000022744BFDF7E6FD65A3D3E90023FDF7FD
:10F8780099FF65A3D3E90023FDF7DEFD04460D4695
:10F888003046FDF725FF62A3D3E90023FDF78AFF81
:10F8980002460B4620462946FDF7CEFD04460D4696
:10F8A800FEF730FA00220746002320462946FEF7D5
:10F8B800EBF940B13846FDF70BFF22462B46FEF721
:10F8C800D9F900B9013F162F52D85B4B03EBC70398
:10F8D800DDE90A01D3E90023FEF7D6F9002849D06B
:10F8E800013F00231193149B9B1B5A1E4CBFC3F16D
:10F8F80001030023079245BF06930023069307934D
:10F90800002F39DB079B10973B440793002309938B
:10F91800089B092B66D8052BC5BF043B002401248E
:10F928000893089B023B032B67D8DFE803F02D3AC6
:10F938003859DDE914631E4406F23243202BC9BF4F
:10F94800C3F14003C3F120039F4006F21243D8BF1E
:10F9580004FA03F006F1FF36C4BF24FA03F347EABA
:10F968000300FDF7A5FE0122A1F1F873139276E7D3
:10F978000123B7E71190B6E7069BDB1B06937B4292
:10F98800099300231093C3E700230D930C9B002BCE
:10F9980056DC012399461A4604930C920CE0012385
:10F9A800F3E700230D930C9BFB1803F10109049363
:10F9B8004B46012BB8BF0123DBF8240000210422A9
:10F9C80002F114059D423FD94160584630F010FCC1
:10F9D800039000283BD1194B02464FF4D571CEE66F
:10F9E8000123DFE7012400230D9408934FF0FF3330
:10F9F8000022994604931223CFE701230D93F5E7DC
:10FA080061436F63A787D23FB3C8608B288AC63F1C
:10FA1800FB799F501344D33F07EA05001EEA05000F
:10FA28000000F07F03EA0500FAE90500D7E90500C0
:10FA3800D6E905000000F83F002F050091EA05000F
:10FA48000C9B99460493B7E701315200B8E7DBF8FD
:10FA58002430B9F10E0F039A1A606FD8002C6DD0BC
:10FA6800002F36DD07F00F02A04BF8054FEA2714E8
:10FA780003EBC20393ED007B8DED0E7B17D59C4BFA
:10FA880004F00F044FF00308D3E90823DDE90A0165
:10FA9800FDF7B2FFCDE90001954D5CB9DDE90E2314
:10FAA800DDE90001FDF7A8FFCDE900012BE04FF0EB
:10FAB8000208F1E7E10709D508F10108DDE90E01BF
:10FAC800D5E90023FDF76EFECDE90E016410083577
:10FAD800E3E700F007817C42844B854D4FF0020834
:10FAE80004F00F02241103EBC203DDE90A01D3E994
:10FAF8000023FDF757FE0023CDE90001002C40F05C
:10FB0800E580002BD0D1119BDDE90045002B00F0EA
:10FB18004C810022774B20462946FEF7B5F800288D
:10FB280000F04381B9F1000F00F03F81049B002BE6
:10FB380000F3E480DDE90A34CDE90034159B002B9D
:10FB480002DB0E2F40F342820D9A002A40F06782B2
:10FB5800099C0025DDF81880B8F1000F0DD0079B2F
:10FB6800002B0ADD4345069AA8BF4346D21AA8EBE4
:10FB780003080692079AD31A0793099B0BB30D9BA8
:10FB8800002B00F0A682002C00F0A1822946224614
:10FB9800584630F097FC029A01460546584630F020
:10FBA800E7FB02990646584630F062FB099B1B1B8F
:10FBB800099300F09182099A3146584630F082FC48
:10FBC80002900121584630F0BDFB109B0446002BE3
:10FBD80000F084821A460146584630F073FC089BB0
:10FBE8000446012B03DC009B002B00F07C820026DE
:10FBF800236904EB8303186942F0E8F9C0F1200097
:10FC08001096079B184410F01F0000F09182C0F175
:10FC18002003042B40F38182C0F11C00069B03449F
:10FC280080440693079B03440793069B002B05DD3E
:10FC38001A460299584630F09FFC0290079B002B09
:10FC480005DD21461A46584630F096FC0446119BBD
:10FC5800002B00F076822146029842F006FA00282E
:10FC680080F26F8200230A220299584630F022FB64
:10FC78000D9B7E1E0290002B00F05C82002329461B
:10FC88000A22584630F016FB049B0546002B03DC7D
:10FC9800089B022B00F35E82B8F1000F05DD2946B0
:10FCA8004246584630F068FC0546109B002B00F091
:10FCB800D0826968584630F09BFA0746002840F021
:10FCC8007F820D4B024640F2EA2158E5E20706D54D
:10FCD80008F10108D5E90023FDF764FD012364104C
:10FCE80008350BE74FF002080DE700BF002F0500AD
:10FCF800D82E05000000F03F91EA050020460022BA
:10FD0800AC4B2946FDF74EFD7E1E08F10108049C08
:10FD1800CDE900014046FDF7DBFCDDE90023FDF7F6
:10FD280041FDA54B0022FDF787FBA1F15073CDE9FA
:10FD38000E010F93002C3BD10022A04BDDE90001FE
:10FD4800FDF778FB02460B46CDE90023DDE90E23DB
:10FD5800FDF7B8FF002840F05781DDE90E2101F1D9
:10FD68000043DDE90001FDF78FFF00283FF4E2AE14
:10FD7800002425460C9BDDF80CA0DE434FF000085C
:10FD88002146584630F074FA002D00F0A980B8F1E9
:10FD9800000F05D0A84503D04146584630F068FA10
:10FDA8002946584630F064FA9AE03E464C46B1E798
:10FDB800834B03EBC40353E90201039B1C440D9BD3
:10FDC800002B4AD002460B4600207E49FDF714FE60
:10FDD800DDE90E23FDF72EFBDDF80CA0CDE90E01C1
:10FDE800DDE90001FDF78EFF0546FDF771FC0246CF
:10FDF80030350B46DDE90001FDF71CFB0AF8015B15
:10FE080002460B46CDE90001DDE90E01FDF75AFF78
:10FE1800002865D100206C49DDE90023FDF70AFBC5
:10FE280002460B46DDE90E01FDF74CFF002840F0C5
:10FE38000D81A24500F0EA8000225E4BDDE90E014B
:10FE4800FDF7B0FC00225B4BCDE90E01DDE90001B6
:10FE5800FDF7A8FCCDE90001C2E7DDE90E23FDF7B7
:10FE6800A1FCA046DDF80CA0CDE90E01DDE90001FA
:10FE7800FDF748FF0546FDF72BFC024630350B46DB
:10FE8800DDE90001FDF7D6FA0AF8015B02460B46E8
:10FE9800A245CDE900234FF0000223D1494BDDE90B
:10FEA8000E01FDF7C9FA02460B46DDE90001FDF730
:10FEB80009FF002840F0CA8000204249DDE90E23EE
:10FEC800FDF7B8FA02460B46DDE90001FDF7DCFE56
:10FED80070B1C24608F1FF381AF8013C302BF8D04F
:10FEE800374655E0334BFDF75DFCCDE90001BDE732
:10FEF800DDE90A34CDE90034159B002BFFF628AE66
:10FF08000E2F3FF725AE2E4B03EBC70393ED007B77
:10FF18000C9B002B8DED047B02DAB9F1000F64D045
:10FF2800DDF80CA0DDE90045DDE90423204629467B
:10FF3800FDF762FDFDF7E6FE0646FDF7C9FBDDE9C4
:10FF48000423FDF72FFC0246204606F130040B4639
:10FF58002946FDF76FFA0AF8014B039C02460B4647
:10FF6800AAEB0404A14540F08280FDF765FA044637
:10FF78000D46DDE90423FDF7A5FE002865D12046DE
:10FF88002946DDE90423FDF775FE08B1F3075CD4C3
:10FF98000299584630F06CF9002301378AF800308E
:10FFA800129B1F60219B002B3FF421ACC3F800A0DB
:10FFB8001DE400BF0000244000001C400000144065
:10FFC800002F05000000E03F0000F03FA24B03EBCC
:10FFD800C70393ED007B0C9B002B8DED047B9FDA10
:10FFE800B9F1000F9CDC7FF4C3AE00229B4BDDE926
:08FFF8000401FDF7D7FBDDE970
:020000021000EC
:100000000023FDF759FE044600287FF4B5AE3E46B6
:100010002546B4E0DDE90A34CDE90034159B002B18
:1000200001DB0E2FD6DD089A012A36DC139A82B343
:1000300003F23343099CDDF81880069A01215846E3
:100040001A440692079A1A44079230F07FF905463F
:1000500086E53E4653469A4613F8012D392A06D1C5
:10006000039A9A42F7D13022039901360A701A781E
:1000700001321A7038E700227B4BFDF797FB002214
:10008000002304460D46FDF7F9FD00283FF450AF6C
:1000900082E7149BC3F13603CCE709F1FF34099BD7
:1000A000A34208DBB9F1000FA3EB04040EDBDDF87B
:1000B00018804B46C1E7099B109AE31A0994DDF8B2
:1000C000188000241A444B461092B6E7069BA3EB17
:1000D00009080023B1E7029E71E5099A029970E5CB
:1000E000029672E5089B012B17DC009BABB9019BC4
:1000F000C3F313039BB9019B23F00046360D36056D
:1001000036B1069B012601330693079B0133079303
:10011000109B002B7FF470AD1096012075E5002632
:10012000F6E73FF486AD1C33069A1A4498440692CB
:10013000079A1A4407927CE50346F4E7049B002BD8
:100140002BDC089B022B09DC27E0B9F1000F1DDC3A
:10015000089B022B1ADD3E46CDF81090049B002B25
:100160007FF40CAE21460522584630F0A7F8014630
:100170000446029841F07DFF00287FF7FFADDDF8CF
:100180000CA0312301360AF8013BFBE50D9B3E46EE
:10019000CDF81090002B7FF483AD039F2146029889
:1001A00041F07DFE039B00F13009049A07F8019BA2
:1001B000FB1A9A4240F3CB8000230A220299584648
:1001C00030F07CF80290E9E72A6905F10C010C3067
:1001D0000232920041F0A6FC01223946584630F026
:1001E000CFF9039BA846054603F1010ADDE9032385
:1001F00013440793009B03F0010309930AF1FF33B3
:1002000021460298049341F04AFE4146069000F1CF
:100210003009029841F02DFF2A46214607465846EC
:1002200030F01AFAC268014602B3584630F024F89A
:10023000002F3ADA01220299584630F0A1F92146FE
:10024000029041F016FF002803DC29D119F0010FBC
:1002500026D0B9F1390F1DD132E02846C1E700BFE1
:10026000002F050000001440000024400A9002986E
:1002700041F0FFFE0A990C9058462FF0FDFF0C9AB2
:100280005ABB089B53B9099B43B9B9F1390F17D031
:10029000002F05DD069B03F1310901E0002F2ADA6A
:1002A000DDF810A00AF8019B6EE5089B3B4304D1E2
:1002B000009B03F00103002BBCD0B9F1390F36D1FC
:1002C000049F392307F8013BBA46013F1AF8013C65
:1002D000392B5AD001333B7056E5002F06DB089BC3
:1002E0003B4306D1009B03F0010313B9002AA1DCB4
:1002F000D6E7002AE1DC079B57460AF8019C5345E4
:100300002ED000230A22029958462FF0D7FFA84585
:1003100002904FF000034FF00A02414658460BD1BD
:100320002FF0CCFF804605460AF1010A66E7DDF8AA
:1003300010A009F10109B5E72FF0C0FF294680465A
:1003400000230A2258462FF0B9FF0546ECE7049B2C
:100350004FF00008002BCCBF1F460127039B1F4412
:1003600001220299584630F00BF92146029041F0E3
:1003700080FE0028A8DC02D119F0010FA4D1BA46F2
:1003800017F8013D302BFAD0FEE4039BBB429BD112
:100390003123039A01361370F6E4219B002B7FF47E
:1003A00025AA014BFFF744BAFAE9050010B54368E6
:1003B0001C68012303FA01F10C4204D07AB183686E
:1003C000DB68984710BD084C40F26362214607483D
:1003D00032F04AFC40F2636120463CF0C7FF83687C
:1003E0001B699847EEE700BFC82F0500FC2F0500EA
:1003F00038B5436805691C6801238B401C4208D04E
:100400002C68234202D0B2FA82F25209FFF7CEFFE3
:1004100038BD064C40F28C622146054832F024FC7F
:1004200040F28C6120463CF0A1FF00BFC82F0500C0
:10043000FC2F050010B582B043681B6801248C4076
:1004400023420AD001A931F0E0FC20B9019B1C42F3
:1004500014BF0120002002B010BD064C40F23362F0
:100460002146054832F000FC40F2336120463CF062
:100470007DFF00BFC82F0500FC2F0500F8B586687A
:100480004768046912F0FC6F33D1134602F0300262
:10049000302A3AD0434A1A40434DAA4241D003F091
:1004A0000602042A49D013F4402202D013F4003F7C
:1004B0004FD0B2F5402F58D013F4801F05D022B191
:1004C00013F0010F01D083F4402323F480123D6820
:1004D0004FF0010C0CFA01FC15EA0C0F51D013F08F
:1004E000010F5AD023684CEA03032360336898470E
:1004F000F8BD2E4C40F2DE3221462D4832F0B4FBDE
:1005000040F2DE3120463CF031FF284C40F2E1322F
:100510002146274832F0A8FB40F2E13120463CF06A
:1005200025FF224C40F2E5322146214832F09CFB67
:1005300040F2E53120463CF019FF1C4C4FF47A7232
:1005400021461B4832F090FB4FF47A7120463CF074
:100550000DFF164C40F2EB322146154832F084FB79
:1005600040F2EB3120463CF001FF104C40F2EF32FC
:1005700021460F4832F078FB40F2EF3120463CF044
:10058000F5FE0A4C40F2FB322146094832F06CFB82
:1005900040F2FB3120463CF0E9FE236823EA0C03DD
:1005A0002360A3E70200030002000100C82F05003A
:1005B000FC2F050070B58368456806699C69002CAE
:1005C0005ED002F4C003B3F5C00F1DD043B302F0F8
:1005D000E863B3F1C86F2FD002F0C863B3F5800FA2
:1005E00036D02D6801238B401D423DD012F4000F00
:1005F00004D035682B4201D082F0C062224B1340F8
:1006000002F0B072A04770BD204C40F27A32214611
:100610001F4832F029FB40F27A3120463CF0A6FE1A
:100620001A4C40F27E322146194832F01DFB40F24E
:100630007E3120463CF09AFE144C40F28132214635
:10064000134832F011FB40F2813120463CF08EFE1F
:100650000E4C4FF4627221460D4832F005FB4FF408
:10066000627120463CF082FE084C40F292322146F4
:10067000074832F0F9FA40F2923120463CF076FE1B
:100680006FF05700BFE700BF40000006C82F05000D
:10069000FC2F050008B507483FF042FA00B908BD35
:1006A000054B1A7882F001021A7006210148FFF703
:1006B0009FFEF4E76823050050A2002010B52048F3
:1006C000204B18603FF02CFA88B11E4B18688368E5
:1006D0001B681D4998470446C0B91A4B18688368BF
:1006E0001B681A4998470446E8B9204610BD184BC4
:1006F0001B6803F00703022B02D86FF01204F4E723
:10070000144A0321124833F0D8F9F6E7104B1B685E
:1007100003F00703022BE8D903460F4A03210C48D4
:1007200033F0D5F9E1E70A4B1B6803F00703022B0E
:10073000DBD90346094A0321054833F0C8F9D4E759
:10074000102405004C6700201C23002014230020E7
:10075000D82F0020143005002C3005005030050043
:1007600008B5042823D0052802D0032810D008BDDE
:10077000174B1B6803F00703022B03D8154B01220C
:100780001A70F4E7144A0321114833F096F9F5E79B
:100790000F4B1B6803F00703022B02D804F02CFA5E
:1007A000E5E70E4A03210A4833F087F9F6E7084BDC
:1007B0001B6803F00703022B03D8094B01221A70B0
:1007C000D5E7084A0321024833F077F9F5E700BF7F
:1007D000D82F00204FA2002074300500A43005005F
:1007E0004EA20020BC3005002DE9F04184B000AFDE
:1007F00004467C4B1B6803F00703022B52D8794B4D
:100800001B6803F00703022B40F28C802378002B37
:100810004ED0DFF8D481012B4DD9734E022B4CD929
:1008200071486D4600223A7202227A720121B97231
:100830000321F9723A7304227A738CB0EC461CF1EE
:1008400010023CD04FF01E0E2AB1BEF1040F02DDA3
:100850006649CCF81410002139720221797222B154
:10086000BEF1080F01DDCCF818800121B972032117
:10087000F97222B1BEF10C0F01DDCCF81C6002212F
:100880003973042179733AB37146BEF1100F01DD5B
:10089000CCF82000142901DDCCF824300CF1280319
:1008A000002117E0524A03214E4833F006F9A6E72B
:1008B000DFF84081AFE74F4EB0E74E48B1E76FF049
:1008C000004EC1E701F11000384410F8080C03F89D
:1008D000010B01310529F5D9BEF11D0F75DD1E2370
:1008E0004AB10621397100217971B9710321F97179
:1008F0007868CCF8100000216FF300016FF341011C
:100900006FF382016FF3C501032060F38811C3F315
:100910000A0363F353216FF31F510023314808F09A
:1009200033F9AD462F4B1B6803F00703022B40F24F
:1009300095806378002B4BD0DFF8AC80012B4AD92F
:10094000294E022B49D928486D4600223A720222CC
:100950007A720121B9720321F9723A7304227A730F
:100960008CB0EC461CF1100239D04FF01E0E2AB1AB
:10097000BEF1040F02DD2049CCF8141000213972B9
:100980000221797222B1BEF1080F01DDCCF8188086
:100990000121B9720321F97222B1BEF10C0F01DD00
:1009A000CCF81C60022139730421797382B371463B
:1009B000BEF1100F01DDCCF82000142901DDCCF8C8
:1009C00024300CF12803002120E06FF01B0387E79F
:1009D000DFF82080B2E7074EB3E70648B4E76FF0D0
:1009E000004EC4E7D82F0020E43005000831050090
:1009F000EC300500E83005002431050001F110005D
:100A0000384410F8080C03F8010B01310529F5D919
:100A1000BEF11D0F75DD1E234AB10621397100217B
:100A20007971B9710321F9717868CCF8100000214F
:100A30006FF300016FF341016FF382016FF3C501A2
:100A4000032060F38811C3F30A0363F353216FF3A8
:100A50001F5100236F4808F097F8AD466D4B1B6897
:100A600003F00703022B40F28980A378002B4BD0C0
:100A7000DFF8A481012B4AD9674E022B49D9664879
:100A80006D4600223A7202227A720121B972032164
:100A9000F9723A7304227A738CB0EC461CF110029E
:100AA00039D04FF01E0E2AB1BEF1040F02DD5B49B2
:100AB000CCF81410002139720221797222B1BEF1F2
:100AC000080F01DDCCF818800121B9720321F972F9
:100AD00022B1BEF10C0F01DDCCF81C60022139738C
:100AE0000421797322B37146BEF1100F01DDCCF8F9
:100AF0002000142901DDCCF824300CF1280300215A
:100B000014E06FF01B0387E7DFF81481B2E7444E6F
:100B1000B3E74348B4E76FF0004EC4E701F11000BB
:100B2000384410F8080C03F8010B01310529F5D9F8
:100B3000BEF11D0F47DD1E234AB106213971002188
:100B40007971B9710321F9717868CCF8100000212E
:100B50006FF300016FF341016FF382016FF3C50181
:100B6000032060F38811C3F30A0363F353216FF387
:100B70001F510023274808F007F8AD46254B1B6896
:100B800003F00703022B21D86378022B05D8214BF1
:100B90001B6803F00703022B1ED8A378022B0BD887
:100BA0001C4B1B6803F00703022B1BD8194B1B6857
:100BB00003F00703022B1BD82378012B1ED9103713
:100BC000BD46BDE8F0816FF01B03B5E7154A032170
:100BD000104832F072FFD7E7134A03210D4832F074
:100BE0006CFFDAE7114A03210A4832F066FFDDE7BD
:100BF0000F4A0321074832F060FFDDE7054B1B6811
:100C000003F00703022BDAD90A4A0321014832F024
:100C100054FFD4E7D82F0020E43005004031050010
:100C2000E83005005C31050084310500C031050065
:100C3000003205002C3205002DE9F04F8BB002AFD9
:100C40008F4B1B6803F00703022B40F2EF818D4AA4
:100C500003218B4832F031FFE8E18B4A01218848BB
:100C600032F035FFF0E10022884BD7E90401FCF7B0
:100C70009DFDFDF74BF801B218203CF081FAE6E14A
:100C8000834A01217E4832F022FFEEE100227F4BB1
:100C9000D7E90601FCF78AFDFDF738F801B2192003
:100CA0003CF06EFAE4E1DFF8F091B9F90000FDF7ED
:100CB0006FFA0546B9F90200FDF76AFA04462946BB
:100CC00016203CF06FFA214617203CF06BFAB9F978
:100CD0000030B3F5FA7F2BDD6E4A136801331360E1
:100CE0006D4BB3F90230B3F5FA7F25DD6B4A13681B
:100CF00001331360674B1B68132B21DD684A1278A0
:100D0000F2B9674B01221A70664B00221A60664ADC
:100D10001368013313605A4A126802F00702022A6C
:100D200040F28980614A0321554832F0D0FE82E0CA
:100D3000584B00221A60D3E7584B00221A60D9E7BB
:100D4000132B78DC564B1B78002B74D0544B0022AD
:100D50001A70544B1B68642202FB03F3544A13605D
:100D6000544A116819441160534A82FB03C04FEA88
:100D7000E37CCCEBA01C4FF47A7E0EFB1C337B6033
:100D800082FB0102C817C0EBA2100EFB10113C4AF7
:100D9000126802F00702022A4AD9E9468AB00DF128
:100DA000080E1EF1100265D04FF0180BDAB1DA46CA
:100DB000BBF1040F02DD414BCEF81430BAF1080F3D
:100DC00001DDCEF818C0BAF10C0F02DD7B68CEF859
:100DD0001C30BAF1100F01DDCEF82000BAF1140F6B
:100DE00001DDCEF82410BBF1170F46DD182342B108
:100DF0000621397300217973B973F973F868CEF855
:100E000010006FF300066FF341066FF382066FF375
:100E1000C506032161F38816C3F30A0363F353265F
:100E20006FF31F5600233146154807F0ADFECD463F
:100E30001C4B00221A60194B1B68132B48DD204AFB
:100E40001278002A44D11E4B01221A701D4B002239
:100E50001A601D4A136801331360094A126802F0D0
:100E60000702022A40F2B180184A0321044832F0F6
:100E70002EFEAAE06FF0004B98E76FF01B03B6E779
:100E8000D82F0020583205007C3205000000244095
:100E9000A432050044670020486700204067002016
:100EA0004DA200203C67002024670020E0320500AE
:100EB000346700202C670020D34D62100C330500EE
:100EC0004CA2002038670020206700205433050022
:100ED000132B7ADC744B1B78002B76D0724B0022DC
:100EE0001A70724B1B68642202FB03F3704A136092
:100EF000704A1168194411606F4A82FB03C04FEABF
:100F0000E37CCCEBA01C4FF47A7E0EFB1C337B60A1
:100F100082FB0102C817C0EBA2100EFB1011674A3A
:100F2000126802F00702022A4CD9E9468AB00DF194
:100F3000080E1EF1100200F0B0804FF0180BDAB16D
:100F4000DA46BBF1040F02DD5D4BCEF81430BAF186
:100F5000080F01DDCEF818C0BAF10C0F02DD7B6876
:100F6000CEF81C30BAF1100F01DDCEF82000BAF136
:100F7000140F01DDCEF82410BBF1170F40F3908061
:100F8000182342B10621397300217973B973F973BB
:100F9000F868CEF810006FF300086FF341086FF3A4
:100FA00082086FF3C508032161F38818C3F30A03AD
:100FB00063F353286FF31F58002341463F4807F05F
:100FC000E3FDCD46394B00221A603E4B1B781BB126
:100FD0003D4A136801331360334B1B781BB1334A0E
:100FE000136801331360394B1968394B1B68194476
:100FF000384B19601A203CF0D5F801F0B9FE90B1D9
:1010000097ED040B01F0C4FE97ED060B01F0E0FE36
:101010002F4B19682D4B18682E4B1B6800932346E5
:101020002A4601F0F5FE642030F02AFF07F1100097
:1010300030F087FF034600283FF415AE1F4A1268C0
:1010400012F0070F7FF409AE642030F019FF07F1AA
:10105000180001F0FBF9034600283FF417AE174AC9
:10106000126812F0070F7FF40BAE642030F008FF17
:10107000194B186883685B6818499847034600282D
:101080003FF411AE0D4A126812F0070FB5D0144AA2
:1010900001210A4832F01BFDAFE76FF0004B4EE72D
:1010A0006FF01B036DE700BF4CA2002038670020E3
:1010B0003067002028670020D34D6210D82F002011
:1010C000803305004DA200203C67002024670020EB
:1010D000206700201C6700204C67002000230020B0
:1010E000C832050010B582B0AF4B1B6803F0070390
:1010F000022B00F2D780AC4B1B6803F00703022BD6
:1011000000F2D680A84B1B6803F00703022B00F205
:10111000D580A54B1B6803F00703022B00F2D48097
:10112000A2483EF0FDFC002840F0D4809E4B1B6896
:1011300003F00703022B00F2E2809C483EF0F0FC33
:10114000002840F0E28004F05DFA974B1B6803F042
:101150000703022B00F25081954B1B68019301207D
:1011600002F088FC01A802F0FFF90446002840F0D4
:1011700049818D4B1B6803F00703022B00F24F815E
:10118000894B1B6803F00703022B00F24E81864B4C
:101190001B6803F00703022B00F24D8102F010FCE4
:1011A000002840F05481804B1B6803F00703022B9A
:1011B00000F2478104F0D4F9002840F08B817A4B8B
:1011C0001B6803F00703022B00F27E81642030F0DD
:1011D00057FE01F05DFD0346002800F09481724A3D
:1011E000126812F0070F40F082816F4B1B6813F0FA
:1011F000060F40F082816C4B1B6803F00703022B43
:1012000000F29D81684B1B6803F00703022B00F27C
:101210009C81654B1B6803F00703022B00F29B8146
:10122000614B1B6803F00703022B00F29A815E4BAF
:101230001B6803F00703022B00F299815A4B1B68CD
:1012400003F00703022B00F29881574B1B6803F051
:101250000703022B00F29781534B1B6803F007032F
:10126000022B00F29681504B1B6803F00703022B00
:1012700000F295814C4B1B6803F00703022B00F230
:101280009481494B1B6803F00703022B00F2938102
:10129000454B1B6803F00703022B00F292812046A6
:1012A00002B010BD434A03213F4832F006FC22E75A
:1012B000414A03213C4832F000FC23E73F4A032126
:1012C000394832F0FAFB24E73D4A0321364832F030
:1012D000F4FB25E74FF4B0113A4830F0ACFD03467B
:1012E00000283FF423AF304A126812F0060F3FF493
:1012F0001DAF354A02212C4832F0E9FB16E7334A8C
:101300000321294832F0D9FB17E74FF480313048E8
:1013100030F091FD034658B1234A126812F0060FCF
:101320003FF411AF2B4A02211F4832F0D0FB0AE7ED
:101330004FF0B86208211D48FFF73CF9034658B149
:10134000194A126812F0060F3FF4FDAE224A02213C
:10135000154832F0BCFBF6E62049214B4B604FF4B8
:1013600080738B60114830F05CFD0F4B1B6803F0FD
:101370000703022B12D80C4B1B6803F00703022B48
:1013800034D8094B1B6803F00703022B7FF6DBAE52
:10139000144A0321044832F090FBD4E6124A032198
:1013A000014832F08AFBE6E7D82F002068230500C9
:1013B000502C0500C833050048340500783405007A
:1013C000A834050094440500283505003C35050087
:1013D0008C44050058350500703505007067002005
:1013E000251E0100DC35050094350500784A0321EF
:1013F000784832F062FBC4E7774A0321754832F03F
:101400005CFBA9E6734B1B6813F0070F3FF447AF73
:101410000346724A01216F4832F059FB3FE7704A98
:1014200003216C4832F049FBAAE66E4A0321694861
:1014300032F043FBABE66C4A0321664832F03DFBD9
:10144000ACE66A4A0321634832F037FBB2E6614BEF
:101450001B6803F00703022B1ED85E4B1B6803F0CA
:101460000703022B1ED85B4B1B6803F00703022BFC
:101470001ED8584B1B6803F00703022B1ED8554B90
:101480001B6803F00703022B7FF694AE584A032132
:10149000504832F012FB8DE6564A03214D4832F097
:1014A0000CFBDAE7544A03214A4832F006FBDAE73C
:1014B000524A0321474832F000FBDAE7504A032141
:1014C000444832F0FAFADAE74E4A0321414832F052
:1014D000F4FA7BE63F4B1B6803F00703022B7FF611
:1014E00075AE494A03213B4832F0E7FA6EE6474AB7
:1014F0000121384832F0EBFA77E6454A02213548B7
:1015000032F0DBFA77E6334B1B6803F00703022B5C
:101510000FD8404801F09CFC2E4B1B6803F00703DA
:10152000022B7FF668AE3C4A03212A4832F0C5FA06
:1015300061E63A4A0321274832F0BFFAE9E7384A20
:101540000321244832F0B9FA5CE6364A03212148E7
:1015500032F0B3FA5DE6344A03211E4832F0ADFAA8
:101560005EE6324A03211B4832F0A7FA5FE6304AB2
:101570000321184832F0A1FA60E62E4A03211548EB
:1015800032F09BFA61E62C4A0321124832F095FAB8
:1015900062E62A4A03210F4832F08FFA63E6284AAE
:1015A00003210C4832F089FA64E6264A03210948EF
:1015B00032F083FA65E6244A0321064832F07DFAC8
:1015C00066E6174A0321034832F077FA67E600BF60
:1015D000B4350500D82F00200C3605003C36050038
:1015E0005836050084360500B0360500E83605009B
:1015F000E83705001437050050370500803705002F
:10160000B437050024380500503805008838050037
:10161000A038050061070100E8380500C43805005E
:10162000E4670500C8330500143905004839050092
:10163000C8390500FC390500303A0500643A050058
:10164000983A0500CC3A0500A8340500F8B50746DD
:101650000E46002411E00A4D012206212846FEF71D
:10166000C7FE304630F00CFC002206212846FEF76B
:10167000BFFE304630F004FC0134BC42EBDBF8BD69
:101680006823050000B583B001F016FF70B102F0C9
:1016900065F90346F0B11A4A126812F0070F10D02C
:1016A000184A0121164832F012FA0AE001A801F0A6
:1016B000A1FE134B1B6813F0060F05D101A8FFF71D
:1016C00093F803B05DF804FB0F4A02210C4832F096
:1016D000F4F9F3E730F0BAFB0C4B1861084B1B68C8
:1016E00003F00703022B04D8C8210320FFF7AEFF45
:1016F000E7E7074A0321024832F0DFF9F4E700BFC9
:10170000D82F00202C3B0500003B0500506700202F
:101710004C3B050010B5044630F098FB464B1B6867
:10172000C31A41F2873293425BD9434B1860237846
:10173000012B22D96378012B1FD9A378012B1CD947
:101740000023002B42D13C4B1B79002B3ED03B4B5E
:101750001B6803F00703022B5CD8374B00221A7179
:101760002378022B32D96378022B2FD9A378022B4E
:101770002CD9334B01221A7028E02F4B1B79002BF8
:10178000DFD1304A5369013353612C4B1B6813F08E
:10179000060F27D12046FFF727F864210320FFF723
:1017A00055FF254B01221A71244B1B6803F00703D8
:1017B000022B1DD8214B1B6803F00703022B1DD8F9
:1017C0001E4B1B6803F00703022B1DD822781A4B0F
:1017D0005B799A4224D0184B5A7162789A71A27838
:1017E000DA7110BD184A0221144832F066F9D1E7C7
:1017F000164A0321114832F060F9DBE7144A03214D
:101800000E4832F05AF9DBE7124A03210B4832F056
:1018100054F9DBE7104A0321084832F04EF99CE7FF
:101820006178054B9B799942D5D1A178024BDB7940
:101830009942D0D1D5E700BF68670020D82F00209B
:101840004EA2002050670020783B0500983B050021
:10185000C83B0500E83B0500103C05002DE9F04FB2
:10186000EDB002AFB34B1B6803F00703022B46D861
:10187000B04B1B6803F00703022B46D8AD4B1B6827
:1018800003F00703022B46D8AA4B1B6803F007039B
:10189000022B46D8A74B1B6803F00703022B46D840
:1018A000A44B1B6803F00703022B46D8A14B1B680F
:1018B00003F00703022B46D89E4B1B6803F0070377
:1018C000022B46D89B4B1B6803F00703022B46D81C
:1018D000984B1B6803F00703022B47D8954B1B68F6
:1018E00003F00703022B47D864210220FFF7AEFE66
:1018F0004FF47A7030F0C4FA002425464FE18E4A46
:1019000003218C4832F0D9F8B2E78C4A0321894888
:1019100032F0D3F8B2E78A4A0321864832F0CDF894
:10192000B2E7884A0321834832F0C7F8B2E7864A13
:101930000321804832F0C1F8B2E7844A03217D4890
:1019400032F0BBF8B2E7824A03217A4832F0B5F8A8
:10195000B2E7804A0321774832F0AFF8B2E71423A8
:101960007D4A0321734832F0B2F8B1E77B4A032184
:10197000704832F0A2F8B1E76F4A03216D4832F0A7
:101980009CF8B1E797ED080A20EE000AD7ED097A36
:1019900067EEA77A70EE277A97ED0A7A27EE077A34
:1019A00077EE877A97ED0B0A20EE000A37EE800A71
:1019B00030F04AF9F7EE007A70EE677AF0EEE77AE7
:1019C0009FED677AF4EEC77AF1EE10FA40F1DE800F
:1019D00005F1010907F1680303EB051507F1200381
:1019E0000FCB85E80F005F4A82FB0432E317C3EB9D
:1019F000620303EB83039C4240F05B814D4B1B6809
:101A000003F00703022B40F25681042C71DD092CF0
:101A100074DD55490E2C6EDC8A46544804F1010BE6
:101A20006D4600233B7602227A760123BB760323A0
:101A3000FB763A7704227A77BB770523FB778EB063
:101A40000DF1080C1CF110025DD04FF0280E2AB1E8
:101A5000BEF1040F02DD464BCCF8143000233B7678
:101A600002237B7622B1BEF1080F01DDCCF818A06D
:101A70000123BB760323FB7622B1BEF10C0F01DDFF
:101A8000CCF81C1002233B7704237B7722B1BEF1F4
:101A9000100F01DDCCF820000323BB770523FB7773
:101AA000A2BBBEF1270F6EDD28234AB1082139758C
:101AB00000217975B9750421F9757869CCF81000A1
:101AC0006FF300086FF341086FF382086FF3C508E6
:101AD000032161F38818C3F30A0363F353286FF3F8
:101AE0001F5800234146134807F04EF8AD464D46B7
:101AF00051E01E498EE78A461B488FE7DFF868A051
:101B00001A4801468AE76FF0004EA0E77346BEF11F
:101B1000140F02DD1549CCF82410182B01DDCCF888
:101B200028B01C2B02DD1423CCF82C300CF1300330
:101B3000002125E0D82F0020E46705002C3C05009B
:101B4000A83C0500D83C0500543D0500843D050037
:101B5000B43D0500E43D0500143E0500443E05008B
:101B6000CDCC4C3D67666666E4300500E830050084
:101B7000E03E050007F11800405C03F8010B01315D
:101B80000729F7D98DE76FF01B038EE7984B1B6889
:101B900013F0060F1AD1322030F072F90134132CF1
:101BA00000F38B8007F1200001F04AFC00283FF48D
:101BB000E9AE8F4B1B6813F0070FEFD0631C00904A
:101BC0008C4A01218A4831F08DFFE7E7611CDFED87
:101BD0008A7A30EE270AEB461C220C2312F0070FFC
:101BE0002CD103F1080A52461F3323F00703ADEB53
:101BF000030D0DF10809BAF1000F07D009F1100328
:101C0000FB60BAF1030F1CD86FF01B026FF30006E4
:101C10006FF341066FF382066FF3C506022363F389
:101C2000881662F353266FF31F5609F11002002342
:101C300031466F4806F0A8FFDD46ACE704330432B6
:101C4000CCE753B1BAF1040F02DD6C4BC9F8143084
:101C5000BAF1080F01DDC9F818101C230C2213F08B
:101C6000070F20D1BA60FB6853B1524508DA13441C
:101C70007B6010EE100AFBF741FD7B68C3E90001B1
:101C8000BB6808339A4511DB1A46F9680029BDD0B4
:101C9000C3F387033B7600237B76BB76FB76B8697C
:101CA000C9F81000B2E704320433D8E76FF01B0222
:101CB000EBE74D466FE74D466DE7092D21DC4C4BB8
:101CC0001B6813F0070F0DD1494B1B6813F0070F6A
:101CD00011D132210520FFF7B9FC07F5D677BD46B3
:101CE000BDE8F08F142300932B46454A012140485C
:101CF00031F0F8FEE8E7434A01213D4831F0DDFECE
:101D0000E7E7294607F1680003F08CFA034660BB59
:101D1000374B1B6803F00703022B36D8344B1B6884
:101D200003F00703022B36D8314B1B6803F007037F
:101D3000022B36D82E4B1B6803F00703022B39D831
:101D40002B4B1B6803F00703022B39D803F01EF955
:101D50000346002840D0264A126812F0060F35D1FB
:101D6000C8210320FFF772FCB7E7214A126812F07E
:101D7000070F04D132210520FFF768FCADE7224AA6
:101D800001211B4831F0A3FEF4E7204A0321184843
:101D900031F093FEC2E71E4A0321154831F08DFE53
:101DA000C2E7142300932B461A4A0321104831F04E
:101DB00099FEBFE7184A03210D4831F07EFEBFE7C8
:101DC000124A03210A4831F078FEBFE7134A022184
:101DD000074831F07CFEC3E7054B1B6803F007039F
:101DE000022BBDD90E4A0321014831F066FEB7E748
:101DF000D82F0020C03E050000000000FC3E05007A
:101E00001C3F0500403F0500643F0500E4670500F6
:101E1000843F0500A83F0500C03F0500F03F0500D6
:101E20001840050008B530F011F81D4B1B68C31AA7
:101E3000C72B00D808BD1A4B186008211948FEF7B7
:101E4000F9FA01280ED0184B01221A70174B1B68A3
:101E500003F00703022BEDD9154A0321134831F093
:101E60002CFEE7E74FF4FA6030F00AF808210D483D
:101E7000FEF7E0FA0128E6D10C4B1B6803F00703DC
:101E8000022B07D80B4B01221A7064210520FFF7A3
:101E9000DDFBCFE7084A0321044831F00EFEF1E7ED
:101EA00018670020682305004FA20020D82F0020CB
:101EB000104205004EA20020E0410500F0B589B0B7
:101EC0009D4830F072FC9D4C204630F06EFC9C48E2
:101ED00030F06BFC9B4830F068FC204630F065FC2D
:101EE000994830F062FC4FF496702FF0C9FF974B81
:101EF0001B6803F00703022B26D8944B1B6803F0E2
:101F00000703022B26D8914B1B6803F00703022B13
:101F100026D88E4B1B6803F00703022B26D88B4B69
:101F20001B6803F00703022B26D8894830F03DFCDC
:101F300000F040F9044660B3844B1B6813F0070FB0
:101F400020D1204609B0F0BD824A03217F4831F0FC
:101F5000B4FDD2E7804A03217C4831F0AEFDD2E7E0
:101F60007C4A0321794831F0A8FDD2E77B4A03215E
:101F7000764831F0A2FDD2E7794A0321734831F067
:101F80009CFDD2E70346774A0121704831F09FFD5E
:101F9000D7E700F01BF9044658B16C4B1B6813F0EF
:101FA000070FCED00346704A0121684831F08FFDFB
:101FB000C7E700F0DBF9044658B1644B1B6813F027
:101FC000070FBED00346694A0121604831F07FFD0A
:101FD000B7E700F013FA044658B15C4B1B6813F0E6
:101FE000070FAED00346624A0121584831F06FFD19
:101FF000A7E700F017F9044658B1544B1B6813F0DB
:10200000070F9ED003465B4A0121504831F05FFD27
:1020100097E7FEF753FB044658B14C4B1B6813F08F
:10202000070F8ED00346544A0121484831F04FFD36
:1020300087E7FFF757F80446D0B1444B1B6813F00D
:10204000070F0ED14D483DF06BFD00283FF479AFEE
:1020500064210320FFF7FAFA4FF4FA602FF010FF23
:10206000F6E70346464A0121384831F030FDE9E7FA
:10207000364B1B6803F00703022B45D801F06AFDBD
:10208000002600273F4DCDE9066702230493052370
:10209000039300240294019400943B4B4FF480522C
:1020A0003A49284626F034FD3949284626F030FCC6
:1020B000384DCDE9066704940623039302940194F6
:1020C0000094354B4FF400623449284626F020FD39
:1020D0003349284626F01CFC1C4B1B6803F0070301
:1020E000022B17D8194B1B6803F00703022B17D8D4
:1020F000164B1B6803F00703022B17D84FF4004060
:10210000002127F021FCF9E7264A03210F4831F08E
:10211000D4FCB3E7244A03210C4831F0CEFCE1E7BC
:10212000224A0321094831F0C8FCE1E7204A032193
:10213000064831F0C2FCE1E76CE1050038420500D9
:102140006442050084420500A4420500D82F002007
:1021500034430500B8420500E4420500FC42050096
:102160001443050048430500604305007C43050017
:102170009C430500B4430500C843050068230500DF
:10218000E04305000035002009E30000C0AA00205C
:102190002C440500F8330020390C010080A20020F7
:1021A0003844050008440500444405006C4405001B
:1021B000E467050008B504483DF0B2FC08B1002012
:1021C00008BD6FF01200FBE75824050000B583B08E
:1021D00006236A4688210F482FF0A3FEB8B99DF860
:1021E00000309DF8012043EA02230B4A13809DF83A
:1021F00002309DF8032043EA0223084A13809DF829
:1022000004309DF8052043EA0223054A138003B0F9
:102210005DF804FBA444050046A2002044A200206F
:1022200042A2002000B583B042F2F473ADF804304E
:102230007723022201A903482FF04FFE03B05DF877
:1022400004FB00BF582405002DE9F843FBF744FACE
:1022500006460F4600222F4BFBF7A8FA04460D4610
:102260002D4B1888FBF728FA8046894600222B4B15
:10227000FBF79CFA02460B4620462946FBF7DEF8A0
:1022800004460D46264BB3F90000FBF725FA02463B
:102290000B4620462946FBF789FA04460D460022E4
:1022A000204B30463946FBF781FA06460F4600229E
:1022B0001D4B40464946FBF779FA02460B4630462D
:1022C0003946FBF7BBF802460B46FBF76FFA0646AA
:1022D0000F46164BB3F90000FBF7FEF902460B461A
:1022E00030463946FBF762FA02460B46204629463D
:1022F000FBF7A6F804460D46FBF708FD0C4B1860EB
:1023000000220C4B20462946FBF77AFB41EC100BD0
:10231000BDE8F8830000103F46A200200000503FB7
:1023200044A200200000E03E0000203F42A2002026
:102330007C6700200000B44010B582B0044603233F
:1023400001AAFA2108482FF0ECFD58B99DF80420A5
:102350009DF805301B0143EA02339DF8062043EA4D
:102360001213236002B010BDA444050000B585B06F
:10237000012303AAA1211A482FF0D3FD10B105B003
:102380005DF804FB9DF80C20164B1A70072301AA78
:10239000E12113482FF0C5FD0028F0D19DF805205C
:1023A0009DF8043043EA02230F4A13809DF806206B
:1023B0000E4B1A709DF807109DF8083003F00F02BD
:1023C00042EA01120A490A809DF809201B0943EAE2
:1023D0000213084A13809DF90A20074B1A70CEE7B2
:1023E000A444050053A2002040A2002052A20020D5
:1023F0003EA200203CA2002051A2002000B583B0E4
:102400004FF4F973ADF804307723022201A9034891
:102410002FF063FD03B05DF804FB00BF58240500F6
:1024200010B582B00446022301AAFD2106482FF010
:1024300078FD30B99DF804209DF8053043EA022369
:10244000236002B010BD00BFA44405002DE9F04F89
:1024500085B0064603A8FFF7E3FF0746002840F0D3
:10246000A180524B1868FBF737F90022504BFAF75E
:10247000E5FF04460D464F4BB3F90000FBF72CF97E
:1024800000224D4BFBF792F9804689464B4BB3F93E
:102490000000FBF721F90022494BFBF787F92246A0
:1024A0002B46FBF783F902460B4640464946FAF7AE
:1024B000C7FF804689460398FBF70EF942464B4614
:1024C000FAF7BCFFCDE900013E4BB3F90000FBF782
:1024D00003F900223C4BFBF769F982468B463B4BE4
:1024E00093F90000FBF7F8F80022394BFBF75EF98F
:1024F00022462B46FBF75AF980468946354B187819
:10250000FBF7DAF80022324BFBF750F922462B4654
:10251000FBF74CF90022304BFAF792FF02460B46CC
:1025200040464946FBF742F900222B4BFAF788FF59
:1025300002460B4650465946FBF738F902460B4611
:10254000DDE90001FBF732F904460D46234B18780C
:10255000FBF7B2F822462B46FBF728F900224FF092
:102560007B53FBF723F902460B4600201A49FAF782
:1025700065FF22462B46FBF719F904460D4600225B
:10258000174BFBF7A3FB48B900220023204629463E
:10259000FBF77EFB20B10024002501E00024104D54
:1025A000C6E90045384605B0BDE8F08F7C670020DD
:1025B00000C0F2403EA20020000050403CA200209B
:1025C0000000103F40A200200000F03E51A2002079
:1025D0000000503E52A200200000F03F53A2002015
:1025E00000005940012914BF00210121014B19703D
:1025F000704700BF54A2002038B51C46BDF810300B
:10260000002B5BD1012C5CD115786B1E042B47D8B5
:10261000DFE803F00316222E3A002D4B1B6803F06F
:102620000703022B06D82B4B1B680BB12846984793
:10263000204638BD284A0321254831F03EFAF2E70A
:10264000234B1B6803F00703022BECD9234A032119
:102650001F4831F032FAE6E71D4B1B6803F0070311
:10266000022BE0D91E4A0321194831F026FADAE795
:10267000174B1B6803F00703022BD4D9194A032117
:10268000134831F01AFACEE7114B1B6803F0070329
:10269000022BC8D9144A03210D4831F00EFAC2E7C3
:1026A0000B4B1B6813F0060F0ED02B460F4A02216E
:1026B000074831F00CFA6FF00500BAE76FF006003A
:1026C000B7E76FF00600B4E76FF00500B1E700BFB1
:1026D0005C2F002080670020AC440500C444050046
:1026E000DC440500F44405001045050038450500AC
:1026F000012914BF00210121324B1970324B1B6894
:1027000003F00703022B5CD990B583B000AFF1B1A1
:102710002E496C4600233B7102237B7188B0EC4646
:102720001CF1100215D00E2022B1042802DD284B26
:10273000CCF8143000233B7002237B70B2B1082820
:1027400001DDCCF818100CF11C0300210CE021492C
:10275000DFE76FF00040E7E701F1080EBE441EF826
:1027600008EC03F801EB01310129F5D90D2825DD2D
:102770000E234AB10321397100217971B971012108
:10278000F9717868CCF8100000216FF300016FF345
:1027900041016FF382016FF3C501032060F38811DB
:1027A000C3F30A0363F353216FF31F510023064859
:1027B00006F0EAF9A5460C37BD4690BD6FF01B0345
:1027C000D7E7704755A200205C2F00207C4E050003
:1027D0006445050058450500012914BF0021012169
:1027E000324B1970324B1B6803F00703022B5CD984
:1027F00090B583B000AFF1B12E496C4600233B7118
:1028000002237B7188B0EC461CF1100215D00E201B
:1028100022B1042802DD284BCCF8143000233B7091
:1028200002237B70B2B1082801DDCCF818100CF13E
:102830001C0300210CE02149DFE76FF00040E7E7CF
:1028400001F1080EBE441EF808EC03F801EB01315B
:102850000129F5D90D2825DD0E234AB1032139714F
:1028600000217971B9710121F9717868CCF81000F3
:1028700000216FF300016FF341016FF382016FF3E9
:10288000C501032060F38811C3F30A0363F35321E6
:102890006FF31F510023064806F076F9A5460C3762
:1028A000BD4690BD6FF01B03D7E7704756A20020CE
:1028B0005C2F00207C4E05007C4505005845050036
:1028C000F0B58BB004460D4616460378032B38D876
:1028D000DFE803F002212B311D4B93E80300079042
:1028E000ADF82010090C8DF8221063792279E17877
:1028F000A07867780DF11C0CCDF814C004970390F4
:10290000029101920093A379124A314628462FF092
:102910005AFF0BB0F0BD104B93E803000790ADF8E1
:102920002010090C8DF82210DFE70C4A07AB07CA0C
:1029300003C31A80D9E70A4A07AB07CA03C31A8040
:10294000D3E7084A0A2107A82FF03DFFCDE700BFD3
:1029500098450500A8450500A0450500CC450500A3
:10296000D845050000AF0500B0B58AB000AF0C46F1
:1029700034F0A9FD1E2207F10801FFF7A1FF3C4B2F
:102980001B6803F00703022B56D96D4600233B71E9
:1029900002237B718AB0EC461CF110021AD012207F
:1029A00022B1042802DD334BCCF8143000233B70F5
:1029B00002237B70DAB10346082803DD07F1080122
:1029C000CCF818100C2B01DDCCF81C400CF12003C6
:1029D00000210AE06FF00040E2E701F128043C44E6
:1029E00014F8284C03F8014B01310129F5D91128BD
:1029F0003ADD12234AB10421397100217971B9718C
:102A00000121F9717868CCF8100000216FF3000102
:102A10006FF341016FF382016FF3C501032060F38F
:102A20008811C3F30A0363F353216FF31F5100238B
:102A30000F4806F0A9F8AD460F4B186820B113F007
:102A4000C5FA0D4B00221A6000230C4A13700C4A81
:102A500013700C4A13704FF4804200230A4825F08B
:102A60006BFD2837BD46B0BD6FF01B03C2E700BF4A
:102A70005C2F0020E44505008467002056A200205A
:102A800055A2002054A2002000200020F0B585B0FF
:102A900002AF564B1B6803F00703022B49D812F014
:102AA00097F8054600283ED010F1780F3BD04F4BE9
:102AB0001B6813F0040F36D06E4688B002AB13F1DA
:102AC00010023CD010215AB10846042901DD484CBF
:102AD0005C61082801DD474C9C610C2800DDDD614C
:102AE0000F292FDD10243AB10421397100217971A9
:102AF000B971F9717868186100216FF300016FF303
:102B000041016FF382016FF3C501042363F3881160
:102B1000C4F30A0464F353216FF31F5100233348B5
:102B200006F032F8B5464FF4FA702FF01BFA002485
:102B300023E0314A03212D4830F0BFFFAFE76FF0AB
:102B40000041C0E76FF01B04CDE7284B1B6803F082
:102B50000703022B3FD9294A0321244830F0ADFF57
:102B600039E0224B1B6813F0060F21D112F030F828
:102B70004FF4FA702FF0F6F90134022C26DC002312
:102B8000009302221E491F4811F0F2FF054600285B
:102B9000DBD010F1780FE4D0144B1B6813F0060F54
:102BA0000CD1012CE8DC4FF47A702FF0DBF9E3E76D
:102BB000154A02210D4830F080FFD7E7631C0090D2
:102BC000124A0221094830F08DFFEAE7074B1B68E3
:102BD00013F0070F03D128460C37BD46F0BD2B4636
:102BE0000B4A0121014830F072FFF4E75C2F00200E
:102BF00038460500A8480500104605007446050043
:102C000098250020BC250020A0460500D0460500E0
:102C1000FC46050008B5074B1B6803F00703022BB1
:102C200002D8FFF733FF08BD034A0321014830F003
:102C300044FFF6E75C2F00203047050008B571B16E
:102C40000B460F4A126812F0070F02D1FFF71EFF62
:102C500008BD0C4A01210A4830F039FFF6E713F0AD
:102C6000E1F8094B1860064B1B6803F00703022BC1
:102C7000EED9064A0321024830F01FFFE8E700BF03
:102C80005C2F00206847050084670020804705000E
:102C900010B582B0264B1B6803F00703022B1CD82B
:102CA000002010F07FFB0446E8B9214B1B6803F0BD
:102CB0000703022B23D80023009302221D491E483C
:102CC00011F056FF044600BB194B1B6803F00703C5
:102CD000022B26D8204602B010BD184A0321144802
:102CE00030F0EBFEDCE7124B1B6813F0070FF1D05E
:102CF0000346134A01210E4830F0E9FEEAE7114A83
:102D000003210B4830F0D9FED5E7094B1B6813F0BF
:102D1000070FDFD003460C4A0121054830F0D7FEEB
:102D2000D8E70A4A0321024830F0C7FED2E700BFC5
:102D30005C2F002098250020BC250020944705002A
:102D4000B4470500D0470500E847050008480500DE
:102D5000054B1B7823B9054B1B781BB1012070472D
:102D6000012070470020704756A2002055A2002085
:102D7000054B1B7833B1054B1B680BB10120704725
:102D8000002070470020704754A200208467002074
:102D900030B587B055EC104BFFF7EAFF78B1CDE9BD
:102DA0000045084A102102A82DF0D0F883B202AAEB
:102DB0000549064800682FF0EBF807B030BD6FF00A
:102DC0007F00FAE760480500484905008467002055
:102DD00030B587B055EC104BFFF7CAFF78B1CDE99D
:102DE0000045084A102102A82DF0B0F883B202AACB
:102DF0000549064800682FF0CBF807B030BD6FF0EA
:102E00007F00FAE7684805008449050084670020D0
:102E100030B58BB004460D46FFF7AAFF78B1009598
:102E20002346084A202102A82DF090F883B202AA76
:102E30000549064800682FF0ABF80BB030BD6FF0C5
:102E40007F00FAE770480500C0490500846700204C
:102E500008B5074B1860074B1B6803F00703022BEC
:102E600000D808BD044A0321024830F026FEF8E7E6
:102E7000806700205C2F00208448050000B583B0E7
:102E80008DF804008DF80510054B1B78022201A96E
:102E9000044800682FF0A5F803B05DF804FB00BFFC
:102EA000E52E0020A067002000B585B08DF80F004A
:102EB0000192009101230DF10F02044909780448A1
:102EC00000682FF09CF805B05DF804FBE52E0020AB
:102ED000A067002098B500AF1346541C083303F4D4
:102EE000FC73ADEB030D6B4603F8010B18463EF087
:102EF00019FE054B1B7822466946044800682FF0EE
:102F000070F8BD4698BD00BFE52E0020A0670020E8
:102F100030B583B0304B1B78002B56D004460028C8
:102F200056D001220DF107013D20FFF7BDFF0546F8
:102F300010B1284603B030BD00213D20FFF79EFFB1
:102F400005460028F5D119202FF073F806222146F6
:102F500055202FF06AF80546A8B19DF807103D20CE
:102F6000FFF78CFF19202FF064F8002DE1D11B4BE7
:102F70001B6803F00703022BDBD9194A032117480A
:102F800030F09BFDD5E70622A1185B202FF04DF80D
:102F900005460028E1D1062204F10C0161202FF042
:102FA00044F805460028D8D1022204F11201672016
:102FB0002FF03BF805460028CFD1022204F114017E
:102FC00069202FF032F80546C7E76FF01505B0E726
:102FD0006FF01505ADE700BF5BA20020602F002059
:102FE000644B050030B583B0324B1B78002B5AD0B0
:102FF000044600285AD001220DF107013D20FFF7B9
:1030000053FF054610B1284603B030BD00213D20D6
:10301000FFF734FF05460028F5D119202FF009F8F5
:10302000062221465520FFF755FF054698B19DF829
:1030300007103D20FFF722FF19202EF0FAFF002D88
:10304000E1D11D4B1B6803F00703022B25D81B4B56
:1030500001221A70D7E70622A1185B20FFF73AFF7A
:1030600005460028E3D1062204F10C016120FFF798
:1030700031FF05460028DAD1022204F1120167204F
:10308000FFF728FF05460028D1D1022204F11401E0
:103090006920FFF71FFF0546C9E7094A03210648D3
:1030A00030F00BFDD3E76FF01505ACE76FF01505B9
:1030B000A9E700BF5BA20020602F002059A20020DA
:1030C000904B050038B50546164A106850B13CF0E3
:1030D00027FD38B100213D20FFF7D0FE044620B186
:1030E000204638BD6FF01504FAE719202EF0A1FF35
:1030F00029463D20FFF7C2FE04460028F0D11920E2
:103100002EF097FF084B1D70084B1B6803F0070358
:10311000022BE5D92B46064A0321044830F0D7FCA0
:10312000DEE700BFA0670020E42E0020602F002013
:10313000C04B050030B583B0364B1B78002B63D0F5
:103140000446002863D0062269461A202EF06DFF3F
:103150000546A0BB9DF800309DF80120120212B276
:10316000134307EE903A9DF802309DF803201202B7
:1031700012B21A439DF804309DF80500000200B217
:1031800003432548007830B3F8EEE77A9FED237AC1
:1031900067EE877AC4ED007A07EE902AF8EEE77AB8
:1031A00067EE877AC4ED017A07EE903AF8EEE77A97
:1031B00067EE877AC4ED027A284603B030BD184B1B
:1031C0001B6813F0070FF7D00346164A0121144875
:1031D00030F07DFCF0E7F8EEE77A9FED137A67EECA
:1031E000877AC4ED007A07EE902AF8EEE77A67EE68
:1031F000877AC4ED017A07EE903AF8EEE77A67EE47
:10320000877AC4ED027AD7E76FF01505D4E76FF03F
:103210001505D1E75BA200205AA20020B4A2913A82
:10322000602F0020DC4B05000000803D254B1B7803
:10323000002B41D010B582B0044600283FD00622B2
:10324000694614202EF0F1FE88BB9DF800309DF8F1
:103250000120120212B2134306EE903A9DF802309A
:103260009DF80320120212B2134307EE103A9DF8A4
:1032700004309DF80520120212B2134307EE903A73
:10328000114B1B78ABB19FED116AF8EEE66A66EE62
:10329000866AC4ED006AB8EEC77A27EE067A84ED36
:1032A000017AF8EEE77A67EE867AC4ED027A02B028
:1032B00010BD9FED076AE8E76FF0150070476FF0EB
:1032C0001500F4E75BA200205AA20020B4A2913AB4
:1032D0000000803D214B1B78D3B310B582B004466B
:1032E000C8B30622694608202EF09FFE70BB9DF8E9
:1032F00000309DF80120120212B2134306EE903AFC
:103300009DF802309DF80320120212B2134307EE1B
:10331000103A9DF804309DF80520120212B21343B2
:1033200007EE903AF8EEE66A9FED0D6A66EE866A61
:10333000C4ED006AB8EEC77A27EE067A84ED017A0A
:10334000F8EEE77A67EE867AC4ED027A02B010BD35
:103350006FF0150070476FF01500F7E75BA20020D3
:103360000AD7233C214B1B78D3B310B582B0044657
:10337000C8B3062269460E202EF057FE70BB9DF89A
:1033800000309DF80120120212B2134306EE903A6B
:103390009DF802309DF80320120212B2134307EE8B
:1033A000103A9DF804309DF80520120212B2134322
:1033B00007EE903AF8EEE66A9FED0D6A66EE866AD1
:1033C000C4ED006AB8EEC77A27EE067A84ED017A7A
:1033D000F8EEE77A67EE867AC4ED027A02B010BDA5
:1033E0006FF0150070476FF01500F7E75BA2002043
:1033F0000000803D114B1B78CBB110B582B0044664
:10340000C0B101220DF107013520FFF74DFD60B974
:103410009DF807309A092270C3F301126270C3F35A
:103420008102A27003F00303E37002B010BD6FF0DD
:10343000150070476FF01500F7E700BF5BA2002092
:1034400038B51C4B1B7873B3044678B3FBF7ECFA22
:10345000054608B1284638BD04F11000FFF76AFEA2
:1034600005460028F6D104F11C00FFF7DFFE0546F3
:103470000028EFD104F12800FFF72CFF05460028B3
:10348000E8D104F13400FFF76DFF05460028E1D1D3
:1034900004F14000FFF7AEFF05460028DAD12EF018
:1034A000DEFD6064D6E76FF01505D3E76FF0150514
:1034B000D0E700BF5BA2002000B583B001A8FFF7F2
:1034C00099FF98BB03461A4A1178A1F10B02D2B2B8
:1034D000012A0AD9092908D00A2906D09DF8042012
:1034E000032A19D003F0010005E09DF80420032A07
:1034F00004D003F0010003B05DF804FB9DF8052043
:10350000032AF6D19DF80620032AF2D19DF8072060
:10351000032AEED10123ECE79DF80520032AE1D12F
:103520009DF80620032ADDD10123DBE70020E2E736
:10353000E42E00200B4B1B787BB110B50C4628B154
:10354000012201463920FFF7AFFC28B944B101221E
:1035500021463A20FFF7A8FC10BD6FF01500704718
:103560000020F9E75BA20020F0B587B002AF044667
:103570000023BB737B738F4B1B6803F00703022B85
:1035800040D88D488D4B18603CF0CAFA00283FD0D7
:1035900023788B4A1370E1788A4A117061788A4ADD
:1035A0001170844A126802F00702022A3ED80122F2
:1035B00007F10F010020FFF777FC054600283BD1FB
:1035C000FB7BA02B48D17B4A126802F00702022A3B
:1035D00052D8784B1B6803F00703022B52D82021E6
:1035E0003F20FFF74BFC0546002851D0714B1B686C
:1035F00013F0070F25D00346744A01216D4830F0BF
:1036000066FA1EE0724A03216A4830F056FAB8E7BB
:10361000684B1B6813F0070F02D16FF0120510E022
:103620006C4A0121634830F048FAF6E76A4A032100
:10363000604830F04CFABAE75E4B1B6813F0070F96
:1036400003D128461437BD46F0BD0346634A012125
:10365000584830F03CFAF4E7564A126812F0070F67
:1036600002D16FF01505ECE7A02200925C4A01211F
:10367000504830F037FAF4E75A4A03214D4830F009
:1036800026FAA6E7584A03214A4830F016FAA6E778
:1036900040F2EE202EF0CDFC012207F10F010020B8
:1036A000FFF702FCA0B9FB7BA02B11D100213D202C
:1036B000FFF7E4FB0546C8B13E4B1B6813F0070F4C
:1036C000BFD00346494A01213A4830F000FAB8E732
:1036D000384B1B6813F0070F02D16FF00405B0E7F9
:1036E000434A0121334830F0E8F9F6E719202EF07B
:1036F000A0FC344B1B786BBB00213B20FFF7BEFBCB
:10370000034620B12B4A126812F0060F24D1A37889
:1037100043BB00213E20FFF7B1FB034620B1254A01
:10372000126812F0060F3ED10A202EF082FC60785B
:10373000FFF7C8FC0546002866D01E4B1B6813F037
:10374000070F3FF47EAF03462A4A0121194830F0A3
:10375000BEF976E70221D0E7274A0221154830F06A
:10376000B6F9D4E780213F20FFF788FB034670B10C
:10377000104A126812F0060F03D10A202EF059FCED
:10378000C7E71E4A02210B4830F0A1F9F5E7094BC3
:103790001B6803F00703022BEFD9194A03210548E0
:1037A00030F08BF9E9E7174A0221024830F08FF92F
:1037B000BAE700BF602F002058240500A067002052
:1037C000E52E00205AA20020E42E0020C44D050062
:1037D000D44C0500044D05001C4D0500404D05006E
:1037E0005C4D0500884D0500B04D0500FC4D050001
:1037F000D84D0500A44E05001C4E0500344E0500B2
:103800005C4E0500844E050064202EF012FC07F18A
:103810000D0107F10E00FFF78DFE60B9464B1B68E6
:1038200003F00703022B38D87B7B23B1424A12688E
:1038300012F0060F3AD1414B01221A703E4B1B6821
:1038400003F00703022B37D83B4B1B6803F0070339
:10385000022B7FF6F6AE6378082B35D00C2B31D0D7
:1038600037496E4600233B7202237B7288B002AC5C
:1038700014F110022AD00E201AB1042801DD314BB8
:10388000636100233B7102237B7162B3082800DD72
:10389000A16104F11C03002123E0BB7B7A7B009231
:1038A000294A0321244830F01DF9BDE7274A0221A7
:1038B000214830F00CF9BEE7254A03211E4830F0BC
:1038C000FCF8C1E72349CCE72349CAE76FF0004081
:1038D000D2E701F1100CBC441CF80CCC03F801CB6E
:1038E00001310129F5D90D2822DD0E2342B1032132
:1038F000397200217972B9720121F972B8682061B8
:1039000000216FF300016FF341016FF382016FF348
:10391000C501032060F38811C3F30A0363F3532145
:103920006FF31F510023044805F02EF9B54688E6D1
:103930006FF01B03DAE700BF602F00205BA20020BE
:10394000A44C0500304F0500BC4E0500E44E0500B8
:103950000C4F0500C04C0500AC4C050010B5FFF73E
:10396000ABFD78B11148FFF7D3FA044640B9104BCC
:1039700001221A700F4B1B6803F00703022B0FD8AC
:10398000204610BD0B4B1B6813F0060F02D16FF0E1
:103990001504F5E7084A0221064830F08EF8F6E7EC
:1039A000064A0321034830F088F8E9E788670020D9
:1039B00058A20020602F00203C4F0500744F0500E6
:1039C000B0B582B000AF264B1B782BB12548FFF76E
:1039D00009FB0837BD46B0BD234B1B6813F0040F2D
:1039E00034D06C4688B06B4613F1100231D00C21F4
:1039F00042B10846042901DD1C4D5D61082801DD46
:103A00001B4898610B2927DD4FF00C0C3AB10321BC
:103A1000397100217971B971F971786818610021E3
:103A20006FF300016FF341016FF382016FF3C50182
:103A3000042363F38811CCF30A0C6CF353216FF366
:103A40001F510023084805F09FF8A5466FF03C0081
:103A5000BFE76FF00041CBE76FF01B0CD6E700BF6C
:103A600058A2002088670020602F0020A04F05008A
:103A700078550500324B1870324B1B6803F0070372
:103A8000022B5CD990B583B000AFF0B12E496C46E3
:103A900000233B7102237B7188B0EC461CF11002BD
:103AA00015D00E2022B1042802DD284BCCF81430AA
:103AB00000233B7002237B70B2B1082801DDCCF8F3
:103AC00018100CF11C0300210CE02149DFE76FF016
:103AD0000040E7E701F1080EBE441EF808EC03F8C9
:103AE00001EB01310129F5D90D2825DD0E234AB15D
:103AF0000321397100217971B9710121F971786857
:103B0000CCF8100000216FF300016FF341016FF357
:103B100082016FF3C501032060F38811C3F30A0328
:103B200063F353216FF31F510023064805F02CF86F
:103B3000A5460C37BD4690BD6FF01B03D7E7704715
:103B400057A20020602F00207C4E0500CC4F0500BE
:103B5000584505002DE9F04D2DED068B96B000AFD0
:103B6000A54B1B78002B41D0A44B1B6803F0070327
:103B7000022B49D8A14B1B6803F00703022B49D83D
:103B80009E4B1B6803F00703022B49D807F156012F
:103B900007F15700FFF7CEFC0446002846D1974BAB
:103BA0001B6803F00703022B53D8944B1B6803F0E8
:103BB0000703022B55D897F85630002B64D08F4B53
:103BC0001B6813F0060F54D197F85630013B092BB0
:103BD00000F24081DFE813F05300A800B300BE00FC
:103BE000C900D400E000EC00F8000401834B1B681E
:103BF00013F0070F02D16FF015041CE0804A012179
:103C00007E482FF05AFFF6E77E4A03217B482FF0CB
:103C100054FFAFE77C4A032178482FF04EFFAFE70F
:103C20007A4A032175482FF048FFAFE7734B1B68B2
:103C300013F0070F06D120465837BD46BDEC068B62
:103C4000BDE8F08D0346724A01216C482FF03FFF1A
:103C5000F1E797F857306F4A032168482FF037FF94
:103C6000A3E797F856306C4A032164482FF02FFFE2
:103C7000A1E76A4A022161482FF01FFFA4E75F4BCA
:103C80001B6813F0070F49D107F15000FFF7B2FB93
:103C90000446002840F0EA80614B1D780B3DEDB2F0
:103CA000564B1B6803F00703022B00F2EC80534BCA
:103CB0001B6803F00703022B40F2228197F8503073
:103CC000032B00F0E680012B40F2E680DFF87CC198
:103CD0006E4601223A7103227A718AB06C4614F161
:103CE000100200F0DC8012204AB10146042803DDF6
:103CF000DFF85CE1C4F814E0082900DDA3610123CA
:103D00003B7003237B70002A00F0D6800C2801DD75
:103D1000C4F81CC004F120030021CBE0414A01217A
:103D200036482FF0CAFEAFE7344B1B6813F0070F7D
:103D3000AAD03D4A012131482FF0BFFEA4E72F4B06
:103D40001B6813F0070F9FD0384A01212B482FF032
:103D5000B4FE99E7294B1B6813F0070F94D0344A3F
:103D6000012126482FF0A9FE8EE7244B1B6813F093
:103D7000070F89D02F4A012120482FF09EFE83E7AC
:103D80001E4B1B6813F0070F3FF47EAF2A4A012138
:103D90001A482FF092FE77E7184B1B6813F0070FB5
:103DA0003FF472AF254A012114482FF086FE6BE7DD
:103DB000124B1B6813F0070F3FF466AF204A012136
:103DC0000E482FF07AFE5FE70C4B1B6813F0070FCD
:103DD0003FF45AAF1B4A012108482FF06EFE53E70B
:103DE000064B1B6813F0070F3FF44EAF164A012134
:103DF00002482FF062FE47E75BA20020602F002000
:103E0000F84F0500C833050010500500A834050020
:103E100040500500605005007850050090500500A6
:103E2000E42E0020B0500500D0500500EC500500F5
:103E30000051050020510500445105006051050066
:103E400080510500A8510500BC510500F04F050048
:103E50001C5205007E4B1B6813F0070F3FF414AF94
:103E60007C4A01217A482FF028FE0DE7784B1B6829
:103E700013F0070F3FF4DFAE0346774A0121744881
:103E80002FF025FED7E6754A032171482FF015FE65
:103E90000DE7DFF8CCC11BE7DFF8C8C118E76FF00A
:103EA000004021E701F1580CBC441CF858CC03F841
:103EB00001CB01310129F5D9112852DD122342B17C
:103EC0000421397100217971B9710121F971786882
:103ED000206100216FF300016FF341016FF3820154
:103EE0006FF3C501032060F38811C3F30A0363F382
:103EF00053216FF31F510023554804F045FEB5468A
:103F0000534B1B6803F00703022B64D997F8513019
:103F1000032B29D0012B2AD9DFF84CC16E46012290
:103F20003A7103227A718AB06C4614F1100221D0E2
:103F300012204AB10146042803DDDFF830E1C4F85D
:103F400014E0082900DDA36101233B7003237B708B
:103F5000EAB10C2801DDC4F81CC004F120030021E3
:103F600013E06FF01B03AAE7DFF8F4C0D6E7DFF831
:103F7000F4C0D3E76FF00040DBE701F1580CBC441C
:103F80001CF858CC03F801CB01310129F5D91128CF
:103F900052DD122342B10421397100217971B971C6
:103FA0000121F9717868206100216FF300016FF33E
:103FB00041016FF382016FF3C501032060F38811A3
:103FC000C3F30A0363F353216FF31F510023204807
:103FD00004F0DAFDB5461E4B1B6803F00703022B05
:103FE00077D997F85230032B29D0012B2AD9DFF843
:103FF00078C06E4601223A7103227A718AB06C460B
:1040000014F1100221D012204AB10146042803DD28
:10401000DFF85CE0C4F814E0082900DDA3610123A7
:104020003B7003237B707AB30C2801DDC4F81CC0FD
:1040300004F12003002125E06FF01B03AAE7DFF85D
:1040400020C0D6E7DFF81CC0D3E76FF00040DBE705
:10405000602F0020D0510500E051050000520500FE
:10406000EC4F0500E84F0500F04F05003052050009
:104070004452050001F1580CBC441CF858CC03F81C
:1040800001CB01310129F5D9112840F329831223ED
:1040900042B10421397100217971B9710121F9719D
:1040A0007868206100216FF300016FF341016FF325
:1040B00082016FF3C501032060F38811C3F30A0383
:1040C00063F353216FF31F510023BF4804F05CFDDD
:1040D000B546012D40F21483BB4B1B6803F0070368
:1040E000022B00F27A8307F10800FFF7A9F90446D2
:1040F000002840F07883B44B1B6803F00703022BC1
:1041000000F27F83B04B1B6803F00703022B65D9D5
:10411000B868F9F7F3FA00220023F9F791F941ECB6
:104120001A0BF868F9F7EAFA00220023F9F788F980
:1041300041EC190B3869F9F7E1FA00220023F9F78D
:104140007FF941EC180B7869F9F7D8FA00220023BF
:10415000F9F776F982468B46E8468EB06B4613F146
:10416000100200F054832826A2B13146042E01DD4E
:1041700096485861082901DD83ED06AB102901DD61
:1041800083ED089B182901DD83ED0A8B202901DDD1
:10419000C3E90CAB272E40F33D8328263AB10A2110
:1041A000397100217971B971F9717868186100214C
:1041B0006FF300016FF341016FF382016FF3C501EB
:1041C000032363F38811C6F30A0666F353216FF3E2
:1041D0001F5100237C4804F0D7FCC54697ED020A26
:1041E00020EE000AD7ED037A67EEA77A70EE277A01
:1041F00097ED047A27EE077A77EE877A97ED050A2E
:1042000020EE000A37EE800A2DF01EFD10EE100A97
:104210006D4B1B6803F00703022B3DD9F9F76EFACB
:1042200000220023F9F70CF982468B46E84688B055
:104230006B4613F1100200F0F082102142B10846E3
:10424000042901DD624E5E61082801DDC3E906AB89
:104250000F2940F3E58210263AB10421397100217B
:104260007971B971F9717868186100216FF30001F3
:104270006FF341016FF382016FF3C501032363F311
:104280008811C6F30A0666F353216FF31F5100230A
:104290004D4804F079FCC5464B4B1B6803F00703FF
:1042A000022B00F2C082484B1B6803F00703022B6D
:1042B0003ED9B869F9F722FA00220023F9F7C0F8CD
:1042C00082468B46E84688B06B4613F1100200F038
:1042D000B082102142B10846042901DD3D4E5E61E5
:1042E000082801DDC3E906AB0F2940F3A58210269B
:1042F0003AB10421397100217971B971F971786885
:10430000186100216FF300016FF341016FF3820127
:104310006FF3C501032363F38811C6F30A0666F33E
:1043200053216FF31F510023274804F02DFCC5468D
:10433000254B1B6803F00703022B3ED9F869F9F7F8
:10434000DDF900220023F9F77BF882468B46E84628
:1043500088B06B4613F1100200F07182102142B157
:104360000846042901DD1C4E5E61082801DDC3E911
:1043700006AB0F2940F3668210263AB10421397149
:1043800000217971B971F9717868186100216FF3B2
:1043900000016FF341016FF382016FF3C501032345
:1043A00063F38811C6F30A0666F353216FF31F51B6
:1043B0000023054804F0E8FBC546034B1B6803F0E7
:1043C0000703022B49D909E0602F0020D4520500D1
:1043D000F85205002C53050040530500386AF9F7E0
:1043E0008DF900220023F9F72BF882468B46E84628
:1043F00088B06B4613F1100200F02782102142B101
:104400000846042901DDB84E5E61082801DDC3E9D4
:1044100006AB0F2940F31C8210263AB104213971F2
:1044200000217971B971F9717868186100216FF311
:1044300000016FF341016FF382016FF3C5010323A4
:1044400063F38811C6F30A0666F353216FF31F5115
:104450000023A64804F098FBC546A44B1B6803F054
:104460000703022B00F2F781A04B1B6803F0070340
:10447000022B58D9386BF9F741F900220023F8F7DD
:10448000DFFF41EC190B786BF9F738F900220023B4
:10449000F8F7D6FF41EC180BB86BF9F72FF90022AB
:1044A0000023F8F7CDFF82468B46E8468CB06B467A
:1044B00013F1100200F0D581202182B108460429B1
:1044C00001DD8B4E5E61082801DD83ED069B10281F
:1044D00001DD83ED088B182801DDC3E90AAB1F2934
:1044E00040F3C28120263AB1082139710021797147
:1044F000B971F9717868186100216FF300016FF3E9
:1045000041016FF382016FF3C501032363F3881147
:10451000C6F30A0666F353216FF31F510023734855
:1045200004F032FBC54697ED0C0A20EE000AD7EDE9
:104530000D7A67EEA77A70EE277A97ED0E0A20EED5
:10454000000A37EE800A2DF07FFB10EE100A674B51
:104550001B6803F00703022B3DD9F9F7CFF80022BF
:104560000023F8F76DFF82468B46E84688B06B461D
:1045700013F1100200F07B81102142B1084604299A
:1045800001DD5C4E5E61082801DDC3E906AB0F2941
:1045900040F3708110263AB10421397100217971FC
:1045A000B971F9717868186100216FF300016FF338
:1045B00041016FF382016FF3C501032363F3881197
:1045C000C6F30A0666F353216FF31F5100234748D1
:1045D00004F0DAFAC546454B1B6803F00703022BCB
:1045E00000F24B81414B1B6803F00703022B58D9A3
:1045F000786AF9F783F800220023F8F721FF41ECED
:10460000180BB86AF9F77AF800220023F8F718FFB8
:1046100082468B46F86AF9F771F800220023F8F712
:104620000FFF41EC170BE8468CB06B4613F11002FC
:1046300000F02981202182B10846042901DD2E4E97
:104640005E61082801DD83ED068B102801DDC3E9DA
:1046500008AB182801DD83ED0A7B1F2940F3168182
:1046600020263AB10821397100217971B971F971A7
:104670007868186100216FF300016FF341016FF357
:1046800082016FF3C501032363F38811C6F30A06A1
:1046900066F353216FF31F510023144804F074FA9A
:1046A000C546012D40F20C81104B1B6803F0070337
:1046B000022B00F2D5810D4B1B6803F00703022B80
:1046C00000F2D481094B1B6803F00703022B7FF62D
:1046D000B2AA0A4A032105482FF0EFF9FFF7ABBA57
:1046E0006FF01B03D4E400BF54530500602F00207B
:1046F00088530500A4530500F0530500F854050045
:10470000644B1B6803F00703022B7FF6ECAC97F8B1
:104710005330032B26D0012B27D9DFF894C16E46E6
:1047200001223A7103227A718AB06C4614F11002A8
:104730001ED012204AB10146042803DDDFF874E1DF
:10474000C4F814E0082900DDA36101233B700323B2
:104750007B70D2B10C2801DDC4F81CC004F1200329
:10476000002110E0DFF850C1D9E7DFF850C1D6E7EB
:104770006FF00040DEE701F1580CBC441CF858CC47
:1047800003F801CB01310129F5D9112822DD1223CB
:1047900042B10421397100217971B9710121F97196
:1047A0007868206100216FF300016FF341016FF31E
:1047B00082016FF3C501032060F38811C3F30A037C
:1047C00063F353216FF31F510023324804F0DCF9E7
:1047D000B54688E46FF01B03DAE72F4A03212D4822
:1047E0002FF06BF97FE42B4B1B6813F0070F3FF49E
:1047F00022AA0346294A012126482FF068F9FFF72B
:104800001ABA274A032123482FF057F97AE46FF0A8
:104810000046A9E46FF01B06C0E46FF000410DE50F
:104820006FF01B0618E51F4A03211A482FF045F9BF
:1048300039E56FF000414DE56FF01B0658E56FF06C
:1048400000418CE56FF01B0697E56FF00041D6E55F
:104850006FF01B06E1E5144A03210E482FF02DF9F5
:1048600002E66FF0004128E66FF01B063BE66FF0B2
:10487000004182E66FF01B068DE60C4A03210548D5
:104880002FF01BF9AEE66FF00041D4E66FF01B0687
:10489000E7E600BF602F00206C520500945205002F
:1048A000B45205001853050068530500CC530500A9
:1048B000F04F050058520500EC4F0500E84F050089
:1048C0006D4B1B6803F00703022B00F2B7806A4BA5
:1048D0001B6803F00703022B58D9F86BF8F70EFF9B
:1048E00000220023F8F7ACFD41EC190B386CF8F707
:1048F00005FF00220023F8F7A3FD41EC180B786CAC
:10490000F8F7FCFE00220023F8F79AFD82468B465A
:104910006E468CB06B4613F1100200F0958020219A
:1049200082B10846042901DD544D5D61082801DD8E
:1049300083ED069B102801DD83ED088B182801DD2F
:10494000C3E90AAB1F2940F3828020253AB1082130
:10495000397100217971B971F97178681861002194
:104960006FF300016FF341016FF382016FF3C50133
:10497000032363F38811C5F30A0565F353216FF32D
:104980001F5100233C4804F0FFF8B54697ED0F0A8D
:1049900020EE000AD7ED107A67EEA77A70EE277A3C
:1049A00097ED110A20EE000A37EE800A2DF04CF93F
:1049B00010EE100A304B1B6803F00703022B7FF642
:1049C00073AEF8F79BFE00220023F8F739FD82460C
:1049D0008B466E4688B06B4613F110023AD0102118
:1049E00042B10846042901DD254D5D61082801DD3D
:1049F000C3E906AB0F2930DD10253AB10421397126
:104A000000217971B971F9717868186100216FF32B
:104A100000016FF341016FF382016FF3C5010323BE
:104A200063F38811C5F30A0565F353216FF31F5132
:104A30000023114804F0A8F8B54635E6114A0321D1
:104A40000D482FF03AF842E76FF0004168E76FF049
:104A50001B057BE76FF00041C2E76FF01B05CCE759
:104A6000094A032104482FF028F824E6074A0321C5
:104A700001482FF022F825E6602F0020885305001A
:104A8000285405000C54050044540500C454050086
:104A90002DE9F04182B000AFD0ED007AF0EEE76A88
:104AA0009FED4F7AF4EE476AF1EE10FA1ED890EDC2
:104AB000017AB0EEC76ADFED4A6AB4EE666AF1EEDB
:104AC00010FA13D8D0ED026AF0EEE65A9FED446A70
:104AD000F4EE465AF1EE10FA08D890ED030AF0EE23
:104AE000C05AF4EE465AF1EE10FA0FD93D4B1B684E
:104AF00013F0070F04D100200837BD46BDE8F08150
:104B0000394A012137482EF0D8FFF4E767EEA77A3B
:104B100027EE077A77EE877A66EEA66A77EEA67AB0
:104B200020EE000A37EE800A2DF08EF8F7EE007ABC
:104B300070EE677AF0EEE77A9FED2C7AF4EEC77AA2
:104B4000F1EE10FA01DC0120D6E7264B1B6813F0CA
:104B5000060F3CD0DFED267A30EE270AE84688B013
:104B60006C4614F1100534D0102665B13346042E7E
:104B700001DD204A6261082B05DD10EE100AF8F70E
:104B8000BDFDC4E906010F2E26DD10233DB1042230
:104B90003A7100227A71BA71FA7178682061002145
:104BA0006FF300016FF341016FF382016FF3C501F1
:104BB000022262F38811C3F30A0363F353216FF3F4
:104BC0001F5100232A46074803F0DEFFC546002098
:104BD00092E76FF00046C8E76FF01B03D6E700BF0F
:104BE000FFFF7F7F14300020C0550500CDCCCC3DA9
:104BF00000000000F055050008B50E4B4FF07E5246
:104C00001A6000225A609A60DA6000210A4B19701B
:104C100030220A483CF0ADFF094B1B6803F0070344
:104C2000022B00D808BD074A032105482EF045FF96
:104C3000F8E700BFDC2500205CA200200836002039
:104C400014300020985605002DE9F04782B000AFDF
:104C500088B10C46054671B1AA4B1B78B3B90368FD
:104C60000B6043684B6083688B60C368CB60083718
:104C7000BD46BDE8F087A44B1B6813F0070FF6D0C4
:104C8000A24A0121A0482EF018FFF0E7FFF700FF2D
:104C900090B99D4B1B6813F0060F07D14FF07E5360
:104CA000236000236360A360E360E0E7984A022189
:104CB00095482EF002FFF1E7224629469548FAF77B
:104CC000BFF9954BD3ED0A7A9FED947AF4EEC77A4B
:104CD000F1EE10FA6BDD924B1C6801341C608A4BBC
:104CE0001B6813F0060F44D09FED8E7A77EE877A1B
:104CF000E8468AB06D4615F110064CD04FF0140905
:104D000096B1CA46B9F1040F01DD874B6B61BAF168
:104D1000080F05DD17EE900AF8F7F0FCC5E906016B
:104D2000BAF1100F00DD2C62B9F1130F36DD142338
:104D30003EB105223A7100227A71BA71FA7178682F
:104D4000286100216FF300016FF341016FF38201CD
:104D50006FF3C501022262F38811C3F30A0363F300
:104D600053216FF31F5100233246674803F00CFFB5
:104D7000C5466B4B1B68042B1CD9634B1B6813F097
:104D8000070F0ED1FFF738FF654B00221A60674B03
:104D900001221A706BE76FF00049B1E76FF01B0357
:104DA000C6E7634A012158482EF087FEEAE75C4BCC
:104DB00000221A60584B1A6801321A605D4BA3FB3F
:104DC00002139B094FF47A7101FB1323002B7FF42C
:104DD0004EAF514BD3ED0A7A9FED577AF4EEC77A76
:104DE000F1EE10FA7FF743AF474B1B6813F0040F47
:104DF0006AD09FED4C7A77EE877A6D461C220C23A1
:104E000012F0070F3ED103F1080632461F3323F09C
:104E10000703ADEB030D6C46002E3ED004F11009E4
:104E2000032E38D9B9F1000F07D0042E01DD434B12
:104E30006361082E01DD424BA3611C230C2213F099
:104E4000070F22D19046B9F1000F09D0B24207DA1C
:104E500009EB020A17EE900AF8F750FCCAE90001C4
:104E600008F108039E4213DB1A46B9F1000F14D073
:104E7000C3F387033B7100237B71BB71FB717868BF
:104E800020610AE004330432BAE704320433D6E77F
:104E90006FF01B02E9E76FF01B0200216FF30001C6
:104EA0006FF341016FF382016FF3C501042363F3D4
:104EB000881162F353216FF31F5104F11002002394
:104EC000114803F061FEAD461248FAF721F8124A84
:104ED000D36A0133D3621B4AA2FB0312D20802EB4E
:104EE0008202B3EB420F7FF4C2AE074A126802F0AF
:104EF0000702022A7FF6BBAE134A032102482EF0B6
:104F0000E6FDB4E65CA2002014300020C056050087
:104F1000EC560500DC25002008360020CDCCCC3D29
:104F2000A467002000000000145705004FA20020D5
:104F300044570500D34D62100AD7A33B7C570500A8
:104F4000FC590500CDCCCCCCB8570500014B1878E6
:104F5000704700BF5CA2002088B10A4A1168016056
:104F6000D16A4160926A8260074A1168C1605168E3
:104F7000016191684161D2688261002070476FF0E1
:104F80001500704708360020DC25002008B5074BC7
:104F90001B6813F0060F02D16FF0850008BD044AAC
:104FA000022102482EF089FDF6E700BF14300020F0
:104FB000D8570500002800F022812DE9B04F2DEDD3
:104FC000048B82B000AF0446FFF762FD002800F0BA
:104FD000F6808C4D294620462DF05BF82846F9F7DF
:104FE00097FF0122884B1A70884B1A600022DA6200
:104FF000874B1B6803F00703022B00F2EE80844B03
:105000001B6803F00703022B65D92068F8F776FBCD
:1050100000220023F8F714FA41EC190B6068F8F746
:105020006DFB00220023F8F70BFA41EC180BA06887
:10503000F8F764FB00220023F8F702FA82468B4659
:10504000E068F8F75BFB00220023F8F7F9F98046E7
:1050500089466D468EB06B4613F1100200F0C38096
:105060002824A2B12146042C01DD6A485861082990
:1050700001DD83ED069B102901DD83ED088B1829E6
:1050800001DDC3E90AAB202901DDC3E90C89272C26
:1050900040F3AC8028243AB10A213971002179719A
:1050A000B971F9717868186100216FF300016FF32D
:1050B00041016FF382016FF3C501032363F388118C
:1050C000C4F30A0363F353216FF31F5100235048C5
:1050D00003F05AFDAD464E4B1B6803F00703022B4D
:1050E00064D9484C2068F8F709FB00220023F8F740
:1050F000A7F941EC180B6068F8F700FB00220023C9
:10510000F8F79EF982468B46A068F8F7F7FA002276
:105110000023F8F795F980468946E068F8F7EEFA3B
:1051200000220023F8F78CF941EC170B6D468EB086
:105130006B4613F110025CD02824A2B12146042C46
:1051400001DD35485861082901DD83ED068B102902
:1051500001DDC3E908AB182901DDC3E90A8920296B
:1051600001DD83ED0C7B272C46DD28243AB10A2192
:10517000397100217971B971F9717868186100216C
:105180006FF300016FF341016FF382016FF3C5010B
:10519000032363F38811C4F30A0363F353216FF30A
:1051A0001F5100231A4803F0EFFCAD46FFF7EEFE57
:1051B00000200837BD46BDEC048BBDE8B08F144B12
:1051C0001B6813F0070F02D16FF01500F1E7134AC7
:1051D00001210F482EF071FCF6E7114A03210C481B
:1051E0002EF06BFC0BE76FF000443AE76FF01B0406
:1051F00051E76FF00044A0E76FF01B04B6E76FF0D3
:1052000015007047DC2500205CA200200836002035
:10521000143000204458050070580500005805005F
:105220002C580500002800F084812DE9F04F2DED69
:10523000068B87B000AF88468146002940F37C8109
:1052400007F11400FEF7D6F828B93B7D012B0FD9E2
:105250007B7D012B0CD9BA4B00200021C3E9020150
:10526000C3E90401C3E90601C3E9080100244FE0D2
:10527000B44B1B6813F0070F02D16FF00A0000E176
:10528000B14A0121AF482EF018FCF6E7AD4B1B6880
:1052900013F0060F3BD02346AC4A0221A9482EF05A
:1052A00016FC34E0A64ED6E902AB2868F8F726FAD9
:1052B00002460B4650465946F8F7C2F8C6E90201C5
:1052C000D6E904AB6868F8F719FA02460B4650466F
:1052D0005946F8F7B5F8C6E90401D6E906ABA8685F
:1052E000F8F70CFA02460B4650465946F8F7A8F86C
:1052F000C6E90601D6E908ABE868F8F7FFF9024607
:105300000B4650465946F8F79BF8C6E908010134A8
:10531000A0454ADD09EB04152846FFF7B9FB002834
:10532000B4D0002CBEDD95ED007AD9ED007A67EEA1
:10533000277AF5EEC07AF1EE10FAB3D5804ED6E9B1
:1053400002AB17EE100AF8F7D9F902460B465046A1
:105350005946F8F773F8C6E90201D6E904AB686864
:10536000F8F7CCF902460B4650465946F8F766F86E
:10537000C6E90401D6E906ABA868F8F7BFF902460A
:105380000B4650465946F8F759F8C6E90601D6E9E2
:1053900008ABE868F8F7B2F902460B4650465946A2
:1053A000F8F74CF8C6E90801B1E7654ED6E902AB5B
:1053B0004046F8F791F904460D4602460B46504622
:1053C0005946F8F71DFBF8F7C9FC0AEE100A786099
:1053D00022462B46D6E90401F8F712FBF8F7BEFC8B
:1053E00009EE900AB86022462B46D6E90601F8F786
:1053F00007FBF8F7B3FC09EE100AF86022462B46CB
:10540000D6E90801F8F7FCFAF8F7A8FC08EE900ACC
:1054100038616AEE0A7A29EEA97A77EE877A29EE60
:10542000097A77EE877A28EEA80A37EE800A2CF000
:105430000BFCB0EE408ACAEE007AC7ED017AC9EEE5
:10544000807AC7ED027AC9EE007AC7ED037AC8EE1A
:10545000807AC7ED047A3B4B1B6803F00703022BED
:1054600015D8F7EE007A78EE677AF0EEE77A9FEDDE
:10547000387AF4EEC77AF1EE10FA0FDC381DFFF738
:1054800099FD1C37BD46BDEC068BBDE8F08F434649
:10549000304A03212B482EF01AFBE2E7294B1B6808
:1054A00013F0070F3CD0DFED2C7A38EE278AE84660
:1054B00088B06C4614F1100635D0102566B12B4625
:1054C000042D01DD254A6261082B05DD18EE100A66
:1054D000F8F714F9C4E906010F2D27DD10233EB1BA
:1054E00004223A7000227A70BA70FA70386820612B
:1054F00000216FF300016FF341016FF382016FF33D
:10550000C501012262F38811C3F30A0363F3532137
:105510006FF31F51002332460A4803F035FBC5469E
:105520006FF01500ADE76FF00045C7E76FF01B03A4
:10553000D5E76FF0150070476FF01500A1E700BFC9
:1055400008360020143000209C580500CC58050077
:105550000AD7233CE8580500000000000C5905005C
:10556000254B1B6813F0040F42D0B0B582B000AFDA
:105570006C4688B06B4613F1100233D00C2142B157
:105580000846042901DD1D4D5D61082801DD1C4828
:1055900098610B2929DD4FF00C0C3AB103213971C8
:1055A00000217971B971F9717868186100216FF380
:1055B00000016FF341016FF382016FF3C501042312
:1055C00063F38811CCF30A0C6CF353216FF31F5172
:1055D0000023094803F0D8FAA5466FF08500083784
:1055E000BD46B0BD6FF00041C9E76FF01B0CD4E7BA
:1055F0006FF08500704700BF14300020405905004F
:10560000C859050008B5154B4FF07E521A600022AC
:105610005A609A60DA600021114B197030221148EB
:105620003CF0A7FA104B1B6803F00703022B09D8C4
:10563000FFF796FF28B90C4B1B6803F00703022BFA
:1056400006D808BD094A032107482EF036FAEFE7CD
:10565000074A032104482EF030FAF2E7DC25002047
:105660005CA2002008360020143000206C59050090
:10567000A859050000294FD070B5046820462CF0C9
:1056800087FE054604EBC006A268B2F5004F26D39C
:10569000736813F0010F24D005EB5303B2F5004FEC
:1056A00029D354F833209B1A9D4227D10022294642
:1056B00020462CF003FDA368B3F5004F28D3726891
:1056C0005208D200B3F5004F24D3082361699B1A16
:1056D0000B446361294620462CF0B7FE70BD7388E9
:1056E000D7E70E4CAF2221460D482DF0BDFAAF2171
:1056F000204637F03BFE34F83320D4E7074CB7227E
:10570000214607482DF0B0FAB721204637F02EFE8B
:105710007288D5E70423D9E7704700BF2C5A0500EB
:10572000FC2F05002DE9F843154606684B420B4057
:1057300001F1FF3919EA01090CD0B268B2F5004F46
:1057400006D30822934272D21A464C46994609E083
:105750000422F7E70C46B368B3F5004F60D3082284
:1057600094425FD9631E234264D1002D00F08A80E9
:10577000B368B3EBD50F40F288806119891AB3F58D
:10578000004F63D3082319440731C90830462CF071
:10579000B7FE074600287BD0014630462CF0AAFC15
:1057A00000EB0908A04408F1FF38B8FBF4F804FB4B
:1057B00008F8A8EB090808EB0504073424F00704EF
:1057C000414630462CF0E4FD0546A41BE410874218
:1057D0003ED306EBC507B368B3F5004F42D37B68F1
:1057E00005EB53039C423FD30122294630462CF05F
:1057F00065FCB268B2F5004F40D37B685B08DB0004
:10580000B2F5004F3CD308229B1A726913447361AE
:10581000B269934238BF1346B3614046BDE8F8838E
:1058200004229DE729462CF0C0FE8046F5E74C4651
:10583000994697E7184C4FF4A272214617482DF06D
:1058400013FA4FF4A271204637F090FD04239AE733
:105850000246394630462CF025FD394630462CF0BC
:10586000CBFDB6E77B88BBE72246294630462CF0C5
:1058700019FD214630462CF0BFFDB5E77B88BDE71A
:105880000422C1E74FF00008C7E74FF00008C4E763
:105890004FF00008C1E700BF2C5A0500FC2F05009F
:1058A000F8B5B2F5802F01D2042A30D9B2F5802F95
:1058B00039D30823D21ACC1D24F0070401EB020CC3
:1058C0002CF0070CACEB040C4FEADC01BCF1270F09
:1058D0002BD90460A1600023E36023616361A361AD
:1058E000BCF5802F2DD308220832A1EBD20301335F
:1058F000B3FA83F3C3F1200EC3F127039B00DE1D2F
:10590000F50805EBD2028A421DD800232DE03D4C5C
:105910004FF4F97221463C482DF0A6F94FF4F97185
:10592000204637F023FD0423C4E7364C40F2FB1237
:10593000214635482DF098F940F2FB11204637F00A
:1059400015FD0422D0E72F4C4FF4037221462E4858
:105950002DF08AF94FF40371204637F007FD9A1DA8
:1059600004EB82020020506001337345F7DB6B00CB
:10597000BCF5802F32D36360BCF5802F30D3002379
:105980002360BCF5802F2ED3636843F0010363606E
:105990004A1B570026F00703E018BCF5802F27D3D9
:1059A0004760A068B0F5004F24D3E5502CF0070302
:1059B000A444A068B0F5004F1ED30020CCF804002A
:1059C000A068B0F5004F1BD3E250012220462CF016
:1059D00075FB294620462CF00FFDF8BD6380CBE710
:1059E00000232380CDE7638843F001036380CFE782
:1059F0004780D6E7E552D9E70020ACF80200DFE7A0
:105A0000E252E2E72C5A0500FC2F0500F8B540B140
:105A1000064603784578847804EB83040444002721
:105A200010E00A4CC622214609482DF01DF9C62176
:105A3000204637F09BFC01342046F8F753FA01303A
:105A400004440137AF42F6D3A01BF8BD505A0500FD
:105A5000FC2F05002DE9F04F97B000AF39617A6156
:105A60007862B0B19B46D7F88030C3F3C003FB61C6
:105A70003B69D3B17B6A93F80280C7F80C80B8F118
:105A8000000F17D0D7F8803013F0010F1ED100237C
:105A900011E0A94C40F299322146A8482DF0E4F8D3
:105AA00040F29931204637F061FC786AFFF7AEFF8B
:105AB0003861DFE700237A6AD2783A6242B1D7F8D8
:105AC000802012F0020F21D1002202E00123F2E730
:105AD000002202B9E3B17A6A1578A900B960516869
:105AE000B96102EB85057A69FAB1002B40F00A81B1
:105AF000FB68002B00F01581D7F8803013F0040FFD
:105B000040F01381002082468046FFE00122E0E75A
:105B10007B691BB15A463969786A9847D7F8109063
:105B200048465C37BD46BDE8F08FD7F81090E3B922
:105B3000FB681D444FF0000B22E081440135013425
:105B400044451CD22A7800235AF822201946786945
:105B50002CF0A4FD002EF0D0D7F888309B45ECD275
:105B600026F81B000BF1010BE7E70024A346D7F84A
:105B70000C803E61D7F824A0D7F88460E0E73E6946
:105B8000D7F8803003F00503FB604FF0000AC7F838
:105B900010B0B346A1E00025FB697BB9002D7ED093
:105BA000D7F8803013F0010F7ED1FB68002B74D141
:105BB0000223A9EB03098DE00125EDE74146B86911
:105BC0002CF0B2FD0028E9D05D4B1B6813F0060FE6
:105BD00040D06D46002387F82C30022387F82D3003
:105BE0008AB0694611F1100237D012261AB1042E7C
:105BF00001DD544B4B61002387F82830022387F8DE
:105C000029306ABB112E45DD122362B1042087F8CA
:105C10002C00002087F82D0087F82E00012087F83F
:105C20002F00F86A08616FF3000B6FF3410B6FF3FD
:105C3000820B6FF3C50B022161F3881BC3F30A03C8
:105C400063F3532B6FF31F5B002359463C4802F06C
:105C50009BFFAD46A9F102093CE06FF00046C5E7A5
:105C60003346082E01DDB86988610C2B01DDC1F8CF
:105C70001C8001F12003002009E000F1300C07F145
:105C8000280EF4441CF830CC03F801CB0130012875
:105C9000F3D9B7E76FF01B03B7E7012389E7D7F81C
:105CA000803013F0020F15D0002332461946786970
:105CB0002CF0F4FCD7F8843053B13B69D7F8882036
:105CC000934205D2D7F8842022F8130001333B61B8
:105CD000013881440AF1010A25463B6A9A45BFF41E
:105CE0001FAF2C4614F8028B6B787A6A52F8236047
:105CF000154B9E42FFF44FAF144B9E42FFF45CAF36
:105D0000002549E707F144004FF0000A18B1FA688E
:105D100029463BF007FFFB681D440026C7F804B086
:105D200031E0002082468046F0E7C24607F13400A9
:105D30004FF00008EAE700BF505A0500FC2F0500AD
:105D4000AC2F0020805A05002022050034EB05000E
:105D50000025FB696BBB002D5FD0D7F8803013F0B6
:105D6000010F39D0B8F10F0F2AD808F1010308F15B
:105D7000300207F1280102EB010808F8149C5FFAD1
:105D800083F8013625463B6A9E4280F08A802C4685
:105D900014F802BB95F801907B6A53F82930894AC0
:105DA0009342D5D3884A934201D30025D1E70125F8
:105DB000CFE75946B8692CF0B7FC0028CBD0E0E714
:105DC000824C40F24342214681482CF04DFF40F284
:105DD0004341204637F0CAFAD7F8803013F0040F59
:105DE000CFD0BAF10F0F0CD80AF101030AF130023B
:105DF00007F1280102EB010A0AF8249C5FFA83FAF2
:105E0000BFE7724C40F24642214671482CF02CFF0D
:105E100040F24641204637F0A9FAD7F8803013F017
:105E2000020F1BD0B8F10F0F0CD808F1010308F1D5
:105E3000300207F1280102EB010808F8149C5FFA10
:105E400083F89EE7614C40F24D42214660482CF0B9
:105E50000BFF40F24D41204637F088FABAF10F0FA0
:105E600013D80AF101030AF1300207F128010A44AC
:105E700002F824BC0AF1020A5FFA8AFA07F1580212
:105E800052FA83F303F8249C7BE7504C4FF48A6268
:105E900021464F482CF0E8FE4FF48A61204637F047
:105EA00065FAD7F804B07A6A137887F854305378D3
:105EB000434487F85530D7F8803013F0020F0DD1E6
:105EC000CAF3470387F85730D7F8803013F0010F33
:105ED00006D113F0040F33D1002302E00023F1E7D1
:105EE000002387F856307B6A18683863786D1C4643
:105EF00018605A46B96818467E69B047B0F1000983
:105F0000FFF60EAE386B20605A46514607F134005A
:105F1000B04700284FDB09EB0004FB68BA68134464
:105F200019463B6A01EB43015A463B69591A284618
:105F3000B047B0F10009FFF6F3AD4C44002518E07E
:105F40005346CEE74FF0000901E04FF000095A46F2
:105F5000012107F12C00B04700282EDB04444B46FA
:105F60005246594630462CF099FB002827DB044462
:105F70000135454518D205F1300307F128021344D5
:105F800013F8143C87F82C307A6A52F823A0D7F81B
:105F90008430002BD6D0D7F888309D42D5D2D7F8A0
:105FA000843033F81590D2E75A46002108467B69C1
:105FB0009847A146B4E58146B2E58146B0E5814601
:105FC000AEE500BF2022050034EB0500505A050065
:105FD000FC2F050008B5024B1B68984708BD00BFA1
:105FE000EC250020014B1860704700BFEC25002015
:105FF00000B583B002460B4600210091024800F034
:10600000E7FA03B05DF804FBD55F010010B586B078
:1060100004460390049100210591009103A90648CC
:1060200000F0D6FA059B049A934201DA0022E2546A
:10603000059806B010BD00BF7B27040084460268A7
:10604000002006E000EB8000013203EB4003A3F1E7
:10605000300013780349C95C11F0040FF2D1CCF879
:1060600000207047C6E8050084460846012226E065
:106070009CF8003043F004038CF80030F2B101309A
:106080001CE09CF8003043F008038CF80030F5E782
:106090009CF8003043F010038CF80030EEE79CF8D9
:1060A000003043F020038CF80030E7E79CF8003024
:1060B00043F040038CF80030E0E7002242B303785D
:1060C000203B102BF9D801A151F823F09160010079
:1060D000BB600100BB6001009F600100BB6001006C
:1060E000BB600100BB600100BB600100BB60010040
:1060F000BB600100BB60010083600100BB60010068
:1061000071600100BB600100BB600100AD60010077
:106110009CF8003003F04403442B00D070479CF8F7
:1061200000306FF386138CF80030F7E72DE9F84F55
:1061300005460C46934699460A9ED078254B13F89F
:1061400000A00AF0030A2CF043FD074614E0BAF160
:10615000010F20D0D2B25732D2B232703A46434603
:1061600028462146F7F79AFEBD4274F1000416D383
:106170004E4514D905460C464FF000083A464346B2
:1061800028462146F7F78AFE013E092ADFD8D2B217
:106190003032D2B2E1E7D2B23732D2B2DDE79BF889
:1061A000003013F0200F03D0082F04D0102F09D097
:1061B0003046BDE8F88F9BF8023043F008038BF8B7
:1061C0000230F5E79BF8023043F010038BF8023001
:1061D000EEE700BFC6E805002DE9F04F87B055ECAB
:1061E000104B07460E46994621462B1E06DB0078CB
:1061F00010F0080F12D02B20107001E02D2010702D
:1062000097F80380C3F30A54C3F31303049105936F
:1062100054B951EA030225D1002206E010F0100F14
:10622000EED020201070EBE7002240F2FF70844295
:106230001AD0B8F1460F5BD0DB0243EA5153C902D2
:1062400004910593084623F000430593214343EA54
:10625000E47529435ED0002A56D000185B410490B3
:1062600005934DE00122E0E70B4324D19F4B13F847
:10627000083003F00303012B11D0692389F80030A3
:106280006E2389F80130662389F8023009F1030290
:106290003B786FF386133B70109B1A6081E14923B2
:1062A00089F800304E2389F80130462389F80230FE
:1062B00009F10302ECE78D4B13F8083003F00303F8
:1062C000012B0AD06E2389F80030612289F8012061
:1062D00089F8023009F10302DAE74E2389F8003029
:1062E000412289F8012089F8023009F10302CFE741
:1062F0004FF06608A0E7013CDB1852410493059279
:10630000049B059A002AF6DAA4F2FE34059B43F0BA
:1063100000430593002517E0059B049A520842EAC2
:10632000C3725B080492059321460134B3F1333FF5
:10633000F2D29C0044EA92749000801843EB04036C
:10634000049005938C1C013D14F1020FE4DB14E072
:10635000049B0233059A42F100020493059204A8BB
:106360002CF0F0FB013C0135049A059B92185B412F
:1063700004920593013C002BF6DA002CE8DCC4F112
:106380000401059A1C34A1F12000049BCB4002FAC1
:1063900004F4234322FA00F00343CA400493059215
:1063A000B8F1670F13D0B8F1470F10D04FF0000BC2
:1063B000B8F1660F29D0741C102303939C4200DDB2
:1063C0001C4600224FF00063CDE9002327E015F1C1
:1063D000030F01DBB54211DDA8F102085FFA88F86E
:1063E000002E00DD013E3B78C3F3401B13F0200F6D
:1063F00008D1002EDCDD4FF0010BD9E7761B4FF002
:106400006608F0E74FF0000BD2E7AC19D4D51023A3
:1064100003930024D5E768462CF0B0FB544604F102
:10642000FF3A002CF7D1049B009A9B18059A01991A
:1064300042EB0102049305924FF0FF3199426FF055
:106440007043934106D3B8F1660F38D1002D31DD8A
:10645000CA460BE004A82CF091FB0135F3E703A931
:1064600004A82CF097FB0AF8010B013D002D02DD7A
:10647000039B002BF3DC7D6025463B7813F0200F57
:1064800001D1002E02DD2E230AF8013B002D36DA61
:10649000002E34DD6B427B609E4200DA7E607B68BA
:1064A000F61A002BD4BF00230123BA7863F34512F8
:1064B000BA7024E0CA4630230AF8013BDDE703A99D
:1064C00004A82CF067FBCA460AF8010B302800D05C
:1064D000013D3B7813F0200F01D1002E0FDD2E235C
:1064E00089F8013009F1020A09E000BFC6E8050099
:1064F00003A904A82CF04EFB0AF8010B013E002E64
:1065000002DD039B002BF3DCBE60BBF1000F09D062
:106510000023BB6053469A4613F8012D302AFAD067
:106520002E2A42D0B8F1650F02D0B8F1450F2AD11A
:106530008AF80080002D3ADB2B238AF801300AF11B
:10654000020A632D0CDD204A82FB0532EB17C3EBF8
:10655000621303F130020AF8012B642202FB135587
:106560001A4A82FB0532EB17C3EBA20303F1300298
:106570008AF8002003EB8303A5EB430330338AF84A
:1065800001300AF1020A7B68002B17DD0124BB7879
:1065900064F38613BB70109BC3F800A000238AF835
:1065A0000030484607B0BDE8F08F9A46BAE76D4222
:1065B0002D238AF801300AF1020AC2E7BB68002BDA
:1065C000E5DD0124E3E700BF1F85EB5167666666E2
:1065D0002DE9F04F95B006460D46904603930024F2
:1065E00098F80000002800F04683252808D02946A6
:1065F000B0470028C0F24083013408F10108EFE7FA
:10660000002306930793089309930A930B930DF1C4
:106610004D0205928DF81330414608A82CF070FA0F
:1066200081469DF8213013F0010F00F09E80039BFE
:106630001A1D03921F68002FC0F28F809DF8213031
:1066400013F0040F00F0A380039B1A1D0392D3F8EC
:1066500000A0BAF1000FC0F29180002309930A93C1
:106660009DF8223003F00703042B00F099809DF879
:10667000223003F007039DF82120C2F3C302012B4F
:1066800000F09E80022B00F0E380042B00F03481A8
:10669000032B00F04B819DF8202012F0030F40F0F7
:1066A0004B819DF82330253B532B00F2FD81DFE821
:1066B00013F04F01FB01FB01FB01FB01FB01FB019F
:1066C000FB01FB01FB01FB01FB01FB01FB01FB01EA
:1066D000FB01FB01FB01FB01FB01FB01FB01FB01DA
:1066E000FB01FB01FB01FB01FB01FD01FB01FB01C8
:1066F000FB01FD01FD01FD01FB01FB01FB01FB01B4
:10670000FB01FB01FB01FB01FB01FB01FB01FB01A9
:10671000FB01FB01FB01FB01CA01FB01FB01FB01CA
:10672000FB01FB01FB01FB01FB01FD01FB01B501CD
:10673000BE01FD01FD01FD01FB01BE01FB01FB01ED
:10674000FB01FB01F601CA019C01FB01FB015701A2
:10675000FB01CA01FB01FB01CA019DF8203043F097
:1067600004038DF820307F4268E79DF92030002B2C
:1067700002DB4FF0FF3761E7099F5FE79DF82130AB
:106780006FF341038DF821304FF0FF3A65E713F0C6
:10679000020F02D0DDF828A05FE74FF0FF3A5CE778
:1067A0009DF8213013F0020F7FF461AF9DF9213085
:1067B000002B02DB4FF0060A59E74FF00D0A56E7AF
:1067C000D31E042B04D8DFE803F00B1D2935350058
:1067D000039B191D03911B68D9170693079106E0C7
:1067E000039B191D03911B68D91706930791012A72
:1067F00028D0022A7FF44FAFBDF91830DA1706937C
:10680000079248E7039B073323F0070303F10801CE
:106810000391D3E90001CDE90601E8E7039B0733C3
:1068200023F0070303F108010391D3E90001CDE947
:106830000601DCE7039B191D03911B68D91706931A
:106840000791D4E79DF91830DA170693079222E7EB
:10685000D31E042B04D8DFE803F00B1F35414100A1
:10686000039B191D03911B680693002307931EE0E9
:106870009DF82330632B07D0039B191D03911B68E0
:1068800006930023079312E0039B191D03911B68D5
:106890000693002307930AE0039B073323F00703C3
:1068A00003F108010391D3E90001CDE90601012AB2
:1068B0001CD0022A7FF4EFAEBDF8183006930023F7
:1068C0000793E8E6039B073323F0070303F108016E
:1068D0000391D3E90001CDE90601E8E7039B191D07
:1068E00003911B68069300230793E0E79DF8183097
:1068F000069300230793CEE6082A0BD0039B0733A9
:1069000023F0070303F108020392D3E90023CDE942
:106910000623C0E6039B073323F0070303F10802B5
:106920000392D3E90023CDE90623B4E6039B1A1DA5
:1069300003921B680693AEE64B4642462946304614
:106940002CF07AF90028C0F297810444C84647E643
:1069500029462520B0470028C0F28E810134A3E0EB
:10696000DDF81880BAF1000F3ADA4046F7F7BAFAC4
:1069700040440590B8F1000F00F09680059BA3EB12
:1069800008039DF8130000B101339DF8221011F0A7
:10699000100F00F098800233099A134411F0400F51
:1069A00001D00A9A1344002F40F3A580FF1A9DF8E6
:1069B000203013F0040F40F09E8013F0400F00F0E1
:1069C0009380002800F093802946B0470028C0F249
:1069D0005381013400238DF813304FF0300A88E0E2
:1069E0005146404638F031FCC2E7069820B9A44B26
:1069F0000593A3F10508C1E7059B00930DAB08AA19
:106A00000021FFF793FB80469DF8223043F01003EE
:106A10008DF8223078238DF823301DE0069B8DF809
:106A200034300DF1350305930DF13408A6E712F06B
:106A3000080F24D02B238DF81330069A079B002BC8
:106A400024DB06920793059B00930DAB08AADDE9B2
:106A50000601FFF76BFB8046BAF1000F8ADB059B4E
:106A6000A3EB08039DF820206FF386128DF82020F9
:106A70009A457FF67FAFAAEB030309937AE712F0FA
:106A8000100FDAD020238DF81330D6E72D218DF8A2
:106A90001310524263EB430306920793D3E7224657
:106AA000069908A82CF0A9F8C84699E505AB00930B
:106AB0000DAB0DF11302514608A89DED060BFFF733
:106AC0008BFB804656E711F0080F3FF465AF0133AA
:106AD00062E701343B465F1E002B0CDD2946504621
:106AE000B0470028F5DAC7E04FF0200A01E04FF088
:106AF000300A3B46EFE79DF8130028B12946B0471E
:106B00000028C0F2B98001349DF8223013F0400F04
:106B100074D09DF92130002B0FDB98F80000594B01
:106B20001B5C13F0040F15D02946B0470028C0F2B3
:106B3000A380013408F10108EFE798F800007028FD
:106B400045D02946B0470028C0F29680013408F1AC
:106B50000108F2E7DDF824A09DF8223013F0200FA1
:106B600012D098F800002E281DD098F80000454B50
:106B70001B5C13F0040F2AD02946B04700287BDBAA
:106B8000013408F10108F0E70AF1FF3BBAF1000F08
:106B900007DD29463020B04700286DDB0134DA4696
:106BA000F2E7DA46DDE72946B047002864DB013426
:106BB00008F101080AF1FF3BBAF1000FD5DD2946C3
:106BC0003020B047002857DB0134DA46F2E70A9B51
:106BD00003F1FF3A002B07DD29463020B04700289B
:106BE0004ADB01345346F3E7059B424629463046CB
:106BF0002CF022F800283FDB044432E09DF82230DC
:106C0000C3F30012C3F3C0031A4305D02946302052
:106C1000B047002830DB01349DF8223013F0100F0C
:106C200006D029469DF82300B047002824DB013414
:106C3000099B03F1FF3A002B07DD29463020B047BE
:106C4000002819DB01345346F3E7059B42462946E9
:106C500030462BF0F1FF00280EDB044401E0013444
:106C6000013F002F05DD29462020B0470028F6DA35
:106C700002E0C846B4E4204615B0BDE8F08F00BF7E
:106C80003D5B0500C6E8050038B504460D462022E8
:106C900000213AF06EFFEB68E361AB68A3612B68FB
:106CA00023626B6863620022A2622A6922612BB1AF
:106CB000591E0B4202D142F00102226104F12C0064
:106CC0000122002139F038F800B938BD044C2F22D8
:106CD000214604482BF0C8FF2F21204636F046FB02
:106CE000405B0500FC2F05002DE9F04F89B09A4666
:106CF000002307930593436A8B42C0F0DD808346EF
:106D00008946002302930127039390465BE06D4C74
:106D1000882221466C482BF0A7FF8821204636F0B8
:106D200025FB029958462CF0D4F8002305935FE028
:106D3000DBF82030DBF8002003EB8201039113F82D
:106D400022106FF3000103F82210C9B26FF3410162
:106D500003F82210DBF800304B44DBF8102012F06F
:106D6000010F05D1DBF824108B4205D35B1A03E039
:106D7000DBF8241001390B40CBF80030DBF80C10A5
:106D8000994201D0002709E042F00802CBF8102018
:106D9000002703E058462BF0D3FF2F46019D2046E5
:106DA00023F00EF900287BD085F31188BFF36F8F95
:106DB000079931B1DBF818300BB1584698470023DA
:106DC0000793002F7AD00BF11404EFF311862023E0
:106DD00083F31288BFF36F8F204623F0E1F8002879
:106DE00095D0204623F006F90196059A002A98D1FD
:106DF00006A958462BF046FF05460699494597D205
:106E00000028C7D15AEA08030CD1002FC6D0DBF8FE
:106E10000030029305AB07AA069958462BF0C4FF31
:106E20000746BBE739F09AF80028EED1002EECD1E6
:106E3000204623F0C5F8E8B186F31188BFF36F8FC1
:106E40000BF12C004246534620F06CFD0746EFF351
:106E50001185202383F31288BFF36F8F204623F020
:106E60009FF898B1204623F0C5F80195B7FA87F747
:106E70007F0993E7134C40F23112214612482BF060
:106E8000F3FE40F23111204636F070FA0D4C8822A4
:106E900021460D482BF0E8FE8821204636F066FAA0
:106EA000084C40F23112214607482BF0DDFE40F23B
:106EB0003111204636F05AFA00230393039809B0A3
:106EC000BDE8F08F685B0500FC2F05002DE9F0415F
:106ED00004460D46C36908469847064604F1140760
:106EE000EFF31188202383F31288BFF36F8F3846A6
:106EF00023F056F888B1384623F07CF82B7843F01D
:106F000001032B7063681E44236913F0010F0ED137
:106F1000636A9E420ED3F61A0CE0134C8822214677
:106F200012482BF0A1FE8821204636F01FFA636A32
:106F3000013B1E40666020462BF0DCFE384623F005
:106F40003FF828B188F31188BFF36F8FBDE8F08157
:106F5000054C40F23112214604482BF085FE40F2E8
:106F60003111204636F002FA685B0500FC2F05005F
:106F70002DE9F04182B004463DE0454C882221468F
:106F800044482BF071FE8821204636F0EFF953F883
:106F9000220080085DD153E0626A013A1340A36089
:106FA00020462BF0BAFE1BE013F8221041F002013C
:106FB00003F82210A668E3694046984730442369E5
:106FC00013F0010F04D1636A984204D3C01A02E09F
:106FD000636A013B1840A060002601E00026B0462D
:106FE000284622F0EDFF002842D087F31188BFF336
:106FF0006F8F002E48D004F11405EFF31187202382
:1070000083F31288BFF36F8F284622F0C9FF06462C
:107010000028B2D0284622F0EDFF01A920462BF02F
:1070200045FE236AA26803EB820801990029D5D0A6
:1070300013F8221011F0030117D00229A7D0002065
:1070400013F8221011F0010FAED110B9E3694046D8
:107050009847A36801460344226912F0010F9BD1AF
:10706000626A93429BD39B1A99E70026B046B7E722
:10707000074C40F23112214606482BF0F5FD40F254
:107080003111204636F072F9404602B0BDE8F08179
:10709000685B0500FC2F05002DE9F04104460D4614
:1070A000C36908469847064604F11407EFF31188B0
:1070B000202383F31288BFF36F8F384622F070FFCE
:1070C000A8B1384622F096FF2B786FF300032B709F
:1070D000236913F0020F14D0236AE26803EB8203E2
:1070E000AB420ED02B6866F39F032B6015E01F4C5C
:1070F000882221461E482BF0B7FD8821204636F015
:1071000035F92B786FF341032B70E268A3689A423C
:1071100011D0314620462BF000FE384622F050FFB9
:10712000C0B188F31188BFF36F8F04F12C0020F0F9
:1071300095FBBDE8F0813344226912F0010F04D1C0
:10714000626A934204D39B1A02E0626A013A1340D6
:10715000A360DEE7054C40F23112214604482BF0D3
:1071600083FD40F23111204636F000F9685B0500DE
:10717000FC2F050070B582B0044600F11405EFF352
:107180001186202383F31288BFF36F8F284622F0E5
:1071900007FFA0B1284622F02DFF01A920462BF0C1
:1071A00085FD284622F00CFF98B186F31188BFF3C5
:1071B0006F8F0198003818BF012002B070BD0B4CD2
:1071C000882221460A482BF04FFD8821204636F0C0
:1071D000CDF8064C40F23112214605482BF044FD13
:1071E00040F23111204636F0C1F800BF685B05005F
:1071F000FC2F050008B50446EFF31183202383F329
:107200001288BFF36F8F19F063F920462EF02CFC23
:1072100002482BF0CAFA2EF055FAFCE7985B0500FD
:1072200010B504468C46838B002A12DB03F007035B
:107230005A1F012A19D9042B4FD100212BF07AFEB5
:1072400020462BF0A1FE78B1A38B43F02003A3834B
:107250000AE0D0E900018CE80300002323606360AA
:10726000012120462BF066FE10BDD0E900018CE81C
:107270000300002222606260062B0FD0052B20D174
:10728000002120462BF056FE20462BF07DFE0028E4
:10729000EAD0A38B43F02003A383E5E7DCF80030BA
:1072A00053B1E28B0132E2831A461B68002BF7D000
:1072B000002AF5D11346F3E7022120462BF03AFECF
:1072C000E2E70C4C40F2091221460B482BF0CCFCB3
:1072D00040F20911204636F049F8064C40F21B12E4
:1072E000214605482BF0C0FC40F21B11204636F029
:1072F0003DF800BFC45B0500FC2F05002DE9F047F9
:1073000082B0838BE1B10446154603F0070603F013
:107310000802084682B301291ED0022920D143F079
:107320002003A38304F1140022F04AFE002800F099
:10733000658185F31188BFF36F8F02B0BDE8F087D8
:10734000B44C40F233122146B3482BF08DFC40F28E
:107350003311204636F00AF843F01003A383E1E727
:10736000AC4C4FF49E722146AB482BF07DFC4FF4A1
:107370009E71204635F0FAFF00230093019357E0F9
:1073800020462BF001FE55E0D4F818904A46694695
:107390002046FFF745FF0027A38B03F00708B04501
:1073A00000F0FD80A268002A00F0F980012643F079
:1073B0000803A38304F1140A504622F001FE0028BA
:1073C00000F0F68085F31188BFF36F8F002E40F038
:1073D000FB80009B2BB14B464246694620462BF072
:1073E00014FE17B18D492046B847EFF311852023CD
:1073F00083F31288BFF36F8F504622F0D1FD00282F
:1074000000F0E880504622F0F5FDA38B23F008033E
:10741000A383A38B13F0100F00F0E68023F010037A
:10742000A3830120A68B06F0070600283FF47AAF5D
:107430000228A5D000283FF475AF0138042800F2D7
:10744000A28001A353F820F0897301008775010021
:107450005D740100BF740100237501005EB92368EB
:10746000ABB123691F68F7B1062120462BF062FDFE
:107470004FF0000990E7674C4FF4AB722146664825
:107480002BF0F2FB4FF4AB71204635F06FFF614CEF
:1074900040F25712214660482BF0E6FB40F25711AC
:1074A000204635F063FF5B4C4FF4AD7221465A48DD
:1074B0002BF0DAFB4FF4AD71204635F057FF022E6A
:1074C0000BD1E38BABB923695F68F7B10421204688
:1074D0002BF030FD4FF000095EE74E4C40F25D129C
:1074E00021464D482BF0C0FB40F25D11204635F09F
:1074F0003DFF484C4FF4AF72214647482BF0B4FB98
:107500004FF4AF71204635F031FF424C40F261122A
:10751000214641482BF0A8FB40F26111204635F08E
:1075200025FF012E0BD12368ABB123699F68F7B10A
:10753000052120462BF0FEFC4FF000092CE7354CCE
:107540004FF4B272214634482BF08EFB4FF4B271E7
:10755000204635F00BFF2F4C40F2651221462E4895
:107560002BF082FB40F26511204635F0FFFE294CDE
:107570004FF4B472214628482BF076FB4FF4B471D7
:10758000204635F0F3FE234C40F26B122146224890
:107590002BF06AFB40F26B11204635F0E7FE009AB3
:1075A0000AB1002603E7002F3FF433AF0026FEE6C2
:1075B0001B4C40F23112214617482BF055FB40F28C
:1075C0003111204635F0D2FE4A46414620462BF086
:1075D000B9FCFEE6124C882221460F482BF044FBF2
:1075E0008821204635F0C2FE13F0200F04D023F08E
:1075F0002003A383022015E7002013E7084C40F284
:107600003112214604482BF02FFB40F23111204665
:1076100035F0ACFEC45B0500FC2F050025760100AB
:10762000685B0500F8B504460D4600F11406EFF35B
:107630001187202383F31288BFF36F8F304622F027
:10764000AFFC48B1304622F0D5FCA5613A46012195
:107650002046FFF753FEF8BD044C8822214604481B
:107660002BF002FB8821204635F080FE685B050088
:10767000FC2F05002DE9F047044688462BF09DFCC1
:10768000061E41DB04F11407EFF3118A202383F374
:107690001288BFF36F8F384622F082FC8146A8B172
:1076A000384622F0A7FCA58B05F00705E38B4FF6C3
:1076B000FF72934245D02E46022D11D0062D34D8AC
:1076C000DFE805F02C4633332C252C00354C88227E
:1076D000214635482BF0C8FA8821204635F046FE71
:1076E0000133E38300231A4642B10022C8F8002088
:1076F0006268A2B3C2F80080C4F80480A3B3524603
:1077000002212046FFF7FAFD3046BDE8F0876FF012
:1077100085064FF000094B464A46E5E7B5FA85F382
:107720005B094A464FF00009DEE7204C4FF4E47253
:1077300021461D482BF098FA4FF4E471204635F0AD
:1077400015FE6FF00A064FF000094B464A46CBE79C
:107750006FF004064FF000094B464A46C4E7C4F8F0
:107760000480C4F80080C9E7384622F029FC68B1DB
:107770008AF31188BFF36F8FB9F1000FC4D00023D3
:107780002A46414620462BF02DFCBDE7054C40F231
:107790003112214604482BF067FA40F2311120469D
:1077A00035F0E4FD685B0500FC2F0500C45B0500B7
:1077B000F8B5044600F11405EFF31186202383F396
:1077C0001288BFF36F8F284622F0EAFB68B1284683
:1077D00022F010FCA38B03F007031F46022B11D0ED
:1077E000012B0CD06FF0850712E01D4C882221463A
:1077F0001C482BF039FA8821204635F0B7FD6FF090
:10780000040705E0E38B6BB1013B9BB2E383ABB1B3
:10781000284622F0D5FBB8B186F31188BFF36F8FED
:107820003846F8BD104C40F2EF1221460D482BF0BF
:107830001BFA40F2EF11204635F098FD3246022146
:107840002046FFF75BFDEBE7054C40F23112214685
:1078500004482BF009FA40F23111204635F086FD3C
:10786000685B0500FC2F0500C45B050010B50346EE
:10787000426802F003028160022A10D0032A0BD072
:10788000012A0FD00C4C452221460C482BF0ECF974
:107890004521204635F06AFD0468002004E00068B8
:1078A000002401E00024204600225A6008B123F0A1
:1078B00059FB204610BD00BFEC5B0500FC2F050006
:1078C0002DE9F04182B080460E46154600272A4633
:1078D00001A940462BF0EBFB0446024631460198D5
:1078E0003AF020F9274426442D1B01D0002CEED17C
:1078F000394640462BF0FBFB18B9384602B0BDE8CC
:10790000F081054C4922214604482BF0ADF949216C
:10791000204635F02BFD00BF145C0500FC2F050050
:107920002DE9F04182B080460E461546002709E059
:107930000246019930463AF0F5F8264427442D1BBB
:1079400009D044B12A4601A940462BF0EEFB04467B
:10795000002EEDD1F2E7394640462BF003FC18B972
:10796000384602B0BDE8F081044C8E22214604481E
:107970002BF07AF98E21204635F0F8FC145C0500D6
:10798000FC2F050008B528B183688BB11B68EBB1EB
:10799000984708BD0E4B1B6813F0070F02D16FF01C
:1079A0001500F6E70B4A012109482CF086F8F6E7A6
:1079B000074B1B6813F0070F02D16FF00400E8E7D4
:1079C000054A012102482CF078F8F6E70020E0E7AC
:1079D000CC2F0020505C0500645C050008B528B180
:1079E00083688BB15B68EBB1984708BD0E4B1B6891
:1079F00013F0070F02D16FF01500F6E70B4A0121D3
:107A000009482CF05AF8F6E7074B1B6813F0070FEC
:107A100002D16FF00400E8E7054A012102482CF08A
:107A20004CF8F6E70020E0E7CC2F0020505C050082
:107A3000645C050010B560B1034651B14AB180687D
:107A4000A8B1C4689CB141F8043BC4681846A0477B
:107A500010BD0E4B1B6813F0070F02D16FF015001D
:107A6000F6E70B4A012109482CF027F8F6E7074B07
:107A70001B6813F0070F02D16FF00400E8E7054A16
:107A8000012102482CF019F8F6E700BFCC2F0020A6
:107A9000845C0500645C050010B558B104460068BC
:107AA000B0B1836813B31B6903B36168984700B929
:107AB000206010BD144B1B6813F0070F02D16FF04C
:107AC0001500F6E7114A01210F482BF0F6FFF6E703
:107AD0000D4B1B6813F0070F02D16FF00100E8E7B0
:107AE0000B4A012108482BF0E8FFF6E7064B1B681C
:107AF00013F0070F02D16FF00400DAE7054A012105
:107B000001482BF0DAFFF6E7CC2F0020B05C05002F
:107B1000C45C0500645C050010B560B11346844682
:107B20000068B0B1826812B3946804B30A46DCF806
:107B30000410A04710BD154B1B6813F0070F02D1AE
:107B40006FF01500F6E7124A012110482BF0B5FF3F
:107B5000F6E70E4B1B6813F0070F02D16FF0010020
:107B6000E8E70C4A012109482BF0A7FFF6E7074B8D
:107B70001B6813F0070F02D16FF00400DAE7064A22
:107B8000012102482BF099FFF6E700BFCC2F00201F
:107B9000B05C0500C45C0500645C050050B100B534
:107BA00083B00B460092826A416A1EF04DFB03B01F
:107BB0005DF804FB004870472DF8FFFF006900F5F1
:107BC0007F73D3E8AF3F022B11D110B50C4689B1BA
:107BD0000A4900F5307020F0A7FA204636F0BCFFC5
:107BE00078220021204639F0C4FF002010BD6FF03C
:107BF0000F0070476FF00100F8E700BFA867002092
:107C00000023002B01DD00207047054A12680AB1ED
:107C10000133F6E7024A526800211160F8E700BF1D
:107C2000F025002008B502492BF08DFB08BD00BFF0
:107C3000E467050030B585B004460D460B49029156
:107C4000D0F8D411019100934FF0FF3300F1F0010F
:107C500028461EF01BFB38B9012385F86C30D4F898
:107C6000D0310BB12846984705B030BD3F330400F2
:107C700060B100B583B00B46012101910092826A88
:107C8000416A1EF0BDFA03B05DF804FB004870477E
:107C90002DF8FFFF08B58446084611461A46DCF861
:107CA000103003F57F73D3E8AF3F022B07D14AB101
:107CB00058B1FFF7DDFF084B984209D008BD6FF0BF
:107CC0000F00FBE76FF04C00F8E76FF00100F5E7FD
:107CD0006FF00B00F2E700BF2EF8FFFF10B504466F
:107CE00000220449FFF7C4FF236F1B680BB1606FCC
:107CF000984710BDE4670500F0B58DB0446805698C
:107D000000230A930B9303680A93E369012B2BD09A
:107D1000276A05F53476304620F0E8FA616A01EB0F
:107D200081110AAB00933B464FF48052134800EB9D
:107D300081113046F7F794FC636A114A202102A8AA
:107D40002AF041FD02A9304620F0E2FD0D4905F57B
:107D5000307020F0F1F82A460B4904F114002BF0A2
:107D600020FA20B10DB0F0BD276A103FD1E7012203
:107D7000A16960692BF02EFAF4E700BF00BB002078
:107D8000EC5C0500BB360400AB3604002DE9F04383
:107D900085B004464668056905F57F790123D9E871
:107DA000EF2F002A03D1C9E8E13F0029F7D152D1D2
:107DB00005F5F878314640462BF045FC074650B1B2
:107DC0000023D9E8EF2FC9E8E13F0029F9D138466F
:107DD00005B0BDE8F083214BC5F8B832C5F8B462F0
:107DE0003168404600F01AF907460028E8D12046DD
:107DF000FFF782FF07460028E2D1194BC5F8D031C2
:107E0000184BC5F8D431B26AD5F83C32D5F8F8131E
:107E100015480390D5F8400202900193CDF80080F8
:107E200005F51173284600F081F807460028C7D1F0
:107E300005F1F0001EF0C2FAC5F80004002807DBC7
:107E40000223D9E8EF2FC9E8E13F0029BFD0F8E7C6
:107E50006FF01507B4E76FF07707B8E72B3204002F
:107E6000DD7C010023350400173404002DE9F043C4
:107E700085B007460E469146D0F8C480002400E045
:107E80000134012C28D8A8F5E271C4EB041501EBEC
:107E9000C505C4EB0413DB00483319443046F6F73C
:107EA00017F80028ECD10E4B0293D8F8103001934C
:107EB000CDF800904FF0FF333246394628461EF089
:107EC000E5F948B9012185F86C10D8F80C30002B81
:107ED000D6D028469847D3E705B0BDE8F08300BF69
:107EE00001370400C8B110B584B014460346BAB1D6
:107EF000F030012902D0002004B010BD0A4A0292DD
:107F0000D3F8D43101934FF0FF33009304F14802CA
:107F1000014620461EF0BAF9EEE76FF015007047F3
:107F20006FF01500E8E700BF013704002DE9F041CC
:107F300086B01E460D9B0F9C48B3054653B3D4B183
:107F4000D9B903AF0391049105910392049205F509
:107F5000E2780E9A1946404637F057F80197CDF867
:107F60000080334622460C9905F1F0001EF0D8FB44
:107F700006B0BDE8F081094CE2E7002300933346E8
:107F800022460C9905F1F0001EF01AFDF0E76FF0A3
:107F90001500EDE76FF01500EAE700BF6D7E010008
:107FA00070B504460D46806C2BF0E8FBC4F8BC00AD
:107FB00060B3A06C2BF0E2FBC4F8C00048B304F13E
:107FC0005401C4F8A010236CC4F89030B4F84820D1
:107FD000A4F898200423C4F89430D4F8BC60C4F802
:107FE0008C60C4F8B810616CC4F8A810A4F8B02074
:107FF000C4F8AC30C4F8A400A5610223E362064BC8
:10800000236204F18C032363002070BD6FF00B002A
:10801000FBE76FF00B00F8E7385D050030B587B07F
:1080200003460D46114A92E8030006AA02E903003E
:10803000CBB11C4604A81DF0ADFF08B107B030BDA0
:10804000E16C224642F8381F029001904FF0FF3356
:108050000093236D04F1540036F036F9294620468A
:10806000FFF79EFFEAE76FF01500E7E7542C0500E5
:1080700010B143685879704710B5064C40F233127E
:10808000214605482AF0F0FD40F23311204635F034
:108090006DF900BF645D0500FC2F050010B520B12F
:1080A0000268D26802B1904710BD054C8B22214670
:1080B00004482AF0D9FD8B21204635F057F900BF3E
:1080C000645D0500FC2F050010B520B1026812693F
:1080D0005AB1904710BD064C9E22214605482AF011
:1080E000C3FD9E21204635F041F90020F2E700BF94
:1080F000645D0500FC2F050010B518B10268926898
:10810000904710BD044CD022214604482AF0ACFD13
:10811000D021204635F02AF9645D0500FC2F0500CA
:1081200010B520B10268526802B1904710BD054CED
:10813000C222214604482AF097FDC221204635F08C
:1081400015F900BF645D0500FC2F050010B520B1D6
:1081500069B102681268904710BD0A4CB2222146EC
:1081600009482AF081FDB221204635F0FFF8054C80
:10817000B322214604482AF077FDB321204635F08A
:10818000F5F800BF645D0500FC2F050010B530B1A7
:108190000346006884690CB11846A04710BD064C20
:1081A0004FF4B172214605482AF05EFD4FF4B171DB
:1081B000204635F0DBF800BF645D0500FC2F0500AC
:1081C00070B506460D460D4C05E02A463146204660
:1081D000FFF7DCFF10340A4B9C4203D8084B9C424B
:1081E000F3D370BD074C40F29232214606482AF084
:1081F0003BFD40F29231204635F0B8F8742A050074
:10820000942A05009C5D0500FC2F05002DE9F04136
:1082100007460546EDB195FAA5F6B6FA86F60E4C78
:1082200004EB06140123B3406FEA030825EA0305B3
:10823000237B002BEED02046FFF746FF0028E9D134
:1082400007EA0807636804221968204600F06AFC00
:10825000E0E73846BDE8F081742A05002DE9F041D9
:108260002D4B2E4A9B1A8F2B0ED880460F462C4B37
:10827000D3E8EF6F721CC3E8E12F0029F8D1002E7C
:1082800045D1264C002513E0264C40F241122146F0
:1082900025482AF0E9FC40F24111204635F066F805
:1082A000636804221968204600F03CFC0135103454
:1082B000194B9C4211D8184B9C421AD2237B002B9D
:1082C000F4D02046FFF7EAFE2046FFF7FDFE002827
:1082D000E6D00123AB401E43E8E7124C4FF4A772EF
:1082E000214611482AF0C0FC4FF4A771204635F012
:1082F0003DF8B8F1000F0BD056B13046FFF786FFBE
:108300000646002FF8D00A202BF094FAF4E7002656
:108310003046BDE8F08100BF942A0500742A0500AC
:10832000E86700209C5D0500FC2F050008B5064BA2
:10833000186018B1054B1B68092B00DC08BD044808
:108340001FF08CFAFAE700BFDC670020E46700202A
:10835000D431002008B502481FF080FA08BD00BFE4
:10836000D431002038B50546124C00E01034124BD1
:108370009C4212D8104B9C421BD22046FFF778FE3D
:108380000028F3D0294620462BF06AFA0028EDD0C9
:1083900029462046FFF7DAFEE8E7084C40F2F512DE
:1083A000214607482AF060FC40F2F511204634F0DF
:1083B000DDFF38BD742A0500942A05009C5D050088
:1083C000FC2F050030B589B000220F490F4837F067
:1083D00076FF0F4D4FF480420023CDE906230024A1
:1083E00004940E230393029401940094094B4FF4D8
:1083F00000620949284620F08BFB0849284620F0F6
:1084000087FA204609B030BD55830100504B00204B
:10841000403A0020DD87010040CB0020CC5D050004
:1084200048B108B5054A1060054B1960084600F0D0
:10843000B3FE002008BD6FF0150070471C26002019
:10844000D867002008B5054B1B781BB1034B0122F0
:108450001A7008BD02481FF001FAF7E75DA200207C
:10846000D431002008B50C4BD3E8EF1F0131C3E82D
:10847000E21F002AF8D130B9084837F02CFF08482D
:108480001FF0ECF908BD074BD3E8EF1F0139C3E833
:10849000E21F002AF0D0F7E7E0670020504B0020F1
:1084A000D4310020E4670020044B00200146D3E8CB
:1084B000EF0FC3E8E21F002AF9D17047E067002000
:1084C00038B5FFF7F1FF05460F4C00E010340F4BB5
:1084D0009C420CD80D4B9C4215D22046FFF7C8FD9C
:1084E0000028F3D029462046FFF71AFEEEE7084C95
:1084F00040F20122214607482AF0B6FB40F2012152
:10850000204634F033FF38BD742A0500942A050054
:108510009C5D0500FC2F0500034B18680028D4BFA4
:1085200000200120704700BFE067002010B5044C18
:1085300004492046FEF7A8FB034B1C6010BD00BF9A
:10854000082F0020D45D0500D067002008B5002367
:10855000074A1370074A1360074A13604FF400413B
:108560000648FFF75DFFFFF7E1FF00F053FA08BD93
:108570005EA20020E0670020E46700202D380400A0
:1085800008B5014601482BF08DF908BD082F0020E1
:1085900008B50248FEF7ECFC08BD00BF082F00201C
:1085A00008B50146024B18682BF082F908BD00BFE0
:1085B000D067002008B502482BF07EF908BD00BF47
:1085C000082F002010B582B000220023CDE900233F
:1085D000264B187808B902B010BD68462BF075F923
:1085E000044668B1224BD3E8EF1F0139C3E8E21F0C
:1085F000002AF8D12046FFF7B5FE2046FFF7D0FF4E
:10860000FFF78AFF58B91B4A1368516813F57A734C
:1086100041F1000113605160FFF7CCFFDBE737F059
:10862000DFFD4A0142EAD06243011B1A62EB0102FC
:10863000920042EA93729B001B1842EB0102D200A7
:1086400042EA5372C3F3103343EA4243D20B094860
:10865000016840685B1A62EB000240F2E9318B422C
:1086600072F10002CFD3FFF72BFFCCE75DA2002011
:10867000E4670020484B0020174B1B7803B170477C
:1086800010B500210120FFF7E9FD144C00E0103483
:10869000134B9C420BD8124B9C4214D22046FFF73E
:1086A000E7FC0028F3D02046FFF726FDEFE70D4C4E
:1086B0004FF4DD7221460C482AF0D6FA4FF4DD71F2
:1086C000204634F053FEFFF77DFF0028FBD1024B1C
:1086D00001221A7010BD00BF5EA20020742A05009E
:1086E000942A05009C5D0500FC2F050030B583B081
:1086F0002A4BD3E8EF2F511CC3E8E01F0028F8D124
:10870000274B1B786BB9274B1B681BB3002A39D04A
:10871000092A1FD1244837F0DEFD24481FF09EF8B7
:1087200018E0EFF31184202383F31288BFF36F8FD7
:108730001F4821F035FC78B11D4D284621F05AFC28
:10874000FFF740FF284621F03BFC78B184F3118805
:10875000BFF36F8F03B030BD164C882221461648F8
:108760002AF082FA8821204634F000FE114C40F2B3
:108770003112214610482AF077FA40F23111204692
:1087800034F0F4FD00220023CDE900234FF4004231
:108790000023054822F026F8DCE700BFE46700204C
:1087A0005EA20020DC670020504B0020D431002066
:1087B000D4670020685B0500FC2F050010B5044657
:1087C000044B1B689847A060214603482BF081F8B2
:1087D00010BD00BF1C260020082F00202DE9F0410D
:1087E000224B234A9B1A1B090ED000210846FFF793
:1087F00035FD8046A0B140F26766002721F042F9BE
:10880000FFF794FD002524E01A4C40F29E322146E9
:1088100019482AF029FA40F29E31204634F0A6FD8C
:108820004FF0FF364FF0FF37E8E74046FFF7EEFC2A
:10883000804688B94FF0FF364FF0FF370CE000213B
:108840000846FFF7BDFC32463B460C481FF06AF86D
:108850002546B8F1000FE8D1FFF7B4FE0446002822
:10886000F6D1002DEBD12C46EDE700BF942A050090
:10887000742A05009C5D0500FC2F0500D431002002
:10888000014800EB81007047502F002010B1436871
:108890001879704710B5054CED22214604482AF09E
:1088A000E3F9ED21204634F061FD00BF645D050071
:1088B000FC2F050010B143681971704710B5054CC5
:1088C000DF22214604482AF0CFF9DF21204634F088
:1088D0004DFD00BF645D0500FC2F050028B1426816
:1088E0001160436801225A71704710B5054C4FF46E
:1088F0008C72214604482AF0B7F94FF48C71204657
:1089000034F034FD645D0500FC2F050010B14368B0
:108910005879704710B5064C40F23312214605488D
:108920002AF0A2F940F23311204634F01FFD00BFB7
:10893000645D0500FC2F050018B1436800225A71E0
:10894000704710B5054C40F22512214604482AF024
:108950008BF940F22511204634F008FD645D0500D6
:10896000FC2F05000248034BC01AC008704700BF27
:10897000742A0500A428050010B50C46FFF7F2FF85
:10898000A04203D9024B53F8340010BD0020FCE78D
:10899000A428050010B50C46FFF7E4FFA04204D957
:1089A000034B03EBC403187910BD0020FCE700BFA4
:1089B000A4280500F8B506460D4614461F4608468D
:1089C000FFF7D0FF84420DD2C7B1002C1BDB21463C
:1089D000E8B2FFF755FF006806EB4606F04000F0EE
:1089E00007000FE0094C4FF4D472214608482AF0E2
:1089F0003BF94FF4D471204634F0B8FC2146E8B27C
:108A0000FFF7C8FFF8BD0420FCE700BFEC5D0500E0
:108A1000FC2F050010B5002410E021460020FFF7D0
:108A2000B9FF0A4A52F8243023F0070342F82430F1
:108A300000F00700034342F824300134044B054A98
:108A40009B1AB4EBD30FE8D310BD00BF502F00200A
:108A5000742A0500A42805002DE9F84304460D46B4
:108A6000164698460846FFF77DFF864222D2002C24
:108A70002CDBE4B20023324629462046FFF79AFF5A
:108A800038B10023324629462046FFF793FF404580
:108A90003DD80023324629462046FFF78BFF074684
:108AA00068BB3B463246E9B220462AF02CFF3846E6
:108AB000BDE8F883174C4FF4DE72214616482AF0C1
:108AC000D3F84FF4DE71204634F050FC134B144AB7
:108AD000A3EB02094FEA1919002427464C45E6D2B8
:108AE0000F4800EB0410FFF7D1FE434632462946FB
:108AF000FFF7B2FF874238BF07460134EEE7002395
:108B0000324629462046FFF755FF0746C9E7474644
:108B1000C7E700BFEC5D0500FC2F0500942A0500A7
:108B2000742A050070B504460E461546094BC31A53
:108B30001B110133D9B2FFF7BDFE63689D71294651
:108B400020462AF02AFF31462046FFF7C7FEFFF7EE
:108B500079FC70BD742A050000B589B005920693B2
:108B60000023079362B1074A0C9B02930B9B01936E
:108B70000A9B009305ABFCF76DFF09B05DF804FBA1
:108B80000022F1E7FF3904002DE9F04F8BB004AF6C
:108B900005461E468846C1F34A24002C00F09C80FE
:108BA00091460022FA603A617A6104230293FB182D
:108BB00001930A23009307F10C0321464846FCF772
:108BC00049FFB0F5006F5ED34D4B1B6813F0060FE5
:108BD00000F09180D9F804106D4600233B73022306
:108BE0007B738AB004AC14F1100221D012201AB1A8
:108BF000042801DD434B636100233B7002237B703B
:108C0000CAB10346082800DDA1610C2B02DD40F249
:108C1000FF73E36104F12003002101290BD801F166
:108C200018063E4416F8186C03F8016B0131F4E79E
:108C30006FF00040DBE7112822DD122342B104214E
:108C4000397300217973B9730121F973F8682061D0
:108C500000216FF300016FF341016FF382016FF3A5
:108C6000C501022060F38811C3F30A0363F35321A3
:108C70000023C1F3130122482AF041FFAD463AE038
:108C80006FF01B03DAE760F35328C0F30A0A0AEB1C
:108C90001850173020F007008008FFF771FC83465A
:108CA00018B304230293FB1801930A23009353463D
:108CB00000F1100221464846FFF74EFF002814DA63
:108CC000114C4FF4A3722146104829F0CDFF4FF408
:108CD000A371204634F04AFB04EB1154173424F0FE
:108CE0000704A008FFF74CFC83463346424629465A
:108CF00058462AF09AFE1C37BD46BDE8F08F00BFEB
:108D0000D02F0020285E0500685E0500FC2F0500BE
:108D1000406820B1034BC01A40F38F0070474FF0FA
:108D2000FF307047502F002038B505460C464B6881
:108D30001A68CB689A4210D06368D3E8EF2F511CB1
:108D4000C3E8E01F0028F8D1A3689D5463681A683F
:108D5000E3689A4205D8002038BD08462AF0D3FEC1
:108D6000EAE7054C72222146044829F07DFF722172
:108D7000204634F0FBFA00BF945E0500FC2F05008E
:108D80000EB400B584B0014605AB53F8042B039331
:108D9000002000900348FDF71BFC04B05DF804EBD5
:108DA00003B07047298D010010B584B011F0440F55
:108DB00005D01A4B1B6833B9002004B010BD184908
:108DC000FFF7DEFFF9E717490968B2FBF1F2B2FBE2
:108DD000F3FC03FB1C224FF47A7E0EFB02F2B2FB83
:108DE000F3F403FB14210EFB01F1B1FBF3F10E4A86
:108DF000A2FB0C32D20A4FF4616303FB12CC0B4B83
:108E0000A3FB0CE35B0902910194C3EB0311ACEBF0
:108E1000810100910649FFF7B3FFCEE7F06700201C
:108E2000C45E0500EC670020C5B3A29189888888DC
:108E3000D05E050061B108B52AB1064A52F8232078
:108E400012B9054A00E0044A0449FFF799FF08BD3A
:108E5000704700BF685F0500EC5E050080C5050037
:108E60002DE9F04105461746069EDDF81C8081B9C4
:108E700000242EB1324611492846FFF781FF0444F1
:108E8000B8F1000F14D06FB1099B042B13D00C491B
:108E900009E00C4B099A53F822200B49FFF770FFA9
:108EA0000446E6E7064942462846FFF769FF0444C0
:108EB0002046BDE8F0810549F5E700BF085F0500E1
:108EC000F85E05007C5F0500005F0500F45E0500AC
:108ED0002DE9F04F87B0049205939DF84C60042E65
:108EE00030D805460C4601F0020B01F0010AC1F32F
:108EF000C00801F480792AF0F2FC024670B31C49E4
:108F00002846FFF73DFF0746BBF1000F28D1324648
:108F1000514628462AF025FEB9F1000F01D0002362
:108F200011930396129B0293119B0193109B009344
:108F30000023049A41462846FFF792FF384407B0C1
:108F4000BDE8F08F0B4C40F2462221460A4829F03A
:108F50008BFE40F24621204634F008FA0027D3E782
:108F6000059A21462846FFF71FFF0744CFE700BFB9
:108F70000C5F0500945E0500FC2F050011F0100F3A
:108F80000BD108B511F0200F03D00449FFF7F8FE0C
:108F900008BD0349FFF7F4FEFAE770476CE10500EE
:108FA00090E505002DE9F04105460F461646984626
:108FB0000699FFF7E3FF0024444505DA24492846D3
:108FC000FFF7DEFE0134F7E7002409E020492846D8
:108FD000FFF7D6FE0BE01F492846FFF7D1FE01340C
:108FE0000F2C0CDC002C02DD14F0070FEED0B44285
:108FF000F1D23A5D18492846FFF7C2FEEFE717495C
:109000002846FFF7BDFE002409E011492846FFF776
:10901000B7FE0BE012492846FFF7B2FE01340F2CD1
:1090200013DC002C02DD14F0070FEED0B44207D29F
:109030003A5D0C4B9B5C13F0970FEBD12E22E9E7C6
:1090400003492846FFF79CFEE8E7BDE8F08100BF32
:10905000045F0500185F0500105F05001C5F050038
:10906000A0710500C6E805002DE9F04184B0044672
:109070009DF82C500C9F0E9EA5B9012B20D02048A6
:109080004FF0000837B13B4622461E4929F01CFB31
:10909000002819DB26BB65BB20462AF034FD04B04E
:1090A000BDE8F08103950A980290019300920B4667
:1090B00000220F992046FFF70BFF80461248E1E798
:1090C00011484FF00008DDE7104C4FF4287221469C
:1090D0000F4829F0C9FD4FF42871204634F046F9B5
:1090E0000F9B0093434632460D9920462AF051FDCE
:1090F000D1E72A460F9920462AF03FFDCCE700BF72
:10910000353B0400533B0400298D0100945E0500AB
:10911000FC2F05002DE9F04383B00646056842F2B6
:109120000F738B4228BF0B46184A0521684629F069
:109130004AFB04467368D3F804900B27DFF8548089
:1091400005E04A4639464046A8473F1A8044002F6A
:10915000F7D17368D3F804806F4605E04246214694
:109160003846A847241A0744002CF7D173685F6873
:109170001B24074E05E03A4621463046A847241AEC
:109180000644002CF7D103B0BDE8F083584D05002C
:10919000205F05003C5F0500074B01221A6004E0D8
:1091A0004008054A13685B001360044B9842F7D8E7
:1091B000034B1860704700BFEC67002040420F006F
:1091C000F0670020014B036000207047905F0500AE
:1091D0008446002300E00133074A12689A4208DD02
:1091E0001A010649096801EB03108A5C6245F2D155
:1091F00000E00020704700BFFC7F0500042800202D
:1092000038B50C4B1B685BB10C46FFF7E1FF054618
:1092100048B1C06836F084FC40B12560002038BDFC
:109220006FF00C00FBE76FF00100F8E76FF0120041
:10923000F5E700BF0428002010B50C460A68436813
:109240009A4204D84A6813444B60012010BD074B72
:109250001B6813F0070F02D100206060F6E7044A94
:10926000012102482AF029FCF6E700BF502F002018
:10927000905F050010B582B0044643680093002358
:1092800001936A461449C06831F07BF9019A3AB1FA
:109290006369A1690B449A4210D3002002B010BD4B
:1092A0000E4B1B6813F0070F02D16FF00D00F5E7AE
:1092B0000B4A012109482AF000FCF6E7074B1B681E
:1092C00013F0070F02D16FF00D00E7E7054A012107
:1092D00002482AF0F2FBF6E739920100502F0020F5
:1092E000B05F0500CC5F050030B585B043698B42A7
:1092F00020D80446CB1A826993421BD2C06801AAC7
:1093000031F039F9054618BB236A01998B4224D004
:10931000029AE0682AF015FD054640B3154B1B681C
:1093200013F0070F19D00346134A012111482AF000
:10933000CEFB12E00F4B1B6813F0070F02D16FF04A
:1093400021050AE00D4A01210A482AF0B6FBF6E79A
:10935000084B1B6813F0070F02D1284605B030BD3B
:109360000346074A012103482AF0B1FBF5E7019BB8
:109370002362F2E7502F002038600500F45F0500FB
:109380001460050070B582B0466903691E448168A7
:1093900019B90025284602B070BD04463144013990
:1093A000FFF7A2FF051E13DB626AA368B3FBF2F5A9
:1093B00002FB1535CDB9A3682B44E06822688168AB
:1093C0004D683146A8470546C0B9E36943BB39E05B
:1093D0002C4B1B6813F0070FDCD000962B462A4A53
:1093E000012128482AF07EFBD4E7551B20682A4635
:1093F00094F82810184438F0BCFBDCE7214B1B68BC
:1094000013F0070FC6D000960346204A01211D48DD
:109410002AF068FBBEE72268535DDB4353550135F4
:10942000A368AB42F7D8E068226881680D683146CE
:10943000A847054668B9E3693246A168206898479D
:10944000054690B92369A268134423610023A360F1
:10945000A0E70C4B1B6813F0070F9BD003460C4A88
:10946000012108482AF033FB94E7064B1B6813F0F0
:10947000070F8FD00346074A012102482AF027FB35
:1094800088E700BF502F002054600500846005006D
:10949000A8600500C06005002DE9F843DDF82090C4
:1094A000DDF82480002863D00D4617461E4604468A
:1094B000002960D0002A61D08B68DB680846984795
:1094C0000168B6FBF1F301FB13633BBBB9FBF1F39E
:1094D00001FB1393002B2FD1B8F1000F3AD0B8FB4A
:1094E000F1F301FB1383002B34D1E5602760666044
:1094F00000232361A360C4F81490C4F818800368A3
:1095000063620A9BE3614FF0FF332362437984F87F
:1095100028302046FFF7AEFEBDE8F883194B1B68E4
:1095200013F0070F02D16FF00D00F5E7164A012185
:1095300014482AF0C2FAF6E7124B1B6813F0070F23
:1095400002D16FF00D00E7E7104A01210D482AF023
:10955000B4FAF6E70B4B1B6813F0070F02D16FF05C
:109560000D00D9E70A4A012106482AF0A6FAF6E7D3
:109570006FF00D00D0E76FF00D00CDE76FF00D003C
:10958000CAE700BF502F0020D46005000C61050021
:109590002061050010B584B007240294044C0194A6
:1095A000BDF8184000940FF0AFFF04B010BD00BF2D
:1095B0005826002010B586B0074C24788DF8174047
:1095C000012402940DF117040194BDF82040009489
:1095D0000FF09AFF06B010BDE62E002010B504462D
:1095E00032F018FA0246034920462BF021F80020F9
:1095F00010BD00BFC863050030B583B005461346F3
:109600000022019201AA0A2158682BF058F9019C06
:1096100024B92AF071FC204603B030BD224603492C
:1096200028462BF023F8019CF5E700BFF8630500FE
:1096300008B5034A03492AF0FBFF002008BD00BF1C
:10964000F4640500FC64050030B585B0044601A94A
:109650000F4829F002F8054688B9019A0D492046BD
:109660002AF0E6FF029A0C4920462AF0E1FF039A0D
:109670000A4920462AF0DCFF284605B030BD0246E4
:10968000074920462AF0F2FF6FF00705F4E700BF14
:1096900008310020606505007865050090650500CB
:1096A000286505002DE9F04182B0064615460023E5
:1096B000019301AA0A21A8682BF001F9019C9CB929
:1096C0008046C3B2042B16D868682AF03CF9071EFE
:1096D0001BDB3AB25FFA88F3002108462AF04DF905
:1096E000204602B0BDE8F08122460B4930462AF000
:1096F000BDFF019CF4E7C2B2084930462AF0B6FF2C
:1097000030462AF0C2FF0124EAE76A68044930467D
:109710002AF0ACFFDDE700BFD0650500F865050065
:109720001066050010B5044616F0C8FE024607494B
:1097300020462AF07DFF064920462AF079FF21467F
:10974000044820F0ABFC002010BD00BFEC66050013
:109750000C670500C597010070B58CB0044608463B
:1097600006A936F02EFC054600B10125684636F004
:1097700035FC00B92DB1114920462AF059FF0CB033
:1097800070BD069D079E681946EB0603401946EB1F
:1097900003035A0142EAD0624101401843EB02013F
:1097A0004019DDE9002346EB0101F4F777FB03469E
:1097B0002A46034920462AF03BFFE0E740670500C0
:1097C00018670500F0B58FB004460D46D0F8B070AC
:1097D00036F0CAFB064620F055F984422DD0214AC6
:1097E0006EB300962346204928462AF021FFD4E98B
:1097F0000A23CDE9002394F90E30227B1B49284629
:109800002AF016FF202205A920461FF093F80246F1
:10981000636F174928462AF00BFF21462846FFF7B9
:109820009BFF0DA9204636F0BFFB024648B1114907
:1098300028462AF0FDFE0FB0F0BD0F4AD0E70F4ECC
:10984000CFE70D9BF91A642201FB02F2B2FBF7F29B
:109850000292019700913A46094928462AF0E8FE0B
:10986000E9E700BF045F050068670500746705004D
:10987000A0670500B8670500EC8305006467050074
:10988000E867050070B590B0054600240894099477
:109890000A940B940C940D940E940F944FF0203373
:1098A000089309930A930B930C930D93ADF83830FA
:1098B00001461B4820F0F2FB14B1002010B070BD2F
:1098C00004EB8413174E06EB831607AA4FF480515E
:1098D00006F1400036F056FBB8B9079AC2F5805140
:1098E000642301FB03F31B0B05934FF48053049394
:1098F00003910292019308AB0093234632460A4932
:1099000028462AF095FE0134D6E7084C502221461D
:10991000074829F0A9F95021204633F027FD00BF60
:1099200035990100C00B01208868050040680500DA
:10993000FC2F0500F0B589B004460D46D0F8B060A4
:1099400007A936F031FBB8B9204636F00DFB079970
:10995000771A642207FB02F2B2FBF6F2034688B1E3
:1099600004920396029701910096224606492846E2
:109970002AF05EFE09B0F0BD0246044928462AF0EE
:1099800057FEF7E7024BEBE7D4680500B867050020
:109990006467050010B503460C461146006808B11F
:1099A000027822B9024A204626F0D0FA204610BD9D
:1099B0003C6905002DE9F04186B0064605A81DF07A
:1099C00033F800EB4000059B03EBC008224A082156
:1099D00030462AF01FFE059C0CE0204B204A08214F
:1099E00030462AF017FE63691BB11D680DB12B6864
:1099F000A3B9183444452AD2142269462046FFF7F9
:109A0000C9FF0346174A082130462AF003FE2046C4
:109A100036F086F80028E0D0134BDFE7134A082120
:109A200030462AF0F7FD00272B68BB4209D905EB29
:109A300087035B680E4A082130462AF0EBFD0137A8
:109A4000F2E70C4A082130462AF0E4FDD1E7002075
:109A500006B0BDE8F08100BF586905004C690500FB
:109A60006C690500646905004469050074690500B6
:109A700044C505006CE1050008B5102A12D0202A63
:109A800013D0082A06D00A4A08212AF0C3FD6FF035
:109A9000150006E00B78DBB2064A08212AF0BAFD71
:109AA000002008BD0B889BB2F6E70B68F4E700BF07
:109AB000F8690500106A050008B5029B102A0ED04F
:109AC000202A10D0082A06D0084A08212AF0A2FD30
:109AD0006FF0150002E0DBB20B70002008BD9BB2F6
:109AE0000B800020FAE70B600020F7E7F86905001B
:109AF0002DE9F04182B004460D46164610220021A1
:109B0000706826F051FB0746022D20D84FF0200840
:109B10004346164A082120462AF07CFD032D1ED913
:109B200010220021F06826F03FFB05460346104A4C
:109B3000082120462AF06EFD00950023019342463D
:109B400039462046FFF7B8FF02B0BDE8F0810A228F
:109B50000021B06826F028FB5FFA80F8D8E742467B
:109B600039462046FFF788FFEEE700BF246A05006C
:109B70003C6A050038B504460D4611B10E4B1B7802
:109B80005BB90D4A137883F0010313705BB9294662
:109B9000204601F041FC002038BD08492AF066FD4E
:109BA0006FF00F00F8E7064920462AF041FD024B0E
:109BB00001221A70EBE700BF5FA20020506A050087
:109BC0008C6A0500F8B507460E4615460023244A60
:109BD0001370244A1360244A13600CE000231C44D1
:109BE00002222249204638F0F4F898B91C4B012291
:109BF0001A700435013E012E1DD96C6802221C49E1
:109C0000204638F0E6F80028E8D1A378002BE6D00B
:109C10000123E4E716492046F4F75AF950B12378B6
:109C20002D2B08D1637833B12246124938462AF0E9
:109C3000FFFCDEE7043500221146686826F0B4FA1E
:109C40000D4B186000221146686826F0ADFA0B4BE8
:109C500018600B493846FFF78DFF0020F8BD00BFA4
:109C600061A20020F8670020FC670020BC6A0500A4
:109C7000B86A0500C06A050004680020006800207A
:109C8000859C010038B50546554B1B78182B01D033
:109C9000002305E00B78112B32D0002300E00133C4
:109CA00002F1FF3C9E469C4509D9CC5C182CF6D1AC
:109CB0008E449EF801001128F1D1012300E0002319
:109CC000F3B911F80C20464B1A700A78A2F1300350
:109CD000DBB2092B09D9A2F16103DBB2052B04D950
:109CE000A2F14103DBB2052B05D83E490B683E4883
:109CF000C25401330B603B4B1B68022B5DD038BD57
:109D00003A4B1A683A4928462AF092FC0021284624
:109D1000FFF730FF374B1B78002BF0D113E0364DA7
:109D20002A681068030A03F47F4343EA10630402BD
:109D300004F47F04234343EA006342F8043B2A60AF
:109D400004392A4B1960294B19680429E7DC11F002
:109D5000030F0FD1284B18680268130A03F47F43DE
:109D600043EA1263110201F47F010B4343EA0263E9
:109D70000360C4E74B4201F0030103F0030358BF43
:109D8000594202290FD00329B9D11B4B19680B681E
:109D9000C3F3074203F47F4002431B0403F47F0331
:109DA00013430B60ABE7144B19680B68C3F307222E
:109DB0001B029BB213430B60A1E7102200210A484B
:109DC00026F0F2F90D4A136803F8010B1360074AF5
:109DD000136801331360034B00221A608FE700BF42
:109DE00060A20020F8670020F4670020FC670020D4
:109DF000D86A050061A200200068002004680020E5
:109E00002DE9F04385B080460F4615461C46DE0816
:109E1000002D5DD04FF0000C08E01CF807300CF16D
:109E200010010DEB010C0CF8103C9446B54240D3E8
:109E30000CEB0602102A3CD8102C0DD0202C1BD085
:109E4000082CEAD0234A082140462AF0E3FB6FF0B1
:109E5000150005B0BDE8F0833CF807300CF11001A7
:109E6000694401F8103CC3F307230CF111010DEB19
:109E7000010C0CF8103CD8E75CF807300CF110012D
:109E8000694401F8103CC3F307200CF11101694447
:109E900001F8100CC3F307400CF11201694401F8FA
:109EA000100C1B0E0CF113010DEB010C0CF8103C07
:109EB000BBE7A946102D28BF4FF010094B466A4654
:109EC0003946404601F038F91037A5EB09059FE700
:109ED0000020BEE7F86905002DE9F04383B0814614
:109EE0000D46144600230193384B01221A6004F0FA
:109EF00099FD4FF0FF364FF020083746344A21468F
:109F0000284604F0B3FDB0F1FF3F43D073281BD0C7
:109F100077282CD0612804D06FF0150003B0BDE87D
:109F2000F08301AA10212B4B18682AF0C8FC0646C2
:109F3000019B002BE2D0274B1A68274948462AF09C
:109F400095FB6FF01500E9E701AA0021214B186885
:109F50002AF0B5FC0746019B002BCFD01D4B1A6899
:109F60001E4948462AF082FB6FF01500D6E701AA89
:109F70000021184B18682AF0A2FC8046019B002B98
:109F8000BCD0144B1A68164948462AF06FFB6FF094
:109F90001500C3E7B6F1FF3F0AD0B7F1FF3F0ED07F
:109FA0005FFA88F33A4631464846FFF729FFB5E79E
:109FB0000C4948462AF05AFB6FF01500AEE70A49F3
:109FC00048462AF053FB6FF01500A7E72828002029
:109FD000306B0500FC700020F46A0500086B05007A
:109FE0001C6B0500386B0500586B050010B5024668
:109FF000034653F8584B4021C16403630023C363F5
:10A000008363436383644364036400F15001082065
:10A01000D0621161D36193615361936253621362A1
:10A02000C2F8D0300349204629F094FF204629F099
:10A03000ABFF10BD934004002DE9F04383B0804690
:10A040000F464FF000090CE06FF057044FF0010984
:10A050002146284629F04BF8D8B9002C3CD0B44210
:10A060003AD107F13005FA6C01A9284629F01FF80A
:10A070000646C0B10199D8F808301B69002BE3D01F
:10A0800002464046984704460028E1D04FF00109B7
:10A09000DEE7164C6E222146154828F0E5FD6E21BC
:10A0A000204633F063F9134B1B6813F0060F0AD1F7
:10A0B000D8F808301B6963B101220DF10301404655
:10A0C00098470446C9E70C4A02210A4829F0F5FCE2
:10A0D000EEE76FF05704C2E7B9F1000F03D07B68D9
:10A0E000B9680020984703B0BDE8F0831C6D0500F7
:10A0F000FC2F050020300020546D050070B584B0A1
:10A1000005460C4629F055FFC8B104F11006E26A75
:10A1100003A9304629F009F8024650B30399AB6809
:10A12000DB68CBB1284698470146304629F01AF83B
:10A13000A8B96368A1680120984704B070BD28469B
:10A1400029F01CFF04F1980040F6CD420023CDE930
:10A15000002320F047FBF0E76FF05701E5E7084CDC
:10A16000BA222146074828F07FFDBA21204633F065
:10A17000FDF8284629F002FF0023C4F8D030D8E7C4
:10A180001C6D0500FC2F050000B583B0094835F0B3
:10A19000C7FC60B1042300930123074A12680549F4
:10A1A000064801F0E7F8002003B05DF804FB6FF00B
:10A1B0001200F9E7C82305006C6D0500E42A0500CC
:10A1C00038B5A0B104468368EBB14268DAB1D3F880
:10A1D000783213F0010F29D1C0692AF0D4FE6068EB
:10A1E00003685B6898470546C8B1284638BD114CDE
:10A1F00040F2F4422146104828F036FD40F2F44186
:10A20000204633F0B3F80B4C40F2F54221460A48A1
:10A2100028F02AFD40F2F541204633F0A7F8204609
:10A2200029F0E5FFA36800221A75DEE76FF00F053D
:10A23000DBE700BF186E0500FC2F05008368197569
:10A24000022900D0704710B5044683689B6C03B1A7
:10A2500010BD29F038FFA368D3F8783213F4805F7B
:10A2600003D120462AF041FDF2E7054B054A0321C0
:10A27000204601F06DFC0021204629F0BDFFF0E7EB
:10A28000406E050080C5050008B58368D3F87432B8
:10A2900013F0200F00D108BD024940692AF091F85F
:10A2A000F9E700BF5C2C050010B504468168183141
:10A2B00001F042FEA168034A183120462AF0D5FE7B
:10A2C00010BD00BF846E050009B10020704710B5B5
:10A2D000044683689B69054A012101F039FC204648
:10A2E000FFF7E2FF6FF0150010BD00BF946E050090
:10A2F000F8B5044616468068426A72B10D4690F879
:10A30000282092B390F82930FF2B25D0AA4226D8D6
:10A310001344AB4248D2002122E0ABB15A68002A74
:10A3200044D0C1698A420AD000F1180E9C46BCE8AC
:10A330000F00AEE80F00DCF80030CEF80030204609
:10A34000FFF7B2FF01272DE01A4A0121204601F054
:10A35000FFFB6FF0070725E04FF6FF73D6E70021FC
:10A360002046FFF7B1FF0746E0B90121204629F05A
:10A370008BFFA06800F543701DF07CF8A3685B6A52
:10A3800032462946204698470746A06800F54370A4
:10A390004FF0FF324FF0FF331CF082FF00212046C8
:10A3A00029F072FF3846F8BD0121D9E76FF00707A1
:10A3B000F8E700BFB06E050091B110B5044608463D
:10A3C000D36803B910BD20462AF07DFB204601F07A
:10A3D000C9FA044A0121204601F0BAFB0020F1E746
:10A3E00001207047D06E05002DE9F047A6B0064663
:10A3F000542200210CA837F0BCFB002306930593E0
:10A4000004934FF0FF330393B36803F1560A3046C9
:10A410002AF059FB30462AF0E8FAC8B1B3680027A1
:10A420009F61DF611F625F629F6230462AF039FAE6
:10A43000B168B1F850205631304629F0D9FF304686
:10A440002BF040F80897B8460CACB9463D465BE0A7
:10A450006C49706929F0B5FFE0E700286AD003462F
:10A46000694A0121304601F073FB6FF00700A1E05B
:10A47000206801F083FD00285FD0089B5BB1B468C1
:10A48000183407AD0FCD0FC42B6823603046FFF79B
:10A490000BFF01208EE05D4A0121304601F058FBA0
:10A4A0006FF0070086E02268294630462BF02FF82F
:10A4B000022868D0032843D0069B013306934FF04F
:10A4C000010921E021AA216838462AF095F90546BC
:10A4D00039E0069B93B9B368DB6A23B1DB6813B13B
:10A4E0004FF0010848E04A4B00930C9B494A012178
:10A4F000304601F02DFB4FF001083DE04FF0010820
:10A500003AE0069B01330693049B012B3BD0069B4C
:10A51000132B38D8039B002B35D0022352462146FB
:10A5200004A801F0A1F8D4F804A0049B002B63D088
:10A53000012B92D0069B002B9AD1069B002BB2D107
:10A54000B8F1000FBED00434039B013B0393002DF0
:10A55000BFD02A4649463046FFF72EFF00284ED08E
:10A56000B16803AB019305AB009306AB07AA1831A2
:10A57000284629F0C7FD2F46039B002BC1D1049B21
:10A58000022BC1D1BDE7069B132B02D9049B022BE2
:10A5900013D0B9F1000F19D117B17B7CFE2B20D05D
:10A5A000059907AB0CAA02EB81020698411A3046C6
:10A5B000FFF79EFE26B0BDE8F087174B174A012132
:10A5C000304601F0C5FA6FF00700F3E730462AF095
:10A5D000B1FFB268142356320CA906A801F044F862
:10A5E000DAE7069B26AA02EB830252F8682C002ABF
:10A5F000D6D001330693D3E76FF00700DAE76FF0A8
:10A600000700D7E76CE10500006F0500B06E05009C
:10A610001C6F0500146F0500306F050058640500BD
:10A62000F0B583B004461D468068B0F85030FF2B6B
:10A6300049D00F461646B0F8522000F1560100F5F9
:10A64000AB7037F06FFAA368B3F8522013440022BE
:10A6500083F85621A268142302F5AB7231682846AC
:10A6600001F002F82B68142B30D83268002142F830
:10A670002310A368B3F85220D2B1013A134493F8DF
:10A680005630144AD35C03F008032C6894B113B914
:10A69000012C0FD0013C00200190099B0093089BE6
:10A6A000326821462AF0CBF8386048B101200BE02F
:10A6B0000023EAE70023089A13603B60012003E0CF
:10A6C00034B9012000E0002003B0F0BD0020FBE71A
:10A6D0000020F9E7C6E80500F8B504460E461F4617
:10A6E0007AB31046F3F7FEFB85B2A26818323946FA
:10A6F000304600F0DFFF30B3066886B33046F3F72C
:10A70000F1FB80B285422CD1A268B2F852301344DA
:10A7100093F856301B49CB5C13F0080F2DD1D2F8BB
:10A72000743213F0010F23D00021204629F0DCFD04
:10A73000202120462AF087FA0121204629F0D4FD65
:10A74000F8BD0025D1E7104C4FF4B87221460F48F0
:10A7500028F08AFA4FF4B871204632F007FE002044
:10A76000D0E7421B92B2711920462AF088FACBE753
:10A77000202120462AF067FAE2E7012120462AF04C
:10A780004FF9DDE7C6E80500186E0500FC2F05004F
:10A790002DE9F04182B0064651B30F46023294B221
:10A7A000D0F80880B8F83A50023D95FBF4F5ADB208
:10A7B0001DB30846F3F796FB80B2241AA4B2B8F88A
:10A7C00040305A1CA8F84020B3FBF5F205FB1233C9
:10A7D0009BB2E3B90097114B114A0621304601F0B4
:10A7E000B7F92146304601F079F802B0BDE8F081B2
:10A7F00083680022A3F84020F7E70A4C9022214604
:10A80000094828F031FA9021204632F0AFFD3B464E
:10A81000064A0621304601F09BF9E2E714E1050003
:10A82000546F0500186E0500FC2F050080C505005B
:10A830002DE9F84F074689461C460A9DBDF82CA015
:10A84000904652B11046F3F74DFB1FFA80FB52467B
:10A8500000213846FFF79CFF14E04FF0000BF6E7AD
:10A86000194C40F2B9122146184828F0FDF940F27F
:10A87000B911204632F07AFD524631683846FFF76A
:10A8800087FF013DB5B1BA6818322146484600F04D
:10A8900011FF06460028E3D00134B8F1000FEBD0D9
:10A8A00000680028E8D05A46414637F092FA00285E
:10A8B000E2D0E7E70649786929F083FD38462AF0B7
:10A8C00014FABDE8F88F00BF186E0500FC2F0500D4
:10A8D0006CE105002DE9F0478AB0129CBDF84C6090
:10A8E000012C1AD980460F461546194603F1010A74
:10A8F00005AA384600F0DEFE8146D0B1D8F808003F
:10A90000FF22D9F8001000F5AB7037F074FAD9F8CF
:10A9100000302B604FF6FF791EE01E4C4FF4E972B9
:10A9200021461D4828F0A0F94FF4E971204632F085
:10A930001DFD184C40F2D5122146174828F094F915
:10A9400040F2D511204632F011FD013C4845A8BF28
:10A9500048461FFA80F9AA46012C16D90AF10105CA
:10A960006A465146384600F0A5FE034668B1D8F85D
:10A9700008004FF6FF72196800F5AB7029F0AEFBC6
:10A98000002EE2D08642E6DCDFE748460AB0BDE8AA
:10A99000F08700BF186E0500FC2F050010B50446B7
:10A9A000013916290FD8DFE801F00C0F1226292CE7
:10A9B0000E0E0E0E2F320E4C0E500E0E0E0E540EAC
:10A9C00061002AF077F810BD2AF088F8FBE72AF03A
:10A9D0007AF820462AF009F840B10121204629F0F2
:10A9E0006BFC02212046FFF729FCECE72349606954
:10A9F00029F0E7FCF1E72AF046F9E4E72AF063F8EA
:10AA0000E1E72AF076F8DEE72AF080F8DBE78368F2
:10AA1000D3F8743213F0200F09D1A368D3F874323D
:10AA200013F0200F08D120462AF05FF9CBE7144934
:10AA3000406929F0C6FCF0E71249606929F0C1FCC1
:10AA4000F1E7002129F08DFDBDE7012129F089FD05
:10AA5000B9E72AF02FF8204629F035FB01212046DE
:10AA600029F02AFC2046FFF70FFCACE701F0D2F8F2
:10AA70000121204629F020FCA5E700BF6CE105007C
:10AA8000642C05006C2C050070B586B004460023CC
:10AA90000593A3689D6CF5B1606803681E6905ABFA
:10AAA00010226946B047059B9BB10121204629F041
:10AAB000EBFB059A69462046A8470021204629F06D
:10AAC000E3FBA3689B6C002BE3D102212046FFF738
:10AAD000B5FB06B070BD606803681D6905AB012257
:10AAE0000DF11301A847059B002BF2D09DF8131020
:10AAF0009DF91330002BCCDBA268537D032B00F2B1
:10AB00005081DFE813F00400B800CA004B01204672
:10AB100029F022FB002841D19DF813101B2953D89E
:10AB20001B2900F28E8001A353F821F093AA0100A3
:10AB300043AC010043AC010043AC010043AC010055
:10AB400043AC010043AC010043AC01001DAC01006B
:10AB5000FFAB010043AC010043AC010043AC01007A
:10AB600043AC010043AC010043AC010043AC010025
:10AB700043AC010043AC010043AC010043AC010015
:10AB800043AC010043AC010043AC010043AC010005
:10AB900043AC010043AC0100F7AB0100A568B5F878
:10ABA00050305BB9204629F01AFC7F49606929F0D2
:10ABB00008FC02212046FFF741FB6AE72046FFF729
:10ABC00013FCC5F82403F4E77F293AD1A368D3F82E
:10ABD000743213F0020F3FF45CAF0121204629F0DC
:10ABE0006BFBA368D3F8743213F0080F25D020460E
:10ABF0002AF068F84DE7A36801225A7549E7A3686F
:10AC0000D3F8743213F0020F3FF443AF0121204612
:10AC100029F052FB204629F04CFC3AE7A368D3F810
:10AC2000743213F0020F3FF434AF0121204629F0B3
:10AC300043FB20462AF046F82BE720462AF023F86B
:10AC400027E75A4B5B5C13F0970F0AD1A368D3F840
:10AC5000743213F0020F3FF41CAF2046FFF79EFE44
:10AC600017E70121204629F027FB9DF81310204605
:10AC700029F0E9FF0DE75B2908D0D2F8743213F010
:10AC8000020F06D1A36800225A7502E7022353750A
:10AC9000FFE6204629F056FCF4E700235375A3682D
:10ACA000D3F8742212F0020F3FF4F3AE31391B29AE
:10ACB0003FF6EFAE01A252F821F000BF5DAD0100FA
:10ACC00069AD010083AD010051AD010093AA0100FF
:10ACD00093AA010093AA010093AA010093AA01007C
:10ACE00093AA010093AA010093AA010093AA01006C
:10ACF00093AA010093AA010093AA01002DAD0100BF
:10AD000037AD010041AD010049AD010093AA01003A
:10AD100055AD010093AA010061AD010093AA0100A5
:10AD200093AA010093AA01006DAD01000121204604
:10AD300029F017FCADE60021204629F012FCA8E618
:10AD4000204629F0D6FEA4E6204629F0C7FEA0E65C
:10AD500003225A75204629F0B6FE9AE603225A7558
:10AD6000204629F0A7FE94E603225A75A368D3F87B
:10AD7000741201F0010181F00101204629F0B4FABA
:10AD800087E603225A75A368D3F8743213F0020FD2
:10AD90003FF47FAE204629F076FF7AE60023537514
:10ADA00077E60023537574E66CE10500C6E80500FC
:10ADB00010B570B104468368BBB1012129F0ACFA2B
:10ADC000A3681B7D022B1CD00021204629F0A4FA89
:10ADD00010BD0E4C40F2D45221460D4827F044FFDE
:10ADE00040F2D451204632F0C1FA084C40F2D5521C
:10ADF0002146074827F038FF40F2D551204632F06F
:10AE0000B5FA2046FFF740FEDEE700BF186E0500EA
:10AE1000FC2F050010B5002834D004468368002BB1
:10AE20003CD04268002A39D00268BAB31A7D012AA0
:10AE300046D1D3F8782212F4804F04D0D3F874228C
:10AE400012F0040F36D0A06800F543704FF0FF32C7
:10AE50004FF0FF331CF024FA0821204600F04EFE8C
:10AE60001949606929F0ADFA02212046FFF7E6F999
:10AE7000204600F06DFFA06800F543701CF0FAFA60
:10AE8000002010BD114C4FF4B3622146104827F04A
:10AE9000EBFE4FF4B361204632F068FA0B4C40F2FF
:10AEA000995221460A4827F0DFFE40F29951204688
:10AEB00032F05CFADA6C0146C0692AF04FF8C2E75A
:10AEC0006FF08500DDE700BF6CE10500186E05003E
:10AED000FC2F050038B504461546003918BF01217E
:10AEE00029F0A2F9A368DD64606803689B6800210B
:10AEF000984700B138BD2046FFF78CFF0028F9D1F4
:10AF00001AE0A06800F543704FF0FF324FF0FF33B6
:10AF10001CF0C6F92B461E4A0121204600F018FEFF
:10AF2000A06800F543701CF0A5FAE3E79847A06815
:10AF300000F543701CF09EFAA06800F52F704FF0EA
:10AF4000FF324FF0FF3303211FF0E2FE05460028D9
:10AF5000D7D1A06800F543704FF0FF324FF0FF33B8
:10AF60001CF09EF90B4A0221204629F0FFF90A4AFB
:10AF70000021204629F0FAF9084A0121204629F04B
:10AF8000F5F9606803685B69002BCFD1CFE700BF9C
:10AF90005C6F050049430400B1AD01009F4104000E
:10AFA000F8B5D8B10E4615461F46044634F0D6FF14
:10AFB00000BBA26852B3D2F8783213F4006F31D0DC
:10AFC0006369002B41D0002D4BD0A068037D022B7C
:10AFD00053D00121204629F00FF974E0434C40F290
:10AFE000FC522146424827F03FFE40F2FC512046E9
:10AFF00032F0BCF93D4C40F2FD5221463C4827F06E
:10B0000033FE40F2FD51204632F0B0F9374C40F2A9
:10B01000FE522146364827F027FE40F2FE512046D8
:10B0200032F0A4F91EF02EFDA368D3F8203383423A
:10B03000C6D12E4C40F2FF5221462D4827F014FE77
:10B0400040F2FF51204632F091F9284C40F2016263
:10B050002146274827F008FE40F20161204632F0E1
:10B0600085F9224C40F202622146214827F0FCFD7E
:10B0700040F20261204632F079F900F543704FF05A
:10B08000FF324FF0FF331CF00BF9A368D3F878229E
:10B0900012F4006F01D19A6CB2B13B462A46314698
:10B0A000204629F06DFDA368D3F8782212F4006FD2
:10B0B00001D19A6C8AB1606929F003FBA06800F5A0
:10B0C00043701CF0D7F9F8BDD3F8743213F0200F99
:10B0D000E3D0204629F02AFDDFE7D3F8743213F0DD
:10B0E000200FE8D0204629F000FEE4E7186E0500A6
:10B0F000FC2F050010B504460A4929F099FA0A49BF
:10B10000204629F095FA0949204629F091FA084984
:10B11000204629F08DFA074A0021204629F0A5FF94
:10B12000002010BD746F0500B46F05001470050099
:10B130006870050004710500F8B540B117461E4659
:10B1400005460A462A4929F073FA002415E0294CDD
:10B1500040F24F622146284827F086FD40F24F61B9
:10B16000204632F003F92549284629F061FA0BE020
:10B170002349284629F05CFA01340F2C0CDC002C02
:10B1800002DD14F0070FEED0B442F1D23A5D1D4952
:10B19000284629F04DFAEFE71B49284629F048FADE
:10B1A000002409E01549284629F042FA0BE0174926
:10B1B000284629F03DFA01340F2C13DC002C02DD67
:10B1C00014F0070FEED0B44207D23A5D104B9B5CEF
:10B1D00013F0970FEBD12E22E9E70849284629F012
:10B1E00027FAE8E70B49284629F022FAF8BD00BF04
:10B1F0001C710500186E0500FC2F0500045F05009A
:10B20000185F0500105F05001C5F0500A0710500B8
:10B21000C6E8050024710500F8B510B30C460646D3
:10B22000B1B30846F2F75EFE85B2B06800F5437030
:10B230004FF4247200231CF033F80746E8B96B1C66
:10B24000142B1DD8E5B12146B06836F0BAFDB368BD
:10B2500083F83C50B06800F543701CF00BF9384699
:10B26000F8BD0D4C40F28A6221460C4827F0FCFCE8
:10B2700040F28A61204632F079F86FF00F07EEE76E
:10B28000B06800F543701CF0F5F86FF01507E6E7BD
:10B290006FF01507E3E700BF186E0500FC2F0500EF
:10B2A0002DE9F041037C013BDBB2012B12D80646AD
:10B2B000884617464FF44A720021806836F059FCE0
:10B2C000304629F079F8B06800F5437034F0B7FCE7
:10B2D000002523E0244C4FF497622146234827F0B1
:10B2E000C3FC4FF49761204632F040F8B0682C015F
:10B2F00004F51E742044043035F088F8B068031952
:10B3000005EB850C4FEA8C0C0CF52E7C6044043365
:10B310000022012104301FF0BDFC0135032DE5DDC5
:10B32000B36900241C600121304628F095FFB36802
:10B3300050225A87B36818221A8731683046FFF7BF
:10B340006BFF64F38207B368C3F8747270680368B4
:10B350001C683346064A4146A04710B9B36801222B
:10B360001A75BDE8F08100BF186E0500FC2F0500BE
:10B370009F43040070B588B098B11D4604468068AC
:10B38000D8B16368CBB12368BBB1D0F82033002BB0
:10B3900039D12046FFF784FF0646D0B1304608B0C9
:10B3A00070BD1A4C40F265522146194827F05CFCEA
:10B3B00040F26551204631F0D9FF144C40F26652FC
:10B3C0002146134827F050FC40F26651204631F0E8
:10B3D000CDFFA06AE16A00220023CDE90623002305
:10B3E00004930E2303930C9B029301950094094B45
:10B3F0004FF480521DF08CFBA368C3F82003616AF0
:10B400001DF086FACAE76FF07706C7E7186E0500E9
:10B41000FC2F0500D5AE010010B518B1826891640B
:10B4200061B110BD074C40F215722146064827F065
:10B430001BFC40F21571204631F098FF28F043FEC6
:10B44000EFE700BF186E0500FC2F050010B582B0B5
:10B4500004461346002200920A4601460548FBF7BF
:10B46000B7F823691B790BB902B010BD204629F04B
:10B4700028F9F9E7DB46040070B50C46037873B190
:10B480002388C21812F8012C11498A5C12F0080FA7
:10B4900006D0013B9BB22380002BF1D1037070BD1D
:10B4A0000022C25413461D4601339BB24119425D2E
:10B4B000074EB25C12F0080FF5D1002DEFD02288B4
:10B4C000521B013236F03BFB23885B1B2380E6E7EF
:10B4D000C6E805002DE9F8430746056800269CE00C
:10B4E0006C1C4DB12846F2F7FDFC82B2214628467D
:10B4F00036F025FB254690E00022F7E76E1C4DB1A3
:10B500002846F2F7EFFC82B23146284636F017FBA8
:10B51000264682E00022F7E76C1C4DB12846F2F780
:10B52000E1FC82B22146284636F009FB002674E091
:10B530000022F7E76C1C2846F2F7D4FC82B22146C1
:10B54000284636F0FCFA254667E04FF00008022452
:10B55000042C0CD82B5DA3F13002D2B2072A06D8F6
:10B5600042EAC8025FFA82F80134E4B2F0E7022C42
:10B570006DD904F1FF39A94465B12846F2F7B2FC50
:10B5800082B2023C121B4946284636F0D8FA05F82A
:10B59000018B42E00022F4E7A3F16102D2B2052A56
:10B5A00014D8573BDBB243EA08135FFA83F801343F
:10B5B000E4B2032C16D82B5DA3F13002D2B2092AD3
:10B5C000EAD842EA08125FFA82F8F0E7A3F14102F2
:10B5D000D2B2052A06D8373BDBB243EA08135FFA3A
:10B5E00083F8E4E7022C17D904F1FF39A94465B1C7
:10B5F0002846F2F777FC82B2023C121B49462846E5
:10B6000036F09DFA05F8018B07E00022F4E7154BB0
:10B610001B5D13F0080F20D101352C78ECB146B931
:10B62000272C3FF46BAF5C2C3FF45AAF222C3FF435
:10B6300065AFA6423FF470AF002EE8D05C2CEBD192
:10B640006B789E423FF476AF302B3FF47EAF782B81
:10B65000E2D14FF000080224ABE73D603046BDE880
:10B66000F88300BFC6E8050070B582B004460E46F8
:10B6700001921D460020206007E0531C0193002327
:10B68000137002E001A8FFF725FF019A117869B154
:10B69000074B5B5C13F0080FEFD123685A1C226044
:10B6A000019A46F823202368AB42EBD102B070BD6B
:10B6B000C6E805008C46034690B110B51446CAB1E1
:10B6C000806880B31B4B984220D31B4B98421DD2FD
:10B6D0000368114660469847206820B3204622E060
:10B6E0001649174A521ABCEB920F01D251F82C306E
:10B6F00018467047134C40F229122146124827F091
:10B70000B3FA40F22911204631F030FE0F4B984237
:10B7100002D30F4B984207D300680CEB8C0C00EB64
:10B720008C0003681BB110BD0CF1010CF5E7184645
:10B73000F9E700BF482C0500482C0500142B050034
:10B74000442B050060710500FC2F0500442B05000B
:10B75000482C0500002835D0F8B50646F2F7C2FBA4
:10B7600085B275B30024274606E00137BFB2013227
:10B7700092B20EE00134A4B2AC466B1E9C4220DAB9
:10B780002046335D104AD35C13F0080FF2D0621CE0
:10B7900092B29542EED906EB020EB35C0A49CB5C3D
:10B7A00013F0080FE1D1002FE4D00130ACEB02021E
:10B7B00001327146304436F0C2F9EF1BBDB20027AA
:10B7C000D8E7F8BD704700BFC6E8050070B48446EE
:10B7D0000020064605E0002B0DDD15E001260130B6
:10B7E00080B213FB00F411FA84F4A4B20CB9002B5C
:10B7F0000ADB9442EFD01CF80440044D2C5D14F099
:10B80000070FEBD1002EEAD070BC7047C6E80500E8
:10B8100008B58368D3F8743213F0200F00D108BD47
:10B820000249406929F07CF8F9E700BF742C050053
:10B8300008B58368D3F8743213F0200F00D108BD27
:10B840000249406929F06CF8F9E700BF782C05003F
:10B8500008B58368D3F8743213F0200F00D108BD07
:10B860000249406929F05CF8F9E700BF802C050027
:10B87000082915D814D008B5836893F83F208A4268
:10B8800007D083F83F108368D3F8743213F0200F89
:10B8900000D108BD0A460349406929F041F8F8E79C
:10B8A000704700BF9071050008B50A1E09DD4123ED
:10B8B000002A0ADB8168D1F8741211F0200F06D13A
:10B8C00008BD002AFCD04223F2E75242F2E70249C7
:10B8D000406929F025F8F3E79C71050008B50A1EB8
:10B8E00009DD4323002A0ADB8168D1F8741211F0C4
:10B8F000200F06D108BD002AFCD04423F2E75242B3
:10B90000F2E70249406929F00BF8F3E79C71050062
:10B9100010B504460A468368B3F85210481CA3F8D1
:10B9200052000B4483F85620A368D3F8741211F028
:10B93000020F0DD0D3F8743213F0040F00D02A2276
:10B940000649606928F0ECFF204629F04EF800B95E
:10B9500010BD0349606928F0E3FFF9E7A071050015
:10B960006CE1050010B5044629F03FF818B92046EF
:10B9700028F0E4FF18B10249606928F0D1FF10BD3A
:10B980006CE10500F8B505468468B4F85020B4F8B9
:10B99000521004F1300028F0E9FEA78EE68E28460A
:10B9A00028F0CCFF70B9B74211D0E18EA38EC91A2E
:10B9B0002846FFF779FF218E638EC91A2846FFF7C4
:10B9C0008DFFF8BD0549686928F0AAFFEBE7218ED5
:10B9D000638EC91A2846FFF781FFF2E76CE1050084
:10B9E0002DE9F8430546846814F1560006D0F2F7B5
:10B9F00079FA86B294F83C7000231BE00026F9E740
:10BA00001C44224492F856904FF0000882F8568069
:10BA1000AA6850331A4406320F49686928F080FF3B
:10BA2000AB68234483F85690AB685B8FDB1BF61A38
:10BA300023464746AA68548FE41BB442E0DB002E3D
:10BA400001DCBDE8F88350331A44063203496869C3
:10BA500028F066FFF5E700BF5864050080C50500C3
:10BA60002DE9F04182B0F0B1884614460746D1B1C5
:10BA70000025002C3BD078680368DE6801AB2246C5
:10BA800008EB0501B047D0B9019BA34223D81D4460
:10BA9000E41A002BEDD1BB681B7D032BE9D038469F
:10BAA00028F07CFFE5E7134C40F2B1122146124822
:10BAB00027F0DAF840F2B111204631F057FC0D4C76
:10BAC00040F2BB1221460C4827F0CEF840F2BB11E1
:10BAD000204631F04BFC074C4FF4DE7221460648FD
:10BAE00027F0C2F84FF4DE71204631F03FFC02B07F
:10BAF000BDE8F081A4710500FC2F0500082921D8BC
:10BB000008B5836893F83E208A4209D083F83E1036
:10BB100008290CD08368D3F8743213F0200F00D1B9
:10BB200008BD0A460849406928F0FAFEF8E783682C
:10BB3000D3F8743213F0200FF2D00449406928F092
:10BB4000EFFEEDE7704700BFD0710500842C0500C3
:10BB50000CB470B582B0069EE0B10D460446836811
:10BB600023B3426972B3002E38D0D3F8783213F47D
:10BB7000005F03D134F0F2F900283BD107AB019309
:10BB800032462946204628F0FBFF02B0BDE870404F
:10BB900002B070471D4C40F21A2221461C4827F083
:10BBA00063F840F21A21204631F0E0FB174C40F2D6
:10BBB0001B222146164827F057F840F21B21204649
:10BBC00031F0D4FB114C4FF407722146104827F096
:10BBD0004BF84FF40771204631F0C8FB0B4C40F294
:10BBE0001D2221460A4827F03FF840F21D21204639
:10BBF00031F0BCFB054C40F21E222146044827F0E0
:10BC000033F840F21E21204631F0B0FBA47105004C
:10BC1000FC2F05008168B1F85020002A46D070B58D
:10BC20000546B1F85230002B3FD04F330B4406335A
:10BC300001F1560C002402E00134A4B2013B63453B
:10BC400002D319782029F7D0634506D31978202923
:10BC500003D00134A4B2013BF6E75E1C611C121B49
:10BC60001944304635F06BFFAA68B2F850301B1B00
:10BC7000A2F85030AB68B3F850201344002283F888
:10BC80005620614209B2284628F0CAFE2846FFF72E
:10BC9000BFFD3346064A08212846FFF759FF2846CC
:10BCA000FFF7C6FD2846FFF7D3FD70BD704700BF04
:10BCB00080C50500F8B504460E4617466AB9A06867
:10BCC000D0F8743213F0040F27D0B0F8523050334C
:10BCD00018440630F2F706F907E0FFF7A9FDEEE792
:10BCE0001349606928F01CFE2846451E0028F7D13C
:10BCF000A368B3F85020A3F85220204628F01EFE77
:10BD000028B107B11EB10B49606928F009FE7142E4
:10BD100009B2204628F084FEF8BDB0F85230503306
:10BD200003440633044A08212046FFF711FFDFE7EA
:10BD3000EC8305006CE1050080C5050008B583684B
:10BD4000024A0221FFF704FF08BD00BF80C50500BD
:10BD500070B592B098B10646002301934FF47A74FF
:10BD6000706803681D6901AB402202A9A847019BC6
:10BD70001BB110B9013C002CF2DC12B070BD064CB6
:10BD800040F22A222146054826F06EFF40F22A2181
:10BD9000204631F0EBFA00BFA4710500FC2F05002E
:10BDA000002979D02DE9F843804616460D460BB997
:10BDB000002404E01146FFF791FDF9E701342B5D03
:10BDC000364AD35C13F0080FF8D156E0D8F81400C7
:10BDD00028F077FC3A4629194046FFF741FE09F161
:10BDE00001042F49D8F8140029F031F931464046B2
:10BDF000FFF774FD2919D8F8140029F028F928490B
:10BE0000D8F8140029F023F9BDE8F8830027874209
:10BE1000F0D204EB070915F809300A2BD6D0013708
:10BE2000F5E79A1996450DD90133E218A95C1B4A2A
:10BE300012F801C01CF0080FF3D00A2901D01F46E8
:10BE4000EFE71F46D8F8140028F03BFC3A462919C2
:10BE50004046FFF705FE3C4400E001342B5D0F4AED
:10BE6000D35C13F0080FF8D10D49D8F8140029F06D
:10BE7000EEF831464046FFF731FD2846F2F732F83A
:10BE800080B2001BD8F80830B3F83AE0AEEB0607F2
:10BE90008742BBD20023C8E7704700BFC6E8050051
:10BEA0006CE1050000293ED02DE9F04184B0064642
:10BEB00015461F4602F106081FFA88F80C460B7853
:10BEC00013B904B0BDE8F0810846F2F70BF880B270
:10BED0002D1AADB220238DF80F300094124B134A67
:10BEE00008213046FFF734FE0FB100240CE0104962
:10BEF000706929F0ACF8E4E701220DF10F0130463A
:10BF0000FFF7AEFD0134A4B2AC42F5D3064B094AAB
:10BF100008213046FFF71CFE0023424639463046D2
:10BF2000FFF73EFFCDE7704710720500F87105007E
:10BF30006CE10500F85E0500F0B583B005460E46DD
:10BF40000F68AFB13846F1F7CDFF84B20334A4B225
:10BF5000084B00933B46084A08212846FFF7F8FDA6
:10BF60000023224671682846FFF71AFF03B0F0BD90
:10BF70000024EBE70C720500F871050010B50446CB
:10BF80000749F1F7A5FF30B106492046F1F7A0FFB8
:10BF900018B1002010BD0120FCE70120FAE700BF26
:10BFA000007205000472050010B504468368D3F8DA
:10BFB000743213F0200F07D1A368D3F8743213F052
:10BFC000200F06D1002010BD0449406929F08CF8EB
:10BFD000F2E70349606929F087F8F3E78C2C050044
:10BFE000942C050008B58368D3F8743213F0200F41
:10BFF00000D108BD0249406929F076F8F9E700BF91
:10C000009C2C050008B58368D3F8743213F0200F18
:10C0100000D108BD0249406929F066F8F9E700BF80
:10C02000A02C050010B504468368D3F8743213F0D1
:10C03000200F07D1A36850225A87A36818221A87B5
:10C04000002010BD0249406929F04EF8F2E700BF18
:10C05000A42C050008B583691A68024928F0E8FA9B
:10C06000002008BD1472050000B583B002290DD070
:10C070008368D3F8743213F0020F11D0094A0A49C9
:10C0800028F0D6FA002003B05DF804FB5368009353
:10C09000064B1268064928F0E9FA6FF01500F2E73E
:10C0A000044AECE7BCA805004C72050028720500A4
:10C0B000407205002472050008B50249FFF7ACF88C
:10C0C000002008BDE467050070B582B0064612493D
:10C0D00028F0AEFA114C00220AE0551CADB2636A9A
:10C0E0000093A3680E49304628F0A2FA30342A465D
:10C0F0000C4B9C4205D80B4B9C42EED3002002B067
:10C1000070BD094CE6222146084826F0ADFDE62127
:10C11000204631F02BF900BF60720500E42A0500CB
:10C1200078720500142B05008C720500FC2F0500A9
:10C1300070B582B00446002509E06E1CA36803F5C3
:10C14000AB732A460B49204628F072FA3546A2689E
:10C150000DF1060302F5AB720121E06829F0BEF88B
:10C16000BDF80630002BE8D1A368002083F8560103
:10C1700002B070BDBC7205002DE9F04383B00446E7
:10C180000E46154600278DF803700F8017808068D3
:10C190004FF48072394600F5AB7035F0EAFC48493F
:10C1A000606928F0A1FF606928F08BFAB846B8F5FD
:10C1B0007A7F15D36FF073007BE04FF47A7033F021
:10C1C000A9FC08F101081FFA88F8F0E7522B1DD0EE
:10C1D000A2683A4482F856310137BFB2092F62D8BB
:10C1E00060680368D3F8109001AB01220DF10301E0
:10C1F000C847019B002BE0D09DF803301B2BE5D0F6
:10C20000A26892F856211B2AE0D0E9E7A3683B44D4
:10C21000002283F85621A36893F857215B2A15D191
:10C220000222A368134493F856113B2914D02B889B
:10C2300003EB83035B009BB2013292B20B44303BB1
:10C240002B80FF2AEDD96FF0790032E0002283F8CD
:10C2500056216FF004002CE0013292B2FF2A2BD855
:10C26000A368134493F8561171B1338803EB830329
:10C270005B009BB2013292B20B44303B3380FF2A09
:10C28000EED96FF0790014E03388FA2B01D9FA2344
:10C2900033802B88FA2B01D9FA232B80A368002046
:10C2A00083F8560105E0A368002283F856216FF059
:10C2B0000B0003B0BDE8F0836FF00400F9E700BFA6
:10C2C0000473050010B582B00446012904D128F09A
:10C2D000AFFF58B902B010BD536800930A4B126803
:10C2E0000A4928F0C3F96FF01500F3E7A36850225C
:10C2F0005A87A36818221A870549204628F0A7F90B
:10C300006FF00700E6E700BF2872050040720500E5
:10C31000C872050010B5044628F0CBF9024603495F
:10C32000204628F085F9002010BD00BF40B405006C
:10C330002DE9F04786B081460F4616464FF00008BB
:10C34000414602250DE033461C4A03214846FFF7CB
:10C35000FFFBB8F1000F27D1284606B0BDE8F087F3
:10C3600021464C1C01AA3846FFF7A4F98246002852
:10C37000EFD00022DAF80010304629F045FA002804
:10C38000EED1D9F808003346DAF8002000F1540164
:10C3900000F5AB7029F04CF805460128D3D00028F1
:10C3A000D7D108F10108DBE7D9F80800324600F1DF
:10C3B000540100F5AB7028F0F5F9CDE7C87A050017
:10C3C00008B5034826F0F1F9024826F0EEF908BD59
:10C3D000247B05005C7B050070B58CB000230193C5
:10C3E00002930393049305930693B8B10C46054654
:10C3F00001B3254B1B684BB3234B1B68002B36D076
:10C40000029323680393A388ADF810301F4B059364
:10C4100001A928460DF06EFF0CB070BD1C4C40F217
:10C42000B71221461B4826F01FFC40F2B7112046E8
:10C4300030F09CFF164C4FF4DC722146154826F074
:10C4400013FC4FF4DC71204630F090FF0DF11C0C12
:10C45000114E0FCEACE80F0033688CF8003007AAFD
:10C460000C210E480DF0D2FA074B1860C4E7084CB7
:10C4700040F2BF122146074826F0F6FB40F2BF11FA
:10C48000204630F073FF00BFB46B0020A1C4010050
:10C490008C7B0500FC2F0500AC2C05008C7D050075
:10C4A00008B5074BD3E8EF1F0131C3E8E21F002AAC
:10C4B000F8D10022002303481CF0AAF808BD00BFF1
:10C4C000C027002030200020A0B108B52CF00EFFBE
:10C4D000032801D9043808BD074B1B6813F0070F68
:10C4E00001D10020F7E70346044A0121024827F062
:10C4F000EEFAF6E700207047F42F0020BC7B050021
:10C50000F0B585B000AF05462E4B5868FFF7DCFF4D
:10C510000446F86000F1080323F00703ADEB030DB8
:10C52000C7F800D00023BB80431CFB80C7F808D0AD
:10C530001946384602F02CFE58B1064607F10C01A8
:10C54000013014F0E1FD90B9002420461437BD46B7
:10C55000F0BD1D4B1B6813F0070F02D16FF00B04E9
:10C56000F3E71A4A0121184827F0A7FAF6E7154B16
:10C570001A7C337862F304033370DBB26FF3471332
:10C580003370F968611A384602F094FD394628463E
:10C59000FFF722FF044630B90A4C207C28F0ECFF5C
:10C5A0002074FC68D1E72FF0C6FC074B1B6813F022
:10C5B000060FCAD02346064A0221034827F087FA0D
:10C5C000C3E700BFB8270020F42F0020EC7B050054
:10C5D0001C7C050008B5154BD3E8AF3F13F0020FE4
:10C5E00000D108BD124B5868FFF78AFF002807DD0D
:10C5F000104BD3E8EF1F0139C3E8E21F002AF8D13E
:10C6000014F078FD30B94FF4F01200230A481BF003
:10C61000FFFFE6E7074BD3E8AF3F002BE1D0002256
:10C62000002305481BF0F4FFDBE700BFC427002010
:10C63000B8270020C02700203020002008B5064B76
:10C64000D3E8EF1F21F00201C3E8E21F002AF7D16F
:10C6500002481BF0E5FF08BDC42700203020002061
:10C6600030B585B000230193029303930391012A0F
:10C670002FD80546144601AA1A49012009F056FE92
:10C680009DF8043013B1029BAB420FD1164B1B68CF
:10C6900023B11B6813B128469847E8B1FCB9124B87
:10C6A0005B68AB4210D0022005B030BD0F4B1B6859
:10C6B00013F0060F02D16FF07F00F5E70C4A02215C
:10C6C0000A4827F0FAF9F6E72846FFF7B7FF0220F5
:10C6D000EAE76FF01200E7E76FF00200E4E70220FC
:10C6E000E2E700BF81550400B8270020F42F0020A6
:10C6F000507C050008B50C4BD3E8EF2F42F0020147
:10C70000C3E8EC1FBCF1000FF6D112F0020F07D105
:10C710000C3B5B682BB10022002304481BF00CFF8C
:10C7200008BD034B5860F6E7C427002030200020E6
:10C73000B8270020F8B5054616461C46BDF8187007
:10C7400001220DF091F900283CD0214B1B682BB140
:10C750001B681BB128469847002836D047B9012CE2
:10C7600014D13178284628F017FFE8B12046F8BDEB
:10C77000184B1B6813F0060F02D16FF00600F6E7A6
:10C78000154A0221134827F098F9F6E7114B1B6868
:10C7900013F0060F02D16FF00C00E8E70F4A0221F8
:10C7A0000C4827F08AF9F6E70A4B1B6813F0060FCE
:10C7B00002D16FF0FE00DAE7094A0221054827F0AE
:10C7C0007CF9F6E76FF08000D1E76FF00200CEE76A
:10C7D000B8270020F42F00208C7C0500B47C0500D5
:10C7E000E07C050010B584B001240294044C01944F
:10C7F000BDF8184000940CF087FE04B010BD00BFD7
:10C80000C4E8050010B584B035240294044C0194AA
:10C81000BDF8184000940CF077FE04B010BD00BFC6
:10C82000147D05002DE9F04F99B005460E461746D8
:10C83000984614A813F06AFEDDF850904846F1F7C8
:10C8400051FB00F12E04402C29D883460DF1100A2B
:10C85000D446DFF870E0BEE80F00ACE80F00BEE899
:10C860000F00ACE80F009EE80F00ACE80700ACF842
:10C8700000305A4649460DF13E0035F053F9A4B256
:10C880000294CDF804A0BDF88830009343463A46A0
:10C89000314628460CF038FE19B0BDE8F08F074B42
:10C8A0001B6813F0070F02D16FF00C00F4E7044A85
:10C8B0000121024827F001F9F6E700BFF42F00201C
:10C8C0004C7D05005C7D05002DE9F04383B00646F4
:10C8D0000D4617469846BDF82890CC681D4B1B683E
:10C8E0001BB11B680BB1984770B35FFA84FCBCF1B5
:10C8F000030F2CD8DFE80CF0020D161FCDF80090C6
:10C9000043463A4629463046FFF76CFF03B0BDE880
:10C91000F083CDF8009043463A462946304628F049
:10C9200049FEF3E7CDF8009043463A4629463046A3
:10C93000FFF778FFEAE7CDF8009043463A462946EC
:10C940003046FFF75FFFE1E76FF00100DEE76FF0D1
:10C950000900DBE7B827002008B50B4B5B68834272
:10C9600000D008BDFFF76AFE074B00225A601A7418
:10C9700008330222D3E8EF1FC3E8E02F0028F9D1E3
:10C9800002481BF04DFEECE7B827002030200020C5
:10C9900008B5024820F0B0F908BD00BF787F050057
:10C9A000B0F5680F17D00CD840F6BA63984214D08F
:10C9B000B0F5683F13D03A2801D00120704700201D
:10C9C0007047094B98420CD0084B984201D0012087
:10C9D00070470020704700207047002070470020FB
:10C9E00070470020704700BF3A00003A2C5F5CA9F6
:10C9F00028B308B54368B3F5683F0AD0B3F5680FAC
:10CA000014D012498B421FD000681AF033FD002069
:10CA100014E003680022D3E8EF1F012903D1C3E823
:10CA2000E02F0028F7D10DD1104607E003681B78EE
:10CA300003F580730020064A42F8230008BD6FF416
:10CA4000E04070470348F9E70348F7E72C5F5CA92B
:10CA500000000350E98FFFFFEA8FFFFF88B308B59E
:10CA60004368B3F5683F0FD0B3F5680F19D0164986
:10CA70008B4224D000684FF0FF324FF0FF331AF0A2
:10CA80000FFC68B111480BE003680122D3E8EF1FE7
:10CA9000002903D1C3E8E02F0028F7D10BD10020F3
:10CAA00008BD03681B7803F58073094A52F82330E8
:10CAB0001BB90020F4E70548F2E70448F0E7054811
:10CAC000EEE76FF4E04070472C5F5CA9E98FFFFF51
:10CAD00000000350EA8FFFFF10B50446A8B1636859
:10CAE000B3F5683F10D0B3F5680F0DD00D4A9342EF
:10CAF0000AD013F4686F0DD021680B481AF0E4FADD
:10CB000000232360074B636010BD084B5B68084837
:10CB10009847E4E7236800221A605A609A60DA6056
:10CB20001A61EFE72C5F5CA9B8700020B02C0020E0
:10CB3000807F050010B5044668B36068B0F5683FB3
:10CB400028D0B0F5680F25D0174B984228D0FFF7B2
:10CB500027FFC0B14FF0FF324FF0FF33214613489B
:10CB60001AF03AFA08B923681BB9114B5B681148EF
:10CB70009847236800221A605A609A60DA601A6146
:10CB80004FF468636360206833F059F8636843F0DA
:10CB90003A03636010BD064B5B6807489847CCE7D3
:10CBA0002368002BD3D1D5E72C5F5CA9B870002097
:10CBB000B02C0020A87F0500807F050008B5402329
:10CBC00014220449044833F015F80449044820F0BD
:10CBD00057F908BDB86B0020B8700020D87F050059
:10CBE000EC7F05002DE9F04F87B000AF8146934BF5
:10CBF0001B6813F0070F42D0D0F800E0D0F804C053
:10CC000085686E468AB06B4613F1100200F087808B
:10CC100014218AB10846042903DDDFF82C82C3F809
:10CC20001480082801DDC3F818E00C2801DDC3F8E2
:10CC30001CC0102800DD1D62132973DD14253AB1D4
:10CC40000521397500217975B975F975786918610B
:10CC500000216FF300016FF341016FF382016FF365
:10CC6000C501012363F38811C5F30A0565F3532158
:10CC70006FF31F5100237148FBF786FFB5466F4BDA
:10CC80001B6813F0070F42D0D9F80CE0D9F810C098
:10CC9000D9F814506E468AB06B4613F1100244D096
:10CCA00014218AB10846042903DDDFF8A081C3F806
:10CCB0001480082801DDC3F818E00C2801DDC3F852
:10CCC0001CC0102800DD1D62132931DD14253AB186
:10CCD0000521397500217975B975F975786918617B
:10CCE00000216FF300016FF341016FF382016FF3D5
:10CCF000C501012363F38811C5F30A0565F35321C8
:10CD00006FF31F5100234D48FBF73EFFB5464B4BD9
:10CD10001B6813F0070F0ED14FF0000B3BE06FF0D4
:10CD2000004176E76FF01B0589E76FF00041B8E737
:10CD30006FF01B05CBE7D9F81C30414A01213F4871
:10CD400026F0C5FEE8E76FF000404CE0272872DDD2
:10CD500028213AB10A20387500207875B875F87521
:10CD6000786918616FF300046FF341046FF3820474
:10CD70006FF3C504012363F38814C1F30A0161F35F
:10CD800053246FF31F54002321462C48FBF7FCFE6D
:10CD9000AD460BF1040BBBF10F0F59D8274B1B68A5
:10CDA00013F0070FF5D00BF1080359F823800BF1AE
:10CDB000010E0BF1090359F82330FB600BF102035C
:10CDC000BB600BF10A0359F823307B600BF1030CB5
:10CDD0000BF10B0359F823A06D468EB06B4613F18F
:10CDE0001002B0D02820002AB0D00146042801DD6E
:10CDF000144E5E61082901DDC3F818B00C2901DD6D
:10CE0000C3F81C80102901DDC3F820E0142901DDDE
:10CE1000FE685E62182901DDBE689E621C2901DD84
:10CE20007E68DE62202901DDC3F830C024298DDD53
:10CE3000C3F834A08AE76FF01B018AE7183000209E
:10CE4000F08005000081050090800500C08005008D
:10CE50008C4B1B6813F0070F40F0EA80D9F868404C
:10CE6000002C00F0D780874B1B6813F0070F43D0CE
:10CE7000D4F800E0D4F804C0A5686E468AB06B46CA
:10CE800013F1100200F0DC8014218AB10846042955
:10CE900003DDDFF80082C3F81480082801DDC3F841
:10CEA00018E00C2801DDC3F81CC0102800DD1D624D
:10CEB000132940F3C88014253AB1052139750021A2
:10CEC0007975B975F9757869186100216FF30001FA
:10CED0006FF341016FF382016FF3C501012363F327
:10CEE0008811C5F30A0565F353216FF31F51002321
:10CEF0006448FBF749FEB546624B1B6813F0070F09
:10CF000043D0D4F80CE0D4F810C065696E468AB0FE
:10CF10006B4613F1100200F0998014218AB1084683
:10CF2000042903DDDFF87081C3F81480082801DDCF
:10CF3000C3F818E00C2801DDC3F81CC0102800DD80
:10CF40001D62132940F3858014253AB105213975F6
:10CF500000217975B975F9757869186100216FF349
:10CF600000016FF341016FF382016FF3C5010123EB
:10CF700063F38811C5F30A0565F353216FF31F515D
:10CF800000234048FBF700FEB5463E4B1B6813F0FC
:10CF9000070F3FD0D4F818C0E669246A6D468AB0FE
:10CFA0006B4613F1100257D0142182B108460429B0
:10CFB00003DDDFF8E8E0C3F814E0082801DDC3F87A
:10CFC00018C00C2800DDDE61102800DD1C6213296A
:10CFD00045DD14243AB10521397500217975B975FB
:10CFE000F9757869186100216FF300016FF3410151
:10CFF0006FF382016FF3C501012363F38811C4F35A
:10D000000A0464F353216FF31F5100231D48FBF7FB
:10D01000BBFDAD461B4B1B6813F0070F22D1194B0C
:10D020001B6813F0070F25D11C37BD46BDE8F08FF4
:10D03000D9F86030144A0121124826F048FD0DE766
:10D040006FF0004121E76FF01B0535E76FF00041FD
:10D0500064E76FF01B0578E76FF00041A5E76FF01C
:10D060001B04B7E7D9F87030084A0121054826F0BB
:10D070002EFDD4E7D9F81830054A0121014826F0E1
:10D0800026FDD1E71830002044810500E481050029
:10D09000F88105005481050084810500B4810500F4
:10D0A00038B504460D4611B10846FFF79BFD012C2B
:10D0B00004D02946204630F059FA38BDEFF30583F5
:10D0C000103B054A126812F0070FF2D0034A012103
:10D0D000014826F0FCFCECE718300020288205000F
:10D0E000014B1860704700BF0828002008B5034BAB
:10D0F0001B68984700F008F808BD00BF082800200A
:10D1000030BFFFF7FDBF00BF074B9B6893F90E20B0
:10D11000002A08DB044A126A934204D0034A536887
:10D1200043F08053536070478064002000ED00E0BE
:10D1300081690D4B5A6942F480725A61BFF34F8F77
:10D14000BFF36F8F31F8021C5A6922F480725A6162
:10D15000BFF34F8FBFF36F8F4DF60273994201D02B
:10D16000002070470120704700ED00E04FF0000CF8
:10D1700083F800C002F07F4CBCF17F4F1AD102F05F
:10D180000C0CBCF1080F04D012F0080F0FD00846A9
:10D19000704708B5084B1B6813F0070F01D100203A
:10D1A00008BD064A0121044826F087FCF7E7012262
:10D1B0001A70704700207047183000203C8205002C
:10D1C00008B5494B1B6813F0070F0BD1474B9B6AFF
:10D1D00013F0007F13D0444B1B6813F0070F07D1E7
:10D1E0001E200DE0424A01213F4826F066FCEDE793
:10D1F000404A01213C4826F060FC1E2000E01D2032
:10D200003A4B9B6A13F0807F05D0374B1B6813F0B5
:10D21000070F3FD11F20354B9B6A13F4801F05D0A9
:10D22000314B1B6813F0070F3BD102202F4B9B6A39
:10D2300013F4002F05D02C4B1B6813F0070F37D1C8
:10D2400021202A4B9B6A13F4802F05D0264B1B68A4
:10D2500013F0070F33D12220244B9B6A13F4003FB5
:10D2600005D0214B1B6813F0070F2FD123201F4B34
:10D270009B6A13F4803F05D01B4B1B6813F0070F0C
:10D280002BD12420194A936A6FEA03436FEA1343B0
:10D29000936208BD184A0121134826F00EFC1F2096
:10D2A000B9E7164A0121104826F007FC0220BDE725
:10D2B000134A01210C4826F000FC2120C1E7114A45
:10D2C0000121094826F0F9FB2220C5E70E4A012179
:10D2D000054826F0F2FB2320C9E70C4A0121024849
:10D2E00026F0EBFB2420CDE71830002000ED00E015
:10D2F000688205008082050094820500B0820500E6
:10D30000DC820500FC8205002483050040830500C3
:10D3100008B500230B70064B1B6813F0070F00D1F4
:10D3200008BD044A0121024826F0C7FBF8E700BF08
:10D33000183000206C830500354B1B6813F0070F75
:10D3400064D0B0B582B000AF0F2924DC314D103964
:10D350006C4600233B7102237B718AB0EC461CF1C2
:10D3600010021AD0122022B1042802DD2A4BCCF878
:10D37000143000233B7002237B70E2B1034608287F
:10D3800001DDCCF818500C2B01DDCCF81C100CF191
:10D39000200300210DE0214DD9E76FF00040E2E7C6
:10D3A00001F1080505EB070E1EF808EC03F801EB88
:10D3B00001310129F4D9112825DD12234AB10421B4
:10D3C000397100217971B9710121F9717868CCF84E
:10D3D000100000216FF300016FF341016FF3820130
:10D3E0006FF3C501012060F38811C3F30A0363F3EF
:10D3F00053216FF31F5100230548FBF7C5FBA546DA
:10D400000837BD46B0BD6FF01B03D7E7704700BFBC
:10D410001830002090830500C4830500A883050010
:10D42000F8B506460F461546504B1B6813F0070F1C
:10D430000BD14F4B9B6A13F4805F13D04B4B1B688F
:10D4400013F0070F07D117240DE04A4A012147487E
:10D4500026F033FBEDE7484A0121444826F02DFB36
:10D46000172400E01624424B9B6A13F4006F05D08A
:10D470003E4B1B6813F0070F1ED118243C4B9B6AD0
:10D4800013F4007F2CD0394B1B6813F0070F1AD10F
:10D49000374A936B926A12F4004F20D0334A1268D5
:10D4A00012F0070F15D1002F3CD0314A936A23F4B4
:10D4B00000439362192413E0304A01212B4826F0DF
:10D4C000FCFA1824DAE72E4A0121284826F0F5FA5A
:10D4D000DEE72C4A0121254826F0F9FAE3E7192472
:10D4E000234B9B6A13F4806F05D0204B1B6813F00D
:10D4F000070F19D11A241E4B9B6A13F4807F21D089
:10D500001A4B1B6813F0070F15D11B24184A936A96
:10D5100043F47F4393620121304628F082F828705B
:10D520002046F8BD1924DBE7174A01210F4826F0F1
:10D53000C4FA1A24DFE7154A01210C4826F0BDFA87
:10D540001B24E3E70A4B9B6A13F4005FDED0074B12
:10D550001B6813F0070F01D11C24D7E70C4A0121E7
:10D56000024826F0AAFA1C24D0E700BF1830002099
:10D5700000ED00E0D8830500F08305000484050079
:10D5800018840500348405004C8405006884050077
:10D59000808405002DE9F04104460F461646644B91
:10D5A0001B6813F0070F0BD1624B9B6A13F0100F2F
:10D5B00013D05F4B1B6813F0070F07D111250DE047
:10D5C0005D4A01215A4826F078FAEDE75B4A0121CD
:10D5D000574826F072FA112500E01025554B9B6A3A
:10D5E00013F0080F05D0524B1B6813F0070F1FD123
:10D5F0001225504B9B6A13F0020F2DD04C4B1B6829
:10D6000013F0070F1BD14B4BD3F834809B6A13F0F8
:10D61000800F5FD0464B1B6813F0070F15D1002F0A
:10D620005CD0444A936A23F080039362132515E08B
:10D63000434A01213E4826F040FA1225D9E7414AE3
:10D6400001213B4826F039FADDE743463E4A0121F5
:10D65000374826F03CFAE2E76FF01508354B9B6A35
:10D6600013F0010F05D0324B1B6813F0070F37D1B1
:10D670001425304B9B6A13F0200F05D02C4B1B68F0
:10D6800013F0070F33D115252A4B9B6A13F0100FA7
:10D6900004D1284B9B6A13F0020F04D0254B5B6822
:10D6A00013F4006F2AD1234B9B6A13F0200F04D090
:10D6B000204A536A23F4005353621E4A936A43F08C
:10D6C000FF0393620121204627F0ABFF307028460C
:10D6D000BDE8F0816FF015081325BFE71325BDE7FE
:10D6E0001A4A0121124826F0E8F91425C1E7184A20
:10D6F00001210F4826F0E1F91525C5E721464046EE
:10D7000000F054FB80B90B4B9B6A13F0100FCAD08A
:10D71000104C40F22D1221460F4825F0A5FA40F298
:10D720002D1120462FF022FE80F309880225BAE74A
:10D730001830002000ED00E0B0840500C88405002A
:10D7400004840500FC840500148505002C85050073
:10D75000808405004C850500FC2F050070B5064649
:10D760000C46444B1B6813F0070F0CD100232370A9
:10D77000414BDD6A15F0020512D03E4B186810F0DF
:10D78000070006D170BD3D4A01213A4826F095F9BF
:10D79000ECE73B4A0121184626F08FF90020F1E71B
:10D7A000354BDB6A002B14DB334BDB6A13F0804F05
:10D7B00053D0304B1B6813F0070F16D13046FFF7DC
:10D7C000B7FCF8B12B4B1B6813F0070F13D130686F
:10D7D000D8E7284B186810F00700D3D0294A012158
:10D7E000184626F06AF92846CCE7274A0121214845
:10D7F00026F063F9E2E73368244A01211D4826F048
:10D8000066F9E4E71C4B9B6A13F0FF0F0DD11A4B2E
:10D810009B6A13F47F4F0ED1174B9B6AB3F5803F81
:10D820000FD33046FFF7CCFCACE72246012130464F
:10D83000FFF7B0FEA6E7224601213046FFF7F0FDD4
:10D84000A0E7134C40F2FA222146124825F00CFAC8
:10D8500040F2FA2120462FF089FD0D4C40F2FE22C5
:10D8600021460C4825F000FA40F2FE2120462FF018
:10D870007DFD00BF1830002000ED00E08085050030
:10D8800098850500BC850500CC850500EC85050064
:10D890004C850500FC2F05002DE9F0419EB00646A1
:10D8A00015461F46234C6468C4F308044FF0000C6F
:10D8B0008CF31188BFF36F8F0DF17603FFF756FCE1
:10D8C00060B180460DF17702214627F0ACFE044698
:10D8D0009DF8773073B11EB0BDE8F081164C4FF45F
:10D8E00085622146154825F0BFF94FF48561204631
:10D8F0002FF03CFD68224146684634F013F91A9730
:10D900001B961C959DF876304BB1079BC3F308021C
:10D910005AB96FEA53236FEA4323079305E0079B45
:10D9200023F4FF7323F00103079369462046FFF7B2
:10D93000B7FBD0E700ED00E04C850500FC2F0500AB
:10D94000064B5A6942F010025A615A6942F48062E9
:10D950005A615A6922F008025A61704700ED00E0EE
:10D96000EFF30880EFF3098101B506B42DE9F00F5C
:10D970006B4672462FF0CDFC0AB001BD002080F34B
:10D980001488BFF36F8F002080F30A8880F30B8820
:10D99000144880F3088800201349087015F0A0FF90
:10D9A000002012490860BFF34F8F00F037F82020A5
:10D9B00080F311880E484FF0AA014FF4825232F0E2
:10D9C000D7F80B484FF48251401880F30988EFF3E1
:10D9D00014800221084380F31488BFF36F8F00F096
:10D9E00049F90000405C01206FA2002094ED00E0A6
:10D9F000C00B0120084BD3F89000C0F30720002390
:10DA000006E0054AC2F898300021C2F8A0100133A0
:10DA10008342F6DB704700BF00ED00E010B572B640
:10DA2000002484F31388FFF7E5FF234608E003F1A1
:10DA300020010E4A4FF0FF3042F821000133DBB2E3
:10DA40000F2BF4D9002308E003F16001074A4FF0DF
:10DA5000FF3042F821000133DBB20F2BF4D962B65C
:10DA6000BFF34F8FBFF36F8F10BD00BF00E100E029
:10DA700008B50A4B9B68834202D015F053FB08BDE2
:10DA8000EFF30583002BF8D0054B5A6842F0805223
:10DA90005A605A6A22F400425A62EEE7806400201B
:10DAA00000ED00E001B532F088FABDE801402949F7
:10DAB0008A6882F805E14FF040001044EFF3098CCA
:10DAC00080E8F01F1EF0100F03D102F1C40080ECBB
:10DAD000108A202080F31288BFF36F8F1E4F4FF003
:10DAE00000660A6A8A603E6092F905E1D2F8BC00DD
:10DAF0000023C2F8BC3080F311881EF0100F03D051
:10DB00000023E1EE103A03E002F1C40090EC108A29
:10DB1000EFF3148323F0040383F31488BFF36F8FB0
:10DB200004B5104600F00EFABDE8044002F14000D2
:10DB300090E8F01F8CF3098802F1000004B527F08B
:10DB4000B5FDBDE8044001B51BF018F8BDE8014083
:10DB5000704700008064002004ED00E01EF0040F18
:10DB60000CBFEFF30880EFF30980816911F8021C04
:10DB70000229FFD001B5EFF3098106B42DE9F00FBA
:10DB80006946724627F039FD0AB001BD002807DB5F
:10DB900000F01F02400901239340024A42F820305E
:10DBA000704700BF00E100E000280CDB00F01F021E
:10DBB0004009012393402030034A42F82030BFF34C
:10DBC0004F8FBFF36F8F704700E100E0002808DB44
:10DBD0004901C9B200F1604000F5614080F80013CE
:10DBE000704700F00F004901C9B2014B195470474A
:10DBF00014ED00E04209054B53F8222000F01F000D
:10DC0000012303FA00F01040704700BF00E100E07C
:10DC100010B50131072903D840B2FFF7D7FF10BD77
:10DC2000044C58222146044825F01EF8582120466D
:10DC30002FF09CFB08860500FC2F05000C4BD3F849
:10DC4000882022F47002C3F88820D3F8882042F498
:10DC5000A002C3F8882003F500734FF040425A63D6
:10DC6000BFF34F8FBFF36F8F0023E1EE103A704781
:10DC700000ED00E008B5094B23F07F03084A9360EC
:10DC8000BFF34F8FBFF36F8FFFF7D8FF18F0B6FFCA
:10DC90001CF084FA00F00CF919F010F800C2000032
:10DCA00000ED00E010B4017B11F0020F09D0D0F8B4
:10DCB000AC104031C0F8AC10D0F8B0104039C0F80A
:10DCC000B010A2F12004154942F8081C21F001010E
:10DCD00042F8081C42F8203C019B42F81C3C029B85
:10DCE00042F8183C039B42F8143C4FF0807342F812
:10DCF000043C04660023C0F8BC30C0F80431FD23A6
:10DD000080F80531037B13F0020F03D04FF6085360
:10DD1000C0F804315DF8044B704700BFE3270400EE
:10DD2000037B13F0020F1ED190F8053113F0100F92
:10DD300019D01D4A536B23F080435363D0F804314C
:10DD400013F0080F2DD023F00803C0F80431D0F8E9
:10DD5000AC30403BC0F8AC30D0F8B0304033C0F805
:10DD6000B03040207047104A536B43F080435363F8
:10DD7000D0F8043113F0080F0DD143F00803C0F8B8
:10DD80000431D0F8AC304033C0F8AC30D0F8B0300B
:10DD9000403BC0F8B030037B43F0020303738020A4
:10DDA00070474020704700BF00EF00E0164B9B68B3
:10DDB000FBB1D3F8042112F0080F0FD0802210F12C
:10DDC000160F0DD010B4D3F8AC40A21A824212D86C
:10DDD000844214D98C4209D800200DE04022EEE79D
:10DDE000D3F8AC208A420CD800207047D3F8AC009E
:10DDF00002E00020704700205DF8044B70470020CF
:10DE0000FAE7D3F8AC00704780640020124B9B689F
:10DE100083421BD1EFF30583DBB9EFF3118220239B
:10DE200083F31288BFF36F8F037B23F00203037326
:10DE3000EFF3148323F0040383F31488BFF36F8F8D
:10DE400082F31188BFF36F8F002070476FF01500C9
:10DE500070476FF0150070478064002008B50446D5
:10DE60000E46154627F014FC0B4B9C601AF086FEFC
:10DE7000204600F067F8D4F8AC3083F30B882C46CA
:10DE800086F309880020054B984720460021002290
:10DE90000023034C204700BF80640020B7560400D5
:10DEA000E3270400014B10221A61704700ED00E0E7
:10DEB000002207E003F1604303F56143202183F86A
:10DEC00000130132442A09DC53B2002BF2DA03F0CA
:10DED0000F030349194420230B76F2E7704700BF74
:10DEE000FCEC00E008B5EFF30583103B044A02EBBD
:10DEF000C301496852F833008847FFF705F908BDA8
:10DF0000A024050010B584B00A4C23460A4A01211A
:10DF10000A4800F071FA0023019302930393084B1F
:10DF20000193E41A0294012101A800F07DFA04B0E3
:10DF300010BD00BF00000720002000204086050023
:10DF4000F833002010B50446FFF7EAFE0346D4F884
:10DF5000AC20121A044802604360044B1B688360C3
:10DF6000012100F079FA10BDD8700020C02C050006
:10DF7000024B034AC3F8C020704700BF00ED00E029
:10DF8000AAFF4400034BC3F89800C3F89C10C3F8E1
:10DF9000A020704700ED00E00E4BC3F89800C3F8D6
:10DFA0009800D3F89C000A7A60F304020A72D3F84E
:10DFB000A020C2F34202087A62F347100872D3F835
:10DFC0009C2022F01F020A60D3F8A03023F01F0328
:10DFD000CB60704700ED00E070B505460E460024AA
:10DFE00000E00134A6421EDD04EB44039A0005EB79
:10DFF000830359680029F4D0A85827F0C8FB04EB24
:10E0000084030B4A42F8230010F1160F0CD0094B81
:10E010001B78984209DA04EB840302EB8301043194
:10E02000FFF7BAFFDDE7002070BD6FF01500FBE7DA
:10E03000E470002062A2002010B504460D4BD3F816
:10E040009030C3F30723013B984203D827F079FBB4
:10E05000204610BD084B1B6813F0070F02D16FF06C
:10E060001500F6E70346054A0121034825F02FFD78
:10E07000F5E700BF00ED00E0083000205086050005
:10E080002DE9F04F87B08146009101931446002698
:10E0900054E0684B1B6813F0070F02D16FF01504B2
:10E0A0000DE03346644A0121624825F010FDF5E792
:10E0B000604B1B6813F0070F05D16FF01504204665
:10E0C00007B0BDE8F08F3B465C4A0121594825F076
:10E0D000FEFCF2E7D84564D12946C0B227F068FBC0
:10E0E0002BE0574AC2F89870D2F89C3003F01F0317
:10E0F00021F01F010B43C2F89C302946E0B227F003
:10E1000057FB044610F1160FD9D0013415E0013B3E
:10E110004B49C1F89870D1F8A02002F01F0223F0FB
:10E120001F031343C1F8A0302946E0B227F040FB9B
:10E13000044610F1160FC2D001340136009B9E42F6
:10E14000BDDA06EB46054FEA850A09EB85056F68DF
:10E15000002FF2D0019B23B1284627F006FB0028B0
:10E1600097D0394659F80A0027F011FB074610F1FD
:10E17000160F9DD084429BDD314BC3F89800D3F835
:10E180009C2022F01F02C3F89800D3F8A03043F07F
:10E190001F0859F80A306968194401F1FF3B9A4297
:10E1A00098D09A429DD0D845B1D0013B2449C1F8BE
:10E1B0009870D1F8A02002F01F0223F01F03134330
:10E1C000C1F8A0302946E0B227F0F2FA044610F177
:10E1D000160F3FF474AF0130194BC3F89870D3F8A1
:10E1E0009C109DF8102061F304028DF81020D3F8E4
:10E1F000A030C3F34203D2B263F347128DF810206C
:10E2000059F80A306A681344029323F01F03A8EBFD
:10E210000B084344013B23F01F03059302A9C0B23E
:10E22000FFF70AFF044610F1160F3FF448AF013420
:10E2300083E700BF08300020788605009C86050033
:10E2400000ED00E010B5034C01232278FFF718FF22
:10E25000207010BD62A20020F8B505460E46144B92
:10E260001F783A4606E0134BC3F898200021C3F804
:10E27000A01001320F4BD3F89030C3F30723934221
:10E28000F1DC0024002C06DD01233A463146284605
:10E29000FFF7F6FEF8BD084B04EB840203EB8201A6
:10E2A000043153F8220027F04CFA0134EAE700BFAA
:10E2B00062A2002000ED00E0E4700020F0B587B01D
:10E2C000054605A8FAF77EFF0646002448E0576891
:10E2D000095827F01F0390680344013B23F01F03F4
:10E2E000019702919DF80C10012060F304018DF854
:10E2F0000C10C9B2022060F347118DF80C10049382
:10E30000D36813F0010F21D02E4C742221462E48E1
:10E3100024F0AAFC742120462FF028F857680958E9
:10E3200027F01F0392681344013B23F01F0301975A
:10E3300002919DF80C20022161F304028DF80C205B
:10E34000D2B26FF347128DF80C20049301A92878FC
:10E35000FFF772FE00282EDB2B7801332B7001347F
:10E36000B4422BD22001059901EB0412D3681B0D96
:10E370001B05B3F5001FAAD0B3F5800FCED0B3F5BF
:10E38000801FECD15768095827F01F039268134487
:10E39000013B23F01F03019702919DF80C200121FE
:10E3A00061F304028DF80C20D2B261F347128DF8AC
:10E3B0000C200493CAE76FF0150000E0002007B0BE
:10E3C000F0BD00BFC0860500FC2F0500044B0522F0
:10E3D000C3F89420BFF34F8FBFF36F8F704700BF18
:10E3E00000ED00E0BFF35F8F024B0022C3F89420E2
:10E3F000704700BF00ED00E010B5FFF723FF10F1FC
:10E40000160F00D010BD064C40F26F122146054891
:10E4100024F02AFC40F26F1120462EF0A7FF00BF27
:10E42000C0860500FC2F050010B5FFF7D5FD10F1E3
:10E43000160F00D010BD064C40F27F122146054851
:10E4400024F012FC40F27F1120462EF08FFF00BF17
:10E45000C0860500FC2F050010B5FFF7FDFE10F18A
:10E46000160F00D010BD064C4FF4C7722146054868
:10E4700024F0FAFB4FF4C77120462EF077FF00BF5F
:10E48000C0860500FC2F050038B5264B1D68264BBD
:10E49000D3F89030C3F307239D4205D8FFF7A2FFBE
:10E4A000FFF766FD002413E0204C4FF4D3722146A1
:10E4B0001F4824F0D9FB4FF4D37120462EF056FFAD
:10E4C000184B596801EB0411204627F03AF9013442
:10E4D000A542F5D817480570FFF7F0FE10F1160FAA
:10E4E00002D0144B1A7812E0104C4FF4E872214617
:10E4F0000F4824F0B9FB4FF4E87120462EF036FFA8
:10E50000094BC3F898200021C3F8A0100132064B34
:10E51000D3F89030C3F307239A42F1DBFFF756FF9D
:10E52000002038BDF086050000ED00E0C086050043
:10E53000FC2F050062A200200A4BC3F1005303F533
:10E54000E023B3F5006F01D30020704710B5064CEF
:10E550008B222146054824F087FB8B2120462EF094
:10E5600005FF00BF2469022028870500FC2F050055
:10E57000014B1860704700BF0C280020F8B5054615
:10E580000F46002404E0094B1B683078984701349B
:10E59000BC4208DA2E192B5D0A2BF4D1034B1B6801
:10E5A0000D209847EFE73846F8BD00BF0C28002043
:10E5B00008B505220249012027F01CF9FEE700BF3B
:10E5C000588705000246084B1968084BC8180A44CA
:10E5D000C3F1005303F5E0239A4202D2024B1A60C2
:10E5E00070474FF0FF307047F87000202469022018
:10E5F00010B530B14FF0FF324FF0FF3318F050FE3E
:10E6000010BD064C4FF4E0722146054824F02CFB67
:10E610004FF4E07120462EF0A9FE00BF28870500C8
:10E62000FC2F050010B510B118F024FF10BD064CEA
:10E630004FF4EE722146054824F016FB4FF4EE71BC
:10E6400020462EF093FE00BF28870500FC2F050012
:10E650000346002800F09380F0B50078212803D00D
:10E660005E2801D0002601E001330126184610F88B
:10E67000013B9C4612F0080405D0464DED5C05F0C8
:10E680000305012D04D05FFA8CF70123002555E026
:10E6900003F1200CF7E712F0010F55D110F8013B00
:10E6A0009C462CB13B4FFF5C07F00307012F02D0C3
:10E6B0005FFA8CF748E003F1200CF9E790F801C00D
:10E6C000634644B1DFF8CCE01EF80CE00EF0030E18
:10E6D000BEF1010F11D013F0FF033BD05D2B39D0F9
:10E6E00000F1020C5C2B0BD06046002B4DD08F420A
:10E6F00030DC8B422EDB01252CE00CF12003EAE715
:10E7000012F0010F13D100F1030C8078034644B1DD
:10E71000DFF880E01EF800E00EF0030EBEF1010FFE
:10E7200002D0DBB26046E0E700F12003F9E7604683
:10E73000DBE701250EE05FFA8CF700235D2F19D08F
:10E740002F2F1DD05C2FA6D0EFB103782D2BB5D085
:10E750008F42EED010F8013B9C46002CEBD00D4FC1
:10E7600017F803E00EF0030EBEF1010FE3D103F141
:10E77000200CE0E7002BE3D1B54208D0F0BD704794
:10E780004FF0FF30FAE70020F8E70020F6E700201E
:10E79000F4E700BFC6E80500002800F02C812DE951
:10E7A000F84F894615460446002900F0268103F1FA
:10E7B000FF3A002B00F023810E46E9E002F120032E
:10E7C000F4E09BB12A2B0DD13A781346B8F1000F33
:10E7D00005D09349895C01F00301012931D0DBB2F6
:10E7E0003C4632E03C46C5E03C46C3E015F0100F25
:10E7F00002D033782F2B03D03078003818BF012097
:10E80000BDE8F88F3378002B00F0FB802F2B04D06D
:10E810002E2B07D001363C46BAE015F0020FF7D098
:10E820000120EDE715F0040FF4D04E4500F0EB8029
:10E8300015F0020FEED016F8013C2F2BEAD1012083
:10E84000DEE702F12003CAE7DBB22A2B0ED114F86F
:10E85000012F1346B8F1000FF6D07149895C01F021
:10E8600003010129F0D102F12003EDE732782E2ACD
:10E870000FD0EBB12F2B3BD115F0020F38D02F2149
:10E88000304633F091FA0646002840F0818001209E
:10E89000B6E715F0040FECD04E4500F0B68015F049
:10E8A000020FE6D016F8012C2F2AE2D10120A7E7AB
:10E8B00015F00200A4D015F0100F07D12F2130461B
:10E8C00033F072FA00289BD0012099E7002097E7E7
:10E8D00013F0FF0700F09B80534625F004023146F9
:10E8E0002046FFF759FF01288AD12F2F0ED001367D
:10E8F00032781346B8F1000FEAD04949895C01F03B
:10E9000003010129E4D102F12003E1E715F0020F30
:10E91000EDD075E796F800B0BBF1000F79D0BBF1F0
:10E920002F0F16D05946B8F1000F06D03C4B13F804
:10E930000B3003F00303012B10D02A463846FFF7B3
:10E9400087FE0446002866D0B0F1FF3F09D00136AB
:10E950001EE015F0020FE5D0012051E70BF1200178
:10E96000EBE7BBF15B0F58D13C46F0E702F1200327
:10E9700037E03C4616F8012B1146B8F1000F05D0E0
:10E980002748805C00F0030001282FD08B4230D153
:10E99000274617F8012B134615F0080806D0204922
:10E9A000895C01F0030101293FF408AFDBB218468E
:10E9B0003F2B3FF427AF7FF704AF5B2BAAD05C2B34
:10E9C0007FF412AF15F0010FD3D102343A78134619
:10E9D000B8F1000F05D01249895C01F0030101294B
:10E9E000C4D013F0FF03C5D13C46C3E702F12001B8
:10E9F000CCE7012004E701207047012000E7032055
:10EA0000FEE60120FCE60120FAE60120F8E60120FE
:10EA1000F6E60120F4E60120F2E60120F0E600BF70
:10EA2000C6E8050008B500F0D3F801220260426094
:10EA300000238360C36003610649416106490A609F
:10EA400006490A60064A1360064A1360064A1360C4
:10EA500008BD00BFE46705002C28002028280020FE
:10EA60000471002000710020FC7000202DE9F041AD
:10EA700006460F46154600F0ABF80446C3681BB9BE
:10EA800043691A78002A54D10023E360616857F87B
:10EA900021306361B14231DA5A1C62611A782D2A41
:10EAA0002CD19A1C62615A78A2602D2A2ED04AB9C4
:10EAB000394B63612D21284633F076F9002832D096
:10EAC0002D23A360D4F808804146284633F06CF922
:10EAD000B8F13A0F32D0002830D043783A2B38D0F2
:10EAE0000023236163691B7813B963680133636092
:10EAF000204600F053F8A068BDE8F081264B636122
:10EB0000204600F04BF84FF0FF30F5E79B78002BE4
:10EB1000CDD101316160204B6361204600F03EF8A9
:10EB20004FF0FF30E8E7204600F038F84FF0FF30B4
:10EB3000E2E75A1C42611B788360C3E763691B7874
:10EB400013B9636801336360204600F027F83F2063
:10EB5000D2E763691A7832B123610F4B636163684E
:10EB600001336360C4E7636801336360B34203DA6F
:10EB700057F823302361F0E7074B63612B783A2B7A
:10EB800004D0204600F00AF83F20B5E7204600F008
:10EB900005F83A20B0E700BFE46705000268074BBC
:10EBA0001A604268064B1A608268064B1A60C26897
:10EBB000054B1A600269054B1A6070472C2800202B
:10EBC000282800200471002000710020FC70002023
:10EBD0000048704710280020034BC01A8010034BD8
:10EBE00003FB00F0704700BF20320020C54EECC48C
:10EBF0003422024B02FB0030704700BF203200205D
:10EC000010B5437A33B9436873B90023038243696B
:10EC1000C36010BD094C5A222146094824F024F84B
:10EC20005A2120462EF0A2FB044C5B2221460448C8
:10EC300024F01AF85B2120462EF098FB6887050027
:10EC4000FC2F05002DE9F04D84B005460391904658
:10EC50001C46684631F0C8FADDE900AB2DB305F17A
:10EC60001C06EFF31187202383F31288BFF36F8F05
:10EC700030461BF095F910B330461BF0BBF9698C98
:10EC8000002966D02B8C99422FD2002200232846DF
:10EC900018F050FD044640B330461BF091F9C0B166
:10ECA00087F31188BFF36F8F2FE0494CEE22214686
:10ECB000484823F0D9FFEE2120462EF057FB464C62
:10ECC00088222146434823F0CFFF882120462EF09A
:10ECD0004DFB414C40F2311221463E4823F0C4FF27
:10ECE00040F2311120462EF041FB6C8C631E6B8488
:10ECF00030461BF065F900B387F31188BFF36F8FBF
:10ED00002146284626F085FD0446039D002D3DD171
:10ED10000023636101232372002161726160039B00
:10ED20006382E27A04F1180032F023FF2046FFF7F5
:10ED300067FF204604B0BDE8F08D274C40F2311249
:10ED40002146244823F090FF40F2311120462EF056
:10ED50000DFB30461BF034F960B187F31188BFF327
:10ED60006F8F42462346284618F0E4FC04460028EC
:10ED7000CBD1DEE7184C40F231122146154823F082
:10ED800073FF40F2311120462EF0F0FA52465B46F6
:10ED9000684631F05FFADDE9002303A9204626F03A
:10EDA0004DFD0646606170B1039B9D42B2D9084C8F
:10EDB00040F245122146074823F056FF40F2451124
:10EDC00020462EF0D3FA204626F04CFD3446B0E71C
:10EDD00068870500FC2F0500685B050070B5F8B179
:10EDE0000C46054641B3EFF31186202383F31288C6
:10EDF000BFF36F8F23481BF0D3F848B321481BF0B3
:10EE0000F9F8002323606B6863B31C606C601D48D5
:10EE10001BF0D6F848B386F31188BFF36F8F70BD2F
:10EE2000194C4FF4D0722146184823F01DFF4FF4BF
:10EE3000D07120462EF09AFA134C40F2A1122146CE
:10EE4000124823F011FF40F2A11120462EF08EFA55
:10EE50000F4C882221460D4823F006FF88212046CA
:10EE60002EF084FA6C602C60D1E7094C40F231122C
:10EE70002146064823F0F8FE40F2311120462EF0DC
:10EE800075FA00BF0871002068870500FC2F050097
:10EE9000685B050070B5F8B10646EFF311852023D5
:10EEA00083F31288BFF36F8F1D481BF079F8F8B118
:10EEB0001B481BF09FF8346824B1236833607268E4
:10EEC00094421FD016481BF07BF8E8B185F31188F7
:10EED000BFF36F8F204670BD124C40F2AD12214639
:10EEE000114823F0C1FE40F2AD1120462EF03EFA4B
:10EEF0000E4C882221460C4823F0B6FE882120467D
:10EF00002EF034FA7360DDE7084C40F231122146EE
:10EF1000054823F0A9FE40F2311120462EF026FAD2
:10EF20000871002068870500FC2F0500685B05005C
:10EF300038B5044678B9114C4FF4E37221461048B5
:10EF400023F092FE4FF4E37120462EF00FFA204694
:10EF500026F088FC2C4684B16568237A013BDBB23D
:10EF6000237253B9E3606360A07AFFF741FE836ABE
:10EF7000002BECD020469847ECE738BD68870500A9
:10EF8000FC2F050018B1027A01320272704710B5E9
:10EF9000054C4FF4F8722146044823F065FE4FF407
:10EFA000F87120462EF0E2F968870500FC2F050075
:10EFB000034620B118465B68002BFBD1704710B5A3
:10EFC000054C40F23B222146044823F04DFE40F21E
:10EFD0003B2120462EF0CAF968870500FC2F05006A
:10EFE00038B558B10C460546A1B1436823B108466F
:10EFF000FFF7DEFF6B6843606C6038BD0B4C40F27E
:10F00000462221460A4823F02FFE40F246212046A0
:10F010002EF0ACF9054C40F247222146044823F07B
:10F0200023FE40F2472120462EF0A0F96887050014
:10F03000FC2F050038B549B104460D4690B1FFF7E5
:10F04000B7FF2946FFF7CCFF204638BD074C40F2FA
:10F0500052222146064823F007FE40F25221204664
:10F060002EF084F90846FFF78DFFEEE7688705006C
:10F07000FC2F050010B528B182886AB982680A445D
:10F08000026010BD094C2B222146094823F0ECFDFB
:10F090002B2120462EF06AF9044C2C2221460448EC
:10F0A00023F0E2FD2C2120462EF060F9A487050014
:10F0B000FC2F050083888B4205D35B1A9BB28380AB
:10F0C00000681844704710B5044CB022214604482B
:10F0D00023F0CAFDB02120462EF048F9A487050090
:10F0E000FC2F050082888A4206D30346521A82808A
:10F0F000006808441860704710B5064C40F2C3120F
:10F100002146054823F0B0FD40F2C31120462EF001
:10F110002DF900BFA4870500FC2F050003460068F9
:10F120009A888A4204D3521A9A800144196070471F
:10F1300010B5064C40F2CF122146054823F094FD4D
:10F1400040F2CF1120462EF011F900BFA487050030
:10F15000FC2F050038B504460D4626F0D8FBA84222
:10F1600006D32068401B2060A3882B44A38038BDB1
:10F17000054C40F255122146044823F075FD40F23B
:10F18000551120462EF0F2F8A4870500FC2F05004B
:10F19000F8B504460D46036886889F1926F0C2FB21
:10F1A000A84203D32E44A6803846F8BD044C3E2224
:10F1B0002146044823F058FD3E2120462EF0D6F883
:10F1C000A4870500FC2F050068B108B5064A074B67
:10F1D0001B680749A1FB03139B0C00FB03F042F0E3
:10F1E0000103984708BD7047D02E0500BC2B0020B6
:10F1F00083DE1B4338B51A4B1B780133194AA2FB37
:10F20000031202F4FE7101EB92029C1AE5B22CF09B
:10F2100001FC154B1B782BB1144A52F82530C01A4B
:10F2200007281AD94FF05023D3F8143163B14FF0A7
:10F2300050230022C3F81421D3F81431084B1D7059
:10F2400015B9094B01221A70054B1C782CF0E2FB12
:10F25000064B43F82400012038BD0020FCE700BF26
:10F2600064A20020CDCCCCCC63A200200C71002085
:10F2700038B505460468204626F078FB40B104F016
:10F280001F032B6064091BD0012C0DD10D4838BD24
:10F290000D4C4FF46C7221460C4823F0E5FC4FF402
:10F2A0006C7120462EF062F8074C40F2B9322146CC
:10F2B000064823F0D9FC40F2B93120462EF056F82A
:10F2C0000348E4E700288450E0870500FC2F050090
:10F2D0000025845038B50124104BC3F80045104D6B
:10F2E0000223C5F8D0360321002026F051FB03216C
:10F2F000204626F04DFBC5F80447C5F80449C5F87B
:10F30000004B002405E00121064B185D26F040FB70
:10F310000134032CF7D9002038BD00BF0010005085
:10F32000004000501488050000B583B00DF10700BF
:10F3300014F020FC114B98421CD1114B4FF4806209
:10F34000C3F8B8254FF40062C3F83C250D499DF879
:10F35000070014F0F9FB0C499DF8070014F0DEFBE0
:10F360009DF807300120984014F0D2FB002003B034
:10F370005DF804FB6FF00B00F9E700BF0000AD0B78
:10F3800000A002502CA0025028A1025008B502494A
:10F39000024823F051FE08BD84880500207100203A
:10F3A00030B10022026042608260012242607047F8
:10F3B00010B5064C4FF485722146054823F054FCE5
:10F3C0004FF4857120462DF0D1FF00BF1C88050049
:10F3D000FC2F050010B584B0C0B101A8FFF7E0FF15
:10F3E00069461348F8F746F9002805DB029B13F03D
:10F3F000030F12D1039B0EE00E4C3C2221460E4817
:10F4000023F032FC3C2120462DF0B0FF0848F8F7ED
:10F41000CFF9002801DB04B010BD064C4422214680
:10F42000054823F021FC442120462DF09FFF00BF1A
:10F43000207100204C880500FC2F0500BFF34F8F82
:10F440000549CA6802F4E062044B1343CB60BFF382
:10F450004F8F00BFFDE700BF00ED00E00400FA059C
:10F4600010B50D4C00E004340C4B9C4207D80B4BFC
:10F470009C420ED22368002BF5D09847F3E7084C46
:10F48000F9222146074823F0EFFBF92120462DF011
:10F490006DFF002010BD00BFD82A0500E42A05003A
:10F4A00090880500FC2F05000146094B186808B13B
:10F4B000036804E0034602E01A461846134630B1DA
:10F4C00042898A4203D0002BF6D01A68F5E77047CC
:10F4D000407100200B4B1A680AB1136804E0134610
:10F4E00002E019461A460B4632B15189814203D0D7
:10F4F000002BF6D01968F5E70AB1D06870470020F4
:10F50000704700BF4071002000230360054B5B681B
:10F510001BB11860034B58607047024B586018606D
:10F52000704700BF407100202DE9F04182B00446D1
:10F530000E46904685682F1D0221384630F0ABFA02
:10F54000F0B94FF000080221384630F0AEFA18EA60
:10F55000000F29D06A682B68DB68D21A083A69461E
:10F56000304626F09AFA6B682A68D1685B1A1382D3
:10F570006946204626F0D2FA002002B0BDE8F081AC
:10F5800002220A49384630F06AFA10B94FF00008F2
:10F59000D9E74146384630F037FA10B14FF001084C
:10F5A000D1E74FF00008CEE70720E6E7C88805005E
:10F5B0000AB90120704770B504460D461646A0F8FA
:10F5C0004810A0F84A200322194930F048FA08B937
:10F5D000002070BD0221204630F05DFA08B90020FD
:10F5E000F7E705221349204630F039FA08B9002020
:10F5F000EFE72946204630F012FA08B90020E8E784
:10F6000002220D49204630F02AFA08B90020E0E72E
:10F610003146204630F003FA08B90020D9E702212C
:10F62000204630F042FA08B10120D2E70020D0E7AE
:10F63000585F0500CC880500C8880500032802D85B
:10F6400080F00100704710B5044C7922214604482F
:10F6500023F00AFB792120462DF088FED48805008E
:10F66000FC2F05002DE9F04190B0836813F0030FE3
:10F670001DD1074624F05EFB00EB00231B0443EA88
:10F68000002340EA0305D7F808800026B04534DDA2
:10F69000A8EB06043F2C00D9402423466A46314695
:10F6A000384624F0DBFA002807DB00231EE0164B67
:10F6B000164A482116482DF0A4FC164B1B6813F07F
:10F6C000070F01D10B201BE00346134A012111480B
:10F6D00024F0FDF9F6E7B3EBA20F0CDA10AA02EB67
:10F6E000830252F8402C954209D101332246002C66
:10F6F000F1DAE21CEFE74036C8E7012000E0002025
:10F7000010B0BDE8F08100BF38890500508A0500BF
:10F7100050890500E82F00209C89050010B584B0B1
:10F7200026F0D5FB041E3ADB03A9E0B2F9F768FD29
:10F7300000280CDB0398FFF795FF0446B0B10128C1
:10F740002BD0039824F089FA204604B010BD154B45
:10F750001B6813F0070F01D10A24F5E70090234638
:10F76000114A01210F4824F0BDF9F5E7039882689A
:10F77000002124F0BFFA04460028E2D0094B1B68A0
:10F7800013F0070F01D10D24DBE70346074A0121DF
:10F79000044824F09CF90D24D3E70024D1E70E247B
:10F7A000D2E700BFE82F0020C4890500E8890500E2
:10F7B000F0B585B00F4615461E4626F088FB041EA0
:10F7C0002FDB03A9E0B2F9F71BFD68B933462A46DF
:10F7D0003946039824F042FA0446039824F03DFA8F
:10F7E0008CB9204605B0F0BD0F4A126812F0070F21
:10F7F00001D10A24F5E7009023460C4A01210A486A
:10F8000024F070F9F5E7084B1B6813F0070F01D1DE
:10F810000B24E6E72346064A0121034824F057F962
:10F82000F6E70E24DDE700BFE82F0020C4890500BD
:10F83000088A050070B50C4615461E4628B9094BC6
:10F840001978094824F038FB38B933462A4621464E
:10F85000054824F012FB10B970BD0A20FCE70C200B
:10F86000FAE700BF787300204871002000230B6086
:10F870004B608B60CB600B614B614368B3F1FF3F22
:10F8800000F08F8070B586B005460C46002B73D112
:10F8900003691F2B64D98368B3F1FF3F62D00B600B
:10F8A00000234B60C6683268414B9A425CD1826942
:10F8B000202A5BD842B13F4B1B68B3F1FF3F03D016
:10F8C0003C4B1B7B9A4222D0286826F010FBE0605C
:10F8D00000284DDB03A9C0B2F9F792FCF0B9AA6881
:10F8E000039883689A4228D824F0B7F92B7F002B1D
:10F8F00051D004A826F00DFC00283BD106F11401DC
:10F9000004A826F004FB002845DB1B204CE04169DD
:10F91000294832F0F7F80028D6D145E0274B1B687C
:10F9200013F0070F01D10A203EE0E3680090244A5B
:10F930000121224824F0D6F8F5E724F08EF91F4B78
:10F940001B6813F0070F01D11E202DE0AB68039A4E
:10F95000926800921B4A0121184824F0C3F8F3E78B
:10F96000162021E015201FE017201DE018201BE0C5
:10F97000092019E01A2017E00E4B1A68CA6099682E
:10F9800021600022626042685B689A420BD1036981
:10F990001A4491420AD32B69A360012323740020E7
:10F9A00002E014207047002006B070BD1F20FBE766
:10F9B0003DB8F3967873002085730020E82F00206F
:10F9C000C48905002C8A050070B584B00D4626F068
:10F9D0007EFA041E1EDB03A9E0B2F9F711FC06460D
:10F9E00048B9039824F0A6F92870039824F035F953
:10F9F000304604B070BD084B1B6813F0070F01D1EF
:10FA00000A26F5E700902346044A0121024824F023
:10FA100069F8F5E70E26EBE7E82F0020C48905001A
:10FA2000032802D880F00100704710B5044C7922F9
:10FA30002146044823F018F9792120462DF096FC40
:10FA4000D4880500FC2F0500032801D8401070471A
:10FA500010B5054C6A222146044823F005F96A21B5
:10FA600020462DF083FC00BFD4880500FC2F050044
:10FA7000F0B595B00C461746866804AA029220237A
:10FA8000039313AB6946204600F0E6FB10B101205A
:10FA900015B0F0BD043605460F2130462FF0FBFFB0
:10FAA00050B915F00100F3D00F2130462FF0FDFFC3
:10FAB00005F001052840EBE70522494930462FF0C3
:10FAC000CEFF0028EDD0610830462FF0A8FF0028B7
:10FAD000E7D00422434930462FF0C1FF0028E0D090
:10FAE00004F0010130462FF09AFF0028D9D00722F8
:10FAF0003D4930462FF0B3FF0028D2D00CA968460C
:10FB000000F018FA002865DB00238DF84830192230
:10FB10000CA930462FF0ADFF0028C2D00422334993
:10FB200030462FF09CFF0028BBD002A930462FF0B2
:10FB30008CFF0028B5D008222D4930462FF08FFFCA
:10FB40000028AED0139B13F0100F0CBF0121002131
:10FB500030462FF0CCFF0028A3D00722254930469D
:10FB60002FF07DFF00289CD0C7F3400130462FF0D6
:10FB7000BEFF002895D009221F4930462FF06FFFA5
:10FB800000288ED0C7F3800130462FF0B0FF002848
:10FB900087D00622194930462FF061FF002880D017
:10FBA00007F0010130462FF0A2FF00283FF479AFA3
:10FBB0000922134930462FF052FF00283FF471AF5D
:10FBC000C7F3C00130462FF092FF00283FF469AF21
:10FBD000012566E705220B4930462FF040FF9BE7E1
:10FBE000748A05007C8A0500106505008C8A050072
:10FBF000948A0500A08A0500A88A0500B48A050039
:10FC0000BC8A0500848A05002DE9F04383B000AF6B
:10FC100006468846154626F05AF9391DC0B2F9F74E
:10FC2000EFFA002869D12A46B04514BF002101210E
:10FC3000786810F0C3FF0446002854D0304B1B688E
:10FC400013F0070F3ED0E9468AB06B4613F110025D
:10FC500040D018209AB10146042803DDDFF8A4C083
:10FC6000C3F814C0082900DD9C610C2900DDDE61A9
:10FC7000102901DDC3F82080142900DD5D621728FA
:10FC80002BDD18253AB10621397000217970B97041
:10FC9000F9703868186100216FF300016FF34101BA
:10FCA0006FF382016FF3C501012363F38811C5F37C
:10FCB0000A0565F353216FF31F5100231048F8F72D
:10FCC00063FFCD46012C0DD0042C14D0032C07D09B
:10FCD000012408E06FF00040BCE76FF01B05D1E79E
:10FCE000172400E00C24786823F0B7FF20460C3777
:10FCF000BD46BDE8F0831D24F5E70A24F6E700BF02
:10FD0000E82F0020C88A05002DE9F04782B006469A
:10FD1000876804370622454938462FF0A0FE20B9EF
:10FD2000002426F0C2F9002517E0042138462FF000
:10FD3000ADFE08B10124F4E70024F2E74FF0010A18
:10FD400025E04FF0000944453EDA52462146304650
:10FD5000FFF78EFE70BB00240135002C46D0012D2C
:10FD600044D800238DF807300DF10701284626F00E
:10FD7000EEF88146284626F09AF90446FFF750FE31
:10FD800080469DF80730022BD8D04FF0050AA145D8
:10FD9000D7D033B1022B07D0012B08D04FF0000988
:10FDA000D1E74FF00A09CEE74FF00409CBE74FF057
:10FDB0000209C8E74A4641463046FFF759FE08B1F6
:10FDC0000124C9E70024C7E74A4641463046FFF709
:10FDD0004FFE08B90024BFE7524621463046FFF7E0
:10FDE00047FE08B10124B7E70024B5E724B1042198
:10FDF00038462FF055FE28B926F058F9072002B0F2
:10FE0000BDE8F0870B220A4938462FF028FE20B1C2
:10FE1000002138462FF0F8FD18B926F047F90720E1
:10FE2000EDE726F043F90020E9E700BF1C8B050051
:10FE3000248B0500F0B597B0054600238DF85730A8
:10FE4000149312AA1293139336490891042109912D
:10FE500035490A910B928DF83030344A0D920722C1
:10FE60000E92334A0F920DF1570210928DF84430E2
:10FE70008068071D686814AB022208A9043025F0C9
:10FE8000A0FF041E0CBF0126002646D126F00DF966
:10FE9000139AEAB99DF857309BB126F00AF926F07B
:10FEA00006F99DF8571026F093F858BB2846FFF73F
:10FEB0002BFF054668BB26F0F9F886B3204617B03D
:10FEC000F0BD182201213846FFF772FB0646F2E723
:10FED000202A06D0182201213846FFF769FB064682
:10FEE000E9E71299684631F01DFE0021684626F0C8
:10FEF000F2F80028D5DA082201213846FFF758FB2E
:10FF00000646D8E782B201213846FFF751FB064684
:10FF1000D1E726F0CBF82C46D0E70324CEE7072420
:10FF2000CCE700BF8C8A050071F50400308B05001A
:10FF30002FF6040070B582B004460E46437842881E
:10FF40000192009303780F4A192130461FF0FEFFFB
:10FF5000051E0EDB63680BB900200BE00A4AC5F1F1
:10FF6000190170191FF0F2FF002803DA4FF0FF307B
:10FF700003E00020002D02DB284402B070BD4FF0EA
:10FF8000FF30FAE7388B0500448B0500042810D9B0
:10FF90001C281CD8092814D3012383400D4A13427E
:10FFA00011D10D4A1A4082B913F4004F07D1012034
:10FFB0007047032801D201207047052070470220B6
:10FFC00070470120704703207047062070470120CA
:10FFD000704700BF004078030002001810B5054CC0
:10FFE00030220021204631F0C4FD4FF0FF33236062
:10FFF00010BD00BF7873002008B50248FFF784FAEF
:020000022000DC
:1000000008BD00BF30280020032802D880F001007E
:10001000704710B5044C79222146044822F024FE92
:10002000792120462DF0A2F9D4880500FC2F050087
:1000300010B5846804340322084920462FF00FFDD0
:1000400008B9072010BD064B596820462FF0F2FC76
:1000500008B10020F6E70720F4E700BF247205008E
:10006000787300202DE9F04786B0866804360622B2
:10007000704930462FF0F3FC08B9002474E00A21DF
:1000800030462FF003FDF8E705226B4930462FF08C
:10009000E6FC08B900237CE0610830462FF0BFFC85
:1000A00008B9002375E00522644930462FF0D7FCDB
:1000B00008B900236DE0042130462FF0E7FC08B1B9
:1000C000012366E0002364E004225D4930462FF0FE
:1000D000C6FC08B9002366E0414630462FF09FFC7D
:1000E00008B101235FE000235DE0514630462FF068
:1000F0008BFC08B1012568E0002566E00422514927
:1001000030462FF0ACFC00286DD1039B9A6806ABFB
:1001100003EB880343F8082C1AF0010500F08280F5
:100120006708384625F0C3FF81450DD00F224649A8
:1001300030462FF094FC00285FD0394630462FF02F
:100140006EFC0546002858D0039823F086FD042154
:1001500030462FF0AAFC284010F0FF0562D0B8F11D
:10016000000F4CD10134E4B2032C56D8A1462046EE
:1001700025F0ADFE074614F001080DD100230493CD
:100180000593042130462FF086FC00287FF47CAFD5
:1001900000231D46002B45D0042130462FF07BFC68
:1001A000002891D100231D46002B3BD003A9F8B2B3
:1001B000F9F726F882460028A0D0022223493046CB
:1001C0002FF04DFC002890D10025214B1B6813F027
:1001D000070FBCD0CDF800A03B461E4A01211C48A9
:1001E00023F080FCB3E7039B996830462FF017FC9F
:1001F00000288AD04FF0010A87E7002512E0042189
:1002000030462FF04DFC054660B1042130462FF0FA
:100210004CFC05460028A5D104E00A2130462FF009
:100220003FFC05461DB1002006B0BDE8F087072061
:10023000FAE700BF1C8B0500748A0500488B050097
:100240007C8A0500A88C0500848B0500C888050001
:10025000E82F0020508B0500F0B58DB004460E4607
:1002600015461F460DF10301FFF7AEFB002840F0D5
:100270008180202304AA00212046FFF799FA024634
:10028000002878D12EB108229DF80310304631F0B5
:1002900070FC9DF8033003EB0322120442EA0322B0
:1002A0001343049A39498A4203D09A4225D017222F
:1002B00061E01EB109AB03CB306071600FB1089BE8
:1002C0003B60BDF81830079A1344029346F60813B2
:1002D00001AA02A9204625F0CDFE10B9019B043BDE
:1002E000029346F6071301AA02A9204625F0C2FE92
:1002F0000746002842D100260FE003223BE0BDF86C
:100300000E104FF6FF72914217D1052233E0BDF86F
:100310000E30029A13440433029302990A1D019B82
:100320009A4224D8042303AA2046FFF741FA024642
:1003300008BBBDF80C30FF2BE1D0102BE7D1BDF886
:100340000E30202BE3D1DEB9029B191D029165B15D
:100350002433019A934215D820232A462046FFF7DA
:1003600027FA024638B90126D7E70126D5E75EB15C
:100370003A4600E0022210460DB0F0BD0422FAE732
:100380000622F8E70722F6E70822F4E73DB8F396DD
:1003900070B58AB085684468043425F08AFE25F07B
:1003A00086FEFFF731FE0790002306931A4A01925A
:1003B00004220292194A039207AA04928DF814307B
:1003C00006AB012201A9204625F0FBFC10BB043539
:1003D000064600231A4608A90798FFF73DFF18B9FB
:1003E000079825F0D6FD48B90798FFF797F9044616
:1003F000FFF7F4FD44B930460AB070BD092201216F
:100400002846FFF7D5F8F6E7A2B201212846FFF704
:10041000CFF8F0E70326EEE77C8A05005DF50400DF
:100420002DE9F04FAFB005468668476804370024D1
:100430002D940DF1940820222146404631F099FB7D
:100440004FF0FF3326932793734B009305230193BB
:10045000724B0293CDF80C808DF81040704B0593D1
:10046000042306936F4A079228AB08938DF8244023
:100470006D4B0A9303230B936C490C9127A80D90A5
:100480008DF838406A480F901093119126A9129167
:100490008DF84C4067491491159316922AAB179327
:1004A0008DF86040644B199307231A93634B1B9399
:1004B0002CAB1C938DF874402DAB06226946384650
:1004C00025F07FFC041E0CBF0127002740F0A08010
:1004D00004361EA94046FFF7C9F9804600282BD1F3
:1004E0009DF88890B9F1000F54D0554B219A1A60AD
:1004F0001E9A9A60DDF898A0BAF1000F4FD0299BA0
:10050000002B79D04E4A51680B44926893425DD0DB
:100510000023209A28995046FFF78CF9804600283E
:1005200056D1474A536820990B44536092689342CE
:1005300010D04FF000090DE0424B1B6813F0070F7D
:1005400021D11FFA88F201213046FFF731F8074622
:100550004FF000093A4B59689B684246994214BFD4
:10056000002101212698B0FA80F0400925F0A3FD72
:10057000B8F1000F43D0FFF731FD002F4AD02046DD
:100580002FB0BDE8F08F03462F4A01212D4823F0FC
:100590009EFAD6E72846FFF74BFD0446EFE7002218
:1005A0005A60DDF8ACB083F80CB05A462A9903F1D2
:1005B0000D0031F0B7FA0BF10800214B1844CBF1D4
:1005C00020020021053031F0D4FA98E74B46A0E72D
:1005D0001C4B1B6813F0070F07D11FFA88F201218B
:1005E0003046FEF7E5FF0746B4E70346174A012108
:1005F000144823F06CFAF0E74FF00009AAE7284608
:10060000FFF716FDB9F1000FB7D0FFF7E7FCB4E72D
:100610000324B4E70724B2E7748A05005DF50400FB
:10062000549A050071F50400EC94050067F5040088
:1006300024720500948B0500988B05002FF60400AA
:1006400078730020E82F0020A08B0500C08B0500E8
:1006500008B50248FEF758FF08BD00BF402800203B
:10066000F0B589B08468406806AA00230693079312
:1006700030490091052101912F49029103928DF893
:10068000103005AB01226946043025F09AFB0028A2
:100690004CD104340646059BD3B90A22274920468B
:1006A0002FF0DDF950B9304600F001000127002F8E
:1006B00036D000283CD0304609B0F0BD0722204992
:1006C00020462FF0CCF908B10120EDE73046EBE7EA
:1006D000184A0121684625F0D3FB0746F0B1079A76
:1006E000042A01D00027E2E70699164831F00AFAF9
:1006F000054610B138460027D9E7042211492046A3
:100700002FF0ADF910B905F00100D0E70221204625
:100710002FF07AF90028F6D00125F4E70120C6E78A
:10072000032200212046FEF743FFC2E70326C2E76B
:100730000726C0E7348C05007BF504003C8C0500DF
:10074000488C05007C3605002DE9F047CAB0064606
:1007500048AF0024489449940894FC22214609A8F3
:1007600031F007FAB5687068B84B0293062303931B
:10077000B74B049305978DF8184007AB012202A9E7
:10078000043025F01EFB002840F088810435064621
:100790002146224604E0013189B240F2EF140132D1
:1007A000499B93425CD9489B9B5C613B152BF6D8D7
:1007B00001A050F823F000BF970702009F07020036
:1007C0009F0702009F0702009F0702009F07020089
:1007D0009F0702009F0702004D0802009F070200CA
:1007E0009F0702009F070200390802001B08020051
:1007F00057080200430802009F0702002508020074
:10080000110802009F0702009F0702002F08020044
:1008100044F00104013189B2C1E744F0020401311E
:1008200089B2BCE744F00404013189B2B7E744F06F
:100830000804013189B2B2E744F02004013189B2E1
:10084000ADE744F04004013189B2A8E744F08004E8
:10085000013189B2A3E744F48074013189B29EE783
:100860008B4240F0CF8004B9012414F0010F40F016
:10087000D28000273B4614F0020F1DD008AA02EBDD
:100880000709C7F58078002B00F0D180DFF8C4A1FC
:1008900001F08AFF03465246414648461FF056FB88
:1008A0000028C0F20081804540F2FF8017FA80F0F6
:1008B00087B224F00204012314F0040F17D008AA11
:1008C000D019C7F58078002B00F0B480614A624BE4
:1008D00041461FF03BFB0028C0F2E980804540F212
:1008E000E88017FA80F087B224F00404012314F0A2
:1008F000080F17D008AAD019C7F58078002B00F090
:100900009B80544A554B41461FF020FB0028C0F203
:10091000D280804540F2D18017FA80F087B224F06F
:100920000804012314F0200F17D008AAD019C7F526
:100930008078002B00F08280464A494B41461FF0E8
:1009400005FB0028C0F2BB80804540F2BA8017FA50
:1009500080F087B224F02004012314F0400F16D059
:1009600008AAD019C7F58078002B69D0394A3D4BC9
:1009700041461FF0EBFA0028C0F2A580804540F206
:10098000A48017FA80F087B224F04004012314F009
:10099000800F19D008AAD019C7F58078002B51D044
:1009A000314A324B01930093314B41461FF0CEFA4E
:1009B0000028C0F28C80804540F28B8017FA80F0CE
:1009C00087B224F08004012314F4807F11D008AA98
:1009D000D019C7F58074002B36D0264B264A214605
:1009E0001FF0B4FA002876DB844276D917FA80F03B
:1009F00087B20622214928462FF031F8002845D138
:100A000007264CE0022200212846FEF7D1FD0028EF
:100A100045D1072643E01A4B93E803000890ADF850
:100A20002410090C8DF826100627012323E7DFF890
:100A300054A02DE7134A4AE7124A63E7114A7CE7BC
:100A4000104A94E7104AACE7084BC7E7608C0500F2
:100A50007BF5040044C50500708C0500F4640500B6
:100A6000808C0500848C0500508C0500E46705002F
:100A700074610500045F0500908C05009C8C0500E6
:100A8000688C050080C50500588C05003A4608A909
:100A900028462EF0E4FF10B9072600E00326304672
:100AA0004AB0BDE8F0870726F9E70726F7E70726EB
:100AB000F5E70726F3E70726F1E70726EFE707261E
:100AC000EDE70726EBE70726E9E70726E7E707262E
:100AD000E5E70726E3E70726E1E70726DFE700BFAC
:100AE00010B58468043408220F4920462EF0B7FF61
:100AF00008B9072010BD40F6AB1120462EF08FFF3D
:100B000008B90720F6E70922084920462EF0A7FF7A
:100B100008B90720EEE7042120462EF080FF08B137
:100B20000020E7E70720E5E7A48C0500B08C05006E
:100B300008B54FF400520023024817F0FDFC0020D6
:100B400008BD00BF6020002030B589B045688468CA
:100B500006A9002306930793114A009201220192ED
:100B60001048029003918DF8103005AB6946281D9E
:100B700025F027F980B90434054601220A492046A8
:100B80002EF06DFF08B9072507E006A920462EF0D4
:100B900061FF10B9072500E00325284609B030BDE4
:100BA000884005007BF504004074050010B582B054
:100BB000074C204617F09AFB064B009303234FF493
:100BC000805205492046EEF74BFD002002B010BDD3
:100BD000684F0020788D0500C0E3002008B5002292
:100BE0000023024824F076FE08BD00BF8C330020AD
:100BF00010B5C36A63B1044625F0EEFA09492046F0
:100C000017F09AF904F110002FF06CF8002010BDD5
:100C1000054C92222146054822F026F892212046D2
:100C20002CF0A4FB71610400148D0500FC2F05005D
:100C300010B5044610302FF062F8214601482FF01D
:100C400053F910BD684F0020C36B002B3BD0F0B5AB
:100C500089B004460F4617F0C9F910F0050F03D10B
:100C600001A82FF03FF807E0204617F0E5FAF7E774
:100C7000314601A82FF043F804F1100500220023AB
:100C8000284616F057FD064668B1E36B39463046F4
:100C900098470028ECD12146304625F091FAEBE741
:100CA00028462FF02CF80022002301A816F042FD60
:100CB00001460028F4D123691BB1214602482FF0D8
:100CC00013F909B0F0BD7047684F00200023042BD2
:100CD0000DD803EB0312074951F83220824201D0AC
:100CE0000133F4E703EB031301EBC300704700206B
:100CF000704700BF90500020F0B583B000AF0546AC
:100D0000FFF7E4FF044629462B48FFF79DFFA4B1F7
:100D1000002584F86950204640F8085B17F080FCF5
:100D200004F1380017F07CFC84F8685004F16C0082
:100D300016F094FD0C37BD46F0BD204B1B6813F038
:100D4000070FF7D06E4688B06B4613F110022DD016
:100D50000C213AB10846042901DD194C5C610828D0
:100D600000DD9D610B2924DD0C243AB1032139718A
:100D700000217971B971F9717868186100216FF3F8
:100D800000016FF341016FF382016FF3C50101238D
:100D900063F38811C4F30A0464F353216FF31F5102
:100DA00000230648F7F7F0FEB546C3E76FF00041B1
:100DB000CFE76FF01B04D8E7A8730020F02F0020C6
:100DC000808D050070B50024042C36D804EB041384
:100DD000264A52F833300BB10134F5E704EB041323
:100DE00042F83300002516E00133042B12D89C4250
:100DF000FAD003EB03121D4951F83220002AF3D038
:100E000003EB0311194A02EBC10292F869209042E8
:100E1000EAD100E00125D5B91549087804EB0412A0
:100E2000124B03EBC20383F86900431CDBB20B7067
:100E30000BB9831C0B700023D7E70E4CA12221466F
:100E40000D4821F011FFA12120462CF08FFA260138
:100E500004EB0410C0006830044D2844043016F040
:100E6000D3FD264405EBC60070BD00BF90500020A6
:100E700065A20020A48D0500FC2F050010B50C46CE
:100E8000084825F0AEF9002800DB04B110BD054C80
:100E9000204625F015FA002303600371204625F053
:100EA00001FAF3E7A873002030B583B00446FFF7DA
:100EB0000DFF60B1054690F8683013F0010F08D0BF
:100EC0004FF42032002305F1080017F0A1FB03B016
:100ED00030BD084A6B4692E8030083E803001946D8
:100EE000204625F028FA95F8683043F0010385F88C
:100EF0006830E5E7C42C05002DE9F04782B000AF6B
:100F0000804615461C46FFF7E1FED0B18146DFF86A
:100F100004A1504625F065F906462246294650466A
:100F200025F067F9054610F10C0F6BD000284ADB5D
:100F3000002E55DB002D60D020460837BD46BDE8A9
:100F4000F087324B1B6813F0070F33D06D4688B023
:100F50006B4613F1100230D00C2142B1084604292F
:100F600001DD2B4C5C61082801DDC3F818800B29DA
:100F700026DD0C243AB10321397100217971B97150
:100F8000F9717868186100216FF300016FF3410176
:100F90006FF382016FF3C501012363F38811C4F37A
:100FA0000A0464F353216FF31F5100231748F7F726
:100FB000EBFDAD466FF01000BFE76FF00041CCE7EE
:100FC0006FF01B04D6E7504625F07AF910B10022E5
:100FD000026002710F4825F065F96FF01200ACE76E
:100FE0000C4825F06DF906464046FFF75DFFC6F850
:100FF000008099F8693033719CE70021054825F09D
:1010000039F999E76FF0100097E700BFF02F002043
:10101000808D0500A873002000B585B0024690F8C9
:10102000303013F0010F0CD009496B4603C983E837
:101030000300194652F8380C25F07DF905B05DF82B
:1010400004FB02AB034903C983E803001946F1E737
:10105000C42C0500CC2C050010B582B004466B46AC
:10106000084A92E8030083E80300194654F8080C84
:1010700025F061F994F8603023F0010384F86030C2
:1010800002B010BDCC2C05002DE9F04F91B0044604
:1010900000230A930B930C930D930E930F93424BE3
:1010A0000B93C3680C93414B0E9325F00DF9002868
:1010B00068D0804602A905F053FD0546019000283E
:1010C00062D19DF82430022B0BD0052504F11800C5
:1010D00025F0FCF8204625F05BF8284611B0BDE865
:1010E000F08F204625F043F9074600284ED04046B1
:1010F000FFF7ECFD814600284AD090F86930002BBC
:1011000048D0227F934201D00525DFE700F16C0B28
:10111000584616F079FC4FF0000A564618E0ADF834
:1011200034700AA9404609F0E5F8054610F10C0FA5
:101130001DD0B8BB3E44B6B2E36833440C934FF0C5
:10114000FF324FF0FF33584616F0ECFB4FF0010A28
:10115000238AB342BAD999F86920EAB1217F8A4239
:101160001CD1F2199A42DADD9B1B9FB2D7E7BAF184
:10117000000F03D1132F13D9C7F34F0718F0D8FA74
:10118000019DE5E70525A1E705259FE701259DE7E9
:1011900005259BE7052599E7052597E7052595E7AB
:1011A000022593E7012591E7842800201B630400B2
:1011B00070B5002411E0250104EB0413D8000830B9
:1011C000074E0849304417F029F92B19D800383058
:1011D0000549304417F022F90134042CEBD970BDD5
:1011E00090500020591002001910020008B5024862
:1011F00008F05EFB08BD00BF5028002010B51B4B57
:1012000001221A70FFF7D4FF00240CE004EB041055
:10121000C0006830164B18440430012200212EF023
:101220008BFD0134E4B2042CF0D91248124BC36296
:10123000124B0363124B4363124B8363124BC36322
:10124000FFF7D6FC034628B1104A126812F0070FC8
:1012500006D110BDFFF7CAFF03460028F9D0F3E717
:101260000B4A0121094822F032FCF2E765A2002076
:1012700090500020A8730020891002006F630400C2
:10128000D9620400CD620400E7620400F02F002060
:10129000E48D050008B504482EF042FC08B100209A
:1012A00008BD6FF01200FBE7B0230500F0B58BB06E
:1012B00004460D4616460378032B38D8DFE803F0C2
:1012C00002212B311D4B93E803000790ADF820104D
:1012D000090C8DF8221063792279E178A07867787B
:1012E0000DF11C0CCDF814C00497039002910192EB
:1012F0000093A379124A3146284621F064FA0BB0D4
:10130000F0BD104B93E803000790ADF82010090CD6
:101310008DF82210DFE70C4A07AB07CA03C31A8017
:10132000D9E70A4A07AB07CA03C31A80D3E7084ABA
:101330000A2107A821F047FACDE700BF984505002C
:10134000A8450500A0450500CC450500D845050089
:1013500000AF0500402928BF402100238B421CD24A
:1013600030B410F803C04FEA1C1C5A000D4D15F89C
:101370000CC00D4C04F813C010F803C00CF00F0C97
:10138000013215F80C50A55401338B42E9D30648BD
:10139000002200F8132030BC70470348002200F8F8
:1013A00013207047808E05001074002010B5034C88
:1013B0001E222146FFF77AFF204610BDF073002061
:1013C00070B584B002AE002402940394084B0293DB
:1013D000084D284616F08AFF00960A234FF4E8626B
:1013E00005492846EEF73CF9204604B070BD00BF21
:1013F0009C8E05003853002000F4002008B50146FB
:10140000014817F035F808BD3853002008B50146EB
:10141000014817F099F808BD3853002008B5014677
:1014200001482EF061FD08BD3853002010B58646F6
:101430008C460378012B18D0022B32D003B110BD9B
:10144000224C0FCCCCF80000CCF80410CCF80820CB
:10145000CCF80C3023788CF81030BEF802308CF8C1
:101460000D301B0A8CF80E30E9E7184C0FCCCCF885
:101470000000CCF80410CCF80820CCF80C3023780D
:101480008CF81030DEF804308CF80D30C3F30722EE
:101490008CF80E201A0C8CF80F201B0E8CF81030D4
:1014A000CDE70068DEF80410DEF80820DEF80C3026
:1014B000CCF80000CCF80410CCF80820CCF80C30A4
:1014C0009EF810308CF81030B9E700BFA88E0500E8
:1014D00010B5044618F05CF8034B1B680BB12046AE
:1014E000984718F08FF810BD9474002038B5054661
:1014F00002281AD0082801D020280CD10D4824F049
:10150000E9F904462CB1012104F10C00FDF7B2FD0C
:101510002576204638BD084C64222146074821F034
:10152000A3FB642120462BF021FF054824F0D2F9CB
:101530000446E7E720320020BC8E0500FC2F0500A2
:10154000F032002010B50F2810D80E2810D2A1B10B
:101550000C4824F0BFF9044634B1012104F10C0019
:10156000FDF788FD02232376204610BD1328EED117
:10157000054824F0AFF90446EEE70220FFF7B6FF76
:101580000446F1E7BC320020C033002038B50B68B8
:1015900093B105460C464A68DA600B684A895A825C
:1015A0000868FDF7C5FC002323606360A360E36067
:1015B000284624F0C5FF38BD044CF12221460448DA
:1015C00021F052FBF12120462BF0D0FEBC8E05000D
:1015D000FC2F05002DE9F0417AB305460C461E4666
:1015E0009046002833D001F10C07384624F08FF9DB
:1015F000002836D0204624F0C2FF00283BD105F158
:101600000C01384624F072F9384624F080F91FFAAC
:1016100088F3184468822B8201236B724146384656
:10162000FDF760FDE36873600023E360628A728106
:10163000638234602846BDE8F081144CCD222146F7
:10164000134821F011FBCD2120462BF08FFE0F4CCB
:10165000CE2221460E4821F007FBCE2120462BF05A
:1016600085FE0A4CD2222146094821F0FDFAD221FA
:1016700020462BF07BFE054CD4222146044821F065
:10168000F3FAD42120462BF071FE00BFBC8E05007A
:10169000FC2F05000023042B0DD8074A32F8132035
:1016A0000AB10133F7E740F47040034A22F813000F
:1016B000024AD15470477047A074002098740020EB
:1016C00040F470400023042B0DD8084A32F8132050
:1016D000824201D00133F6E7044A002122F81310B8
:1016E000034AD05C70470020704700BFA074002000
:1016F00098740020C2685178084B83F870105188A4
:10170000A3F87210117983F87110B2F80710A3F8DA
:101710007410B2F80520A3F87620704790200020BE
:10172000C268034BD2F80100D2F8051003C370471A
:101730006821002030B5C46804F1010C094D413422
:10174000AE46DCF80000DCF80410DCF80820DCF819
:101750000C30AEE80F000CF1100C7546A445EFD12B
:1017600030BD00BF10210020C268034BD2F8010039
:10177000D2F8051003C370470821002008B5C068DF
:10178000013024F017FF024BC3E9380108BD00BF48
:1017900090200020C3685A78014B83F822217047BB
:1017A00090200020054BD3E8AF2F02F00902D3E8C8
:1017B000EF1FC3E8E02F0028F9D170476421002013
:1017C00008B5C368B3F8012091B209B1D97801B95D
:1017D00008BD0548A0F80421D9780A4600F58470B0
:1017E0002EF0AAFAF4E700BF9020002008B5C268E6
:1017F000084BB3F8043103B108BDB2F80130054815
:10180000A0F8043191880A4600F584702EF094FA0D
:10181000F2E700BF9020002008B5C268064B1B68A5
:1018200013F0060F00D108BD1378044A02210248C4
:1018300022F04DF9F7E700BF882F00203C8F05000C
:1018400030B583B0054608464FF0000C634520D9FB
:1018500002EBCC0112F83C40AC4208D1038A4A7832
:10186000934207D34B689847002003B030BD0CF17A
:10187000010CEBE7084A126812F0070F02D16FF073
:101880001500F2E70095054A0121034822F02AF9E4
:10189000F5E76FF05E00E8E7882F0020648F050011
:1018A00000B970472DE9F04182B00E4615468046DA
:1018B0004E4B0022D3E8EF4FC3E8E12F0029F9D1C6
:1018C00027465CB94A4B1B6813F0070F1FD04346ED
:1018D000484A0121464822F0FAF818E0204623F051
:1018E000D9FF00EB4000444B03EB80035B8843458A
:1018F00031D03F4B1B6813F0070F0FD13B4AD2E8A2
:10190000EF3FC2E8E14F0029F9D11F46BBB917B13B
:101910003846FDF70DFB02B0BDE8F081204623F00C
:10192000B9FF00EB4000344B03EB80035B8800936E
:101930004346324A01212E4822F0D4F8DEE7304CEB
:1019400040F6841221462F4821F08EF940F684118A
:1019500020462BF00BFDAC420FD02046FDF750F98E
:101960000223237604F10C0801214046FDF782FB97
:101970002A8AE968404623F0DEFF204623F08AFFEA
:1019800000EB40001C4B03EB80035B6803B1EEB13E
:10199000204623F07FFF00EB4000174B03EB800352
:1019A0009B68002BB3D0204623F074FF124D00EB50
:1019B000400005F82060204623F06CFF00EB40005B
:1019C00005EB8005A86815F049FFA0E7204623F045
:1019D00061FF00EB4000084B03EB80035B681A7A61
:1019E0005968186824F06BFED2E700BFD8210020A8
:1019F000882F0020888F0500AC740020B08F050070
:101A0000E48F0500FC2F0500012801D0002070475D
:101A100008B50622074B93F86F0005F06DF800B18A
:101A200008BD05220449034B93F86F0005F064F8E4
:101A3000F6E700BF90200020608E050010B502F090
:101A40003BFF1030D0E8EF3F23F08003C0E8E23FD7
:101A5000002AF7D100210120FFF7D6FF044640B14C
:101A60003C230373002104F0FBFA204604F0AEFA95
:101A700010BD054B1B6813F0070FF9D0034A012175
:101A8000014822F01AF8F3E7882F0020189005008B
:101A900090B583B000AF3C282BD0344B1B6813F0BB
:101AA000060F5CD06C4601233B7103237B718AB027
:101AB000EC461CF110021FD04FF0120E52B17346CB
:101AC000BEF1040F02DD2A49CCF81410082B01DD09
:101AD000CCF8180001233B7003237B70CAB1BEF120
:101AE0000C0F02DD234BCCF81C300CF1200300213D
:101AF0000DE0FFF7A3FF32E06FF0004EDEE701F1EB
:101B00000800384410F8080C03F8010B01310129D2
:101B1000F5D9BEF1110F25DD12234AB10421397127
:101B200000217971B9710121F9717868CCF8100040
:101B300000216FF300016FF341016FF382016FF336
:101B4000C501022060F38811C3F30A0363F3532134
:101B50006FF31F5100230548F7F716F8A5460C3719
:101B6000BD4690BD6FF01B03D7E700BF882F002054
:101B70003C900500E467050038B5C368B3F8014040
:101B80001B7803B138BD0F21204604F0A9FB0546A0
:101B900048B1002104F064FAAB78012B0FD028463D
:101BA00004F014FAEEE7084B1B6813F0070FE9D0B6
:101BB0002346064A0121044821F089FFE2E728462E
:101BC00004F004FADEE700BF882F002058900500DB
:101BD00010B5C368B3F801400121204604F080FB32
:101BE00010B104F0F3F910BD054B1B6813F0070F9B
:101BF000F9D02346034A0121014821F068FFF2E7AA
:101C0000882F00208090050010B5C3681C88012132
:101C1000204604F065FB10B104F0D8F910BD064B66
:101C20001B6813F0070FF9D02346044A012102482C
:101C300021F04DFFF2E700BF882F002080900500C3
:101C400038B5C468B4F801500121284604F048FBB7
:101C500078B103462278C2B11A1DD2E8EF0F40F4E2
:101C60000030C2E8E10F0029F7D1184604F0AEF9C0
:101C700038BD0A4B1B6813F0070FF9D02B46084AF2
:101C80000121064821F023FFF2E7D4F80310D4F82D
:101C90000720C0F89510C0F89920DDE7882F0020B4
:101CA000809005002DE9F04383B000AFD0F80C80A0
:101CB00098F80040A3000133018A8B421BD84FF0F3
:101CC000000998F80030994558DA08EB8903B3F811
:101CD0000150B3F803600F21284604F001FB0446CD
:101CE000002840F08880584B1B6813F0070F4FD135
:101CF00009F10109E5E7544A126812F0070F3DD0D7
:101D00006E468AB06D4615F110023BD0142092B198
:101D10008446042803DDDFF844E1C5F814E0BCF193
:101D2000080F00DDAC61BCF10C0F00DDEB61BCF114
:101D3000100F00DD2962132827DD14233AB1052195
:101D4000397100217971B971F971786828610021C0
:101D50006FF300016FF341016FF382016FF3C5016F
:101D6000012060F38811C3F30A0363F353216FF377
:101D70001F5100233448F6F707FFB5460C37BD4620
:101D8000BDE8F0836FF00040C1E76FF01B03D5E7BB
:101D90002B462E4A01212C4821F099FEA8E72A4B18
:101DA0001B6813F0070F0DD1294C40F25D2221462C
:101DB000284820F059FF40F25D2120462BF0D6FA4A
:101DC000A26128E0244A01211F4821F076FEEBE7BA
:101DD0001360236204F1C003D3E8AF2F1AB3D3E832
:101DE000EF1F0139C3E8E21F002AF8D10021204685
:101DF00003F0E0FE2E46751EADB206B3204603F09A
:101E0000C7FD15F02BFD6369002BC8D01A6862610D
:101E1000A1699942D4D000221A60226A002AD7D13F
:101E20002362E361D6E70A4C4FF419722146094850
:101E300020F01AFF4FF4197120462BF097FA204634
:101E400004F0C4F854E700BF882F0020D0900500AC
:101E5000E48F0500FC2F0500EC900500A490050020
:101E600008B501210C30FDF759F9064B1B6813F03A
:101E7000070F00D108BD0378034A0121014821F072
:101E800026FEF7E7882F0020049105002DE9F04198
:101E900082B000AF05460C46FFF7D2FC10F15F0F91
:101EA00003D00837BD46BDE8F081344B1B6813F002
:101EB000060FF6D0B4F810804146E068FFF74AFA02
:101EC0006E4602233B7104237B718AB06C4614F189
:101ED00010021CD04FF0160C62B16346BCF1040F27
:101EE00001DD27496161082B00DDA5610C2B01DDB7
:101EF000C4F81C8002233B7004237B70A2B1BCF1A8
:101F0000100F00DD206204F1240300210AE06FF0CD
:101F1000004CE1E701F10800384410F8080C03F820
:101F2000010B01310129F5D9BCF1150F22DD162372
:101F300042B10521397100217971B9710121F9711D
:101F40007868206100216FF300016FF341016FF3A6
:101F500082016FF3C501022060F38811C3F30A0305
:101F600063F353216FF31F5100230448F6F70CFE6F
:101F7000B54696E76FF01B03DAE700BF882F002015
:101F80002891050038B50446038A012B14D9022193
:101F90000C30FDF7C3F80546007824F042FB10F042
:101FA000020F18D00623134A21462878FFF76EFF48
:101FB0002046FCF7BDFF38BD0F4A126812F0070F2C
:101FC00003D12046FCF7B4FFF5E70C4A01210A488B
:101FD00021F07DFDF5E740F6CE320949094820F0B1
:101FE00043FE002383F31188BFF36F8F032318464A
:101FF00002DFD7E78C960500882F00204C91050062
:10200000E48F0500FC2F050010B5044601210C30BB
:10201000FDF784F80823034A21460078FFF736FFCE
:1020200010BD00BFBC9605002DE9F04182B000AFA5
:1020300005460C46FFF704FC10F15F0F03D008378C
:10204000BD46BDE8F081344B1B6813F0060FF6D097
:10205000B4F810804146E068FFF77CF96E46022331
:102060003B7104237B718AB06C4614F110021CD0C2
:102070004FF0160C62B16346BCF1040F01DD274935
:102080006161082B00DDA5610C2B01DDC4F81C800B
:1020900002233B7004237B70A2B1BCF1100F00DD62
:1020A000206204F1240300210AE06FF0004CE1E714
:1020B00001F10800384410F8080C03F8010B013155
:1020C0000129F5D9BCF1150F22DD162342B10521F6
:1020D000397100217971B9710121F9717868206134
:1020E00000216FF300016FF341016FF382016FF381
:1020F000C501022060F38811C3F30A0363F353217F
:102100006FF31F5100230448F6F73EFDB54696E7EE
:102110006FF01B03DAE700BF882F002068910500ED
:1021200010B5044601210C30FCF7F8FF0023034AE8
:1021300021460078FFF778FF10BD00BFFC96050030
:1021400008B501460A48FCF749FE0A490A482DF03D
:10215000CBFE031E00DB08BD084A126812F0070F11
:10216000F9D0074A0121054821F0B1FCF3E700BF8F
:10217000DC2100203829002060540020882F002016
:102180009C91050070B582B00446038A032B0FD8DA
:10219000274A126812F0070F04D12046FCF7C8FE48
:1021A00002B070BD234A0121214821F090FCF4E7E0
:1021B00004210C30FCF7B2FF42880088050BC0F305
:1021C0000B00A083FF236376238A93420FD0184924
:1021D000096811F0070F03D12046FCF7A9FEDFE7DD
:1021E0000092154A0121124821F07CFCF4E70F21EE
:1021F00004F076F8064658B104F0C4F860762A4632
:102200002146304625F095F8304603F0DFFEC7E75B
:10221000074B1B6813F0070F03D12046FCF788FE1D
:10222000BEE7A38B054A0121014821F050FCF4E7E9
:10223000882F0020BC910500E09105000492050064
:1022400010B51A48FCF726FE88B10446037E022B1F
:102250000ED0082B0FD1FFF795FF154BD3F84C315B
:102260002BB1144914482DF03FFE031E12DB10BDA4
:10227000FFF788FEF1E7114A126812F0070F03D149
:102280002046FCF755FEE8E70D4A01210B4821F0F6
:102290001EFCF5E7094A126812F0070FE7D0094A59
:1022A0000121064821F013FCE1E700BFDC210020FA
:1022B000902000203829002060540020882F002022
:1022C000289205009C91050070B582B0C568B5F8EC
:1022D00001600121304604F003F8002847D004468D
:1022E0002B781A2B4FD02B78002B7CD1B5F80320FC
:1022F00093B2A4F88620B5F80520A4F88C20B5F890
:102300000720A4F88E209A1F92B240F67A418A42A2
:1023100004D9454A126812F0060F52D1B4F88C3035
:10232000B3F5FA7F04D3404A126812F0060F4ED17B
:10233000B4F88E30A3F10A0292B240F676418A4296
:1023400004D9394A126812F0060F46D1231DD3E88A
:10235000EF1F21F48051C3E8E21F002AF7D1204685
:1023600004F09EF9204603F031FE02B070BD2E4B02
:102370001B6813F0070FF8D033462C4A01212A4876
:1023800021F0A5FBF1E7C378012BACD10E2104307D
:1023900024F080F90028A6D1B4F88830ADF80030D8
:1023A000B4F88A30ADF80230B4F89030ADF80430AB
:1023B000B4F89230ADF806306946204625F02CFA84
:1023C000D0E71B4A0221184821F081FBA6E7194AF1
:1023D0000221154821F07BFBAAE7174A0221124887
:1023E00021F075FBB2E7261D0C21304624F02FF9B1
:1023F00010B12B78202B08D0D6E8EF3F23F4805380
:10240000C6E8E23F002AAAD0F6E794F89430002B01
:10241000F2D0013B84F894304FF42032002304F1D1
:10242000400016F089F89AE7882F00208090050078
:102430003C920500649205008C92050010B50C4694
:102440000A604B609DF808300B7223F023FA00EB12
:102450004000024B03EB80035C6010BDAC740020B5
:102460002DE9F843064688464FF0FF324FF0FF3320
:10247000194823F02FFA044658B300F10C07012144
:102480003846FCF7F7FD01232376204623F002FAB5
:10249000124D00EB400005EB80004680204623F003
:1024A000F9F900EB400305EB83034FF00009C3F893
:1024B0000890204623F0EEF900EB400005EB800584
:1024C000C5F8049003213846FCF762FE068080F8C8
:1024D00002802046BDE8F88358330020AC74002009
:1024E00070B5C3681C78B3F801600F21304603F063
:1024F000F7FED0B1054624BB8378012B2DD02046B2
:1025000024F08DF902462146284604F0CFF944B163
:10251000194B1B6813F0070F28D12146284603F0FA
:10252000A5FF284603F052FD70BD134B1B6813F046
:10253000070FF9D03346114A01210F4821F0C7FA9D
:10254000F2E7204624F06BF902462146284604F0C3
:10255000ADF9284603F03AFDE6E709F0B7FF284653
:1025600024F043F80028CAD10524C8E7044A012111
:10257000014821F0A2FAD0E7882F002058900500EA
:10258000B8920500F8B5C668B6F8017035780F2125
:10259000384603F0A5FEF8B104464DBBC27AF37885
:1025A0009A4231D0C3728278012A3CD0284624F066
:1025B00036F902462946204604F078F945B1224B07
:1025C0001B6813F0070F39D12946204603F04EFF50
:1025D000204603F0FBFCF8BD1B4B1B6813F0070FF4
:1025E000F9D03B46194A0121174821F070FAF2E769
:1025F000284624F014F902462946204604F056F9EC
:10260000204603F0E3FCE6E70F4A126812F0060FDB
:1026100003D1204603F0DAFCDDE70D4A02210A4827
:1026200021F055FAF5E733B9204623F0DEFF002804
:10263000BCD10525BAE709F049FFF5E7054A0121B4
:10264000014821F03AFABFE7882F00205890050092
:10265000E0920500B892050008B50146034BD3F897
:10266000700182689268904708BD00BF90200020EA
:1026700070B582B0044600F10C05284623F047F9F6
:10268000ADF80400238AADF80630012B1DD90221D4
:102690002846FCF743FD0646007823F0C2FF0546B6
:1026A00010F0010F21D00523194A21463078FFF799
:1026B000EDFB15F0020F27D06369BDF80420134429
:1026C000E360BDF80630238207E0124A126812F078
:1026D000070F04D12046FCF72BFC02B070BD0E4A58
:1026E00001210C4821F0F3F9F4E740F6EE720B49B2
:1026F0000B4820F0B9FA002383F31188BFF36F8FE2
:102700000323184602DFCEE72046FCF711FCE4E77E
:1027100064960500882F00204C910500E48F050089
:10272000FC2F050038B50446037E022B05D0082B8C
:1027300019D1FFF705FD002038BDC368187823F0D4
:1027400070FF054610F0010F04D115F0020F05D1FE
:102750000020F1E72046FFF78BFFF6E72046FFF762
:10276000EFFC0020E8E7084A126812F0070F05D1D5
:102770002046FCF7DDFB6FF01500DDE7034A012181
:10278000014821F0A4F9F3E7882F002010930500F9
:10279000044BD3E8EF1F41F00401C3E8E21F002A15
:1027A000F7D170476421002000487047249305004A
:1027B00008B5024815F0B0FC08BD00BF282900206C
:1027C00038B504460D4661B140F635439C4210D001
:1027D000294613482DF093FAFFF7EAFF002420461C
:1027E00038BDFFF73DFE05460028EDD16FF06804C7
:1027F000F5E72846FFF730FF04460028EFD0094BE5
:102800001B6813F0070F03D12846FCF791FBE6E79E
:102810000346054A0121034821F059F9F4E700BFB6
:10282000E4210020882F00203893050070B504466D
:10283000052140F63540FFF713FE0546B8B105F116
:102840000C0601213046FCF7A3FC01230370042190
:102850003046FCF79DFC0480012383700023C37085
:10286000294640F63540FFF7ABFF70B970BDFB223B
:102870000D490E4820F0F8F9002383F31188BFF3C7
:102880006F8F0323184602DFD9E740F2051206498D
:10289000064820F0E9F9002383F31188BFF36F8F16
:1028A0000323184602DFE1E7E48F0500FC2F050053
:1028B00070B50446868B457E23F0D4FEA37E2BB9EB
:1028C000184B93F88A3013F0200F00D170BD2846C2
:1028D00004F052FA044668B1437B073BDBB2012B9C
:1028E0001AD9114B1B6813F0060F0FD1204603F0C5
:1028F0006DFBEBE70C4B1B6813F0060FE6D02B4685
:102900000A4A0221084821F0E2F8DFE7084A0221DA
:10291000054821F0D2F8E9E703F058FB3046FFF70D
:1029200085FFD3E790200020882F00205C930500CE
:102930008893050070B505460C46122142F21A0034
:10294000FFF78EFDB8B1064612210C30FCF720FCD3
:10295000034623F8025BD4F800C06568A168E2680A
:10296000C0F802C05D609960DA60314642F21A0038
:10297000FFF726FF70BD054B1B6813F0070FF9D05A
:10298000034A0121014821F098F8F3E7882F00203D
:10299000B493050038B50446022142F21B00FFF74C
:1029A0005FFD58B1054602210C30FCF7F1FB0480B5
:1029B000294642F21B00FFF703FF38BD054B1B6899
:1029C00013F0070FF9D0044A0121024821F075F8ED
:1029D000F3E700BF882F0020B493050070B586B0E0
:1029E000C46825880121284603F07AFCA0B1064678
:1029F000D4F80220D4F8063002A90191618900912F
:102A000027F0CBF8A0B102A92846FFF793FF304684
:102A100003F0DCFA06B070BD074B1B6813F0070F1C
:102A2000F8D02B46054A0121034821F050F8F1E780
:102A30002846FFF7AFFFEAE7882F002080900500C7
:102A400070B505460C46032142F22100FFF708FD50
:102A500060B1064603210C30FCF79AFB05808470B8
:102A6000314642F22100FFF7ABFE70BD054B1B68FB
:102A700013F0070FF9D0044A0121024821F01DF894
:102A8000F3E700BF882F0020CC93050030B583B05A
:102A9000C3681C885A88ADF800209A88ADF80220D7
:102AA000DA88ADF804201B89ADF8063001212046F4
:102AB00003F016FC68B10546694603F057FEC8B935
:102AC0001E212046FFF7BCFF284603F07FFA03B023
:102AD00030BD0B4B1B6813F0070F04D102212046B9
:102AE000FFF7AEFFF3E72346064A0121044820F032
:102AF000EEFFF3E76946204623F0D1FEE4E700BF8E
:102B0000882F00208090050038B5002200232C4833
:102B100014F010FE0446002836D02A4BD3F8483172
:102B200063B1294B1B6813F0070F3CD1254DD5F835
:102B30004801FCF7FDF90023C5F848312046FCF7B1
:102B400021FA204BC3F848012046FFF785FD0346D4
:102B5000C8B11D4A126812F0070F2AD11B4814F0A1
:102B60007DFE204622F096FE00EB4000184B03EB62
:102B7000800322461F215888FEF792FE2046FCF76C
:102B8000D7F9FFF715FE38BD40F6DD32114912487E
:102B900020F06AF8002383F31188BFF36F8F0323BB
:102BA000184602DFB9E70D4A0121074820F085FFEA
:102BB000BCE70B4A0121044820F089FFCEE700BFA3
:102BC000E421002090200020882F0020C021002038
:102BD000AC740020E48F0500FC2F0500E89305008D
:102BE0003893050008B50B460849D1F8541151B186
:102BF0000246074814F096FE08B1002004E0FFF7F3
:102C000083FF012000E0002008BD00BF90200020CD
:102C1000C02100202DE9F04188B000AF8046164663
:102C2000002967D00D46887AFBF7E2FF7F4B83428D
:102C300068D107F108040122002120462DF07CF81C
:102C4000284622F027FE00EB4000794B03EB80037F
:102C50009C602846FCF796F9014676482DF04FF81F
:102C6000FFF7A6FD16F00EFF734B834266D04FF4BC
:102C7000A022002307F1080014F054FE002869D1B7
:102C8000284622F007FE00EB4000694B13F8204075
:102C9000002C00F0BC80694B1B6813F0060F00F09D
:102CA0009A806E4602233B7104237B718AB0EC4606
:102CB0001CF110025DD016206AB10346042802DD23
:102CC0005F49CCF81410082B01DDCCF818800C2BD0
:102CD00001DDCCF81C4002233B7004237B70002AEA
:102CE00054D0102802DD574BCCF820300CF12403CF
:102CF000002149E0FFF7B4FB0546002899D16FF0A9
:102D0000680087E0504C4FF4C37221464F481FF0D3
:102D1000ABFF4FF4C37120462AF028FB4FF4D87262
:102D200049494A481FF0A0FF002383F31188BFF3ED
:102D30006F8F0323184602DFAC4298D03D482CF039
:102D4000F5FF04464FF4A0200021FFF74BFF0028B9
:102D5000F2D1E3E74FF4DB723B493C481FF084FFBC
:102D6000002383F31188BFF36F8F0323184602DF1C
:102D700086E76FF000409FE701F1200EBE441EF889
:102D800020EC03F801EB01310129F5D915282FDDDD
:102D900016234AB10521397100217971B9710121D8
:102DA000F9717868CCF8100000216FF300016FF31F
:102DB00041016FF382016FF3C501022060F38811B6
:102DC000C3F30A0363F353216FF31F5100231B481E
:102DD000F5F7DAFEB5462846FCF7AAF8093C092CB7
:102DE00012D8DFE804F00811110E20111111110B97
:102DF0006FF01B03CDE76FF06E000BE06FF0150076
:102E000008E06FF00C0005E06FF0040002E02EB166
:102E1000356000202037BD46BDE8F0812846FCF72C
:102E200087F80020F6E76FF00B00F3E75833002037
:102E3000AC740020E4210020C8640020882F00200A
:102E400004940500E4670500E48F0500FC2F0500ED
:102E500010B5244B93F88A3013F0200F0CD1224B7D
:102E60001B6813F0060F01D1002010BD1F4A02217C
:102E70001D4820F022FEF7E7072140F63340FFF718
:102E8000EFFA044638B307210C30FCF781F9002231
:102E90000260C0F803206FF0040303704270062341
:102EA000C3700271214640F63340FFF7B3FE00289D
:102EB000DBD1012140F63140FFF7D2FA044668B178
:102EC00001210C3022F042FD0022214640F6314023
:102ED000FFF7A0FEC9E76FF06800C6E76FF0680073
:102EE000C3E700BF90200020882F00202494050015
:102EF00038B5082142F20100FFF7B2FAB8B3044630
:102F000008210C30FCF744F902461A4B93F8D830EC
:102F100013F0400F26D040F2022E4FF0000C4EF07E
:102F20000C00614613F0020F01D04EF02C0013F09C
:102F3000200F01D040F040000E4D95F8D9C01CF094
:102F4000090F01D040F4006013F0010F01D040F0F0
:102F5000100023F01EFB0022214642F20100FFF781
:102F600059FE38BD4FF0030E4FF0000CD7E76FF05D
:102F70006800F6E79020002010B582B00B4BB3F844
:102F800004311BB10024204602B010BD01AA00216B
:102F900041F20500FFF73EFE04460028F3D10198F8
:102FA000FEF724FC0198FBF7C3FFECE7902000201C
:102FB00010B582B001AA00214FF60140FFF72AFEAA
:102FC00060B1254B1B6813F0060F01D102B010BD94
:102FD000224A0221204820F070FDF7E70198FBF714
:102FE000A7FF01AA00214FF60240FFF713FE50B1E0
:102FF000194B1B6813F0060FE8D0194A0221164836
:1030000020F05BFDE2E70198C368B3F80130154C8E
:10301000A4F8C130FBF78CFF94F8C13013F0040F13
:10302000D4D001AA00214FF60340FFF7F3FD50B1C1
:10303000094B1B6813F0060FC8D00B4A0221064843
:1030400020F03BFDC2E70198C3685A78054B83F82E
:10305000C020FBF76DFFB9E7882F002054940500CE
:103060007894050090200020A494050070B582B0EB
:1030700006460C46124B93F99B30002B1DDAC4B167
:103080002546082C28BF082501AA002142F2180075
:10309000FFF7C0FD034668B9019BD9682A46013194
:1030A00030462EF03FFD0198FBF742FF2E44641B93
:1030B000E5E70023184602B070BD6FF08503F9E71D
:1030C0009020002070B582B005460C4601AA002170
:1030D00042F22F00FFF79EFD064668B11D4B1B68AC
:1030E00013F0070F02D1304602B070BD1A4A012119
:1030F000184820F0E2FCF6E70198C368B3F8012015
:103100002A80B3F803302380FBF712FF2B88A3F14A
:103110001B0292B2E02A04D90E4A126812F0060F7E
:1031200012D12388A3F5A47292B244F248118A42C4
:10313000D9D9084A126812F0060FD4D0074A0221E2
:10314000044820F0C4FCCEE7054A0221014820F0E3
:10315000BEFCE6E7882F0020D094050018950500F6
:10316000F094050010B582B0684B93F87C3013F0F2
:10317000400F0AD001AA002142F20300FFF74AFDE6
:10318000034680B1184602B010BD614B1B6813F0B6
:10319000070F02D16FF01203F4E75E4A01215C4889
:1031A00020F08BFCF6E70198FEF7BAFA0198FBF7DE
:1031B000BFFE01AA002142F20200FFF72BFD0346E9
:1031C0000028DFD10198FEF7FBFA0198FBF7B0FE6B
:1031D0004E4B1F22A3F8202193F87C3013F0200FD0
:1031E0003DD04A4B93F89C3013F0080F50D1474B19
:1031F00093F8D83013F0200F5BD1444B93F8D830BC
:1032000013F0400F27D0022142F22E00FFF728F9D9
:103210000446002877D002210C30FBF7B9FF3B4B66
:10322000B3F8B83103800022214642F22E00FFF7A6
:10323000F1FC03460028A5D101AA002142F22A0090
:10324000FFF7E8FC034600289CD10198FEF7A2FA9C
:103250000198FBF76DFEFFF74BFE034692E7022154
:1032600040F66D40FFF7FCF80446002848D00221E4
:103270000C30FBF78DFF01230370002242702146C2
:1032800040F66D40FFF7C6FC03460028A9D079E759
:1032900001AA002142F21C00FFF7BCFC03460028F3
:1032A0007FF470AF0198FEF769FA0198FBF740FED2
:1032B0009DE70DF102016846FFF704FF0346002871
:1032C0007FF460AF042142F22400FFF7C9F80446FE
:1032D00098B104210C30FBF75BFFBDF80030038090
:1032E000BDF8023043800022214642F22400FFF75D
:1032F00091FC0346002880D044E76FF0680341E763
:103300006FF068033EE76FF068033BE79020002012
:10331000882F00203C95050008B523F0E5FA034608
:1033200008B1184608BDFFF71DFF03460028F8D175
:10333000144B93F87C3013F0200F0ED0114BB3F8E0
:10334000043183B1ECF740F903460028E9D1FFF7D7
:103350002FFE01F043F90346E3E7FFF70DFE0346B6
:103360000028EFD0DDE7084B1B6813F0070F02D1F0
:103370006FF00403D5E7054A0121034820F09DFBC7
:10338000F6E700BF90200020882F00206095050000
:1033900008B523F0F1FA024B1B6803B1984708BD4A
:1033A0002475002070B582B00446344BD3F8700108
:1033B0002CF0B6FB00283FD0314BD3E8EF2F22F0A2
:1033C0000202C3E8E12F0029F7D1D3E8EF2F42F042
:1033D0000101C3E8E01F0028F7D112F0010F49D125
:1033E000284B1C60284D0122114628462CF0A4FCD5
:1033F00005F124002CF076FC244E304614F076FFC4
:10340000002300936FF007034FF4805220493046A9
:10341000ECF726F91F49304615F07AFA286C8368D4
:103420001B681D4998470546A0B9FCB11B4814F01C
:1034300073FE284602B070BD194B1B6813F0070FCE
:1034400002D16FF01205F4E7164A0121144820F06A
:1034500034FBF6E7124B1B6813F0070FE9D0034665
:10346000114A01210E4820F032FBE2E723F084FAF2
:103470000546DEE76FF07705DBE700BF9020002010
:103480006421002024750020C02100206054002009
:1034900080FB00209C9505006968040054210020F1
:1034A000882F002084950500A89505002DE9F0419E
:1034B00086B000AF0578C5BB0446B0F80180404631
:1034C000FEF7FEF8064600F03DFDE378012B38D00C
:1034D0002B46224607F1080107F1100023F02CF9D2
:1034E00007F10801E078FEF78FFA0546E378012B33
:1034F0002BD0CDB3224607F10801284623F0FCF873
:10350000EB78012B00F08E800721284602F0A8FD01
:10351000002E40F0D080284623F054FF284602F0C9
:1035200055FD1837BD46BDE8F081664C40F23F526C
:10353000214665481FF098FB40F23F51204629F094
:1035400015FF624B93F86F50C2E701F0B5F900F137
:103550001003D3E8EF1F21F08001C3E8E21F002A27
:10356000F7D123F041FDC4E7594B1B6813F0070F57
:1035700004D11321404623F00EFAD2E7201DFDF7B7
:1035800015FF6D4600233B7102237B7188B06C46AA
:1035900014F1100211D00E261AB1042E01DD4D4B8C
:1035A000636100233B7002237B709AB1082E00DD1B
:1035B000A06104F11C0300210AE06FF00046EBE774
:1035C00001F11800384410F8180C03F8010B013110
:1035D0000129F5D90D2E22DD0E2342B103213971C7
:1035E00000217971B9710121F97178682061002198
:1035F0006FF300016FF341016FF382016FF3C501B7
:10360000012060F38811C3F30A0363F353216FF3BE
:103610001F5100232E48F5F7B7FAAD46A9E76FF022
:103620001B03DAE73869C5F87700BA8ABB7DA5F8CD
:103630007B2085F87D3001F03FF90D21103023F01B
:1036400006F848BB012385F87E3004F10B080622FA
:10365000214940462EF056FAA8B91C4BD3F86920F0
:10366000C5F87F20B3F86D30A5F88330174BD3F839
:10367000E020D3F8E43003F03F031A433FF444AFB3
:1036800001F0F4FA40E7D4F80B30C5F87F30B4F815
:103690000F30A5F88330E9E72B7AC3EBC3030B495E
:1036A0005A18CB58C5F87E3091889379A5F88210C6
:1036B00085F88430DAE72E730121284602F0D0FC29
:1036C00029E700BFE48F0500FC2F050090200020B3
:1036D000882F0020C4950500788E050000B589B0BC
:1036E000C3681878A8BB8DF80000B3F80120ADF8C6
:1036F0000120DA788DF80320B3F80B20ADF81720FD
:10370000B3F80D20ADF81920B3F80F20ADF81B2049
:103710005A7C8DF81D20586801901A899B7AADF863
:1037200008208DF80A300C4BD3F86920CDF80B2017
:10373000B3F86D30ADF80F30084B1A68CDF8112092
:103740009B88ADF81530684623F03FF909B05DF865
:1037500004FBFEF79DF9F9E790200020788E050024
:1037600038B5044604210C30FBF7D8FC45782246D6
:1037700001784088FEF794F805B938BD024814F086
:103780006DF8FFF715F8F8E7C0210020F0B583B019
:1037900000AF044603210C30FBF7C0FC0578B0F8FD
:1037A0000100E368197840F63543984207D0224675
:1037B000FEF776F8002D5ED10C37BD46F0BD314BDB
:1037C0001B6813F0060FF7D06D4601233B710323EE
:1037D0007B718AB06C4614F1100216D012203AB1F7
:1037E0000346042801DD284E6661082B00DDA16137
:1037F00001233B7003237B70AAB10C2801DD234B0E
:10380000E36104F1200300210BE06FF00040E6E7E4
:1038100001F1080606EB070C1CF808CC03F801CBF5
:1038200001310129F4D9112822DD122342B10421EA
:10383000397100217971B9710121F97178682061BC
:1038400000216FF300016FF341016FF382016FF309
:10385000C501022060F38811C3F30A0363F3532107
:103860006FF31F5100230748F5F78EF9AD46A3E724
:103870006FF01B03DAE7064813F0F0FFFEF798FF3E
:103880009AE700BF882F0020E0950500E467050057
:10389000C021002070B50546002401E00134E4B2E7
:1038A000094BDB79A3420BD92646C4EBC40107229E
:1038B000054B194428462EF025F90028EED101E0E9
:1038C0006FF00106304670BD90200020F0B587B043
:1038D00061B104460E460D68A5B1F8B12B7A13F01C
:1038E000040F27D14B688BB307B0F0BD2D4C40F2CD
:1038F000BA3221462C481FF0B7F940F2BA312046BF
:1039000029F034FD274C40F2BB32214626481FF0F7
:10391000ABF940F2BB31204629F028FD214C4FF491
:103920006F72214620481FF09FF94FF46F712046B7
:1039300029F01CFD1B4C40F2BE3221461A481FF0F4
:1039400093F940F2BE31204629F010FD037A13F0BE
:10395000040FC9D00722411C681C2EF0D3F807467B
:10396000002300930193029303930493ADF8143062
:103970001022694605F12A002EF0C4F8034640B132
:103980003068102204F12A012A302EF0BBF838B931
:10399000012303F001030FB1002BA5D07460A3E74E
:1039A0000023F6E70C970500FC2F050038B5044608
:1039B00006221B492EF0A6F8054608B9284638BD50
:1039C000062142F20500FEF74BFD054628B306220C
:1039D00021460C3021F0AFFF0022294642F20500BB
:1039E000FFF718F9054650B90E4B2268C3F8692055
:1039F000A288A3F86D20012283F86820DEE710F189
:103A00000D0FDBD1084B1B6813F0060FD6D0074A09
:103A10000221054820F051F8D0E76FF06805CDE7A6
:103A2000F920002090200020982F00203C970500CE
:103A300010B582B01A4A92F8A72012F0040F0DD1E7
:103A4000184B1B6813F0060F02D1002002B010BD06
:103A5000154A0221134820F030F8F6E703460068C3
:103A600000909A889B79ADF804208DF806308DF887
:103A70000710082142F24E00FEF7F2FC044658B14E
:103A8000082269460C3021F056FF0022214642F2FE
:103A90004E00FFF7BFF8D9E76FF06800D6E700BF28
:103AA00090200020982F00204C970500064BD3E86B
:103AB000EFCF4CF4806CC3E8E2CF002AF7D1037A51
:103AC00019430172704700BF6421002010B50D4CEE
:103AD000B4F8B8014FF47A7303FB00F0410CC00353
:103AE00040F2E733C0184FF47A724FF0000341F10F
:103AF0000001EAF7D3F902460B4604F5C47014F04E
:103B00001BFD10BD9020002000B583B000238DF870
:103B100007300DF10701044800F0C6FE9DF80700CC
:103B200003B05DF804FB00BFCD6A040098B500AF98
:103B30000D4BD3E8EF2F22F48072C3E8E12F002968
:103B4000F7D16A4613F8CD3C13B99546BD4698BDEA
:103B50001446073303F4FC73ADEB030D69460348C9
:103B600000F0A2FEA546F1E764210020076B0400E7
:103B7000C0BBF8B50D4614460746272142F2270080
:103B8000FEF76EFC064680B327210C30FBF700FBE6
:103B90002B680360AA88AB7982808371256861688D
:103BA000A268E368C0F80750C0F80B10C0F80F20F7
:103BB000C0F8133007F117020D4B03EB02135C68DA
:103BC0009968DA681B69C0F81740C0F81B10C0F884
:103BD0001F20C0F823300022314642F22700FFF7B1
:103BE00019F8F8BD6FF0150070476FF06800F8E73E
:103BF0009020002070B584B0044615460E4629B1C9
:103C00000722304930462DF07DFFF8B9684622F092
:103C100073FC0346002851D16846FFF73BFE00289D
:103C2000F4DAC4EBC4022849531800988850BDF850
:103C300004C09DF80600A3F804C0987186B18A58A4
:103C400032609A889B79B280B37109E0C4EBC402F8
:103C50001D49531830688850B188B27999809A719B
:103C6000002300930193029303932DB11022694620
:103C700028462DF047FFA0B91734134B03EB04146B
:103C8000261D1021304601F09DF80346B0B9A5B1BC
:103C90006068A168E268236928606960AA60EB60D7
:103CA0000BE01734084B03EB04132C686868A96811
:103CB000EA685C609860D9601A610023184604B015
:103CC00070BD00BF688E05009020002000230360B7
:103CD00043608360C360174B93F8C23013F0020F48
:103CE00000D1704710B582B0044601AA00214FF6FA
:103CF0000A40FEF78FFF50B10F4B1B6813F0060F01
:103D000016D00E4A02210C481FF0D7FE10E0019891
:103D1000C368D3F801C0D3F80510D3F80920D3F84D
:103D20000D30C4F800C06160A260E360FBF700F9E9
:103D300002B010BD90200020982F00207897050039
:103D40002DE9F04383B0314B93F8C24014F00104E5
:103D50000ED12F4B1B6813F0060F03D1204603B082
:103D6000BDE8F0832B4A022129481FF0A6FEF5E7A3
:103D700005460E4601AA00214FF60940FEF74AFF0C
:103D8000844640B90198D0F80C9099F80140B442AB
:103D900028BF344628E01E4B1B6813F0060F01D1E4
:103DA0000024DBE71C4A022119481FF086FEF7E7D2
:103DB000162101FB0CF16A1809EB0103D3F802E0AC
:103DC000D3F80680D3F80A70D3F80E6045F801E006
:103DD000C2F804809760D660D3F812E0C2F810E011
:103DE000DB8A93820CF1010C6445E1DCFBF7A0F85F
:103DF000002CB3D1064B1B6813F0060FAED0074A58
:103E0000022103481FF059FEA8E700BF90200020C0
:103E1000982F002098970500C4970500E4970500A7
:103E200010B582B058BB0346164AD2E8AF2F12F441
:103E3000807F01D0002419E01733134800EB0310F2
:103E40006946043022F0DBFA044690B96846FFF771
:103E5000ADFD044680B90B4BD3E8EF1F41F48071F0
:103E6000C3E8E21F002AF7D1FFF730FE204602B078
:103E700010BDFFF72BFEF9E7FFF728FEF6E76FF01E
:103E80001504F3E7642100209020002070B500F0B5
:103E900013FD0546B8B100F110040721204622F0B9
:103EA0000AFE064608B900240FE00D21204622F044
:103EB00002FE10B10024264607E02C780021284697
:103EC00023F066F801E0002426462046FFF7A8FF0D
:103ED000034610B905B15EB970BD084A126812F008
:103EE000060FF9D0064A022104481FF0F0FDF3E75F
:103EF0000121284623F04CF8EEE700BF982F002060
:103F000010980500B0B108B5826C12F4002F03D1EF
:103F10000078FFF785FF08BD084B1B6813F0070FFB
:103F200002D16FF05700F6E7054A012103481FF060
:103F3000C4FDF6E76FF01500704700BF982F002012
:103F40003498050008B5094BD3E8EF2F22F48061BF
:103F5000C3E8E01F0028F7D112F4806F00D108BD3C
:103F600000220349022008F057FCF8E764210020F2
:103F70007B6C040000B583B0002300930193009094
:103F80006A460449022008F047FC019803B05DF836
:103F900004FB00BFCD380200002800F0A18038B536
:103FA0000446504B93F8223123B14E4A92F8232114
:103FB00093420AD24B4A92F82331013382F82331DB
:103FC000237A43F00403237238BD022200210846FD
:103FD00002F092FD054638B101212046FFF766FD4B
:103FE000284601F0F3FFEFE700213F4800F05CFCBA
:103FF0003C4B93F82331EBB93A4B93F8232193F8D8
:1040000022319A423ED1394B1B6813F0060F21D161
:104010000022114642F22900FEF7FCFD00B3334BAB
:104020001B6813F0070F25D0314A01212F481FF0DC
:1040300044FD1FE0002022F0E2FD0028DCD02B4BE5
:104040001B6813F0060F15D02A4A022127481FF0DB
:1040500034FD0FE0284A022124481FF02EFDD7E747
:10406000204A92F82331013382F82331237A43F036
:1040700004032372012022F0C2FD00211F4800F03A
:1040800013FCA1E7651C224612F82A0B2946FFF70C
:104090006FFD50B1154B1B6813F0070FEAD0184A9B
:1040A000012112481FF009FDE4E70E4A92F823317E
:1040B000013382F82331237A43F004032372012170
:1040C0002846FFF7B5FC0028D4D0084B1B6813F036
:1040D000070FCFD00B4A012104481FF0EEFCC9E7BF
:1040E000704700BF902000207D6B0400982F0020B7
:1040F000B89805005C98050084980500636B04007F
:10410000D8980500F8980500002800F0838038B59D
:104110000446414B93F822312BB13F4A92F82321B8
:1041200001339A4218DD3C4B93F8233143B1013BF4
:10413000394A82F82331237A23F00403237238BDED
:10414000364C40F28642214635481EF08DFD40F245
:104150008641204629F00AF902220021084602F091
:10416000CBFC054638B102212046FFF79FFC2846CC
:1041700001F02CFFE3E700212A4800F095FB002026
:1041800022F03DFD0346E8B9234B93F8232193F831
:1041900022319A4221D8601C22F014FD58BB1E4ADD
:1041A00092F82331013B82F82331237A23F0040370
:1041B0002372194B93F8233143BB00211A4800F0B6
:1041C00073FBBCE7194A126812F0070FF1D0184AC6
:1041D000012116481FF07BFCEBE7013A0E4B83F8F8
:1041E0002321237A23F004032372002211490220A1
:1041F00008F012FBDDE70D4B1B6813F0070FD8D05A
:104200000D4A012109481FF058FCD2E7012022F095
:10421000F6FCD2E7704700BF902000200C97050005
:10422000FC2F05007D6B0400636B0400982F0020B9
:1042300014990500A96B04004499050038B50C4693
:1042400058B10849CD792268954228BF1546C5EB7B
:10425000C5022DF067FC256038BD024BDB790B6091
:10426000FAE700BF9020002070B584B00C460546E8
:1042700020B107222B492DF045FC48BB2A4BDB79A6
:10428000012B4CD0294BD3E8AF3F13F0010F12D1D3
:1042900000230093019302930393A5B307222149BE
:1042A00028462DF02FFC70B36CB3102269462046CF
:1042B0002DF028FC38B31C4BD879421CDA71064625
:1042C00022462946FFF796FC00BB304604B070BD7D
:1042D0002846FFF7DFFA00281EDA2B78012B04D1DD
:1042E000AB7903F0C003C02BC8D0114B1B6813F08F
:1042F000070F02D16FF01506E7E70E4A01210C48BF
:104300001FF0DBFBF6E76FF01506DEE70649CB7919
:10431000013BCB710646D8E76FF07706D5E76FF023
:104320000B06D2E7688E0500902000206421002053
:10433000982F00206C990500F0B583B0D8B10446E1
:1043400001AA002141F20900FEF764FC08BB019EAE
:10435000F7687D1C06221C4928462DF0D3FB28B1A6
:1043600006221A4928462DF0CDFBF8B93046FAF757
:10437000DFFD002005E0164B1B6813F0060F02D18D
:10438000002003B0F0BD134A022111481FF095FB35
:10439000F6E70F4B1B6813F0060F01D10020F0E782
:1043A0000D4A02210A481FF088FBF7E7D7F80130D1
:1043B000C4F80130AB88A4F80530002323700198BD
:1043C000FAF7B6FD0120DCE7788E0500708E050057
:1043D000982F00209C990500B899050000B58BB076
:1043E00008A8FFF7A9FF0B4BD87118B900200BB034
:1043F0005DF804FB6846FFF769FC04A9684625F0F0
:1044000062FC28B1002208A90020FFF7F3FBEEE7C9
:1044100004AAF8E79020002030B58DB01E4BDC795F
:104420007CBB012106A8FFF78BFC1B4BD87116E063
:1044300002AA06A9162305FB03F3C818CB58CDF82A
:1044400001308388ADF8053001238DF800306946CE
:104450002046FFF7CFFB0346C0B90134E4B20E4B50
:10446000DB79A3420CD92546162306AA03FB0420B8
:1044700002A9063025F027FC0028D9D00022D8E771
:104480003BB900210846FFF7EFFE034618460DB082
:1044900030BD0023FAE700BF90200020002800F084
:1044A000898070B50C4616461D460346002D00F067
:1044B0008480017814F4002F16D014F0040F05D175
:1044C000FFF720FD08B901232B7070BD404B1B681E
:1044D00013F0070F02D16FF01500F6E73D4A0121F6
:1044E0003B481FF0EAFAF6E714F0010F3BD042B167
:1044F00014F0200F05D0384A92F8D82012F0400F5F
:104500005ED014F0040F13D0C1EBC1023248825CBC
:10451000012A1CD00AB900232B70002E53D014F0AE
:10452000200F52D02B7843F002032B700020CCE7F1
:104530001846FFF7E7FC0028C7D12EB114F0200F72
:1045400002D003232B70C0E701232B70BDE7C1EB22
:10455000C10101440131184622F077FB0028B4D193
:1045600001232B70D9E714F0040F1ED0C1EBC10258
:104570001948825C012A0AD0AAB90020287014F0D8
:10458000200FA2D02B7843F002032B709DE7C1EBE4
:10459000C10101440131184622F057FB002894D193
:1045A00001232B70EBE70020E9E7FFF7ABFC0123C9
:1045B0002B708AE76FF0150070476FF0150084E7E5
:1045C0006FF0850081E700207FE700207DE700BFD6
:1045D000982F0020D89905009020002010B51F4C7E
:1045E0001F49204613F01AFFA4F5C474E3792BB1D8
:1045F0001C4BDB7993B10024204610BDFFF7EEFE83
:1046000004460028F4D0184B1B6813F0070FF3D0B2
:10461000164A012114481FF050FAEDE7FFF7FCFE9F
:10462000044650B1104B1B6813F0070FE4D00F4A3B
:1046300001210D481FF041FADEE70D48FFF7B6F9FA
:1046400004460028D8D0084B1B6813F0070FD3D0BE
:10465000084A012104481FF030FACDE71822002053
:10466000656C040090200020982F0020F899050028
:1046700091200020189A05002DE9F04F83B00646DE
:10468000884615469A464FF0000B5B46D3454AD202
:1046900005EBCB0955F83B700024CDF800B001952F
:1046A00023E0234B1B6813F0070F04D16FF01500B4
:1046B00003B0BDE8F08F1F4A01211D481FF0FDF92E
:1046C000F4E75FFA82FB591CC9B20BF1010E06F840
:1046D00005E09D1CEDB27054DCF8041070192DF04B
:1046E00021FAAB445FFA8BF30134D9F804209442E9
:1046F00013D207EBC40C9CF8012017F834001D46B8
:10470000991802314145DCD99A1CA8EB020209280C
:10471000C7D1002AC5DD0820D3E7DDF800B0019D30
:104720000BF1010BB2E70C9A13700020C0E700BF39
:10473000642F0020409A050038B50446056925B16C
:10474000436803F02403242B33D02078214BDB79FA
:10475000984230D2C0EBC00007221F491D4B1844BD
:104760002DF0D0F948B3636813F0010F07D1194A4F
:1047700092F87020082A02D8A2689F2A1FD913F045
:10478000300F00D0EDB113F0100F07D135B103F4A5
:104790006033B3F5603F1AD001200DE0A268E168F4
:1047A0008A4210D81F2A10D9B1F5804FEFD90020C6
:1047B00002E0002000E0002038BD0020FCE70020DF
:1047C000FAE70020F8E70020F6E70020F4E70020F1
:1047D000F2E700BF90200020688E05002DE9F0412F
:1047E00005468846044614F8096B194B83F86F6038
:1047F0000722184920462DF085F970B90746164959
:10480000304602F09BF80446C8B1052101F028FCAF
:10481000C8F800403846BDE8F0812146304602F035
:10482000DDF878B92146287802F088F8044660B1AE
:10483000062101F015FCC8F800400027EAE76FF0F8
:104840000B07E7E76FF01507E4E76FF00B07E1E709
:1048500090200020688E0500608E050070B504462B
:104860000D4600F1090607220D4930462DF04AF9A0
:1048700078B905220B49207802F03EF904463CB194
:1048800025730021204601F0EBFB204601F09EFB42
:1048900070BD06223146207802F02EF90446EEE77C
:1048A000688E0500608E050008B5034601489847EC
:1048B00008BD00BFA820002000487047A8200020A5
:1048C0002DE9F04F8DB005929846002307930E69AD
:1048D000B6EB030B18BF4FF0010BA14BD3E8AF3F72
:1048E00013F0040F00F02B8105460C46084622F019
:1048F000F5FA002800F02681204622F0BBF9824616
:10490000002800F0228105F110070721384622F027
:10491000FEF90490002840F01B81002308930993BE
:104920000A93CDF82B30A368ADF82030E368ADF8DA
:104930002230D4F80490484622F0D7F98DF82D00A3
:10494000484622F0D0F98DF82E00854BD3E8EF2FA2
:1049500022F48072C3E8E12F0029F7D122782A706F
:1049600003F8652C0DF125035A4661682846FFF7C8
:1049700095FD8146002840F0C18026B323691A685E
:10498000C5F809209A889B79A5F80D20EB7320467D
:1049900022F0EAFA8346636813F0010F25D006B3CC
:1049A00013F0100F19D004238DF8243023691A68EE
:1049B000CDF826209A889B79ADF82A208DF82C30E6
:1049C000DDF810A019E0674B1A68C5F809209A882D
:1049D0009B79A5F80D20EB73D9E701238DF82430DE
:1049E000E4E700238DF8243007E013F4007F01D1C1
:1049F000169B53B302238DF824300F2142F2060098
:104A0000FDF72EFD8146002800F0A5800F2208A9A1
:104A10000C3020F090FF0022494642F20600FEF7DB
:104A2000F9F88146002869D1BEB1636813F0010F1F
:104A30002BD007A92846FFF7D1FE30B310F10C0F99
:104A400040F08C80DEB1814658E00228D2D00323AA
:104A50008DF82430DDF810A0CFE7CDF80CB0CDF8FC
:104A600008A000230193179B0093169B42460599CB
:104A7000284622F0ACF90028D7D081463EE0626893
:104A800012F0020F0CD0814638E00121284622F0B6
:104A9000A7FA0546002835D1079808B101F096FA23
:104AA000002E44D04A4602F001020E21384622F080
:104AB00026FABBF1010F14BF00220122082138465B
:104AC00022F01DFABBF1020F14BF002201220921BE
:104AD000384622F014FA626802F001020A213846D0
:104AE00022F00DFA52460B21384622F008FA62688D
:104AF000C2F380020D21384622F001FA48460DB07B
:104B0000BDE8F08F184B1B6813F0070F09D1079809
:104B100028B1002101F0A4FA079801F057FAA9463C
:104B2000ECE7124A012110481EF0C7FFEFE7636867
:104B300013F0020F01D04A46B5E70122B3E76FF048
:104B40000A09DBE76FF01509D8E76FF01509D5E71B
:104B50006FF07709D2E76FF06809CFE78146CDE7BC
:104B600064210020688E0500642F00205C9A0500F7
:104B70002DE9F04383B080460C4617461D4622F0CF
:104B800091F8814618B1484603B0BDE8F083FFF7BD
:104B900093FE06460A9B019300953B4622464146FA
:104BA000FFF78EFE81463946204622F07DF8002828
:104BB000E9D018360549304613F030FC4FF4702226
:104BC0000023304613F024FDDDE700BF414C020016
:104BD00038B5FFF771FE98B1054622F005FA05F1E8
:104BE0001004D4E8EF3F23F48043C4E8E23F002AF6
:104BF000F7D10721204622F08AF870B9002038BD8D
:104C00000D4B1B6813F0070F01D10020F7E70B4A8B
:104C1000012109481EF051FFF7E70A21204622F042
:104C200076F820B90021284622F0B2F9E7E7002102
:104C30002846FFF713FEF5E7642F0020789A050059
:104C400008B5FFF7C5FF28B10346064A126812F0FF
:104C5000060F00D108BD044A022102481EF037FFAA
:104C6000F8E700BF642F00208C9A0500F0B583B0F0
:104C7000FFF722FE38B1054600F110040E21204650
:104C800022F045F808B903B0F0BD0721204622F014
:104C90003EF806460028F6D10A21204622F037F8D1
:104CA0000028F0D001A92846FFF798FD0028EAD196
:104CB0000D21204622F02BF8A8B92846FFF722F94B
:104CC0000121284622F08CF970BB019801F07EF991
:104CD000002ED8D0D4E8EF3F43F48043C4E8E23F4D
:104CE000002AD0D0F6E70722144905F109002CF07C
:104CF00009FF071E18BF0127284622F013F80146B6
:104D00000DF103033A462846FFF7C8FB0346002887
:104D1000D6D00B4A126812F0070FB4D0094A01210D
:104D200007481EF0D4FEAEE70021019801F098F983
:104D30000E21204622F000F90646C6E7688E0500DF
:104D4000642F0020AC9A0500884202D98B18834258
:104D500004D9884205D283188B4202D8531E1944C5
:104D600011E010B5094C40F2B122214608481DF06F
:104D70007BFF40F2B121204628F0F8FA11F8013902
:104D800000F8013B013A002AF8D17047EC9A05007F
:104D9000FC2F050008B517F02FFA00B908BD074B26
:104DA0001B6813F0070F02D16FF00400F6E703460B
:104DB000034A012101481EF08AFEF5E7942F0020E6
:104DC000209B050008B517F0FDF830B1084B1B68B3
:104DD00013F0070F02D16FF0040008BD0346054A27
:104DE000012103481EF073FE6FF00400F5E700BFD9
:104DF000942F00203C9B050070B592B000230B93CC
:104E00000C930D930E930F93109311930A93002814
:104E100068D00D4614460146002D66D0002A67D0A2
:104E2000102205A8FFF790FF4FF41053ADF82C3077
:104E30008023ADF82E304FF48073049304A822F041
:104E4000EEF8049B0D932F4B0E930AAB102205A98D
:104E50000BA82BF058FE034640BB1022294605A89C
:104E6000FFF772FF09AB029310230193009405AA88
:104E700024490A9817F0B8F8064620B1224B1B685F
:104E800013F0070F20D10A9817F04CF8054620B10F
:104E90001D4B1B6813F0070F1DD166BB75BB10219E
:104EA000204622F0A6F8284612B070BD164A1268B5
:104EB00012F0070F02D16FF01505F4E7134A012134
:104EC00011481EF004FEF6E70346114A01210E4880
:104ED0001EF0FDFDD7E703460E4A01210A481EF0E9
:104EE000F6FDDAE76FF01505DDE76FF01505DAE797
:104EF0006FF01505D7E76FF00405D4E76FF00405F0
:104F0000D1E700BF00444004942F00205C9B0500C3
:104F1000789B0500949B050010B582B0044647F2CB
:104F2000121303804FF48073438044F20103019312
:104F300001A822F083F8019BA360024BE36002B05A
:104F400010BD00BF00000209884202D98B188342BD
:104F500004D9884205D283188B4202D8531E1944C3
:104F600011E010B5094C40F2B122214608481DF06D
:104F70007BFE40F2B121204628F0F8F911F8013902
:104F800000F8013B013A002AF8D17047EC9A05007D
:104F9000FC2F050070B59AB000231393149315935A
:104FA000169317931893199313A8FFF7B5FF12A937
:104FB00013A82BF02FFFE8B103464C4A126812F0F9
:104FC000070F11D11F254A4BD3E8EF1F21F0010134
:104FD000C3E8E21F002AF7D114F0DAFA454B1C6847
:104FE000002C72D0043C70E0434A01213F481EF07F
:104FF0006EFDE7E76B46412201A912982BF05AFD9E
:10500000034660B1394A126812F0070F01D11F251B
:10501000D9E73A4A012135481EF059FDF7E70DF16D
:105020000504374E0DF1450C354620686168A268CD
:10503000E3680FC510342E466445F5D16B46202237
:10504000304912982BF0E6FC034660B1274A1268FB
:1050500012F0070F01D11F25B5E72B4A0121234884
:105060001EF035FDF7E7129816F05CFF054668B1B3
:105070001E4B1B6813F0070F01D11F25A3E7034642
:10508000224A012119481EF022FDF6E71C4E204C51
:10509000202231462046FFF757FF2022B118A018E2
:1050A000FFF752FF1B4BD3E8EF1F41F01001C3E89D
:1050B000E21F002A87D0F6E7231D03D11C4604E037
:1050C00000209847646804B1043C34B12368002B85
:1050D000F2D0002DF4D10E48F3E7064B00221A60FF
:1050E0005A6014F08FFA1AB070BD00BF802F0020F4
:1050F0008875002090750020C49B0500E49B050086
:105100004875002028750020089C05002C9C05008F
:10511000987500206421002030B5A7B000211F91B0
:1051200020912191229123912491259104230D9383
:105130003D220EA82CF01DFD1FA8FFF7EDFE1EABB3
:1051400020223D491FA82BF0DEFC28B303463B4A32
:10515000126812F0070F19D16FF0040514F018FA55
:10516000374B1C6874B100221A60364BD3E8EF1F2E
:1051700021F00201C3E8E21F002AF7D1002D52D02E
:105180000020A04714F03EFA27B030BD2E4A01217E
:105190002A481EF09CFCDFE7274D05F120040DF1A5
:1051A000350E6035A446BCE80F00CEF80000CEF8FE
:1051B0000410CEF80820CEF80C3064460EF1100E24
:1051C000AC45EFD10CAB0293202301931F4B00930E
:1051D00041230DAA1E991E482BF0D2FD034668B14B
:1051E000164A126812F0070F02D16FF00405B5E7F6
:1051F000184A012111481EF06AFCF6E71E9816F0C5
:1052000091FE05460028A9D00C4B1B6813F0070F30
:1052100002D16FF00405A1E703460F4A01210748B8
:105220001EF055FCF5E72022084904A8FFF78CFE84
:1052300004A8A047A6E700BF28750020802F002003
:105240008C750020887500204C9C05004875002056
:1052500000000209849C0500A09C050008B54022BE
:1052600003492CF04FFCB0FA80F0400908BD00BFA4
:105270000C9D050010B59AB00446002302930393D9
:105280000493059306930793089344F21213ADF821
:1052900008304FF48073ADF80A304FF48043009328
:1052A000684621F0CBFE009B0493184B0593042322
:1052B0008DF82430202221460DF12500FFF744FE11
:1052C0002022A1180DF14500FFF73EFE01AB41225F
:1052D00009A902A82BF017FC044602A82BF095FEA2
:1052E0003CB10B4B1B6813F0070F07D100201AB01D
:1052F00010BD019816F016FE0120F8E72346054A76
:10530000012103481EF0E3FB0020F0E70000020942
:10531000802F0020C09C050010B5002847D0024611
:10532000264B1B6803B1043B33B19A4242D05B6801
:10533000002BF9D0043BF7E7214BD3E8AF3FC3F391
:10534000400413F0020F14D1111D1C4B186850605B
:1053500019605B68DBB11A4BD3E8EF2F42F0010113
:10536000C3E8E01F0028F7D112F0010F12D0204649
:1053700010BD144B1B6813F0060F02D16FF00F0421
:10538000F5E7114A02210F481EF097FBF6E70B4B99
:105390005960E0E70D4BD3E8EF1F21F01001C3E89F
:1053A000E21F002AF7D10A48FCF738F8DFE76FF070
:1053B0001504DCE76FF07704D9E700BF9075002093
:1053C00088750020802F0020E49C050064210020C7
:1053D00058290020044BD3E8AF3F13F0100F01D041
:1053E0000248704700207047642100209875002013
:1053F00038B51D4B1B688B4230D005461B4BD3E89C
:10540000AF3F13F0100F2CD0174B1B681BBB184B72
:10541000D3E8AF3F13F0010F1DD1154BD3E8EF2FA9
:1054200042F00200C3E8E40F002CF7D112F0020FA3
:1054300011D10D4B19600F4C202229462046FFF751
:1054400083FD2022A918A018FFF77EFD0A48FBF76C
:10545000E5FF002038BD6FF00F00FBE76FF077002D
:10546000F8E76FF07C00F5E78C75002064210020E0
:10547000887500204875002048290020082816D883
:10548000DFE800F0051707090B0D0F1113000A489C
:1054900070470A4870470A4870470A4870470A48E8
:1054A00070470A4870470A4870470A4870470A48D8
:1054B00070470A48704700BF549D0500849D050051
:1054C000789D0500909D0500A89D0500B89D0500EC
:1054D00014A30500CC9D0500DC9D0500649D05001E
:1054E00000487047C8640020024B1868B0FA80F08A
:1054F0004009704704320020054B5B8C2BB9044BEC
:105500001868B0FA80F0400970470020704700BF6B
:1055100024330020024B93F8D800C0F3C00070473A
:105520009020002038B50546184B1C6804B11C3C7F
:1055300074B163683BB1297B28469847E469002C25
:10554000F6D01C3CF4E714F11C03F7D11C46EFE73E
:105550000F4C00E020340F4B9C4209D80D4B9C426D
:1055600012D26368002BF5D0297B28469847F1E7D3
:10557000094C40F29472214608481DF075FB40F238
:105580009471204627F0F2FE38BD00BF4C76002013
:10559000F427050074280500E89D0500FC2F050090
:1055A00038B50546184B1C6804B11C3C74B123681F
:1055B0003BB1297B28469847E469002CF6D01C3C77
:1055C000F4E714F11C03F7D11C46EFE70F4C00E0A1
:1055D00020340F4B9C4209D80D4B9C4212D22368B9
:1055E000002BF5D0297B28469847F1E7094C40F27B
:1055F0008372214608481DF037FB40F28371204634
:1056000027F0B4FE38BD00BF4C760020F42705001B
:1056100074280500E89D0500FC2F050010B5164B09
:105620001C6804B11C3C64B1A3682BB19847E469C1
:10563000002CF8D01C3CF6E714F11C03F7D11C46F3
:10564000F1E70E4C00E020340D4B9C4207D80C4B88
:105650009C4210D2A368002BF5D09847F3E7094C81
:1056600040F29662214608481DF0FEFA40F296612B
:10567000204627F07BFE10BD4C760020F427050065
:1056800074280500E89D0500FC2F050008280AD8AD
:10569000DFE800F016161818181818050700022081
:1056A00070470320704710B5074C40F66132214621
:1056B00006481DF0D9FA40F66131204627F056FE23
:1056C0000020704701207047E89D0500FC2F050071
:1056D00008B5014600234360836002482AF00FFBAF
:1056E00008BD00BF0432002070B5044614F0CAF9AA
:1056F0000546FFF7F5FE85421BD0174C4FF4897223
:10570000214616481DF0B0FA4FF48971204627F063
:105710002DFE83F31188BFF36F8FD8B1456886687B
:10572000FFF7D6FF1DB1002231462046A847FDF7FE
:105730003FF8EFF31183202282F31288BFF36F8FBB
:10574000E0690028E5D00268E261216A8142E0D187
:105750002262DEE770BD00BFE89D0500FC2F05005A
:1057600070B561B1044608464D688E68FFF7B0FF1A
:1057700025B16FF06D0231462046A84770BD054C3B
:105780004022214604481DF06FFA4021204627F0B0
:10579000EDFD00BFE89D0500FC2F050070B50C462F
:1057A00016461D4621F086FC50B1A3693360E369BB
:1057B0002B60E27A002104F118002CF0DAF970BDB8
:1057C000054C40F2DB32214604481DF04DFA40F210
:1057D000DB31204627F0CAFDE89D0500FC2F0500BF
:1057E00008B500220023024811F0A4FF08BD00BF45
:1057F0000432002010B5044600220023054812F0B0
:1058000091F800B110BDFFF709FF204612F084FCAB
:10581000F8E700BFEC31002008B5024812F07CFC2C
:1058200008BD00BF68290020437B072B00D07047CC
:1058300030B585B00446051D0A21284621F09FFC9D
:1058400008B105B030BD1121284621F079FC18B906
:105850002046FFF75FFE80BB2E4B93F8D93013F044
:10586000010F04D0204621F049FC002839D0294BF3
:1058700093F8D83013F0200FE3D020F0A4FF0028D5
:10588000DFD00DF10E0103A8FDF71CFC0028D8D1D4
:10589000BDF80E20BDF80C10204621F0BEF80346DE
:1058A0000028CED01C4A126812F0070FC9D01B4A3C
:1058B000012119481EF00BF9C3E7204621F094F8A6
:1058C000034620B1144A126812F0070F03D1637B1C
:1058D000072BB6D1C0E7124A01210F481EF0F7F896
:1058E000F5E70021009102231A46204621F0B2F884
:1058F000034620B1084A126812F0070F03D1637BF8
:10590000072B9ED1B3E7074A012103481EF0DFF8B9
:10591000F5E700BF90200020702F0020549E050066
:10592000189E05003C9E050008B51FF0B3FF024B12
:1059300003EB001008BD00BFD875002070B5054608
:105940000E4620F01CFE90B90022002300210D48D5
:10595000F9F778F9044640B1FFF7E6FF034632460F
:1059600029462046FBF736FE0446204670BD064C0D
:105970009822214605481DF077F99821204627F006
:10598000F5FC00BF24330020E89D0500FC2F050036
:10599000034BB3F804310BB1024870470020704745
:1059A00090200020982100202DE9F84317460A8A0C
:1059B000002A61D004460D469846084620F0DFFDD7
:1059C000002865D12046FFF7E3FF0022002311F0F5
:1059D000A9FF002868D1FFF703FF064600286FD013
:1059E000C0F80480089B83606D4BB3F80481B84510
:1059F00001D31FFA87F82B7A012B6DD12B8A4345EF
:105A000076D92846F9F7BEFA4146FFF797FF804658
:105A1000B8F1000F72D0624BB3F80431BB4279D2B7
:105A200094F8C450012384F8C43004F1C007D7E8C7
:105A3000EF3F0133C7E8E23F002AF8D104F114092F
:105A400000233360A369002B6ED01E60A661204640
:105A500021F028FB00286AD1204621F02BFB0028EA
:105A60006CD02A464146204621F00AFC0546002D0E
:105A700070D12846BDE8F8834A4C40F29122214675
:105A800049481DF0F1F840F29121204627F06EFCC4
:105A9000444C40F29722214643481DF0E5F840F27D
:105AA0009721204627F062FC3E4C40F2A622214678
:105AB0003D481DF0D9F840F2A621204627F056FCBB
:105AC000384C4FF42C72214637481DF0CDF84FF476
:105AD0002C71204627F04AFC324C4FF4317221469B
:105AE00031481DF0C1F84FF43171204627F03EFCDB
:105AF00041462846FFF722FF804689E7294C40F2BD
:105B0000D222214628481DF0AFF840F2D22120468B
:105B100027F02CFC94F8C43023B10325002384F82B
:105B2000C43082E70225F9E7A66166618FE72A465D
:105B30004146204621F078FB054698E7194C40F293
:105B4000F622214618481DF08FF840F2F621204633
:105B500027F00CFCD7E8EF3F013BC7E8E23F002A03
:105B6000F8D13146484621F08BFA104B1B6813F0F0
:105B7000070F0ED14046F9F7DBF931462046FFF713
:105B8000EFFD2046FFF704FF11F068FE6FF00405FB
:105B90006FE72B46064A012104481DF098FFE9E70C
:105BA00090200020E89D0500FC2F0500702F0020AC
:105BB0003893050070B58AB004460E4613F062FFB4
:105BC0000546FFF78DFC854208D0243421462AF093
:105BD0008BF9002806DB8EB90AB070BD2046FFF7AE
:105BE00083FDF9E7084C4FF4A572214607481DF0E4
:105BF0003BF84FF4A571204627F0B8FB69462046D4
:105C000012F092FAE8E700BFE89D0500FC2F0500BE
:105C100038B500238B4224D2D02404FB030404F1C2
:105C2000C8024FF0010CD2E8EFEFBEF1000F03D134
:105C3000C2E8E5CF002DF6D111D174B1C822002100
:105C400020462BF096FF084904F1400012F0E6FBD5
:105C5000064904F1240012F06FF9204638BD634470
:105C6000D8E70024E9E700BF856C02000771040053
:105C700008B505210148FFF7CBFF08BD8855002076
:105C800070B582B004460D4616460021284620F025
:105C90009CFD012E34D0022E6ED123693BB1594BAD
:105CA0001B6813F0070F25D1204621F039FB284649
:105CB000F9F768F920612269138A012B70D9D2683B
:105CC0005178167846EA01260436B6B29E4272D85A
:105CD0002846F9F72DF921690B8A9E4276D30023D5
:105CE00023610B7A012B40F081800122204601F0D4
:105CF00063FB4CE0444A012142481DF0DEFED3E73D
:105D00002069B0B12E8A36B30C301FF00BFE8642EC
:105D10002BD93C4B1B6813F0070F20D100222169BF
:105D2000204601F049FB002323612846F9F700F9DA
:105D30002DE0344B1B6813F0070F06D1204621F0ED
:105D4000EFFA2846F9F7F4F821E0304A01212D480E
:105D50001DF0B3FEF2E72846F9F7EAF817E02C4AFF
:105D6000012128481DF0A9FED8E720692A8AE968A0
:105D70000C301FF0E0FD9EE7224B1B6813F0070F6D
:105D800007D1204621F0CCFA2846F9F7D1F802B025
:105D900070BD33461F4A01211A481DF098FEF0E7F6
:105DA0002088FCF743FD0121284620F00EFD2846FF
:105DB000F9F7BEF8EBE72088FCF738FD012128460B
:105DC00020F003FD2846F9F7B3F8E0E70D4A126822
:105DD00012F0070F03D1204621F0A2FAD7E7009670
:105DE0000D4A012107481DF07DFEF4E70B4C40F2FF
:105DF000D91221460A481CF037FF40F2D91120463B
:105E000027F0B4FA702F0020709E0500909E0500C8
:105E1000B09E0500D89E0500F89E0500E89D05008F
:105E2000FC2F050010B5014680B101F1C803D3E88D
:105E3000AF2FBAB1501CD3E8EFCF944503D1C3E8DC
:105E4000E40F002CF7D1F0D1084610BD064C40F20B
:105E5000D552214605481CF007FF40F2D551204697
:105E600027F084FA0021EFE7E89D0500FC2F0500EC
:105E700010B5044600F1BC030121D3E8EF2FC3E8BD
:105E8000E01F0028F9D112B1FCF792FC10BD2046AA
:105E9000FFF7C8FF13F07CFB04F1B8030022C4F83D
:105EA000B820084AD2F8282132B11360054AC2F856
:105EB000283113F0A7FBE7E7024AC2F82831C2F8FD
:105EC0002431F6E79020002070B5FFF715FB00287D
:105ED00071D13A4BD3F82441002C54D0B83C14F182
:105EE000B80503D0D4F8B85005B1B83D00264FE04E
:105EF000334C40F2A532214632481CF0B5FE40F248
:105F0000A531204627F032FA2046FFF7EDFA30B9E6
:105F1000204621F0E2F828B104F1B80643E004F18C
:105F2000B80640E0204621F016F938B304F1B80273
:105F3000B24213D03146244821F08FF804F1BC035B
:105F40000022D3E8EF1FC3E8E02F0028F9D1D4F8EE
:105F5000AC302046984768B9204670BD184C40F2D6
:105F6000C232214617481CF07FFE40F2C231204663
:105F700027F0FCF92046FFF77BFFEDE72046FFF70F
:105F800051FF0446E8E72546B0E72B462C461D4660
:105F9000002CE1D0AC42ABD0204621F0A1F9002882
:105FA000B2D004F1B806002DEFD0D5F8B830002BF0
:105FB000ECD0B83BEAE70024CEE700BF90200020F9
:105FC000E89D0500FC2F0500B421002070B582B0CB
:105FD000B8B103468578C678C833D3E8EF2F511E91
:105FE000C3E8E01F0028F8D1019201ABD3E8AF4F1E
:105FF000019B002B11DD012C1BD0012D20D002B004
:1060000070BD134C40F2FD52214612481CF02CFE8C
:1060100040F2FD51204627F0A9F90D4C40F20D62E7
:1060200021460C481CF020FE40F20D61204627F06E
:106030009DF9094811F012FC084812F06DF8DCE7F0
:10604000012EDCD1012CDAD1FEF710FED7E700BF1C
:10605000E89D0500FC2F0500EC3100207829002088
:10606000F0B583B000AF0E46457B8D4210D004469C
:10607000417315B98378082B64D1637B082B00F238
:106080001681DFE803F07ECCD2D2D2D2D262D20027
:106090008D4B1B6813F0060F00F0C7800846FFF712
:1060A000EDF96D4600233B7102237B7188B06C468D
:1060B00014F1100211D00E261AB1042E01DD834B0B
:1060C000636100233B7002237B709AB1082E00DDD0
:1060D000A06104F11C0300210AE06FF00046EBE729
:1060E00001F10800384410F8080C03F8010B0131E5
:1060F0000129F5D90D2E22DD0E2342B1032139717C
:1061000000217971B9710121F9717868206100214C
:106110006FF300016FF341016FF382016FF3C5016B
:10612000022060F38811C3F30A0363F353216FF372
:106130001F5100236448F2F727FDAD4675E06FF06C
:106140001B03DAE7FFF76EFE97E7A378042B6CD00A
:1061500000215F4814F006FF00236363A363E37824
:10616000012B62D1A378012B07D04FF420320023FA
:1061700004F1400012F0E0F957E0032384F8943072
:10618000F3E7A378042B08D0082D4ED8DFE805F0FC
:106190003B091B253337293B3B002046FFF716FF01
:1061A00043E004F14005284612F03AFA0121204666
:1061B000FFF700FD204621F0B3F800220023284617
:1061C00012F026FA31E0237B1BB92046FFF7FEFED2
:1061D0002BE02046FFF7E4F9F7E72046FFF7F6FE4D
:1061E00023E0237B1BB92046FFF7F0FE1DE020468D
:1061F000FFF7D6F9F7E72046FFF7E8FE15E020465F
:10620000FFF7E4FE11E0304B1B6813F0060F0CD0D3
:106210003346304A02212C481DF059FC05E0237B0F
:106220003E2B05D0204621F063F80C37BD46F0BD6B
:10623000254B1B6813F0060FF4D06E4688B06B46F2
:1062400013F110022DD00C213AB10846042901DDCA
:10625000214D5D61082800DD9C610B2924DD0C25A2
:106260003AB10321397100217971B971F9717868F6
:10627000186100216FF300016FF341016FF3820198
:106280006FF3C501022363F38811C5F30A0565F3B3
:1062900053216FF31F5100230B48F2F775FCB546ED
:1062A000C0E76FF00041CFE76FF01B05D8E7064B62
:1062B0001B6813F0060FB8D03346084A0221024883
:1062C0001DF005FCB1E700BF702F0020149F0500F2
:1062D00088290020289F0500409F0500689F050031
:1062E00070B504460D46024605210D4821F02EF8F2
:1062F000064610B183782B4201D0304670BD094B61
:106300001B6813F0060F04D13046FFF75FFE00262E
:10631000F3E72346044A022102481DF0D8FBF3E7C5
:1063200088550020702F0020849F05002DE9F04142
:10633000064688461746002405E03946C0472846E9
:10634000FFF744FE0134042C0ED8D020074B00FB8D
:106350000430FFF767FD05460028F3D08378334209
:10636000EBD1FFF733FEEDE7BDE8F0818855002063
:1063700008B5002202490120FFF7D8FF08BD00BF81
:10638000295802000B4BC31A18110B4A02FB00F0EC
:10639000B3F5507F01D8C0B2704710B5074C40F23A
:1063A0003362214606481CF05FFC40F23361204610
:1063B00026F0DCFF88550020C54EECC4E89D0500A2
:1063C000FC2F0500F8B504460F4616461D4629F079
:1063D000C5FD80B955EA060319D15CB332462B4698
:1063E00020461FF077FA044630B3791D0C30F8F7D9
:1063F00041FE2046F8BD164C40F24F62214615483A
:106400001CF032FC40F24F61204626F0AFFF13F043
:1064100039FB114B8342E0D1104B1B6813F0060F80
:1064200002D100263546D8E70D4A02210B481DF05F
:1064300044FBF6E70B4CD1E7084B1B6813F0060F43
:10644000D7D0094A022105481DF037FBD1E700BF2C
:10645000E89D0500FC2F0500C8640020702F002077
:106460009C9F050054320020C89F050010B5437B57
:10647000023B062B21D8DFE803F00C062020201D6C
:10648000040000201BE001730021FFF7E9FD00205C
:1064900015E08378012B01D1002010E0084C40F278
:1064A0006A72214607481CF0DFFB40F26A71204601
:1064B00026F05CFF20F075FF01E06FF07F0010BD5B
:1064C000E89D0500FC2F0500F0B587B002AF002362
:1064D000FB607B60FFF7F8FC00285ED00446437B3E
:1064E000072B5DD06A4B1B6813F0060F32D06E4647
:1064F00088B002AB13F1100236D00C213AB1084635
:10650000042901DD634D5D61082800DD9C610B29D4
:106510002DDD0C253AB10321397000217970B97055
:10652000F9703868186100216FF300016FF34101C1
:106530006FF382016FF3C501022363F38811C5F382
:106540000A0363F353216FF31F5100235048F2F7FE
:106550001BFBB546D4F8A43007F108024FF0FF3119
:1065600020469847014613E06FF00041C6E76FF000
:106570001B05CFE77B68FA68204620F032FED4F88E
:10658000A43007F108024FF0FF312046984701463A
:106590000029EFD12046FFF719FD1437BD46F0BDA5
:1065A000D0F8A43007F108023B49B1F8041198472C
:1065B00005460028EED0384BB3F80421BB689A4258
:1065C00007D3D4F8A8603B1D07F10C020146204612
:1065D000B047FB68BA687968009129462046FFF702
:1065E000E3F90146002850D0294B1B6813F0070F30
:1065F0003AD06E4688B002AB13F110023FD01020A3
:1066000072B18446042803DDDFF890E0C3F814E09B
:10661000BCF1080F00DD9961BCF10C0F00DDDC61FD
:106620000F282FDD4FF0100C3AB1042139700021F2
:106630007970B970F9703868186100216FF3000142
:106640006FF341016FF382016FF3C501012363F31F
:106650008811CCF30A0363F353216FF31F51002316
:106660000B48F2F791FAB5467B68FA68294620464E
:1066700020F0B7FD13212046FFF7F8FE8AE76FF000
:106680000040BDE76FF01B0CCEE7FCF791F881E707
:10669000702F0020F49F0500902000200CA0050022
:1066A00070B50546041D0D21204620F049FD78B146
:1066B000B5F88630B5F88820934209D3B5F88A201A
:1066C000934205D8D5F88C20D5F890309A4213D053
:1066D000214B1C6804B11C3CE4B12669AEB1B5F88D
:1066E0008E30B5F88C20B5F886102846B047E4699E
:1066F000002CF1D01C3CEFE7D4E8EF3F23F400532B
:10670000C4E8E23F002AE3D0F6E714F11C03EED11F
:106710001C46E1E7114C00E02034114B9C420ED89E
:106720000F4B9C4217D22669002EF5D0B5F88E305B
:10673000B5F88C20B5F886102846B047ECE7094C30
:1067400040F2CE72214608481CF08EFA40F2CE711B
:10675000204626F00BFE70BD4C760020F427050085
:1067600074280500E89D0500FC2F0500F8B50646D5
:106770000D46084620F02BF8074600283ED0224B55
:106780001C683CB11C3C05E014F11C030ED11C46F6
:1067900000E01C3C74B1E368002BF5D0294630467C
:1067A000984750B3284620F012F848B3E469002C0B
:1067B000EFD1EFE7154C00E02034154B9C4210D888
:1067C000134B9C421AD2E368002BF5D02946304681
:1067D0009847B8B128461FF0FAFF0028ECD10746C9
:1067E0000CE00C4C40F6160221460B481CF03CFA1B
:1067F00040F61601204626F0B9FD07463846F8BD9A
:106800000746FBE70746F9E74C760020F42705002A
:1068100074280500E89D0500FC2F050070B50546AD
:10682000C37893B900F17E061B4B1C6804B11C3C75
:106830009CB1636963B105F17002314628469847FF
:10684000E469002CF4D01C3CF2E700F17706EBE79A
:1068500014F11C03F4D11C46EAE7104C00E020348C
:106860000F4B9C420BD80E4B9C4214D26369002BF9
:10687000F5D005F17002314628469847EFE7094CFC
:106880004FF41F62214608481CF0EEF94FF41F61D7
:10689000204626F06BFD70BD4C760020F4270500E5
:1068A00074280500E89D0500FC2F050070B505461D
:1068B0000C46164620F024FC2146284620F02BFFEB
:1068C000194B1C6804B11C3C7CB1A36943B132462E
:1068D000697A28469847E469002CF5D01C3CF3E718
:1068E00014F11C03F7D11C46EEE7104C00E02034F5
:1068F0000F4B9C420AD80E4B9C4213D2A369002B2B
:10690000F5D03246697A28469847F0E7094C40F6B8
:106910006222214608481CF0A7F940F66221204671
:1069200026F024FD70BD00BF4C760020F427050042
:1069300074280500E89D0500FC2F050038B50546C4
:106940000C46FFF795F90346D8B105722268026735
:10695000A188A279A0F8741080F8762001224272F2
:1069600082728270084AC0F8A420084AC0F8A820A1
:10697000074AC0F8AC201822A0F888202822A0F8E6
:106980008A20184638BD00BF457102009D5702009D
:10699000CF700400F8B506460F460024042C19D821
:1069A000D0250D4805FB0400FFF73CFA054658B119
:1069B0008378012B06D13A46314620F05DFD28B19F
:1069C0002846F8BDFFF702FB0134E7E72846FFF74A
:1069D000FDFAF9E70025F3E788550020F0B583B00C
:1069E00000AF0C46FFF7D6FF00287FD00546404B8E
:1069F0001B6813F0060F06D12846FFF7E7FA0120BF
:106A00000C37BD46F0BD2046FAF7D0FC0646687B41
:106A1000FEF734FD03466C4601223A7103227A7177
:106A20000222BA710422FA718AB0EC461CF11002FB
:106A300025D04FF0180E52B17146BEF1040F02DDA1
:106A40002C48CCF81400082901DDCCF8185001219D
:106A500039700321797022B1BEF10C0F01DDCCF841
:106A60001C600221B9700421F970AAB1BEF1100FA7
:106A700001DDCCF820300CF1240300210AE06FF096
:106A8000004ED8E701F10800384410F8080C03F86C
:106A9000010B01310329F5D9BEF1170F23DD1823AE
:106AA0004AB10521397100217971B9710221F97159
:106AB0007868CCF8100000216FF300016FF34101FA
:106AC0006FF382016FF3C501022060F38811C3F3F5
:106AD0000A0363F353216FF31F5100230448F2F7B5
:106AE00053F8A54688E76FF01B03D9E7002087E736
:106AF000702F002030A005002DE9F04107460E461A
:106B0000904600250AE0FFF761FA06E02046FFF70D
:106B10005DFA02E02046FFF759FA0135042D19D835
:106B2000D0200E4B00FB0530FFF77CF9044600280F
:106B3000F3D08378012BE6D12EB13246394620F0CE
:106B40009BFC0028E2D0637B4345E3D1237ABB4220
:106B500001D0DFE700242046BDE8F0818855002001
:106B600038B504460D4683780B70C3784B70037AB2
:106B70008B70407BFEF78AFD28770023EB77204659
:106B800020F078FC6877204620F046FCA877A378B0
:106B9000012B36D104F17003AB60237AC3EBC3033E
:106BA0001B4A13446B60E37823BB04F17703EB606B
:106BB00004F17E032B61B4F88630AB82B4F88C30DC
:106BC000EB82B4F88E302B83D4F8A0302BB15B7BF2
:106BD00013F0100F01D00123EB77D4F8A0309BB154
:106BE0005B7B13F0200F11D0EB7F43F00203EB77B8
:106BF00000200CE004F17E03EB6004F177032B61CD
:106C0000D9E76FF0150002E0002000E0002038BD59
:106C10009020002038B504460D4608461FF0D7FDE9
:106C200050B3174B93F8D83013F0020F04D094F8F8
:106C3000953013F0020F13D1E378C3B929462046EB
:106C400020F043FCB8B92B88A4F888306B88A4F8EE
:106C50008A30AB88A4F89030EB88A4F892300AE030
:106C60000E21201D20F06CFA0028E5D1E6E7294628
:106C7000204620F0D1FD38BD6FF01500FBE700BFC6
:106C80009020002070B584B0A0F1400510F8333C8E
:106C90006BB3044610F83E3C012B42D1A0F13C06F8
:106CA0000D21304620F034FA00283CD0B4F84830AA
:106CB000ADF80030B4F84A30ADF80230B4F85030D6
:106CC000ADF80430B4F85230ADF8063069462846C5
:106CD000FFF7A0FF0346A0B1234A126812F0060F87
:106CE00017D0224A022120481CF0F1FE11E028466C
:106CF00020F0F6FC2846FEF715FC2846FFF766F95B
:106D00000FE0D6E8EF3F23F48053C6E8E23F002AC5
:106D1000F7D1D6E8EF3F43F40063C6E8E23F002A2C
:106D2000F7D104B070BD124A02AB92E8030083E8C9
:106D3000030019462846FFF76DFF034650B10A4A83
:106D4000126812F0060FE4D00A4A022106481CF02D
:106D5000BEFEDEE7D6E8EF3F43F48053C6E8E23FED
:106D6000002AD6D0F6E700BF702F00206CA00500E7
:106D7000D42C050094A00500042807D808B5D0221B
:106D8000034B02FB0030FFF74DF808BD00207047B1
:106D90008855002010B50D4828F0A4FF002408E015
:106DA00004EB44010A4B03EB8101084828F0A7FFDC
:106DB0000134022CF4D921F0A6FB05F081FC044635
:106DC00008B1204610BD20F047FDFAE7043200204C
:106DD0002876002005490A78531CDBB20B700BB9EA
:106DE00002320A70014B1878704700BF66A200207B
:106DF00010B50268D2F8B030BBB11968C2F8B01053
:106E0000D2F8B4409C420DD000F14C0293420CD118
:106E100050300022D0E8EF3FC0E8E12F0029F9D13F
:106E20007BB110BDC2F8B410EEE70C4C40F2C322A7
:106E300021460B481BF018FF40F2C321204626F0E4
:106E400095FA064C40F2C722214605481BF00CFF7C
:106E500040F2C721204626F089FA00BFE8A00500CD
:106E6000FC2F050008B50B8A012B00D908BD054B86
:106E70001B6813F0070FF9D0034A012101481CF0E9
:106E80001CFEF3E7A02F00201CA10500F0B583B085
:106E900000AF0023042B12D8582203FB02F22A4C25
:106EA000A2580AB10133F5E7274A582000FB032313
:106EB000264A5A600B6000200C37BD46F0BD244BBB
:106EC0001B6813F0070F3BD06D4688B06B4613F17B
:106ED00010022FD00C213AB10C46042901DD1D4EC1
:106EE0005E61082C00DD98610B2926DD0C243AB187
:106EF0000321397100217971B971F97178681861CC
:106F000000216FF300016FF341016FF382016FF312
:106F1000C501012363F38811C4F30A0363F353210A
:106F20006FF31F5100230A48F1F72EFEAD466FF0B4
:106F30000B00C1E76FF00041CDE76FF01B04D6E70F
:106F40006FF00B00B8E700BF60760020C0A205001C
:106F5000A02F002038A1050070B5A9B1064614463F
:106F60000D4601F110030022D3E8EF1FC3E8E02F24
:106F70000028F9D1284620F059FB22462946304600
:106F800020F09DFB012070BD064B1B6813F0070F1E
:106F900001D10020F7E7044A012102481CF08DFDD1
:106FA000F7E700BFA02F002060A1050070B582B0F8
:106FB0000646214C11E0019B1033D3E8EF1F41F04E
:106FC0000101C3E8E21F002AF7D101984368DB6999
:106FD00013B100F1100198470C34184B9C421DD896
:106FE000164B9C4226D2636801A930469847002878
:106FF000F2DB019D2388AB82AB84A2682946304630
:10700000FFF7AAFFB0B105F1300028F06BFE019840
:1070100043681B68002BCED09847CCE7084C4FF450
:10702000CA72214607481BF01FFE4FF4CA71204662
:1070300026F09CF902B070BDD0270500F4270500AA
:10704000E8A00500FC2F0500F8B506460F461546DA
:107050001C4654EA020306D12A462346391D30460F
:10706000FFF7B0F9F8BD12F00DFD034B8342F3D1E9
:1070700000252C46F0E700BFC8640020F8B50446A0
:107080000E4615464FF48032002300210846FFF7D4
:10709000DBFF074640B104210C30F8F779F80470A3
:1070A000467045803846F8BD054B1B6813F0070F46
:1070B000F8D02346034A012101481CF008FDF1E7FE
:1070C000A02F002084A1050010B582B004460068FE
:1070D00050B3407B07282AD1087A92B14FF0020CB6
:1070E000604511DCC87A072824D98A61CB6104F194
:1070F000300028F004FE204620F09DFA002002B067
:1071000010BD4FF0010CEBE70C4B1B6813F0070FA1
:1071100002D16FF01500F2E700906346084A0121A2
:1071200006481CF0DFFCF4E76FF07F00E7E76FF044
:107130007F00E4E76FF01500E1E700BFA02F00201B
:10714000ACA105002DE9F04F83B000AF0D4690468D
:1071500020F058FA044600283FD000F1300A50468B
:1071600028F0E4FD064600283BD01FF008FA00286E
:107170003AD1D4F85490B9F1000F04D1204620F050
:1071800023FA002870D0B9F1000F72D0D4F85490CF
:10719000B6F810B0A94501D8D9457CD0A9450CD87E
:1071A000A28CA2F140039BB23F2B06D8D94500F038
:1071B000868000231A46B361F261A94540F28180BE
:1071C000636DC8F800309D4280F088805B1B63656A
:1071D00030460C37BD46BDE8F08FFBF7E9FA26468E
:1071E000F6E7FBF7E5FAF3E73E4B1B6813F0070FF2
:1071F00032D06D4688B06B4613F110022ED00C21B0
:107200003AB10846042901DD374C5C61082800DDED
:107210009E610B2925DD0C243AB10321397100212F
:107220007971B971F9717868186100216FF3000103
:107230006FF341016FF382016FF3C501012363F323
:107240008811C4F30A0363F353216FF31F51002322
:107250002448F1F799FCAD460026B9E76FF00041EC
:10726000CEE76FF01B04D7E72046FFF7C1FD0026ED
:10727000AEE73146204620F09AF98146042106F116
:107280000C00F7F767FFA0F80090A38C438009F18A
:10729000040363657AE700220023504610F04AFA9F
:1072A00086423FF47BAF114C40F2D2322146104867
:1072B0001BF0DAFC40F2D231204626F057F80D4B95
:1072C00079E72046FFF794FD204620F06BF900286F
:1072D0003FF476AF204620F0AEF971E700236365F6
:1072E00076E700BFA02F0020CCA10500E8A0050094
:1072F000FC2F05007977040070B582B00B8A032B50
:107300000DD8284B1B6813F0070F02D1002002B0E4
:1073100070BD254A012123481CF0CFFBF6E7064645
:107320000C46042104F10C00F7F7F8FE05464288EC
:10733000238A93420BD01B49096811F0070FE5D04F
:1073400000921A4A012117481CF0CCFBDEE7437873
:107350004BB10378012BD9D0132B0FD121463046E6
:10736000FFF780FDD2E70F4B1B6813F0070FCDD05E
:107370000F4A01210B481CF0A0FBC7E7094A12681D
:1073800012F0060F07D16978002200921346306888
:1073900020F010FABAE7074A022102481CF097FBD6
:1073A000F1E700BFA02F0020E4A1050004A2050022
:1073B00028A205004CA20500F8B50C460B8A032B49
:1073C0000ED8184B1B6813F0070F03D12046F7F7B0
:1073D000AFFDF8BD144A012112481CF06EFBF5E721
:1073E00005461646042104F10C00F7F797FE47887E
:1073F0003946284620F0FEF920B13246214620F0D9
:10740000E7F8E6E7074B1B6813F0060F03D12046A9
:10741000F7F78EFDDDE73B46044A022101481CF0E8
:1074200056FBF4E7A02F002074A2050094A20500EB
:10743000522833D81B2821D3A0F11B03372B2FD878
:10744000DFE803F0372E393B2E2A352E372E2E2E2D
:107450002E2E2E2E2E2E2E2E2E2E2E2E2E2E2E2E4C
:107460002E2E2E2E2E2E2E2E2E2E2E2E2E2E2E2E3C
:107470002E2E2E2E2E2E2E2E2E2E2E3319280FD8B7
:1074800043B26BB101238340104A1A40BAB9104A83
:107490001A402AB10120704701207047D22810D02D
:1074A00010F0400F0FD106207047002070470220D7
:1074B0007047032070470520704704207047022062
:1074C0007047002070470020704700BFAAAA8A02B8
:1074D000545545012DE9F0410346806850F85C2B76
:1074E000D2F80080DD68DE881F69002120F04DFAA7
:1074F00010B19DB100240FE0094B1B6813F0070F7A
:107500000CD0084A012106481CF0D7FA06E039469B
:107510004046A8470134A4B2A642F8D8BDE8F0819D
:10752000682F0020F4A2050010B58468002104F142
:107530005C0020F02AFA48B1236E33B14FF4702278
:10754000002304F1800011F063F810BD054B1B68A7
:1075500013F0070FF9D0044A012102481CF0ADFADC
:10756000F3E700BF682F0020F4A2050010B5437BAD
:10757000072B0CD1042120F03DF90446A8B10021CD
:10758000583020F002FAD8B154F8044C05E0134BFF
:107590001B6813F0060F02D10024204610BD104ACC
:1075A00002210E481CF089FAF6E70C4B1B6813F019
:1075B000070FF2D00B4A012108481CF07EFAECE7D5
:1075C000064B1B6813F0070F01D10024E5E7064ABC
:1075D000012102481CF071FAF7E700BF682F002074
:1075E00010A3050020A30500F4A20500F0B583B0A8
:1075F00000AF05460E46836A03B1B03B7B600022B4
:1076000002E0013205E07B607C686CB12368AB422C
:10761000F7D0012A78D014F1B003F4D0D4F8B03008
:10762000002BF0D0B03BEEE700220023391D394893
:107630000FF0D2FC10BB7C68B822002120462AF053
:1076400098FA354BA36004F1640028F04BFB7B688B
:107650005C33D3E8EF2FC3E8E16F0029F9D17B68F1
:107660001D607968284620F0A1F97C68204620F04A
:1076700017F9002844D0F523638346E0274B1B68A5
:1076800013F0060F41D028686E4688B06B4613F1A0
:1076900010022FD00C214AB10D46042903DDDFF87A
:1076A00080C0C3F814C0082D00DD98610B2924DDCB
:1076B0000C253AB10321397000217970B970F97045
:1076C0003868186100216FF300016FF341016FF317
:1076D00082016FF3C501022363F38811C5F30A0524
:1076E00065F353216FF31F5100230C48F1F74CFA57
:1076F000B5460AE06FF00041CDE76FF01B05D8E713
:1077000017236385638300E0002420460C37BD46C1
:10771000F0BD00BFC830002098290020682F00204D
:107720003CA305002DE9F04182B000AF80460C4635
:1077300000220023391D34480FF04EFCF0B90546F5
:1077400012F0A0F9314B18607E68302200213046DB
:107750002AF00FFAC6F80080786800214160816045
:107760008162C162FFF742FF0346002848D004331C
:10777000236028460837BD46BDE8F081244B1B68CE
:1077800013F0070F33D06D4688B06B4613F110022B
:1077900030D00C2142B10846042901DD1D4C5C614A
:1077A000082801DDC3F818800B2926DD0C243AB126
:1077B0000321397000217970B970F9703868186147
:1077C00000216FF300016FF341016FF382016FF34A
:1077D000C501012363F38811C4F30A0464F3532140
:1077E0006FF31F5100230A48F1F7CEF9AD466FF051
:1077F0000B05BEE76FF00041CCE76FF01B04D6E746
:107800006FF00B05B5E700BFA830002038790020E5
:10781000682F002064A3050008B5011F01480FF080
:1078200053FC08BDC83000202DE9F04184B0054666
:107830000E461446176800238DF808304FF4205385
:10784000ADF80A3002A900681EF002FE58B100230C
:107850008DF80C3042F60103ADF80E3003A928680C
:107860001EF0F6FD50BB616828681EF0F1FD68BB94
:10787000E36893F80080B8F1000F07D0384620F095
:1078800011F8A3681B8AC01A404525DBA0680421B3
:107890000C30F7F77DFC2061068023695E8001943F
:1078A000104B00930023A2682946384620F056F971
:1078B000002813DB23699BB101200AE023691BB177
:1078C0005A88B24200D25E80012002E00023236188
:1078D000012004B0BDE8F0810020FAE70020F8E7BD
:1078E0000020F6E7257904002DE9F04383B0054632
:1078F00088461446D2F80090D9F8047051680068A0
:107900001EF0A6FD20B10126304603B0BDE8F0838D
:1079100095222946384621F0EDFC0646207538B9F7
:10792000294638461FF0E7FF48B908232375EBE7DF
:10793000E3681B780BB1002323750026E4E70027DA
:107940002775A068F7F734FB02210C30F7F720FC0D
:107950002061A0F800800194114B00933B46A2687F
:107960002946484620F0FAF8002808DB2369002B56
:10797000CAD048461FF096FFA368002206E01FF019
:10798000B2FF2075C0E7198A0A445B68002BFAD160
:10799000861AE3681B789E4294BF00260126B3E74F
:1079A000FB7804002DE9F04F93B005460E461446CF
:1079B0001768D7F8048000238DF8403042F60103A1
:1079C000ADF8423010A900681EF042FD28B900232E
:1079D000A360012013B0BDE8F08F00238DF8443080
:1079E0004FF42053ADF8463011A928681EF030FD41
:1079F00040B938461FF056FF0146606803464FF015
:107A0000000C0AE0A3681BB15A88B24200D25E8023
:107A10000120DFE71A8A94445B68002BFAD1A1EBBE
:107A20000C03032B01D80020D4E7F7F7C1FA8146F5
:107A300038461FF037FF6368002202E0198A0A44C3
:107A40005B68002BFAD1A0EB020A09F10C0B584637
:107A50001DF068FF82452DD238461FF023FF636872
:107A6000002202E0198A0A445B68002BFAD1801ACE
:107A700020B36F680023009310230CAA29464046C8
:107A8000B847051EA3DB227CAA4227D12A460CA9AF
:107A9000E0682AF037F8002899D1002363740421A4
:107AA00009F10C00F7F774FBA0600680A3685E8004
:107AB00001208FE758461DF035FFD9E76368987AB3
:107AC000F7F796F8002200231DF004FF81460028F6
:107AD00080D001466068F7F7ADFACAE7E16807A809
:107AE0001EF0D4FC60B9134B1B6813F0060F3FF473
:107AF0006EAF237C104A02210E481BF0E8FF66E7B8
:107B0000EAB20CA902A81EF0C1FC60B9094B1B68BF
:107B100013F0060F3FF45BAF2B46084A02210548DD
:107B20001BF0D5FF53E702A907A81EF091FC00281F
:107B3000B3D04CE7682F00208CA30500ACA3050050
:107B400010B50446043804F15803D3E8EF1F41F0A0
:107B50000101C3E8E21F002AF7D11FF054FF0449D6
:107B600004F17C0010F05AFC206802F017FF10BDF1
:107B7000DD870200F0B58BB004460D46164603784B
:107B8000032B38D8DFE803F002212B311D4B93E89B
:107B900003000790ADF82010090C8DF822106379CE
:107BA0002279E178A07867780DF11C0CCDF814C02B
:107BB00004970390029101920093A379124A3146EF
:107BC00028461AF000FE0BB0F0BD104B93E80300FE
:107BD0000790ADF82010090C8DF82210DFE70C4A51
:107BE00007AB07CA03C31A80D9E70A4A07AB07CA1B
:107BF00003C31A80D3E7084A0A2107A81AF0E3FD55
:107C0000CDE700BF98450500A8450500A045050043
:107C1000CC450500D845050000AF050010B5044669
:107C2000807AF6F7E5FF0C4B834208D120461DF021
:107C300031FE00EB4000094B03EBC00010BD084CC7
:107C400040F21912214607481BF00EF840F21911B4
:107C5000204625F08BFB00BF8832002018780020DA
:107C6000CCA30500FC2F05002DE9F04182B00746AA
:107C70000C460846FFF7D2FF0546D0F80880E668B4
:107C8000002107F15C001FF080FE70B3238A002BF7
:107C900039D0E3681B782B7100232B603378D22B0B
:107CA0003DD004F10C001DF032FEADF80400238A33
:107CB000ADF80630AF6000231A462146381DFFF7A5
:107CC00003FA064668B110F1690F3FD06369BDF849
:107CD00004201344E360BDF806302382C5F8088011
:107CE0002E60304602B0BDE8F0811E4B1B6813F0D9
:107CF000070F02D16FF01506F3E71B4A012119485F
:107D00001BF0DBFEF6E7194C40F2651221461848DD
:107D10001AF0AAFF40F26511204625F027FB3B68C8
:107D20002146186821F0CCFF06460028B9D00D4B3B
:107D30001B6813F0070F03D12046F7F7F9F8D0E7D7
:107D40000C4A012107481BF0B8FEF5E7054B1B68FC
:107D500013F0070FBAD0084A012102481BF0ADFE0C
:107D6000B4E700BF682F0020F4A20500CCA30500F3
:107D7000FC2F0500FCA3050010A4050010B538B1C8
:107D800091B14A68E2B1026E32BB20F076F810BDC4
:107D9000174C4FF46172214616481AF065FF4FF4F4
:107DA0006171204625F0E2FA114C40F285322146FD
:107DB00010481AF059FF40F28531204625F0D6FAD6
:107DC0000B4C40F2863221460A481AF04DFF40F231
:107DD0008631204625F0CAFA054C40F2873221460A
:107DE00004481AF041FF40F28731204625F0BEFAE0
:107DF000CCA30500FC2F050010B58068041D1FF002
:107E00004FFD18B9204620F0F0F810BD054C40F2A7
:107E10003112214604481AF027FF40F23111204662
:107E200025F0A4FACCA30500FC2F050038B50446C4
:107E30000079FFF7FDFA0546A068F0B10368E3B1E9
:107E40001B68D3B123689BB91FF02AFDE0B1052D53
:107E500022D80123AB4013F0140F0ED113F0090FF9
:107E600016D113F0220F17D02046FFF75DFB04E078
:107E70000F4A126812F0070F00D138BD0D4A0121D8
:107E80000B481BF024FEF8E72046FFF7B5FFDEE7BE
:107E90002046FFF71FFBF0E7074C40F2BB222146CC
:107EA00006481AF0E1FE40F2BB21204625F05EFABA
:107EB000682F002034A40500CCA30500FC2F05008A
:107EC00070B582B006460C46551C1FF0EBFC85428F
:107ED0001BD82046FFF7ACFA022801D0042823D192
:107EE0004FF47022002300211F48FFF7ADF805462C
:107EF00070B3FFF793FE8660012105F10C00F7F7E0
:107F000047F90470284602B070BD184B1B6813F087
:107F1000060F01D10025F5E700950346144A02211A
:107F200012481BF0DFFDF5E711F0ACFD114B984254
:107F300008D0114B1B68984207D04FF0FF324FF02A
:107F4000FF33D0E700220023CDE700220023CAE759
:107F5000064B1B6813F0070FD4D02346074A0121B4
:107F600002481BF0B4FDCDE788320020682F0020C6
:107F700054A40500C86400203879002084A10500BD
:107F80002DE9F04182B005460C46071F38461FF028
:107F9000E2FC238A73B9354B1B6813F0070F03D13A
:107FA000002002B0BDE8F081314A01212F481BF0CA
:107FB00084FDF5E78046012104F10C00F7F7AEF8E7
:107FC000064698F80D30072BEAD155F8043C002BF3
:107FD000E6D0002300E001331D2B1CD83178254A60
:107FE00012F833209142F6D1224D05EBC305238AC6
:107FF0006A7893422AD36B68214638469847AB7813
:10800000012BCDD10028CBD0034600223178384651
:1080100020F0A7F8C4E7154B1B6813F0060F0ED12C
:1080200034782046FFF704FA0028B9D00528B7D0E5
:10803000062300222146384620F093F8B0E7337833
:108040000D4A022109481BF042FDE9E7074A126880
:1080500012F0070F01D10420D1E732780092074ACD
:10806000012102481BF03EFD0420C8E7682F0020D4
:108070007CA4050054A5050098A40500B4A405003F
:108080002DE9F0418AB0044616461D46036888462D
:10809000003918BF0121186821F0E7F928B175B936
:1080A000012738460AB0BDE8F081032104F15C00E5
:1080B0001FF03FFD08B10027F3E71227F1E7002387
:1080C0000493059306930793089309933EB11A46C8
:1080D00031462046FFF7F4FE059000283AD0236889
:1080E0001B6804938DF81880BDF84030ADF822303D
:1080F000119B0793BDF84830ADF8203001238DF86F
:10810000243004AB0293144B0193002200921346D7
:108110002946284601F06CFA9DF8247037B9059974
:108120000029BED020461FF0CDFFBAE726B9B8F12E
:10813000180F0CD00027B4E70598F6F7F9FE9DF864
:1081400024302A464146204620F00BF8EFE79DF800
:108150002470A6E71127A4E7BB7A04002DE9F041BB
:1081600088461746FFF702FA044610B3846A1CB328
:10817000B03C14F1B00607D0D4F8B06026B1B03EE0
:1081800002E0334634461E46C4B17D1C20461FF033
:1081900089FB854207D9002EF3D0D6F8B030002BEA
:1081A000F0D0B03BEEE73A4641462046FFF788FE66
:1081B00004462046BDE8F0812646E5E7054B1B68EE
:1081C00013F0060FF5D07B1C034A022101481BF077
:1081D0007EFCEEE7682F0020D4A40500F8B5044625
:1081E0000F464FF47022002313481DF073FB064620
:1081F000A0B120461FF054FBE0B9092106F10C059F
:108200002846F6F737FF3046FFF708FD8460012166
:108210002846F6F7BDFF07703046F8BD074B1B68D0
:1082200013F0070FF8D03B46054A012103481BF025
:108230004EFCF1E70B21E1E788320020682F002097
:1082400084A105002DE9F0418AB00546884616460E
:108250001F4600240594069407940894099411215C
:10826000FFF7BCFF079050B30595CDF818800121AA
:108270000C30F6F78DFF089022460470099405AB88
:108280000293104B0193009423463946304601F087
:10829000AFF9089B1C7844B1079928461FF012FFDC
:1082A000002420460AB0BDE8F0810798F6F740FEAA
:1082B0000A233246102128461FF053FFF1E711240C
:1082C000EFE700BF2978020070B588B006460D467A
:1082D00003680121186821F0C8F850B9032106F19C
:1082E0005C001FF026FC10B1002008B070BD122009
:1082F000FBE700230493059306930793212130465F
:10830000FFF76CFF069058B304962B8A012B21D9F6
:1083100005F10C001DF0F3FA044601238DF81C3022
:1083200004AB02930F4B01930022009213460146C7
:1083300001F05EF99DF81C30002BE6D00698F6F7A8
:10834000F7FD9DF81C302246202130461FF009FF22
:108350000020CAE7069930461FF0B4FE0020C4E7AB
:108360001120C2E7BF7C040070B588B006460D46F8
:1083700003680121186821F078F850B9032106F14B
:108380005C001FF0D6FB10B1002008B070BD1220B9
:10839000FBE7002304930593069307930F213046D0
:1083A000FFF71CFF069058B304962B8A012B21D9A6
:1083B00005F10C001DF0A3FA044601238DF81C30D2
:1083C00004AB02930F4B0193002200921346014627
:1083D00001F00EF99DF81C30002BE6D00698F6F758
:1083E000A7FD9DF81C3022460E2130461FF0B9FE35
:1083F0000020CAE7069930461FF064FE0020C4E75B
:108400001120C2E73F7D0400F0B589B004460F4655
:1084100016461D4603680121186821F026F820B190
:108420006DB90126304609B0F0BD032104F15C00AE
:108430001FF07FFB08B10026F4E71226F2E70023C5
:10844000049305930693079331462046FFF7C6FE33
:10845000069030B30494BDF83830ADF814300123E1
:108460008DF81C3004AB02930F4B01930022009255
:1084700013462946284601F0BBF89DF81C6026B932
:10848000069920461FF01EFECCE70698F6F750FD31
:108490009DF81C302A46394620461FF062FE002611
:1084A000C0E71126BEE700BF3F7D04002DE9F04183
:1084B0008AB00546884616461F4600240494059453
:1084C00006940794089409940921FFF787FE069003
:1084D00068B30495CDF8148001210C30F6F758FEEE
:1084E0000790224604700A238DF8243004AB0293CF
:1084F000104B0193009423463946304601F078F83A
:108500009DF824403CB9069928461FF0DBFD204623
:108510000AB0BDE8F0810698F6F70AFD9DF8243010
:108520003246082128461FF01CFE0024EFE71124E4
:10853000EDE700BFE97802002DE9F0418AB0054679
:108540000E4617469846002405940694079408940E
:1085500009940721FFF742FE069060B30595224675
:108560000794CDF820809DF840308DF824300A2300
:108570008DF8253005AB0293104B019300942346F0
:108580003946304601F034F89DF825403CB906994B
:1085900028461FF097FD20460AB0BDE8F0810698F6
:1085A000F6F7C6FC9DF825303246062128461FF016
:1085B000D8FD0024EFE71124EDE700BFA579020004
:1085C00070B588B004460E46154600230493059303
:1085D000069307930521FFF701FE0590F8B1049477
:1085E00004AB02930F4B01930022009213462946DD
:1085F000304600F0FDFF069B33B1059920461FF081
:1086000061FD002008B070BD0598F6F791FC0A23C3
:108610003246042120461FF0A4FD0020F2E711207D
:10862000F0E700BFA17D040030B583B005460C46DD
:108630000023019311F026FA0D4B1B68834211D0E1
:108640002A46234601A90B480EF0C6FC68B90198DA
:108650000023036043608360C360036143618361FF
:1086600003B030BD00252C46EAE70020F8E700BF44
:1086700038790020E830002010B50446806818B131
:10868000F6F756FC0023A360214602480EF01CFDBD
:1086900010BD00BFE83000202DE9F04782B004464D
:1086A0000F4691461E4680300FF0BAFF206EF0B1A3
:1086B000174B984228D045684FF0000AC0F804A034
:1086C000206ED0F81880FFF7D7FFC4F860A02068AC
:1086D0001FF028FC3DB123681868CDF800804B4698
:1086E0003A463146A847002002B0BDE8F087094B62
:1086F0001B6813F0060F01D10025E8E7064A0221A6
:1087000004481BF0DAF9F7E700252566DFE700BF2C
:108710003C790020682F0020F0A4050038B50446FD
:10872000CA68036EFBB112498B421ED0D5783DB9A1
:108730000E252B46002211462046FFF7ADFF38BD1F
:10874000294640681FF097F910B110F1100FF0D1D1
:1087500004F180000FF064FF226E137C43F00103EC
:1087600013740020EBE70E25E3E70E25E1E700BFD9
:108770003C79002070B582B0054602E01846F6F755
:10878000D7FB05F10C00002200230EF0D3FF0346B7
:108790000028F3D10CE0AB6011E0A3690093002343
:1087A0001A466FF067012868B0472046FFF764FF5C
:1087B0006C6844B123686B60AA68A242EBD066681B
:1087C000002EEAD1F1E700232B60294602480EF083
:1087D0007BFC02B070BD00BFA8300020B0B58AB0ED
:1087E00000AF044650F8803C18681EF06CFE1E2254
:1087F00007F10801FFF7BEF9394B1B6813F0070FAB
:1088000051D06D4600233B7102237B7188B0EC464A
:108810001CF1100215D00E2022B1042802DD314BCC
:10882000CCF8143000233B7002237B70B2B10828CF
:1088300003DD07F10803CCF818300CF11C0300210C
:108840000AE06FF00040E7E701F1280EBE441EF891
:1088500028EC03F801EB01310129F5D90D2835DDAC
:108860000E234AB10321397100217971B9710121B7
:10887000F9717868CCF8100000216FF300016FF3F4
:1088800041016FF382016FF3C501012060F388118C
:10889000C3F30A0363F353216FF31F5100231048FE
:1088A000F0F772F9AD46A4F17C001FF01EFF132112
:1088B00054F87C0CFDF7DAFD034620B1084A126833
:1088C00012F0070F05D12837BD46B0BD6FF01B036E
:1088D000C7E7054A012102481BF0F9F8F3E700BF9A
:1088E000682F002008A5050034A5050008B5036E13
:1088F0008B4201D0002008BD034B03660846FFF7FA
:10890000BBFE0120F7E700BF3C79002038B570B10D
:108910000C46C1B1FEF72AFE054600B321460C30D5
:1089200027F0EDF928461FF097FB002038BD0F4CCB
:1089300040F68E7221460E481AF096F940F68E7176
:10894000204624F013FD094C40F68F72214608485A
:108950001AF08AF940F68F71204624F007FD204670
:10896000F6F7E6FA6FF07F00E0E700BFCCA3050062
:10897000FC2F050038B5B0B10C460546F9B110F032
:1089800007FE2846FEF7F2FD034620B300222260D0
:1089900082682AB31460846018461FF0C3FA10F08E
:1089A00031FE002038BD104C40F6A37221460F481E
:1089B0001AF05AF940F6A371204624F0D7FC0A4C6D
:1089C00040F6A472214609481AF04EF940F6A47107
:1089D000204624F0CBFC10F015FE6FF07F00E1E79D
:1089E00084604460D8E700BFCCA30500FC2F0500DD
:1089F0008068034B984214BF00200120704700BFDD
:108A0000E990020010B559B10268B2F810E08E4545
:108A100006D81E4B1C6894B1A4F10803002125E080
:108A200000F1080300228260184A52681AB11360EC
:108A3000164A536010BD154A53601360FAE7234687
:108A4000ECE731B100F10802083110481FF0E8FEF0
:108A5000F0E700F1080284600C4B1A605B68002BA1
:108A6000E8D10A4B5A60E5E719461346002BE1D0DE
:108A70001A68B2F810C0E645E3D313F10802F3D048
:108A80009A68002AF0D0083AEEE700BF007B002089
:108A9000064B1A68C0F801209A889B79A0F8052037
:108AA000C371002303700381704700BF688E050007
:108AB00010B504461FF094FF48B10B4B1A68C4F878
:108AC00001209A889B79A4F80520E37110BD074C1A
:108AD00040F6DD52214606481AF0C6F840F6DD5150
:108AE000204624F043FC00BF688E05005CA605000C
:108AF000FC2F050008B528F0ECF800B908BD074BBD
:108B00001B6813F0070F02D16FF00400F6E703466D
:108B1000034A012101481AF0DAFFF5E7842F00200B
:108B20008CA6050030B589B004460D46002301939C
:108B30000293039304930593069307934FF4105302
:108B4000ADF804308023ADF806304FF48063009315
:108B500068461FF0B7FE009B03931B4B049304F57C
:108B60000A731022294601A827F0CDFF70B94FF4EF
:108B70000A720021204628F0FCFF134AD4F828127C
:108B8000204628F0A1F880B909B030BD03460F4A4D
:108B9000126812F0070F02D16FF00400F4E70C4ADC
:108BA00001210A481AF093FFF6E7084B1B6813F0FF
:108BB000070F02D16FF00400E6E70346054A0121E2
:108BC00002481AF084FFF5E70002C003842F00205A
:108BD000A4A60500D0A6050000B583B001AB102205
:108BE0000A4928F08AF810B903B05DF804FB084B75
:108BF0001B6813F0070F02D16FF00400F4E703467F
:108C0000044A012102481AF062FFF5E79859002052
:108C1000842F0020F0A6050070B50646002407E06A
:108C2000284607220D49013028F06CFFA0B101341D
:108C3000092C10D80A4D05EB0415002EF0D02301A5
:108C4000074901EB04120132C95C30461EF014FCE6
:108C50000028ECD000E00025284670BD688E050095
:108C6000E479002070B505460E46002400E001348A
:108C7000092C17D804EB44030B4A12F823309D4209
:108C8000F5D104EB440302EB8300072231460130A7
:108C900028F038FF0028EAD104EB4404024800EB36
:108CA000840000E0002070BD847A0020F8B50746FB
:108CB0000E4600240AE004EB840006EB4000072285
:108CC0000D49013028F01EFF98B10134092C0FD84E
:108CD00004EB840306EB4305002FECD02A46013257
:108CE00016F8131038461EF0C7FB0028EDD000E040
:108CF00000252846F8BD00BF688E050070B5064601
:108D0000002407E0284607220D49013028F0FAFE2A
:108D1000A0B10134092C10D80A4D05EB0415002E22
:108D2000F0D02301074901EB04120132C95C30463F
:108D30001EF0A2FB0028ECD000E00025284670BD04
:108D4000688E0500107B0020134BD3E8EF2F42F014
:108D50000201C3E8E01F0028F7D112F0020F1AD178
:108D60000E4B0F4A934209D80D4A934213D25A68C8
:108D70000C49088802440A800833F2E710B50A4C0F
:108D800040F2E7522146094819F06EFF40F2E751E0
:108D9000204624F0EBFA7047FC7A00207428050086
:108DA000A428050048A200205CA60500FC2F0500B1
:108DB000F8B506460F4615461C46FFF753FF844696
:108DC00070B1BCF8083013B9BCF80A301BB32346A5
:108DD0002A460CF10A010CF108001FF082FDF8BDD3
:108DE0000F49FFF73FFF844650B1034603F8016B7C
:108DF0003A68C0F80120B988BA7999809A71E0E799
:108E0000084B1B6813F0070FE9D0074A01210548FA
:108E10001AF053FEE3E7ACF80850ACF80A40DEE77E
:108E2000688E0500842F002008A705002DE9F04179
:108E30001E46BDF81830012B35D804461746B046FB
:108E40003344012B32D8FFF7E7FE0546C0B1324666
:108E5000394628461FF067FD58B3236FC5F8013027
:108E6000B4F8742094F87630A5F80520EB71237AD5
:108E70002B70012128461FF0D5FE4046BDE8F08149
:108E8000FFF7CAFE05460028E1D10B4B1B6813F023
:108E9000060F02D16FF01008EFE7084A02210648DA
:108EA0001AF00BFEF6E76FF00608E6E76FF00C0825
:108EB000E3E76FF01208E0E7842F002028A7050001
:108EC00038B5044600F170052946007A1DF0DBFC38
:108ED00038B92946207AFFF7C5FE08B11FF03DFEDC
:108EE00038BD2946207A1FF040FE03460028F7D0FF
:108EF000054A126812F0070FF2D0044A0121024815
:108F00001AF0E5FDECE700BF842F002054A7050010
:108F100010B50446124BD3E8EF2F22F00202C3E84B
:108F2000E12F0029F7D1D3E8AF3F13F0010F04D1AF
:108F300020461FF042FC30B910BD00220023094832
:108F40000FF066FBF4E72046FFF766FE0028F3D03B
:108F5000027A12F0010FEFD001211FF063FEEBE760
:108F6000505A0020205A002010B502460B46134CE0
:108F7000D4E8EF1F41F00100C4E8EC0FBCF1000F92
:108F8000F6D111F0010F0AD1A4F150010A834B83ED
:108F90000A4BD3E8AF3F13F0020F07D010BD0849CA
:108FA000881E1FF09EFC0028F2D1F7E74FF4A47250
:108FB000002304480FF02CFBF0E700BF505A0020BC
:108FC0001A5A0020205A00202DE9F04F87B006469B
:108FD0000F4690469946DDF844A0DDF848B01B4B9B
:108FE0001D6845B1083D06E0002411E000240FE0B3
:108FF000AD6805B1083D2DB315F1080FF4D0AB688D
:10900000002BF3D053F8083C1B8AB342F0D900245C
:109010006B68A342ECD9286804EB840300EB83005F
:10902000018ACDF810B0CDF80CA010AB0293CDF8AA
:109030000490CDF800803B4632461FF0B8FE08B1E0
:109040000134E5E707B0BDE8F08F00BF007B0020EA
:1090500070B5214BD3E8EF1F21F00801C3E8E21FF0
:10906000002AF7D14FF4A47200231C48F8F7CEF978
:10907000002411E023010833194A13440433D3E8D0
:10908000EF1F21F00201C3E8E21F002AF7D10021FF
:1090900028461FF0C7FD0134092C1BD8104D05EBE5
:1090A00004156E1C07220F49304628F02BFD0028BE
:1090B000F1D02B7A13F0010FEDD031460020FDF7EF
:1090C00069FC06460028D5D01FF079FB3046FCF736
:1090D0007DFFCFE770BD00BF505A0020A859002087
:1090E000E4790020688E05002DE9F8431C46BDF8A0
:1090F0002030CF68002B57D181460E46631E9BB2AD
:10910000012B54D8012C1ED95378157845EA032534
:1091100039464846FFF7CAFD8046B0B1FB6E43B101
:109120002A4631464846984700280ADB013801287C
:1091300040D8A8F80850B7F864309D422BD17DB3D1
:109140002046BDE8F8831578E2E70DB92046F8E738
:1091500039460020FFF7AAFD804670B1D9F870307B
:10916000C0F80130B9F8742099F87630A0F80520DD
:10917000C37199F808300370D0E7104B1B6813F0E7
:10918000060F02D16FF01000DBE70D4A02210B48F9
:109190001AF093FCF6E7394630461FF033FECEE76F
:1091A0004046FFF775FCCBE76FF00600C9E76FF0AC
:1091B0000C00C6E76FF00D00C3E700BF842F00204E
:1091C0006CA705002DE9F04F83B082461746FFF7E4
:1091D0000FFC0090002857D0DAF80C60B6F8643025
:1091E000002B51D00024019403E01846FCF7EEFE5A
:1091F0000134092C3FD804EB840506EB45052B8987
:10920000002BF5D004EB840305F10108424616F863
:10921000131038461EF030F978B904EB8403414648
:1092200016F81300FDF7B6FB03460028E0D0427B9A
:10923000072ADAD1009A0192D7E707F1700B594655
:10924000387A1DF020FB50B9114B9E4203D02846BE
:10925000FFF71EFCCCE73846FFF732FEF7E73B6F1F
:10926000C5F80130BBF804209BF80630A8F80420AC
:1092700088F80630BCE7019B33B9A6F86430B36EBA
:1092800013B1002150469847012003B0BDE8F08F8C
:10929000D829002000B585B00A4601230293042393
:1092A000019308230093034B03491FF0F0FD05B021
:1092B0005DF804FB339004008B93040000B585B087
:1092C0000A464B68012102918B40019320230093B1
:1092D000034B04491FF0DBFD05B05DF804FB00BF44
:1092E000B58F04003F8F040000B585B00A464B6877
:1092F000012102918B4001930E230093034B0449FB
:109300001FF0C5FD05B05DF804FB00BFDB8F040056
:10931000F989040000B585B00A46012302930423AD
:1093200001930C230093034B03491FF0B0FD05B0DC
:109330005DF804FB278F04008B93040000B585B013
:109340008C4611460CF11003D3E8EFEF4EF0080EF7
:10935000C3E8E2EF002AF7D101230293042301932B
:1093600012230093034B62461FF091FD05B05DF898
:1093700004FB00BF0190040008B5024AFFF7DEFFBE
:1093800008BD00BFB18C04002DE9F04182B000AFF0
:10939000064600F17001007A1DF075FA18B9083719
:1093A000BD46BDE8F0813046FFF7A8FC0028F6D0A6
:1093B000846854B3143C28E06FF0004147E013295F
:1093C0005BDD14213AB10520387100207871B87145
:1093D000F871786818616FF300086FF341086FF354
:1093E00082086FF3C508022363F38818C1F30A03E8
:1093F00063F353286FF31F58002341462048EFF7CB
:10940000C3FBAD46646904B1143C002CC7D004F121
:109410001005032128461FF0B0FB0028F2D10121DE
:1094200028461FF0AAFB0028ECD121463046FFF762
:10943000A3FF0028E6DA124B1B6813F0060FE1D0F9
:109440006D468AB06B4613F11002B5D01421002A84
:10945000B5D08C46042903DDDFF828E0C3F814E01A
:10946000BCF1080F00DD9E61BCF10C0F00DDDC617A
:10947000BCF1100FA3DD1862A1E76FF01B01A1E79B
:10948000842F002088A70500094B1A68C0F8012026
:109490009A889B79A0F80520C371002303720C30D1
:1094A000D0E8EF2FC0E8E13F0029F9D1704700BFB5
:1094B000688E05000F4BD3E8EF2F42F00101C3E89F
:1094C000E01F0028F7D112F0010F00D0704710B54F
:1094D000FFF73AFC084C094920460EF09FFF4FF475
:1094E000A47200232046F7F789FF054905480EF0CE
:1094F00095FF10BDFC7A0020A8590020A39204001B
:10950000E19F0200205A002010B5BDF80810BDF8F8
:1095100010408C421ED310465CB1039A5AB1641AB3
:10952000A342A8BF23469CB22246039B194428F0BD
:10953000F9FA204610BD094B1B6813F0060F02D143
:109540006FF00D00F6E72346054A022103481AF0A2
:10955000BEFAF5E76FF00600ECE700BF842F0020AD
:10956000B0A70500002836D070B58446068AA6BB91
:109570001B4C012003E06368034498B20834194B84
:109580009C421AD8174B9C4223D221686145F2D8DD
:10959000656805EB85039B00143B0B446345EAD3E8
:1095A00000239D42EAD903EB830201EB820262456C
:1095B00014D00133013080B2F3E70B4C40F26172FA
:1095C00021460A4819F050FB40F26171204623F011
:1095D000CDFE304602E000207047304670BD00BF2F
:1095E00074280500A42805005CA60500FC2F0500D2
:1095F0002DE9F04F89B08246079190469946139F16
:10960000DDF850B0BDF848301BB94FF6FF73ADF828
:1096100048302B4B1B88534542D32A4E01241397C5
:109620005746DDF84CA01FE0002506977368AB4253
:1096300018D905EB8500CDF810B0CDF80CA012AB11
:109640000293CDF80490CDF80080079B069A21463E
:10965000376807EB80001FF0AAFB68B301350134BF
:10966000A4B2E3E7069F0836174B9E4208D8164B74
:109670009E4211D27368E118B942D5D28CB2F2E79A
:10968000124C40F625022146114819F0EDFA40F639
:109690002501204623F06AFECDF84CA0BA46139F60
:1096A000CDF808B00197BDF8483000934B464246CC
:1096B00007995046FFF788FC09B0BDE8F08F00BF5E
:1096C00048A2002074280500A42805005CA6050017
:1096D000FC2F050010B5ADF5147D002390939193F8
:1096E0009293939390A904A8FFF71CFAE0B904ACF5
:1096F00002940F4B01930022009213464FF6FF7124
:109700000120FFF775FF2046FFF766FA60B91021C8
:1097100008481FF0C1F8084BD3E8EF1F41F00801DB
:10972000C3E8E21F002AF7D10DF5147D10BD00BF7C
:10973000718A040098590020505A00202DE9F04108
:1097400084B004460D4616461F461B49A1F1300061
:109750000EF0B0FF194BD3E8AF3F13F0080F17D04E
:109760002046FFF759FA18B1027A12F0010F12D110
:1097700010230293124B0193BDF8283000933B460F
:10978000324629462046FFF7BFFE04B0BDE8F0810F
:10979000FFF7A0FFE4E700F10C08002140461FF0AE
:1097A000ECF90028E4D1D8E8EF3F43F00203C8E821
:1097B000E23F002ADCD0F6E7D8590020505A0020BA
:1097C0009859002008B5054BD3E8AF3F13F0080FB8
:1097D00000D008BDFFF77EFFFBE700BF505A002016
:1097E00000B587B001460022059205AB0293054BF8
:1097F000019300921346FFF7FBFE059807B05DF852
:1098000004FB00BF958904002DE9F0410746046878
:109810008588234B1B686BB1214B5B6803B1083B08
:109820001A685B6803EB83039B00143B13441E8A96
:10983000B0460AE01B4B1E884FF0000805E0B0421E
:1098400014D906461434013DADB214B30DB3E37C14
:109850006FF3C713E374208A0028F0D10136B6B243
:109860002682DBB243F08003E374EBE7FFF7B8FF37
:109870000028E7D00C4B1B6813F0070F02D16FF0E4
:1098800015000BE0238A094A012107481AF01FF945
:10989000F5E741463846FFF7B5F80020BDE8F0810E
:1098A000007B002048A20020842F0020D8A70500BC
:1098B00030B583B0002844D004460368002B4CD058
:1098C0004368002B55D0FFF73FFA23681868002340
:1098D0008DF800304FF4C053ADF8023069461CF0EB
:1098E000B7FD002851D02368186800238DF8043094
:1098F00041F60103ADF8063001A91CF0A9FD0028CE
:1099000043D00FF045FE2046FFF77EFF051E3FDBEC
:10991000234BD3E8AF3F13F0010F3CD022686368BC
:1099200003EB83039B00143B1344198A108AFFF74F
:109930001BFBFFF78DFB0FF065FE0025284603B0EB
:1099400030BD184C40F2AE622146174819F08CF930
:1099500040F2AE61204623F009FD124C40F2AF62A6
:109960002146114819F080F940F2AF61204623F0FA
:10997000FDFC0C4C4FF4D66221460B4819F074F9EB
:109980004FF4D661204623F0F1FC6FF07705D5E760
:109990000FF038FED2E70FF035FE0025CEE700BF0E
:1099A000FC7A00205CA60500FC2F050010B584B0F1
:1099B00004460A46002303600290074901910121F1
:1099C00000914FF6FF718088FFF712FE2068003883
:1099D00018BF012004B010BDD989040010B586B0AD
:1099E00000240594FFF7BEFD013080B205AB029361
:1099F000054B01930094234622460146FFF7F8FDEC
:109A0000059806B010BD00BF9B890400F0B587B073
:109A100005460C46164600230593FFF7A3FD0746AF
:109A200040B1CCB101194FF6FF739942A8BF194656
:109A300089B201E04FF6FF7105B187B105AB029322
:109A4000084B019301230093002332463846FFF769
:109A5000CFFD059807B0F0BD4FF6FF71ECE7002091
:109A6000F8E700BF9B8904002DE9F0438DB002AFF9
:109A700058B10C469146064699B1437B072B1CD042
:109A800000202C37BD46BDE8F083944C40F684524C
:109A90002146934819F0E8F840F68451204623F017
:109AA00065FC8E4C40F6855221468D4819F0DCF855
:109AB00040F68551204623F059FC086800233B738B
:109AC00042F60303FB8107F10C011CF0C1FC0028E6
:109AD00071D1656885B1002000900123FA1C2146F0
:109AE000A847031E13DB012B5BD07E4A126812F0DD
:109AF000070F50D10020C4E77A4B1B6813F0070F03
:109B0000F8D0794A0121774819F0D7FFF2E7754A72
:109B1000126812F0070FEDD06D4688B002A911F15E
:109B2000100232D0102062B10646042803DDDFF8AF
:109B3000C0C1C1F814C0082E00DD8C610C2E00DD00
:109B4000CB610F2824DD10233AB1042038710020A6
:109B50007871B871F8717868086100216FF30001BD
:109B60006FF341016FF382016FF3C501012060F3D0
:109B70008811C3F30A0363F353216FF31F510023CA
:109B80005848EFF701F8AD46B4E76FF00040CAE778
:109B90006FF01B03D8E7554A0121524819F097FF8F
:109BA000A8E7FB7813F0300FA4D02046FFF716FF8C
:109BB0000446002841D0206800233B7442F602137B
:109BC0007B8207F110011CF043FC002841D1206882
:109BD00000233B7542F60213FB8207F114011CF0CF
:109BE00037FC002847D0206800233B7642F6030369
:109BF0007B8307F118011CF02BFC00283BD0206868
:109C000000233B774FF42053FB8307F11C011CF02A
:109C10001FFC80B32068002387F8203042F6010340
:109C20007B8407F120011CF013FC20B32046FFF7D2
:109C3000D5FE04460028CAD123E7284C40F6A3529B
:109C40002146274819F010F840F6A351204623F08A
:109C50008DFB2046FFF7C2FE04460028B7D11F4CFB
:109C600040F6A95221461E4818F0FEFF40F6A951C1
:109C7000204623F07BFB2068002387F8243042F63F
:109C80000213FB8407F124011CF0E2FBB8B9D4F8FD
:109C90000480B8F1000F14D000230093022307F1D1
:109CA000080221463046C047031E23DB022B6CD03E
:109CB0000C4A126812F0070F61D10020E1E6002083
:109CC000DFE6084B1B6813F0070F01D10020D8E630
:109CD000054A0121034819F0F0FEF7E75CA60500EC
:109CE000FC2F0500842F0020FCA7050038A80500E4
:109CF00010A805002A4A126812F0070F37D06D46E7
:109D000088B002A911F1100233D0102062B10646CA
:109D1000042803DDDFF890C0C1F814C0082E00DD70
:109D20008C610C2E00DDCB610F2825DD10233AB1AC
:109D30000420387100207871B871F8717868086172
:109D400000216FF300016FF341016FF382016FF3A4
:109D5000C501012060F38811C3F30A0363F35321A3
:109D60006FF31F5100230E48EEF70EFFAD460020A3
:109D700087E66FF00040C9E76FF01B03D7E7094A99
:109D80000121074819F0A3FE97E77A7A3B7A43EA64
:109D9000022313EA090F01D1002072E6012070E6C8
:109DA000842F002038A8050010A805002DE9F041F7
:109DB00082B005460F461446942261681FF09AFA55
:109DC000002837D1022261682846FFF74DFE00289F
:109DD0003ED0A68A023600961D23002221462F4837
:109DE0001FF041F88046002855D032461D212846F4
:109DF000FEF7B4F90646002838D0012300221146A8
:109E00001EF002FDA18A023106F10C00F5F7C0F93F
:109E100020F8027BA28A216927F084FEC8F8086036
:109E200041462846FEF7A6FD044680BB204602B008
:109E3000BDE8F0811A4B1B6813F0060F02D14FF0FA
:109E4000FF34F3E7174A0221154819F036FEF6E70A
:109E5000134B1B6813F0060F02D16FF01504E5E7F2
:109E6000114A02210E4819F028FEF6E70C4B1B6838
:109E700013F0060F05D14046FEF7FEFB6FF00B0412
:109E8000D4E70A4A0221064819F017FEF3E74046D4
:109E9000FEF7F2FBCAE76FF00B04C7E7AD890400D9
:109EA000842F002054A805006CA8050098A8050080
:109EB00030B58DB0002940D005460C464B68002BCC
:109EC00047D0434BD3E8AF3F13F0040F76D015B122
:109ED0006B7B072B75D160680590FFF743FBADF8EE
:109EE00018002168002943D005A8FFF75FFD00286E
:109EF0006AD0059B6360059B186800238DF82C30A1
:109F000042F60303ADF82E300BA91CF0A1FA48B9B4
:109F10000598C3689B7913F0200F2ED01FF068F9C5
:109F2000ADF8180065B30123A3752246BDF81810DB
:109F30002846FFF73BFF0DB030BD264C40F62942C6
:109F40002146254818F090FE40F62941204623F08E
:109F50000DFA0B68002BB4D11E4C40F62A42214664
:109F60001D4818F081FE40F62A41204623F0FEF9F4
:109F70000028C0D16FF00100DDE76FF01500DAE7CF
:109F80006FF07F0307930223ADF82030099400237C
:109F9000A3758DF8283042F60212ADF82A2005AAE2
:109FA00002920E4A0192012200920AAA4FF6FF7114
:109FB000BDF81800FFF71CFB0798BCE76FF00A001C
:109FC000B9E76FF07F00B6E76FF00100B3E700BFBD
:109FD000642100205CA60500FC2F05001DA40200E2
:109FE00030B583B0044600F13005012128461EF04B
:109FF000C4FD38BB34F8083CADF8043034F8063CF6
:10A00000ADF80630D5E8EF3F23F00103C5E8E23FA5
:10A01000002AF7D1002024F8080C24F8060C144B71
:10A0200044F81C3C134B44F8183C01AB44F8103C7A
:10A03000042324F80C3CA4F12001FFF739FF68B198
:10A0400003B030BD0C4C40F2415221460B4818F091
:10A050000BFE40F24151204623F088F9D5E8EF3F4E
:10A0600043F00203C5E8E23F002AE9D0F6E700BF6B
:10A0700038AA0500118F02005CA60500FC2F050020
:10A0800038B5044600F17001007AFEF7EBFD28B305
:10A09000054603890BB9438903B32046FCF772F9DF
:10A0A0002B89124A22F820306B8902EB8002538000
:10A0B0000F4D00EB400305EBC3030E4959600E49F9
:10A0C00099601A6104229A8219462046FFF7F0FE31
:10A0D00020B10A4B1B6813F0070F00D138BD084AA6
:10A0E0000121064819F0E9FCF8E700BF5879002083
:10A0F0006C79002038AA0500758D0400842F00209B
:10A10000C0A805002DE9F04F83B000AF0646904689
:10A11000D2F80090FEF76CFC00287BD0F568002494
:10A120004AE0414B1B6813F0060F44D0EB4688B061
:10A130006B4613F110022FD00C214AB108460429B6
:10A1400003DDDFF8ECC0C3F814C0082800DD9E6111
:10A150000B2924DD0C213AB10320387100207871DD
:10A16000B871F871786818616FF3000A6FF3410AEB
:10A170006FF3820A6FF3C50A022363F3881AC1F3EF
:10A180000A0161F3532A6FF31F5A002351462648F0
:10A19000EEF7FAFCDD460EE06FF00041CDE76FF020
:10A1A0001B01D8E74FF0030B28E098F804309B45DB
:10A1B00001D988F804B00134092C2BD804EB8403AE
:10A1C00005EB43031B89002BF5D004EB840305EB5F
:10A1D0004302013215F8131048461DF04DF90028CE
:10A1E000E9D04FF49572314648461FF083F850B1DC
:10A1F000032896D00528D5D04FF0020B48461DF015
:10A2000039F98345D1D8294630461EF0FBFD074B6E
:10A210009D4204D001200C37BD46BDE8F08F484672
:10A22000FFF72EFFF6E700BF842F0020D82900207B
:10A23000E0A80500F8B505460E461446942261686C
:10A240001FF058F818BB012261682846FFF70CFC84
:10A2500058B3A28902321B212846FDF77FFF07462B
:10A2600088B3A18902310C30F4F792FF20F8026B19
:10A27000A289A16827F056FC01236269216938464A
:10A280001EF0C2FA39462846FEF740FBF8BD154BD2
:10A290001B6813F0060F02D14FF0FF30F6E7124AA9
:10A2A0000221104819F009FCF6E70E4B1B6813F069
:10A2B000060F02D16FF01500E8E70C4A02210948A9
:10A2C00019F0FBFBF6E7074B1B6813F0060F02D1F2
:10A2D0006FF00B00DAE7064A0221024819F0EDFBA5
:10A2E000F6E700BF842F002054A805006CA80500E5
:10A2F000F4A8050030B58DB000293ED004460D46C7
:10A300004B68002B45D0414BD3E8AF3F13F0040F0F
:10A3100072D014B1637B072B71D168680590FFF789
:10A3200021F9ADF818002968002941D005A8FFF7E8
:10A330003DFB002866D0059B6B60059B18680023D9
:10A340008DF82C3042F60303ADF82E300BA91CF02B
:10A350007FF848B90598C3689B7913F0100F2CD08B
:10A360001EF046FFADF8180054B32A46BDF8181089
:10A370002046FFF75FFF0DB030BD254C40F6483258
:10A380002146244818F070FC40F64831204622F05F
:10A39000EDFF0B68002BB6D11D4C40F6493221462B
:10A3A0001C4818F061FC40F64931204622F0DEFFDF
:10A3B0000028C2D16FF00100DDE76FF01500DAE789
:10A3C0006FF07F0307930122ADF820200995002349
:10A3D0008DF8283042F60211ADF82A1005A9029135
:10A3E0000D49019100920AAA4FF6FF71BDF81800BD
:10A3F000FFF7FEF80798BEE76FF00A00BBE76FF0C3
:10A400007F00B8E76FF00100B5E700BF64210020CE
:10A410005CA60500FC2F05001DA402002DE9F047F5
:10A4200007461646FEF7E4FA002800F0AD80FD6806
:10A43000574B9D422DD000246BE033691A6908EB1D
:10A440004800538812882146524C14F82000FEF729
:10A45000AFFC08F10108B8F1090FECD808EB48038C
:10A460004C4C04EB8304013407224B49204627F06F
:10A4700049FB0028EDD008EB480307222146454858
:10A4800010F82300FCF738FB0028D6D0FBF79EFD20
:10A49000DFE74FF00008DEE7FBF798FD38E04046C5
:10A4A000FBF794FD34E03D4B1B6813F0060F03D11E
:10A4B0004046FBF78BFD2BE0394A0221374819F063
:10A4C000FCFAF5E704EB840205EB4202128912F074
:10A4D000020F48D03269B1884046FFF767FC8246D8
:10A4E00070B93269937D0133937509E004EB8403FD
:10A4F00005EB43031B8913F0010F39D14FF0000A1C
:10A500004046FBF763FDC6F808A0BAF1000F38DB40
:10A510000134092C33D804EB840305EB43031A8977
:10A52000B3899A42F4D104EB840305EB4301013172
:10A5300015F81300FCF72EFA80460028E8D0437B7C
:10A54000072BA9D12B6F1BB1394698470028A6D0FD
:10A550009422394640461EF0CDFE81460028A2D105
:10A56000B389022BAED0012BC0D04FF0000AC7E751
:10A570003269B1884046FFF75DFE8246C0E74FF082
:10A5800001094846BDE8F0874FF00109F9E700BF2F
:10A59000D8290020847A0020688E0500842F0020AE
:10A5A00054A8050010B584B078B1D1B10B68C3B11F
:10A5B000437B072B38D14B68FBB1012B23D90B7B95
:10A5C000F3B1FEF77BFE04B010BD194C41F2AD3281
:10A5D0002146184818F048FB41F2AD31204622F0E0
:10A5E000C5FE134C41F2AE322146124818F03CFB36
:10A5F00041F2AE31204622F0B9FEFEF74BFEE2E713
:10A60000FEF772FEDFE74B895BB901230293022359
:10A6100001930A230093084B0A4608491EF037FCB1
:10A62000D1E7FEF777FECEE76FF07F00CBE700BF04
:10A630005CA60500FC2F0500138F04008B9304001B
:10A640002DE9F04F87B002AF78600D469046B1F823
:10A6500008A0B1F80AB05C1EA4B2561C2AE0514B07
:10A660001B6813F0070F7BD04F4A01214D4819F0AA
:10A6700024FA75E0023B9BB2514528D3594526D8B0
:10A680002A81D5F800900093B31C2A4600217868EF
:10A69000C847002864D098F800309C4272D32B89B8
:10A6A0006A89934266D001332B8198F80030E41A0E
:10A6B000A4B21E44002C65D0328891B20029CED0BD
:10A6C00098F80030A342D5D9A31E9BB2D4E7354BEE
:10A6D0001B6813F0060F3CD06C468AB002AB13F136
:10A6E000100241D014208AB10646042803DDDFF8A9
:10A6F000BCC0C3F814C0082E00DD99610C2E01DD2A
:10A70000C3F81CA0102E01DDC3F820B013282EDDE5
:10A7100014263AB10521397300217973B973F9739D
:10A72000F868186100216FF300016FF341016FF3C6
:10A7300082016FF3C501022363F38811C6F30A0394
:10A7400063F353216FF31F5100231648EEF71CFAF1
:10A75000A5462C68002300932A460E217868A0475E
:10A760001437BD46BDE8F08F6FF00040BBE76FF0D7
:10A770001B06CEE72C68002100910B462A4678681C
:10A78000A047EDE729467E683046FFF70BFF00281B
:10A79000E6DA2C68002300932A460E213046A047B3
:10A7A000DEE700BF842F002020A9050030A90500A6
:10A7B000F8B580B10C460646C9B1437B072B5BD187
:10A7C000FEF79CFA0746002859D0836803B1143B72
:10A7D000002005461BE02E4C41F2BB5221462D487D
:10A7E00018F042FA41F2BB51204622F0BFFD284C3E
:10A7F00041F2BC522146274818F036FA41F2BC51CA
:10A80000204622F0B3FD01205B6903B1143B3BB14C
:10A81000A342F8D0198922899142F5D10125F3E7A5
:10A8200080B3022104F110001EF0A7F9D8B93DB998
:10A830000023A381184A21463046FEF77FFD88B9E0
:10A8400004F1140107F108001EF016F838461EF056
:10A85000C7F868B9CDB1256800231A4621463046AD
:10A86000A8470020F8BD214630461EF0CEFDDEE7A9
:10A870003846FEF71DF9EDE76FF07F00F2E76FF065
:10A880001500EFE76FF01500ECE70020EAE700BFE6
:10A890005CA60500FC2F05002D8C04002DE9F04777
:10A8A000824616469846BDF820908C68002C31D020
:10A8B000143C14F1140509D065693DB1143D05E05F
:10A8C00055B3696901B114392C460D4634B3238957
:10A8D000B342F5D1214650461EF087F80028EFD04C
:10A8E0004B464246214650462768B8470028E7D1E4
:10A8F00021465046FFF75CFF03460028E0D0084A97
:10A90000126812F0060FDBD0064A0221044819F043
:10A91000DEF8D5E72546D9E72946D5E7BDE8F08733
:10A92000842F002098A90500F0B587B005460C4695
:10A930001746FEF7E3F918B306463A46214603A840
:10A940001AF0CEFFBDF81030042B19D9042103A84A
:10A95000F4F7E4FB02884488BDF81030A3420AD320
:10A960000094031D31462846FFF798FF214603A8AF
:10A97000F4F7D4FBE6E7074B1B6813F0070F01D190
:10A9800007B0F0BD00972346034A0121014819F0A2
:10A99000A9F8F5E7842F0020B8A9050010B586B006
:10A9A0000446049001208DF8140004AB0293114B6F
:10A9B00001930022009213464FF6FF71FEF718FE36
:10A9C00020461CF057FD9DF81410884201D306B0B4
:10A9D00010BD20461CF02AFD03460028F7D0064A89
:10A9E000126812F0060FF2D0044A0221024819F050
:10A9F0006EF8ECE705A10200842F0020D4A9050021
:10AA0000F8B505460E4617460A4B1C6804B1043CCF
:10AA100074B1236843B13A46314628469847646882
:10AA2000002CF5D0043CF3E7231DF8D11C46EFE7DA
:10AA3000F8BD00BF087B002070B586B004460490C6
:10AA400001268DF81460FEF79FFC04AB02930C4BBB
:10AA50000193002500952B462A464FF6FF7130469C
:10AA6000FEF7C6FD294620461EF0FFFC08B106B0E1
:10AA700070BD4FF6FF713046FEF776FAF7E700BF7C
:10AA800005A1020010B584B004460290084B019362
:10AA90000022009213464FF6FF710120FEF7A8FD39
:10AAA00020461EF020F920461EF0DEFA04B010BD4C
:10AAB000C591020042680A4B9A4200D070478369F0
:10AAC0000BB11982FAE710B5064C41F68D122146FA
:10AAD000054818F0C9F841F68D11204622F046FCD1
:10AAE0008B9304005CA60500FC2F050010B5062121
:10AAF0001CF080FE044618B1A0F1EC04204610BD05
:10AB0000054B1B6813F0070FF8D0044A01210248D7
:10AB100018F0D3FFF2E700BFA82F002098AB050084
:10AB2000F0B583B000AF0023042B1CD803EB430C1B
:10AB30002F4A02EBCC12D2F8EC200AB10133F3E732
:10AB40002B4803EB430200EBC2122A4CC2F8F04040
:10AB500003EB4303DB01E833034404330B600020C1
:10AB60000C37BD46F0BD244B1B6813F0070F3BD0DC
:10AB70006D4688B06B4613F110022FD00C213AB10C
:10AB80000C46042901DD1D4E5E61082C00DD986134
:10AB90000B2926DD0C243AB103213971002179718A
:10ABA000B971F9717868186100216FF300016FF3D2
:10ABB00041016FF382016FF3C501012363F3881133
:10ABC000C4F30A0363F353216FF31F5100230A48B0
:10ABD000EDF7DAFFAD466FF00B00C1E76FF0004113
:10ABE000CDE76FF01B04D6E76FF00B00B8E700BFAE
:10ABF000585A002088AF0500A82F0020B4AB0500EC
:10AC000038B505460024042C11D804EB4403094848
:10AC100000EBC310294604301EF0EEFC08B90134E5
:10AC2000F1E704EB4404034800EBC41000E000200B
:10AC300038BD00BF585A002000F5BC70074B1A6899
:10AC4000074BD0E8EF1F994204D1C0E8EC2FBCF1CC
:10AC5000000FF6D1D0E8AF0F704700BF5C76002040
:10AC6000585A002008B5FFF7E7FFC0B10346026855
:10AC700032B1416821B1816899B90D49097891B122
:10AC80000B49097821B11AB1996809B1012003E093
:10AC90005B6853B90AB1002008BD0320FCE703201C
:10ACA000FAE70420F8E70420F6E70220F4E700BF03
:10ACB00067A2002010B502460C46037BC17C03EA64
:10ACC000010010F0080F07D0D07A92F812C040EAC5
:10ACD0000C0010F0010F0ED1042C0ED80B4313F012
:10ACE00004000BD01046FFF7BDFF04EB8404044BB7
:10ACF0002344185C02E0052000E0002010BD00BFE6
:10AD000028B0050038B50446FFF796FF0546D4F88D
:10AD1000EC309B7A032B16D007D8013BDBB2012B1A
:10AD200001D8012038BD0020FCE7042B09D12046C2
:10AD3000FFF798FF032816D0104B1B78DBB90020D3
:10AD4000F0E70020EEE72046FFF78CFF032801D054
:10AD50000120E7E72DB1EB680BB10120E2E700200D
:10AD6000E0E70020DEE725B1EB68002BE4D100200E
:10AD7000D8E70020D6E70120D4E700BF67A2002073
:10AD800000F5BE70084B1B78D0E8EF2FB2F1FF3F03
:10AD900003D1C0E8E13F0029F6D1D0E8AF0F003879
:10ADA00018BF0120704700BFE72E002038B50546C8
:10ADB0000E4B1B788BB101F00F042846FFF752FFB2
:10ADC00003280DD044F004042846FFF7D9FF50B102
:10ADD00044F0010000F0EF0038BD01F00704ECE79B
:10ADE00004F00B04F0E704F0FE00F3E767A2002094
:10ADF00010B586B00446037A052B0ED8DFE803F0C1
:10AE00001B03031B0D3DD0F8D83090F8DC20D34055
:10AE100003F0010343F080030EE01A4A126812F0B7
:10AE2000070F01D1082019E0174A0121154818F031
:10AE30004EFE082012E0002302AA009204F137021D
:10AE40001249096804F157001FF071F840B9102247
:10AE500002A904F1170026F055FE80B906B010BD16
:10AE6000084B1B6813F0070F01D10820F6E7084ACA
:10AE70000121044818F021FEF7E70020EEE7042046
:10AE8000ECE700BFA82F0020DCAB0500B07B002062
:10AE9000F8AB050038B56BB905460C460023EC301D
:10AEA000FCF712F9E8B110F1690F0FD02046F4F762
:10AEB0003FF838BD0F4C40F2327221460E4817F071
:10AEC000D3FE40F23271204622F050FA0B4B1B6841
:10AED00013F0070FEAD00A4A0121084818F0EDFDE7
:10AEE000E4E74FF47022002305F5A4700DF090FB09
:10AEF000DFE700BF14AC0500FC2F0500A82F0020E1
:10AF000010A4050070B582B00446057A022D09D858
:10AF10006BB293BB4DB1254B1B6813F0070F36D1B5
:10AF2000082028E0032DF6D1002510220321204619
:10AF30001EF067FC0646B8B310210C30F4F728F970
:10AF400000902B4604F1270204F1570118480068CD
:10AF50001EF0EDFF18BB00231A4631462046FFF7CE
:10AF600099FF0434D4E8EF3F23F00103C4E8E23F43
:10AF7000002AF7D1002002B070BDD0F8D85090F868
:10AF8000DC30DD4005F0010545F08005CDE72B46BE
:10AF9000084A0121054818F09AFD0820EBE73046E1
:10AFA000F3F7C6FF0820E6E70820E4E7A82F002013
:10AFB000B07B0020DCAB050038B50446CB68051D2E
:10AFC000D5E8EF2F22F40062C5E8E12F0029F7D180
:10AFD000186859689A68DB68C4F81700C4F81B1031
:10AFE000C4F81F20C4F82330237A012B0DD0022B84
:10AFF00026D1D4E8EF3F43F01003C4E8E23F002A33
:10B00000F7D12046FFF77EFF38BD0A2128461EF003
:10B01000F3FA58B9D4E8EF3F43F01003C4E8E23F35
:10B02000002AF7D12046FFF76DFFEDE7D5E8EF3FA7
:10B0300043F00103C5E8E23F002AF7D10020E3E72F
:10B04000064A126812F0070F01D10820DCE7044A13
:10B050000121024818F03BFD0820D5E7A82F002069
:10B06000DCAB050038B5044640220C211EF0C9FBBC
:10B0700000283ED0054640210C30F4F789F81E4BDD
:10B080001B68D3F800E0D3F804C09968DA68C0F808
:10B0900000E0C0F804C08160C260D3F810E0D3F8CB
:10B0A00014C09969DA69C0F810E0C0F814C0816171
:10B0B000C261D3F820E0D3F824C0996ADA6AC0F8F4
:10B0C00020E0C0F824C08162C262D3F830E0D3F837
:10B0D00034C0996BDA6BC0F830E0C0F834C08163DB
:10B0E000C26300231A4629462046FFF7D3FE0020FC
:10B0F00038BD0820FCE700BFB07B0020F0B591B060
:10B10000044600230493059306930793037A052BC3
:10B110006DD8DFE803F0060303066C61D0F8D83081
:10B12000049304F1370604F12707D4F8EC3003F157
:10B130007E0204F1C70504F14701029101950092D6
:10B1400077333A46314604F1970001F0DBFC0028E2
:10B150005BD104F11102D4F8EC3003F17E017733B6
:10B1600008A8039002930191009204AB324639463D
:10B1700028461EF003FF002854D1237A052B5ED009
:10B1800004F10A02D4F8EC3003F177017E330CA805
:10B19000039002930191009204AB3A46314628464F
:10B1A0001EF0ECFE00285CD110220CA904F1B700BF
:10B1B00026F0A8FC002861D108A920461EF045FB16
:10B1C00040B90434D4E8EF3F43F00203C4E8E23F5F
:10B1D000002AF7D111B0F0BDD0F8E430002BA0D098
:10B1E00004AD186859689A68DB680FC599E7244A66
:10B1F000126812F0070F01D10820EBE7214A012164
:10B200001F4818F064FC0820E4E71D4B1B6813F08E
:10B21000070F01D10820DDE71B4A0121184818F06B
:10B220004CFCF7E7164B1B6813F0070F01D1082001
:10B23000D0E7164A0121124818F03FFCF7E7D4F88E
:10B24000E03043B10DF1100C186859689A68DB685A
:10B25000ACE80F0094E7002304930593069307934B
:10B260008EE7074B1B6813F0070F01D10820B1E7E9
:10B27000074A0121024818F020FCF7E70B20A9E754
:10B28000A82F0020DCAB050044AC05005CAC050039
:10B2900080AC050070B50446D0F8EC60FFF7CCFC3C
:10B2A0000546042104F1D800F9F78CFD00BBD4F861
:10B2B000D820104BA3FB02139B0C0F4901FB132258
:10B2C000C4F8D820002384F8DC307DB12B686BB142
:10B2D000231DD3E8EF1F41F40061C3E8E21F002AF9
:10B2E000F7D12B68D4F8D81030469847002070BDAD
:10B2F0000820FCE783DE1B4340420F0010B5041D0D
:10B30000D4E8EF3F43F48073C4E8E23F002AF7D16A
:10B310000D495730FAF76CF808B9002010BDD4E891
:10B32000EF3F23F48073C4E8E23F002AF7D1074BD4
:10B330001B6813F0070F01D10820EFE7044A012131
:10B34000024818F0BAFBF7E70D9D0400A82F002073
:10B35000A4AC050070B50446FFF76EFC0546261D3B
:10B360000E2130461EF048F938B920223F4B1968AB
:10B3700004F1570026F0C6FB68B12046FFF772FEC5
:10B380000346002858D1237A052B60D8DFE803F064
:10B3900010341E105F56364B1B6813F0060F01D198
:10B3A000082349E0334A0221314818F086FBF7E7C9
:10B3B000D4E8EF3F43F01003C4E8E23F002AF7D19E
:10B3C0002046FFF79FFD034690B335E02046FFF788
:10B3D00061FF034680BBD4E8EF3F43F00803C4E8B5
:10B3E000E23F002AF7D1D4E8EF3F43F48043C4E8BA
:10B3F000E23F002A1CD0F6E7D4E8EF3F43F0080311
:10B40000C4E8E23F002AF7D1D4E8EF3F43F4804399
:10B41000C4E8E23F002AF7D1D6E8EF3F43F4806367
:10B42000C6E8E23F002AF7D16B68D4F8EC009847F1
:10B4300020461EF0FFFA0346184670BDD4E8EF3FE1
:10B4400043F01003C4E8E23F002AF1D0F6E7084ACF
:10B45000126812F0070F01D10823EDE7064A012117
:10B46000034818F034FB0823E6E700BFB07B002058
:10B47000A82F0020C0AC0500DCAB050010B54FF0D4
:10B48000FF324FF0FF3313480BF00AFF48B9124C5C
:10B4900020460DF0B3F9A4F114000BF0EBFF60B9F6
:10B4A00010BD0E4C41F2292221460D4817F0DCFB5D
:10B4B00041F22921204621F059FF084C41F22E2269
:10B4C0002146074817F0D0FB41F22E21204621F0FB
:10B4D0004DFF00BF642A0020782A002014AC05002C
:10B4E000FC2F050038B50446EC22002126F041FB74
:10B4F000102104F12700F9F765FC054668B9D4E886
:10B50000EF3F43F02003C4E8E23F002AF7D1F9F708
:10B5100061FF034B1860284638BD0825FBE700BFD4
:10B52000B07B0020F8B504460D46D0F8EC70FFF76C
:10B5300083FBED68EB78102B40F0B280D7F8A03099
:10B54000002B00F09280261D0F2130461EF054F88B
:10B5500028B92046FFF7C6FF002840F0928001235B
:10B5600063722B68C4F80A30AB88E381022323742A
:10B57000A9782046FFF71AFCE0742046FFF772FB1B
:10B580006074102323752B7903F0030363756B79C3
:10B5900003F00303A375E37C13F0080F13D0AB781B
:10B5A00013F0080F0FD0D6E8EF3F43F02003C6E8B2
:10B5B000E23F002AF7D1637D03F002036375A37DA8
:10B5C00003F00203A375052130461EF015F800288C
:10B5D00059D0364B1B78A374E37C13F0200F0BD0AB
:10B5E000AB7813F0200F07D0D6E8EF3F43F4801379
:10B5F000C6E8E23F002AF7D1E37C13F0010F03D045
:10B60000AB7813F0010F42D100236375A375A37DBE
:10B6100084F8E830637D84F8E930D6E8EF3F43F002
:10B620000803C6E8E23F002AF7D129782046FFF751
:10B6300041FB2072D7F8A01020461EF027F888B3EF
:10B6400020461EF051F860BB052130461DF0D4FFA6
:10B6500050B3D4E8EF3F43F48053C4E8E23F002AFC
:10B66000F7D120461EF035F91BE007F17001387A5A
:10B6700001F048F8C7F8A00000287FF464AF082064
:10B680000FE0C0B20DE00A4B1B78A374A4E7D6E824
:10B69000EF3F43F40053C6E8E23F002AB7D0F6E795
:10B6A0000620F8BD0320FCE70320FAE769A200208A
:10B6B00068A20020F0B583B000AFD0F8EC50D5F808
:10B6C000A03043B1044690F8E80010F002005ED1CB
:10B6D0000C37BD46F0BD5A4B1B6813F0070F01D164
:10B6E0000820F5E705F17000F5F760FE6D460023D0
:10B6F0003B7102237B7188B06C4614F1100211D0AB
:10B700000E261AB1042E01DD4E4B636100233B70FF
:10B7100002237B709AB1082E00DDA06104F11C03A6
:10B7200000210AE06FF00046EBE701F10800384421
:10B7300010F8080C03F8010B01310129F5D90D2E81
:10B7400022DD0E2342B10321397100217971B971D3
:10B750000121F9717868206100216FF300016FF316
:10B7600041016FF382016FF3C501012060F388117D
:10B77000C3F30A0363F353216FF31F5100233048CF
:10B78000EDF702FAAD46ABE76FF01B03DAE71022E4
:10B79000082120461EF035F80646B0B310210C30C3
:10B7A000F3F7F6FC2A7A1732274B03EB0213D3F890
:10B7B00004C09968DA681B69C0F800C04160826003
:10B7C000C36000231A4631462046FFF763FB072279
:10B7D000092120461EF015F8064618B307210C3043
:10B7E000F3F7D6FC2B7AC3EBC30317495A18CB588F
:10B7F000036091889379818083710023134A3146D5
:10B800002046FFF747FB002062E70D4B1B6813F053
:10B81000070F01D108205BE70D4A0121084818F005
:10B820004CF9F7E7064B1B6813F0070F01D108200E
:10B830004EE7084A0121024818F03FF9F7E700BF38
:10B84000A82F0020DCAC050090200020939E04006F
:10B85000F4AC05001CAD050038B504460D46FFF7F5
:10B86000EBF9EB6804F15705D3F800C05868996804
:10B87000DA68C4F857C0C4F85B00C4F85F10C4F8B5
:10B880006320D3F810C058699969DA69C4F867C0B1
:10B89000C4F86B00C4F86F10C4F87320D3F820C04C
:10B8A000586A996ADA6AC4F877C0C4F87B00C4F8A9
:10B8B0007F10C4F88320D3F830C0586B996BDA6BD3
:10B8C000C4F887C0C4F88B00C4F88F10C4F8932064
:10B8D0002846F9F7C3FCA8B1231DD3E8EF1F41F4B4
:10B8E0008041C3E8E21F002AF7D120461EF0B7F8D6
:10B8F00030B1134B1B68BBB12046FFF72BFD38BDA1
:10B900000320FCE72846F9F7B5FC0028F1D10D4BE0
:10B910001B6813F0060F01D10A20F0E70A4A022142
:10B92000084818F0CAF8F7E70434D4E8EF3F43F0CA
:10B930004003C4E8E23F002AF7D10020DFE700BF60
:10B94000B07B0020A82F002048AD0500F0B583B0E3
:10B9500000AF04460D460D2104301DF04DFEB8B178
:10B96000ED68D4F8EC3003F170063246197A022003
:10B9700001F05EF80346B8B12E686868A968EA6805
:10B98000C3F82A60C3F82E00C3F83210C3F836207B
:10B99000D4E8EF3F43F40073C4E8E23F002AF7D154
:10B9A00000200C37BD46F0BD2D4B1B6813F0070F70
:10B9B00001D10820F5E73046F5F7F8FC6D46002385
:10B9C0003B7102237B7188B06C4614F1100211D0D8
:10B9D0000E261AB1042E01DD224B636100233B7059
:10B9E00002237B709AB1082E00DDA06104F11C03D4
:10B9F00000210AE06FF00046EBE701F1080038444F
:10BA000010F8080C03F8010B01310129F5D90D2EAE
:10BA100022DD0E2342B10321397100217971B97100
:10BA20000121F9717868206100216FF300016FF343
:10BA300041016FF382016FF3C501012060F38811AA
:10BA4000C3F30A0363F353216FF31F510023044828
:10BA5000EDF79AF8AD46ACE76FF01B03DAE700BFED
:10BA6000A82F002064AD050038B590F8E93013F038
:10BA700002040CD10D460846F8F77CFAC8B1174B02
:10BA80001B6813F0060F0ED10324204638BD144C5A
:10BA900040F632722146134817F0E6F840F632714C
:10BAA000204621F063FC104A02210C4818F005F8EA
:10BAB000EAE72846F8F75EFA18B92846F8F76CFA6C
:10BAC000E3E7074C40F64E722146064817F0CCF8E3
:10BAD00040F64E71204621F049FC00BFA82F0020FF
:10BAE00014AC0500FC2F050080AD050070B584B0D6
:10BAF00004460D46FFF7A0F80646EB681D68586837
:10BB00009968DB68C4F83750C4F83B00C4F83F10AC
:10BB1000C4F84330237A052B00F29680DFE803F067
:10BB200020383803946F04F1370203AB009304F11B
:10BB300027035049096804F1570001F04DF8002827
:10BB400040F09080231DD3E8EF1F41F48061C3E8EB
:10BB5000E21F002AF7D1B3680399D4F8EC009847A4
:10BB6000D4E8EF3F43F40053C4E8E23F002AF7D1A2
:10BB7000231DD3E8EF1F41F48031C3E8E21F002A00
:10BB8000F7D120461DF082FE0546284604B070BD60
:10BB90002046FFF72DF905460028F6D1D4E8EF3FFF
:10BBA00043F00803C4E8E23F002AF7D120461DF025
:10BBB0006DFE05460028E8D194F8DC300133DBB295
:10BBC00084F8DC30142B08D0102104F12700F9F799
:10BBD000F9F80028D9D00825D7E7D4E8EF3F43F497
:10BBE0000053C4E8E23F002AF7D10434D4E8EF3F21
:10BBF00043F48033C4E8E23F002AC6D0F6E71021C0
:10BC000004F12700F9F7DEF870BB7EB3F3687BB36D
:10BC1000194B1B88ADF8083002A920461DF0CAFC5C
:10BC20000025C4F8E050C4F8E450231DD3E8EF1F0A
:10BC300041F48051C3E8E21F002AF7D1F36802A95A
:10BC4000D4F8EC009847A0E70C4A126812F0070FEE
:10BC500001D1082599E70A4A0121084817F037FF62
:10BC6000082592E7082590E708258EE702258CE74E
:10BC700002258AE7B07B0020DC2C0500A82F0020DD
:10BC8000DCAB050038B50446A0F1EC050C495C308E
:10BC90000CF0C4FB28461DF054FD04F18C03094A46
:10BCA000D3E8EF1FC3E8E02F0028F9D190344FF01C
:10BCB000FF33D4E8EF2FC4E8E13F0029F9D138BDC4
:10BCC00089C40200585A0020F8B50646D0F8EC5056
:10BCD000D5F8A0306BB30846002938D01DF010FC11
:10BCE0000746D5F8A0306BB11B7B23B10221301D74
:10BCF0001DF082FC30B1D5F8A00000F0BDFE00239D
:10BD0000C5F8A030341D022120461DF075FC002826
:10BD10003CD0032120461DF06FFC002851D0304B51
:10BD20001A68002A3BD052F80C49002C3CD00C3C3D
:10BD30003AE02C4B1B6813F0060F01D10820CDE729
:10BD4000294A0221274817F0B8FE0820C6E70D212E
:10BD5000301D1DF051FC0746214B1A6822B152F8E4
:10BD60000C4934B10C3C04E0144602E02346224660
:10BD70001C4632B3136813B1394628469847002C45
:10BD8000F4D0E368002BF2D00C3BF0E738461DF00E
:10BD9000EFFB01463A462846FAF788FDB9E7144614
:10BDA00002E0234622461C465AB1536813B1394675
:10BDB00028469847002CF4D0E368002BF2D00C3BC7
:10BDC000F0E730461DF0BDFC6B7B072B00D0F8BDC3
:10BDD0006A7AAB7A9A42FAD028461DF08DFFF6E7D0
:10BDE00054760020A82F0020BCAD0500F8B504460D
:10BDF0000D46071D022138461DF0FEFB20B1B4F8A8
:10BE0000E830EBB1002600E00026032138461DF0A3
:10BE1000F3FB20B9012138461DF0EEFB90B1294615
:10BE20002046FFF751FFD6B11B4B1B6813F0060FDE
:10BE30000FD10521D4F8EC00FAF718FB0020F8BD6B
:10BE40000126E2E70F2138461DF0D6FB0028EAD094
:10BE5000E5E7124A0221104817F02FFEE9E7012218
:10BE6000052120461DF0CDFC064690B101210C3085
:10BE7000F3F78EF9057000231A46314604F1EC0001
:10BE8000FBF722F90028DAD03046F3F751F800200A
:10BE9000D5E76FF06800D2E7A82F0020E8AD0500D5
:10BEA00038B50446154B1860FFF7E8FA0CB10024CA
:10BEB0000CE0134B1B6813F0060F00D138BD114A7C
:10BEC00002210F4817F0F9FDF8E70134042CF5D8EA
:10BED00004EB44030C4D05EBC3150621281D1DF092
:10BEE0008BFB0028F1D02846FFF734FA01460028E2
:10BEF000EBD02846FFF77AFFE7E700BFB07B0020D2
:10BF0000A82F002040AE0500585A0020F0B583B09D
:10BF10000B8A6BB9484B1B6813F0070F02D1002046
:10BF200003B0F0BD454A0121434817F0C6FDF6E7CE
:10BF300004460D46A0F1EC07012105F10C00F3F7D2
:10BF4000EDF806460421A4F1E8001DF055FBF8B910
:10BF500031780E2928D83A4B53F83130002B2FD0A6
:10BF6000A4F1EC001DF035FC00283AD02B8A317882
:10BF7000334A02EBC102127993424FD02E4A126823
:10BF800012F0070F43D10A213846FFF72FFFC6E70B
:10BF9000294B1B6813F0060FC1D03378294A0221C0
:10BFA000254817F094FDBAE7234B1B6813F0060FE2
:10BFB000B5D00B46244A02211F4817F088FDAEE792
:10BFC0001D4B1B6813F0060F04D107213846FFF7FD
:10BFD0000DFFA4E70B461D4A0221174817F077FD15
:10BFE000F3E7154B1B6813F0060F09D138461DF017
:10BFF000A2FB002893D008213846FFF7F7FE8EE712
:10C000003378134A02210C4817F061FDEEE70091E6
:10C01000104A0121084817F065FDB4E7084B53F8B2
:10C020003130294638469847014600283FF477AF1B
:10C030003846FFF7DBFE72E7A82F00205CAE050054
:10C04000B0AF050078AE0500ACAE0500D0AE05007F
:10C05000ECAE0500B4A405002DE9F04385B000AFB7
:10C060000446D0F8EC60CD6890F8E93023F0020384
:10C0700080F8E9302B7823B1AB7903F0C003C02BF3
:10C0800035D106F1700807222946404625F03AFDD1
:10C0900078B12946307A00F085FC814648B10146E6
:10C0A00020461DF0F3FA002800F08281484600F097
:10C0B000E3FC0D21201D1DF09FFA002840F0D080E8
:10C0C00094F8E93013F0040F07D0D4E8EF3F43F4BD
:10C0D0008063C4E8E23F002AF7D1B4F8E830002BCF
:10C0E00000F0608100201437BD46BDE8F083B14BFD
:10C0F0001B6813F0070F06D1AE4B1B6813F0070F38
:10C1000059D10A20EFE72846F5F750F96D4600238C
:10C110003B7202237B7288B06C4614F1100214D07B
:10C120004FF00E0C22B1BCF1040F01DDA24B636194
:10C1300000233B7102237B71A2B1BCF1080F00DD2B
:10C14000A06104F11C0300210AE06FF0004CE9E754
:10C1500001F11000384410F80C0C03F8010B013108
:10C160000129F5D9BCF10D0F22DD0E2342B10321C7
:10C17000397200217972B9720121F972B8682061AF
:10C1800000216FF300016FF341016FF382016FF340
:10C19000C501012060F38811C3F30A0363F353213F
:10C1A0006FF31F5100238348ECF7EEFCAD46A3E785
:10C1B0006FF01B03DAE706F17000F5F7F7F86D464C
:10C1C00000233B7202237B7288B06C4614F110028C
:10C1D00011D00E261AB1042E01DD784B63610023C5
:10C1E0003B7102237B719AB1082E00DDA06104F13E
:10C1F0001C0300210AE06FF00046EBE701F110009C
:10C20000384410F80C0C03F8010B01310129F5D961
:10C210000D2E22DD0E2342B10321397200217972E5
:10C22000B9720121F972B868206100216FF3000131
:10C230006FF341016FF382016FF3C501012060F3D9
:10C240008811C3F30A0363F353216FF31F510023D3
:10C250005848ECF799FCAD4653E76FF01B03DAE75B
:10C260004246317A022000F0E3FB8146A0B1F37828
:10C27000002B6CD106F17E031A78012A04D19A7939
:10C2800002F0C002402A65D049462046FFF7ECFB89
:10C2900000283FF415AF26E7464B1B6813F0070F45
:10C2A00001D108201FE74046F5F780F86D460023CE
:10C2B0003B7202237B7288B06C4614F1100211D0DD
:10C2C0000E261AB1042E01DD3D4B636100233B7144
:10C2D00002237B719AB1082E00DDA06104F11C03DA
:10C2E00000210AE06FF00046EBE701F1100038444E
:10C2F00010F80C0C03F8010B01310129F5D90D2EB2
:10C3000022DD0E2342B10321397200217972B97204
:10C310000121F972B868206100216FF300016FF309
:10C3200041016FF382016FF3C501012060F38811B1
:10C33000C3F30A0363F353216FF31F5100231D4816
:10C34000ECF722FCAD46ACE76FF01B03DAE706F131
:10C35000770391E7D3F80120C9F83A20B3F8053004
:10C36000A9F83E3096F87030002B8DD096F87630D4
:10C3700003F0C003C02B87D0C7F80880FD6007F129
:10C38000080210490120F9F7D1FF2B68C9F80130E4
:10C39000AA88AB79A9F8052089F807303046FAF762
:10C3A0003DFA71E700212046FFF78EFC00209AE657
:10C3B000082098E6A82F002008AF05001CAF050054
:10C3C00064AD05007F9704002DE9F04104460E4658
:10C3D000D0F8EC80FEF730FC0546F668124B1B687F
:10C3E00013F0070F11D1271D0A2138461DF0F1F96E
:10C3F00090B11DB12B690BB140469847317820466A
:10C40000FFF762FC0020BDE8F0813378074A012184
:10C41000054817F05CFBE6E70B2138461DF0D9F91B
:10C420000028EBD0E5E700BFA82F002024AF0500CF
:10C430008378012B00D0704710B50C4606211BF005
:10C4400089F9034658B1EC3813F8042CE14349B29A
:10C450000A4003F8042C33F8043C63B110BD084CC7
:10C4600040F2BD222146074816F0FEFB40F2BD21F6
:10C47000204620F07BFF0021FFF726FCEEE700BFFF
:10C4800014AC0500FC2F050038B50446A0F5A475D2
:10C490000C4B1B6813F0070F0ED108212846FFF73D
:10C4A00013FCA4F5A274D4E8EF3F43F01003C4E8F2
:10C4B000E23F002AF7D138BD034A0121014817F0B5
:10C4C000FCFAEAE7A82F002048AF05002DE9F0416B
:10C4D00082B000AF0446FEF709FB002848D00546AD
:10C4E000061D032130461DF087F8002840D0D4F8FF
:10C4F000A00008B100F0C0FA04F170084146207AAB
:10C5000000F000F9C4F8A000B0B30E2130461DF0D1
:10C5100073F828B1D4F8A020537B43F0020353737F
:10C520002B7A032B40F28A80053BDBB2012B00F211
:10C530008980D4F8A020537B43F020035373D4F8B0
:10C54000A020537B43F001035373D4F8A080284606
:10C550001DF007F888F80C00052130461DF04CF856
:10C5600000287CD1D4F8A020537B23F01003537310
:10C570000837BD46BDE8F0814F4B1B6813F0070F2D
:10C5800004D108212846FFF731FCF1E74046F4F7D3
:10C590000DFF6E4600233B7102237B7188B06C4611
:10C5A00014F110021ED04FF00E0C22B1BCF1040F9A
:10C5B00001DD424B636100233B7002237B70A2B11B
:10C5C000BCF1080F00DDA06104F11C03002101296A
:10C5D0000BD801F10800384410F8080C03F8010BDF
:10C5E0000131F4E76FF0004CDFE7BCF10D0F22DD05
:10C5F0000E2342B10321397100217971B9710121F2
:10C60000F9717868206100216FF300016FF3410137
:10C610006FF382016FF3C501012060F38811C3F34A
:10C620000A0363F353216FF31F5100232248ECF7F1
:10C63000ABFAB546A5E76FF01B03DAE75BB2002B58
:10C640007FF47DAFD4F8A020537B23F020035373F5
:10C65000D4F8A020537B23F00103537375E7D4F87B
:10C66000A020537B43F0100353730D2130461CF080
:10C67000C3FF00283FF47CAF2021D4F8A00000F0D5
:10C68000C1F9D4F8A030D5F84760D5F84B00D5F8FB
:10C690004F10D5F85320C3F81A60C3F81E00C3F832
:10C6A0002210C3F82620D4F8A02000231361536180
:10C6B000D4F8A02013835BE7A82F002064AD050009
:10C6C00008B51CF01BFF0B4B187020B10A48F8F797
:10C6D00023FE002008BD094B1B6813F0070F02D191
:10C6E0006FF00100F6E7064A0121044817F0E5F96A
:10C6F000F6E700BF67A20020802A0020A82F0020B4
:10C7000054AF05002DE9F84321B1054689460526B9
:10C71000002412E0204C5E222146204816F0A4FAA4
:10C720005E21204620F022FE38460722494601308D
:10C7300025F0E8F958B91BE00134A046042C14D8C0
:10C74000A301174A02EB8417D35CAB42ECD0052E51
:10C75000F2D1134800EB841007221249013025F072
:10C76000D1F90028E8D14646E6E7042E03D9002790
:10C770003846BDE8F883B201094B03EB86179D5498
:10C78000D9F80030C7F80130B9F8042099F806301C
:10C79000A7F80520FB71EBE74CB00500FC2F050066
:10C7A000B47B0020688E0500F0B583B021B105464A
:10C7B00016460F4600240AE0144CA52221461448D0
:10C7C00016F052FAA521204620F0D0FD0134042CA9
:10C7D0001AD8104B03EB8413DB89002BF6D0A3018E
:10C7E0000C4AD35CAB42F1D102EB8413D3F80100C5
:10C7F0000090B3F80520DB79ADF804208DF8063001
:10C8000031466846B847E1E703B0F0BD4CB00500DB
:10C81000FC2F0500B47B0020F8B521B10546164673
:10C820000F4600240AE00D4CBC2221460C4816F0AD
:10C830001BFABC21204620F099FD0134042C0BD8B2
:10C84000084B03EB8413DB891D42F6D031460548C3
:10C8500000EB8410B847F0E7F8BD00BF4CB005000E
:10C86000FC2F0500B47B0020F8B522B105460E462A
:10C87000174600240AE0134CC9222146124816F03C
:10C88000F3F9C921204620F071FD0134042C17D89A
:10C890000E4B03EB8413DB891D42F6D0A3010B4A38
:10C8A000D35C9E42F1D102EB84100722394601305D
:10C8B00025F028F90028E8D1044800EB841000E0B6
:10C8C0000020F8BD4CB00500FC2F0500B47B002013
:10C8D000F8B559B106460D460B78012B5AD18B7924
:10C8E00003F0C003402B0BD100240CE02A4CF222B1
:10C8F00021462A4816F0B8F9F221204620F036FDEC
:10C90000002048E00134042C19D8254B03EB841394
:10C91000DB8913F0020FF5D0A301214AD35CB342A7
:10C92000F0D1A1013831114406220231681C25F0F2
:10C93000E9F80028E6D11A4800EB84102BE0002427
:10C9400000E00134042C23D8154B03EB8413DB895E
:10C9500013F0020FF5D0A301114AD35CB342F0D11A
:10C96000A001283010446F1C3946023019F033FD05
:10C970000028E6D0A00100F13803094A1344D5F895
:10C980000110C3F80210B5F80510D980104402E078
:10C99000002000E00020F8BD4CB00500FC2F050091
:10C9A000B47B002070B519B105460E4600240CE09A
:10C9B000114C40F223122146104816F055F940F26E
:10C9C0002311204620F0D2FC0134042C11D8A301FD
:10C9D0000B4AD35C9D42F7D102EB8410072231460B
:10C9E000013025F08FF80028EED1054800EB8410C7
:10C9F00000E0002070BD00BF4CB00500FC2F05001A
:10CA0000B47B002018B1C2891143C181704710B5B1
:10CA1000054C40F233122146044816F025F940F245
:10CA20003311204620F0A2FC4CB00500FC2F05007D
:10CA3000F8B542B105460C461746FFF715FF064606
:10CA400058B13046F8BD0A4CDB222146094816F0A1
:10CA50000BF9DB21204620F089FC39462046FFF700
:10CA600051FE06460028ECD02946FFF7CBFFE8E749
:10CA70004CB00500FC2F050010B550B10446037AF8
:10CA800013F0040F11D140220021204625F071F847
:10CA900010BD074C4FF49D722146064816F0E4F88D
:10CAA0004FF49D71204620F061FCF7F72DFBEAE77B
:10CAB0004CB00500FC2F0500884202D98B18834238
:10CAC00004D9884205D283188B4202D8531E1944D8
:10CAD00011E010B5094C40F2B1222146084816F089
:10CAE000C3F840F2B121204620F040FC11F8013992
:10CAF00000F8013B013A002AF8D17047EC9A050092
:10CB0000FC2F0500F0B59BB086460F4616461D4625
:10CB10000DF1300C2E4C0FCCACE80F000FCCACE874
:10CB20000F000FCCACE80F0094E803004CF8040BA6
:10CB30008CF80010202271466846FFF7BDFF08AB55
:10CB400020226946234800F083F8044610B12046AD
:10CB50001BB0F0BD102239460DF13500FFF7ACFFD8
:10CB6000102231460DF14500FFF7A6FF294611F8C6
:10CB7000013B8DF8553006220DF15600FFF79CFF62
:10CB8000209911F8013B8DF85C3006220DF15D0013
:10CB9000FFF792FF219B35220CA908A800F058F856
:10CBA00004460028D3D1102121981DF0AAF90123B1
:10CBB0008DF83030229B35220CA908A800F048F8E7
:10CBC00004460028C3D1102122981DF09AF9BEE72F
:10CBD000E02C050084B00500F0B599B00F4615466D
:10CBE0001E461E9C2022014604A8FFF765FF202256
:10CBF00039460CA8FFF760FF1022314614A8FFF752
:10CC00005BFF102229466846FFF756FF6B4650220D
:10CC100004A9684600F01CF8A0B9039A2260130A20
:10CC200003F47F4343EA1263110201F47F010B43D3
:10CC300043EA0263044AA2FB0312920C034901FB7C
:10CC40001232226019B0F0BD83DE1B4340420F0058
:10CC50002DE9F0418EB005460E4617469846002451
:10CC600006940794089409940A940B940C944FF436
:10CC70001053ADF818308023ADF81A304FF44063EC
:10CC8000049304A81DF0CCF9049B08931D4B099351
:10CC90000DAB1022294606A823F035FFA0B905AB3D
:10CCA000029310230193CDF800803B46324615498C
:10CCB0000D9824F057F804460D980FF033F994B905
:10CCC00088B90EB0BDE8F08103460F4A126812F031
:10CCD000070F02D16FF00400F3E70C4A01210A4864
:10CCE00016F0F5FEF6E7084B1B6813F0070F02D1AC
:10CCF0006FF00400E5E72346054A0121024816F0DB
:10CD0000E6FEF5E70002C003742F00205C9B0500DF
:10CD1000A0B0050021B1012907D06FF08500704750
:10CD20000020054BC3F800057047034B0122C3F8F0
:10CD300000250020704700BF00E00050074B012293
:10CD4000C3F8002590F8863013B1044BDA607047C1
:10CD5000024B01221A605A60704700BF00E0005089
:10CD600069B938B5064CD4F82C56D4F8341689B2C3
:10CD700074301DF0B0F90544C4F82C5638BD704726
:10CD800000E000504268044B93F8A8301A4214BFE8
:10CD900001200020704700BF5022002010B44468DA
:10CDA0000D4B93F8A8100D4BD3F82C06012302E08D
:10CDB00002305B009BB299420BD3E2B21A42F8D028
:10CDC0001942F5D0B0F90020002AF1DA00220280E1
:10CDD000EEE75DF8044B70475022002000E0005061
:10CDE000F0B583B000230093CDF803300D7905F042
:10CDF0001F058E79072D00F29A800C460B780C2BBC
:10CE000030D8DFE803F00A07172F1B2F1F2F2F231F
:10CE1000272F2B0001238DF802306378032B31D0AC
:10CE2000042B32D0434B1B6813F0070F5AD16FF01D
:10CE3000150754E002238DF80230EEE703238DF846
:10CE40000230EAE704238DF80230E6E705238DF887
:10CE50000230E2E706238DF80230DEE707238DF883
:10CE60000230DAE7334B1B6813F0070F02D16FF083
:10CE7000150734E0304A01212E4816F01EFE6FF0EF
:10CE800015072CE001238DF8033001A960881DF0FF
:10CE900024F9074670BB237913F0200F38D0012303
:10CEA0008DF80530254890F8A820217901F01F0160
:10CEB0008B4022EA030380F8A83062791F4B2B4491
:10CEC00083F8A0201E4C6A46294620461DF0BDF876
:10CED00051352B0104EB05150022E2506E603846F7
:10CEE00003B0F0BD174A0121124816F0E6FD6FF0BD
:10CEF0001507F4E70F4B1B6813F0070F02D16FF013
:10CF00001507ECE7104A01210A4816F0D6FDF6E7AE
:10CF100000238DF80530094890F8A830217901F0F8
:10CF20001F0101228A40134380F8A830C5E76FF043
:10CF30001507D4E7542F0020C8B005005022002068
:10CF400000E00050E8B005000CB1050008B5037C16
:10CF5000A3F10802062A0DD8DFE802F01C0C1E0C13
:10CF6000040C0A0002220D4BC3F8F025002008BD76
:10CF70000322F8E70A4A126812F0070F02D16FF095
:10CF80001500F4E7074A0121054816F0A0FD6FF0EF
:10CF90001500ECE70022E6E70122E4E700E000509C
:10CFA000542F002038B1050008B5012901D9437C70
:10CFB0004BB9437C082B14D8DFE803F02020202055
:10CFC000202020202000114B1B6813F0070F02D1F6
:10CFD0006FF0150016E00E4A01210C4816F06DFDA9
:10CFE000F6E70A4A126812F0070F0CD0094A01212D
:10CFF000064816F06CFD6FF0150003E0064AC2F813
:10D00000F435002008BD6FF01500FBE7542F002019
:10D0100060B1050094B1050000E0005010B582B089
:10D0200004461DF058F8236813B19B8903FB0000E8
:10D03000E368834202D3002002B010BD074A1268A1
:10D0400012F0070F02D16FF00B00F5E70090044AD1
:10D050000121024816F046FDF5E700BF542F0020DD
:10D06000B8B1050010B582B000F10804D0F888000E
:10D07000410CC003084BC018084A4FF0000341F1AF
:10D080000001E0F70BFF00900191002200232046F1
:10D090000DF0A8FB02B010BD3F420F0040420F0050
:10D0A000F8B50D4649684B1EFE2B02D800231C46DE
:10D0B0002DE03B4B1B6813F0070F02D16FF01503F7
:10D0C0004EE0384A0121364816F0F7FCF6E7344ABC
:10D0D000126812F0070F02D16FF0150340E0324AD8
:10D0E00001212F4816F0F3FCF6E7304800EB031C53
:10D0F000DCF8182522F08072CCF8182503F15102D3
:10D100001201002686500133DBB2072B23D81A46C2
:10D1100021FA03F010F0010FE7D02548184490F8E9
:10D12000A060002ED3D095F811C0BCF1000C18BF40
:10D130004FF0010C1D4F07EB031EDEF8180520F021
:10D14000807040EA0C60CEF8180551321201BE50D2
:10D150000134E4B2D7E72846FFF7F8FE034608B1EA
:10D160001846F8BD21462846FFF71EFF0346002853
:10D17000F6D121462846FFF751FF03460028EFD19C
:10D18000AA680A4BC3F82C26C3F83046084C294637
:10D1900020461DF012F820461DF002F80346DFE796
:10D1A000542F0020E0B1050000B2050000E000505F
:10D1B0005022002070B504460D46084E002211464C
:10D1C00030461CF0E4FF29462046FFF769FF04467D
:10D1D00006F140000AF042FB204670BD50220020BC
:10D1E00038B504460E4B0025C3F80451D3F804218A
:10D1F000C3F81051D3F810211222C3F804230E20D3
:10D2000018F036FA2A4601210E20F0F701FD0548F4
:10D210001CF0FEFF044920461CF04BFF38BD00BF48
:10D2200000E000505022002015CD0200164BD3F82C
:10D230000431C3B110B50446134B0022C3F80421D6
:10D24000D3F8041101219960C3F800250F48FFF7B6
:10D2500099FD20B921460E481CF0E2FF10BD0B4895
:10D26000FFF79CFDF6E7084BD3F8103153B1064B9E
:10D270000022C3F81021D3F8102101229A601A600D
:10D280005A607047704700BF00E00050C422002081
:10D2900050220020F8B50E460769097E042912D0F5
:10D2A000102912D0012911D01D4B1B6813F0070F54
:10D2B00002D16FF0220421E00B461A4A01211848DE
:10D2C00016F005FCF5E7022100E0052106F10C004F
:10D2D00018F021FB0025032D0DDC328AF168381D82
:10D2E000EAF71AFC044610F10C0F04D14B2022F08F
:10D2F00011FC0135EFE7002C05DB00243046F1F787
:10D3000017FE2046F8BD064B1B6813F0070FF5D03B
:10D310002346054A0121024816F0D9FBEEE700BF7B
:10D320008C2F002048B2050058B20500F0B585B03A
:10D33000012913D906460F461CF0BCFF044636F8F7
:10D34000023BADF80C30023FB7EB132F21D02E4B30
:10D350001B6813F0070F0ED100253FE02A4B1B6816
:10D3600013F0070F01D1002538E0284A0121264893
:10D3700016F0A3FBF7E7264A0121234816F09DFB90
:10D38000EAE7002200232146F4F7DCF8054640B125
:10D390009DB99DF80C00002CF3D14FF4A02200237E
:10D3A000F1E7DCB9184B1B6813F0060FF0D0194AEF
:10D3B0000221154816F081FBEAE705F10C04022270
:10D3C00003A9204618F0B7FA204618F0ABFAB84285
:10D3D00007D33A463146204618F0ADFA284605B044
:10D3E000F0BD094B1B6813F0070F04D12846F1F775
:10D3F0009FFD0025F2E700903B46074A01210248C5
:10D4000016F070FBF2E700BF8C2F002070B2050011
:10D4100094B20500B8B20500F0B20500F0B585B0D1
:10D42000032922D905460C46002200230820F4F7E0
:10D430005DF8064640B355F8043B0393043C00F105
:10D440000C07042203A9384618F075FABDF80E300F
:10D45000A34224D1384618F065FA84422FD82246D8
:10D460002946384618F067FA05E01E4B1B6813F092
:10D47000070F03D10026304605B0F0BD1A4A01213E
:10D48000184816F01AFBF5E7164B1B6813F0070F48
:10D49000F1D0164A0121134816F00FFBEBE7114BB0
:10D4A0001B6813F0070F04D13046F1F741FD002649
:10D4B000E1E70F4A01210B4816F0FFFAF4E7094BA8
:10D4C0001B6813F0070F04D13046F1F731FD002639
:10D4D000D1E700902346074A0121024816F002FBDB
:10D4E000F2E700BF8C2F002014B3050034B3050011
:10D4F00050B30500F0B20500F0B585B0032927D977
:10D5000005460C46002200232020F3F7EFFF0646D5
:10D5100068B355F8043B0393043C00F10C07042264
:10D5200003A9384618F007FA2F4B00221A60BDF8FD
:10D530000E30C3F30D039C4233D1384618F0F2F994
:10D5400084423ED822462946384618F0F4F905E0D0
:10D55000264B1B6813F0070F03D10026304605B099
:10D56000F0BD234A0121214816F0A7FAF5E71E4B2A
:10D570001B68204AA2FB03125209642101FB1232EC
:10D5800022B91A4A126812F0070F04D1164A13681A
:10D5900001331360E2E7184A0121144816F097FAA4
:10D5A000F4E7124B1B6813F0070F04D13046F1F774
:10D5B000BFFC0026D2E7114A01210C4816F07DFA83
:10D5C000F4E70A4B1B6813F0070F04D13046F1F75C
:10D5D000AFFC0026C2E700902346094A0121034818
:10D5E00016F080FAF2E700BFF47C00208C2F0020B8
:10D5F00074B305001F85EB5194B30500B4B3050067
:10D60000F0B2050038B504460569084610F8013B3C
:10D61000511E042B0ED0052B18D0022B12D00D4A10
:10D62000126812F0070F0CD00B4A0121094816F0BE
:10D630004EFA06E0FFF77AFE014611B12B6820464C
:10D64000984738BDFFF7EAFE0146F6E7FFF754FFBB
:10D650000146F2E78C2F0020D8B3050070B50E46C6
:10D660000569002000F0C2F870B10446264B1B6823
:10D6700013F0070F01D1204670BD0346234A012154
:10D68000214816F024FAF6E7E86BEAF77BF904463E
:10D6900070B110F1780F0BD01B4B1B6813F0070F04
:10D6A000E9D003461A4A0121174816F010FAE2E7BA
:10D6B00005F10C02291DE86BEAF7BCF9044658B1E4
:10D6C000114B1B6813F0070FD5D00346114A0121F7
:10D6D0000D4816F0FCF9CEE705F124004FF4803236
:10D6E00000230AF01FF9044608B92E60C3E7064B71
:10D6F0001B6813F0070FBED00346074A01210248FA
:10D7000016F0E5F9B7E700BF8C2F0020ECB3050059
:10D7100014B4050044B4050068B4050038B50569C3
:10D72000281DEAF7B9F970B10446194B1B6813F0CC
:10D73000070F01D1204638BD0346164A012114487F
:10D7400016F0C5F9F6E7E86BEAF748F9044658B170
:10D750000F4B1B6813F0070FECD003460E4A012154
:10D760000B4816F0B4F9E5E700201CF0BDFD0446B7
:10D7700010B900232B60DDE7054B1B6813F0070F82
:10D78000D8D00346054A0121014816F0A0F9D1E797
:10D790008C2F002088B40500B4B40500D8B405006F
:10D7A00010B501F5887450F8244014F480740AD13F
:10D7B000AAB110220BB14FF48074224301F5887195
:10D7C00040F8212010BD074C40F2E63221460648C1
:10D7D00015F04AFA40F2E63120461FF0C7FD224616
:10D7E000E8E700BF34B50500FC2F050008B50023AD
:10D7F000012219460348FFF7D3FF0120F1F7EAFDA4
:10D80000002008BD0030005000487047947D002083
:10D81000014BC01A401170470C7D002030B583B019
:10D8200005460C46FFF7F4FF0146402300932346CC
:10D83000054A06481CF0C8FD011E01DB03B030BDDF
:10D840002846A047FAE700BF11A4040050230500B2
:10D8500010B5EFF31184202383F31288BFF36F8F89
:10D86000074A136823F00201116013F0010F04D07E
:10D8700084F31188BFF36F8F10BD1CF0E5FDF7E74F
:10D88000BC7D002030B10022026042608260012233
:10D890004260704710B5064C4FF48572214605482A
:10D8A00015F0E2F94FF4857120461FF05FFD00BFCF
:10D8B0001C880500FC2F05000346032929D8DFE852
:10D8C00001F0020D1823D3F81804C0F300406AB326
:10D8D000D3F8183403F0030313707047D3F80C0423
:10D8E000C0F3004012B3D3F80C3403F001031370FB
:10D8F0007047D3F85C04C0F30040BAB1D3F85C348D
:10D9000003F0010313707047D3F85404C0F30040D0
:10D91000704710B5064C40F2A7422146054815F065
:10D92000A3F940F2A74120461FF020FD704700BF39
:10D9300080B50500FC2F050010B582B0EFF311840F
:10D94000202383F31288BFF36F8F154A136843F0C7
:10D950000201116013F0010F09D1002384F3118833
:10D96000BFF36F8FB3B91CF05BFD02B010BD0DF1BA
:10D97000070201214FF05020FFF79EFF9DF807306E
:10D98000012B01D00023E9E7FFF73EFF1CF0F8FC74
:10D990000123E3E7002103481CF004FDE5E700BF95
:10D9A000BC7D00205023050010B5C9B2032905D85D
:10D9B0001CF0A0FC806800F0070010BD044C7F2222
:10D9C0002146044815F050F97F2120461FF0CEFC77
:10D9D000B4B50500FC2F050070B505461646CCB25F
:10D9E00021461CF087FC032C0DD8314608301CF072
:10D9F00092FC002806DB214628461CF082FC436886
:10DA00009847002070BD064C4FF4DF722146054850
:10DA100015F02AF94FF4DF7120461FF0A7FC00BF74
:10DA2000B4B50500FC2F050038B505460C46FFF7D8
:10DA3000EFFE014640220348FFF7CEFF014628468D
:10DA4000A04738BD5023050010B509282ED8DFE8BF
:10DA500000F0051C2D2D2D2D2D2117120021194808
:10DA60001CF048FC836813F0070F08D1002115480B
:10DA70001CF098FC03E0022112481CF093FC10BD3E
:10DA8000032110481CF08EFCF9E701210D481CF021
:10DA900089FCF4E70C4C40F2DD2221460B4815F0DE
:10DAA000E3F840F2DD2120461FF060FC064C40F216
:10DAB000ED222146054815F0D7F840F2ED21204629
:10DAC0001FF054FC50230500B4B50500FC2F0500E1
:10DAD00070B582B00546012807D14FF05023D3F826
:10DAE0001C3403F00303022B36D022F037FA04462D
:10DAF00010B92B4B1B7873B9EFF31186202383F3F6
:10DB00001288BFF36F8F012494B94FF05023022283
:10DB1000C3F808230CE00026F6E7FCB1304617F006
:10DB2000EAFD4FF05023D3F81835DBB2012B19D0A2
:10DB30000DF1070200214FF05020FFF7BDFE002835
:10DB4000EBD09DF80730022B01D0012DE5D104B3B5
:10DB500086F31188BFF36F8F02B070BD01201CF0F7
:10DB60008CFCDEE74FF05023D3F80431002BDFD0DC
:10DB70004FF050230022C3F80421D3F804210222DD
:10DB8000C3F81825074A2021C2F8801101229A60A3
:10DB9000CEE74FF050230222C3F80423DCE700BF96
:10DBA0006FA2002000E100E000B587B0CDF800D002
:10DBB000CDF804D0002302930123039304AB049314
:10DBC00005936B46064A1CF01BFC002805DB4FF44E
:10DBD00080420023684609F0A5FE07B05DF804FB0B
:10DBE000A7A4040070B50646002201210520F0F725
:10DBF0000FF8114806F05EF8104B984219D106F064
:10DC00006BF80024032C12D8214630461CF072FB1E
:10DC10000546214630461CF07AFB094915F00CFAFE
:10DC2000002805DB0123AB601C44E4B2EAE70020D6
:10DC300070BD6FF00400FBE749DA02000000AD0B95
:10DC4000F4B5050070B504461B4B0121D3E8EF2F56
:10DC5000C3E8E01F0028F9D142B134B1631EDBB242
:10DC6000012B1DD82046FFF733FF70BD13481CF071
:10DC70004EFB0546124E3046FFF704FE311F284684
:10DC8000E9F7F8FC0028E8DA0E4C40F29122214630
:10DC90000D4814F0E9FF40F2912120461FF066FB89
:10DCA000084C40F2A3222146074814F0DDFF40F261
:10DCB000A32120461FF05AFB087D002050230500B9
:10DCC000FC7C0020B4B50500FC2F050010B504460F
:10DCD0000A2806D0E1B2064883685B689847204668
:10DCE00010BD034883685B680D219847F2E700BFC9
:10DCF000C823050010B5044C2046F0F739FC204637
:10DD0000E8F770F910BD00BFCDDC020008B505488A
:10DD100021F006FF18B1FFF7EDFF002008BD6FF0FE
:10DD20001200FBE7C8230500F0B583B030B10F4601
:10DD3000164669B14FF4806500241EE0194C182284
:10DD40002146194814F090FF182120461FF00EFBC1
:10DD5000144C19222146144814F086FF192120463C
:10DD60001FF004FB01AB2A46391900200EF0FCFF1E
:10DD700070B9019BAB420FD12C44A64205D9331B8D
:10DD8000B3F5806FEED21D46ECE708D0162001E017
:10DD90006FF0150003B0F0BD6FF01500FAE700203A
:10DDA000F8E700BFACB60500FC2F05004B1EDBB248
:10DDB000032B11D81C304B1E5B0850F8233011F098
:10DDC000010F00D11B0CC3F3072113F0FF030ED08A
:10DDD000117053700020704710B5064C7F22214609
:10DDE000054814F041FF7F2120461FF0BFFA6FF075
:10DDF000150070470CB70500FC2F0500034BD3F846
:10DE0000003413F0010FF9D0704700BF00900350A9
:10DE1000024B0B6001231360704700BFC07D0020E0
:10DE200000487047DCB70500F0B583B00E461546D4
:10DE300020F013F80446294630461CF0E0FB80B37E
:10DE4000B6FBF4F304FB136353B9B5FBF4F304FB23
:10DE500013532BB9AC4213D90024204603B0F0BDB4
:10DE6000184B1B6813F0070F02D16FF01504F4E78D
:10DE700000953346144A0121124815F033FEF4E7A9
:10DE8000124F4FF0FF324FF0FF33384609F04AFD92
:10DE9000294630461CF0D9FB0446384609F0DEFC22
:10DEA000DBE7084B1B6813F0070F02D16FF0150476
:10DEB000D3E700953346064A0121024815F012FEC9
:10DEC000F4E700BFBC2F002038B70500C87D002054
:10DED00058B705002DE9F04182B00C4616461D46A4
:10DEE000194620461CF08BFB50B114F0030717D1E4
:10DEF00015F0030F14D11DBB384602B0BDE8F08108
:10DF0000194B1B6813F0070F02D16FF01507F3E7E9
:10DF100000952346154A0121134815F0E3FDF4E767
:10DF2000114B1B6813F0070F02D16FF01507E3E7E1
:10DF3000009523460E4A01210B4815F0D3FDF4E766
:10DF4000DFF830804FF0FF324FF0FF33404609F0EA
:10DF5000E9FC2A46314620461CF098FB074640461D
:10DF600009F07CFCC8E700BFBC2F002058B70500B3
:10DF700078B70500C87D002070B582B00D46164602
:10DF80001C46194628461CF03AFB18B194B90020EB
:10DF900002B070BD0B4B1B6813F0070F02D16FF07E
:10DFA0001500F5E700942B46074A0121054815F0B6
:10DFB00099FDF4E722462946304623F0B3FD0020C0
:10DFC000E6E700BFBC2F002058B7050010B50122BE
:10DFD0001146064821F0B0FE1FF043FF044C2060BC
:10DFE0001FF03BFF6060002010BD00BFC87D002017
:10DFF000C07D00200048704708BA05002DE9F047B1
:10E0000082B0074688461646D0F8109009F11D05E3
:10E010005368002B0EDB13F1010A2CBF01230023F0
:10E020004FEADA0A4AEA437A0023C9F81D306B60E6
:10E03000012416E023F0004A0122AAF12003CAF1CC
:10E04000200102FA03F322FA01F10B4302FA0AFA61
:10E05000E6E72A4621463046FFF7A8FE023501349E
:10E06000E4B2042CF5D998F803300A2B13D9B36A1B
:10E07000C3F3031201239340A9F826307B689B6900
:10E0800053450BD1336813F4C02F15D1002420461B
:10E0900002B0BDE8F0874FF48073EDE7144B1B68C6
:10E0A00013F0070F02D16FF01504F0E7114A0121B8
:10E0B0000F4815F002FDF6E701AA314640461CF074
:10E0C0000AFA08B10024E2E79DF8041038461CF073
:10E0D00039FD04460028F5D0054B1B6813F0070FE7
:10E0E000D5D00346044A0121014815F0F0FCCEE7E3
:10E0F00028300020E4B705000CB805004368986993
:10E10000196ADB6903FB01F2824201D100207047EA
:10E110002B4A126812F0070F4ED0F0B583B000AF53
:10E120006C468AB0EC461CF110023FD04FF0140E42
:10E1300092B17546BEF1040F02DD224ECCF8146098
:10E14000082D01DDCCF818000C2D01DDCCF81C30B9
:10E15000102D01DDCCF82010BEF1130F29DD1423A2
:10E1600042B10521397100217971B971F97178686D
:10E17000CCF8100000216FF300016FF341016FF341
:10E1800082016FF3C501012060F38811C3F30A0314
:10E1900063F353216FF31F5100230948EAF7F4FC9E
:10E1A000A5466FF015000C37BD46F0BD6FF0004E70
:10E1B000BEE76FF01B03D3E76FF01500704700BF99
:10E1C0002830002030B805002DE9F04782B000AFBC
:10E1D0000446466830461CF083FD002800F01E818E
:10E1E00020461CF091FA20461CF01FFD002849DB58
:10E1F00020461CF010FB051E0DDD15F0010F0AD0A6
:10E20000884B1B6813F0060F4ED1002200232046D6
:10E210001CF013FB054620461CF053FB002D49DB88
:10E22000391D20461CF074FC0346002851D10322FE
:10E2300006F12401381D23F065FC002857D196F81B
:10E240002C3073B120461CF05FFA20461CF0E3FA34
:10E25000051E00F3AD8020461CF033FB002D40F07E
:10E26000B18020461CF04AFD0346002840F0B980EA
:10E270002046FFF743FF002840F0C1800837BD4625
:10E28000BDE8F087674B1B6813F0070F05D12046E8
:10E290001CF017FB6FF01200F0E70346624A012101
:10E2A000604815F014FCF2E7604A02215D4815F061
:10E2B00004FCAAE75B4B1B6813F0070F02D16FF059
:10E2C0001200DBE72B465A4A0121564815F0FFFBA6
:10E2D000F5E7544A126812F0070F02D16FF01200EE
:10E2E000CCE7544A01214F4815F0F1FBF6E74D4BBE
:10E2F0001B6813F0070F52D097F804A097F8059009
:10E3000097F8068096F824E096F825C096F82640FF
:10E310006D468CB06B4613F1100243D02020DAB169
:10E320000146042801DD444E5E61082901DDC3F881
:10E3300018A00C2901DDC3F81C90102901DDC3F8D9
:10E340002080142901DDC3F824E0182901DDC3F879
:10E3500028C01C2900DDDC621F2826DD20243AB1FC
:10E360000821397000217970B970F9703868186126
:10E3700000216FF300016FF341016FF382016FF32E
:10E38000C501012363F38811C4F30A0464F3532124
:10E390006FF31F5100232348EAF7F6FBAD466FF0F9
:10E3A00015006BE76FF00040B9E76FF01B04D6E78C
:10E3B00096F82C3025EA0303D9B220461CF05CFA0B
:10E3C000054648E7174B1B6813F0070F02D16FF0A3
:10E3D000120053E72B46194A0121124815F077FB2A
:10E3E000F5E7104A126812F0070F02D16FF0120021
:10E3F00044E7134A01210B4815F069FBF6E7094B86
:10E400001B6813F0070F02D16FF0120036E70346C6
:10E410000C4A0121034815F05AFBF5E76FF0120092
:10E420002CE700BF283000205CB8050074B8050058
:10E4300094B80500C0B80500DCB805001CB905009B
:10E4400034B905004CB9050010B5044600694FF019
:10E45000FF32012121F070FC024920461CF036F900
:10E4600010BD00BF1FAD040028B1012801D1034831
:10E470007047002070470248704700BF68230500BE
:10E480008023050070B569B1044616460D464B68F9
:10E4900093B10368D3B11CF087FC10BBBEB96FF019
:10E4A00015001AE0124C3F222146124814F0DCFB02
:10E4B0003F2120461EF05AFF0D4C402221460D48B8
:10E4C00014F0D2FB402120461EF050FF32B12368E9
:10E4D0002B602560636843B1002070BD6FF01500AC
:10E4E000FBE7002EF3D10020F7E765600020F4E79A
:10E4F00010BA0500FC2F050038B505460468204613
:10E500001CF062FC40B104F01F032B6064091BD0B7
:10E51000012C0DD10D4838BD0D4C4FF46C722146C5
:10E520000C4814F0A1FB4FF46C7120461EF01EFF46
:10E53000074C40F2B9322146064814F095FB40F2F0
:10E54000B93120461EF012FF0348E4E7002884504A
:10E55000E0870500FC2F05000025845070B50E46AD
:10E560001546016821B10C688CB181B90C460EE0EA
:10E570000C460CE00F4C642221460F4814F074FB4B
:10E58000642120461EF0F2FE234621461C4681B13E
:10E590008A682A4004D04B68002BEBD0304698475D
:10E5A000002CF1D02368002BEFD0002CEDD12346B6
:10E5B000EBE770BD10BA0500FC2F05002DE9F04710
:10E5C00086B0884615469946446801F01F07237BAC
:10E5D00047EA431720461CF009FC002853D0B5F544
:10E5E000001F2AD00DF10C0A002603960496494616
:10E5F00028461CF06AFC8DF80C00009601960296E5
:10E60000CDF804A0A36823FA08F313F0010F02D198
:10E61000B5F1A07F18D010346A46394620461FF065
:10E62000BDFB1C4B984231D10122394620461FF0D8
:10E63000D9FB002006B0BDE8F087394604F1100090
:10E640001FF0D4FB0020F5E738461CF05AFC0028E8
:10E65000E1D104F110050DF11702394628461FF0EB
:10E66000A9FB0D4B984203D00DF117030493D2E799
:10E670000DF1170128461FF0B1FB064B9842F3D06D
:10E680006FF00B00D6E76FF08500D3E76FF0150051
:10E69000D0E700BF0000AD0B0400AD0B2DE9F04347
:10E6A00089B0074689461446456801F01F082B7B50
:10E6B00048EA431810461CF09EFB8DF81E0040F2FD
:10E6C00006332340B3F5837F69D016D8062B62D07A
:10E6D00006D9B3F5807F0DD101238DF81D3024E0DC
:10E6E00003B3022B03D104238DF81D301DE06FF01E
:10E6F000150779E06FF0150776E040F202229342A9
:10E7000051D0B3F5407F03D103238DF81D300CE0C9
:10E71000B3F5007F03D102238DF81D3005E06FF0C3
:10E72000150761E000238DF81D30012606FA09F671
:10E73000314638461CF06DFB071E55DB14F4002FE4
:10E7400035D06B689E6028461CF050FBA8B310358E
:10E750000DF11F02414628461FF02CFB064614F41B
:10E76000403F45D1414628461FF030FB3F4B9E427B
:10E770003AD19DF81F1028461FF02CFB3B4B9842C6
:10E7800032D03B4CEC2221463A4814F06DFAEC2191
:10E7900020461EF0EBFD06238DF81D30C5E707234C
:10E7A0008DF81D30C1E705238DF81D30BDE714F449
:10E7B000802FC8D06B68DE60C5E7C4F340438DF896
:10E7C000083014F4803F0CBF012300238DF8103073
:10E7D000002301930DF11D0300930DF11E0304AA04
:10E7E00002A940461CF09CFB384609B0BDE8F08306
:10E7F00002AA0023029303930493059306930592C0
:10E8000004AA414628461FF0C9FA184B984202D084
:10E810006FF01507E8E714F4003F1AD09DF81D309B
:10E820008DF8103014F4803F0CBF012300238DF8C5
:10E8300011309DF81E308DF81230002304AA414695
:10E8400028461FF0AFFA094B98428FD06FF015079A
:10E85000CAE700230493059306930DF11E03049366
:10E8600004AA414628461FF099FAECE70000AD0BD8
:10E870004CBA0500FC2F050010B5446820461CF07A
:10E88000B5FA08B9002010BD103420461FF09AFADE
:10E8900008B10020F7E7002120461FF08FFA094B4E
:10E8A00098420BD10022084920461FF07FFA00222F
:10E8B00005210D20EFF7ACF90020E4E76FF004002C
:10E8C000E1E700BF0000AD0BD7AF040008B50B694E
:10E8D0000278012A0CD0022A0DD012B1074A1A631D
:10E8E00001E0074A1A6303F1180008F0B7FF08BDFA
:10E8F000044A1A63F7E7044A1A63F4E70100AD0B10
:10E900000000AD0B0100AE0B0200AE0B2DE9F04F85
:10E910008DB002AFF86088469346BB6004693C60E6
:10E9200043689A6A7A619B8B3B614FF0FF324FF0EC
:10E93000FF331CF078FB04F1180318467B600022BB
:10E94000002308F0EFFF00263446BE613EE00122BE
:10E95000FA6101E00022FA616A6804EB020C38698E
:10E96000844560D813F0010F00F0D3806B68234416
:10E970009CB2FB694BBB002C40F0D38058F80AA036
:10E98000AB88297ABA6800925246F86800F05AF9C2
:10E99000031EBB61C0F2E6804FF48042002378681A
:10E9A00008F0C0FFB861002840F0BF803B681A6BD8
:10E9B000744B9A4240F0E2802B7A13F0010F03D09F
:10E9C0007B69534500F0B88000244E465E4580F0D8
:10E9D000C98006EB46054FEA850A08EB85052B7AC8
:10E9E00013F0080F40F0BB8058F80A1001F06042A5
:10E9F00006F10109D9450ED213F0020F0BD109EB34
:10EA0000490008EB8000007A10F0040F03D1584051
:10EA100010F0010F9BD0002C9CD1B2F1005F7DD093
:10EA20000022FA6198E7584B1B6813F0070F00F0BB
:10EA3000A180A446FB6819686D46032387F824303B
:10EA4000052387F825308CB002AE16F1100421D0D2
:10EA50001A208CB10346042803DDDFF830E1C6F844
:10EA600014E0082B01DDC6F818C00C2B00DDF261A4
:10EA7000102B01DD3B693362032387F82030052327
:10EA800087F82130ACB1142800DD716206F128034B
:10EA900000210CE06FF00040DBE701F1080207F114
:10EAA000200C624412F8082C03F8012B01310129D3
:10EAB000F3D919282ADD1A2364B1062287F8242005
:10EAC000002287F8252087F82620012287F82720B2
:10EAD000786A306100216FF300016FF341016FF339
:10EAE00082016FF3C501012262F38811C3F30A03A7
:10EAF00063F353216FF31F51002322462248EAF7A4
:10EB000043F8AD466FF01B03BB612BE06FF01B03B6
:10EB1000D2E77B69E01823F005F827E70023FB61C3
:10EB200027E72346D7F814A02BE7F86800F030F861
:10EB30006FF00403BB6115E01D4607E0A41AA4B200
:10EB4000291958F8000022F0EDFF013E06EB4603BC
:10EB5000980008EB83035A689442EFD234E76FF0D1
:10EB60008503BB61F8681CF063FAB8692C37BD46B1
:10EB7000BDE8F08F6FF01B03BB61F3E76FF0040398
:10EB8000BB61EFE70000AD0BC82F0020E8BA05001D
:10EB900070B544682368D3F80855D3F80C6520464F
:10EBA00007F032F83146284607F002F90546002101
:10EBB000606A1CF054FA204606F0FCFF034B9D42AD
:10EBC00001D1002070BD6FF00F00FBE70000AD0B1E
:10EBD00008B5436811F0010F2CD1C1F3420102299D
:10EBE00012D0032917D0012907D0144B1B6813F04A
:10EBF000070F17D16FF0150005E01B684FF0CC72BE
:10EC0000C3F82425002008BD1B684FF0C862C3F874
:10EC100024250020F7E71B684FF07F62C3F8242506
:10EC20000020F0E7064A0121044814F046FF6FF087
:10EC30001500E8E76FF01500E5E700BFC82F0020DA
:10EC400040BC050010B588B04068002403940494CB
:10EC500005940694079401F001048DF80C40BDF86A
:10EC600028408DF80D4004930692828D9A4210D36D
:10EC700011F0020F1CD0002203A906F0FDFF104B7B
:10EC800098421AD00B33984214D06FF0040008B0A9
:10EC900010BD0C49096811F0070F02D16FF01B007D
:10ECA000F5E70092084A0121064814F01BFFF5E73A
:10ECB0002022E1E76FF00F00E9E70020E7E700BF5F
:10ECC0000000AD0BC82F002054BC0500B0B582B0C9
:10ECD00000AF05464468236A98470121606A1CF02A
:10ECE000BEF92B46A26904F10801204606F00CFF8C
:10ECF000314B984206D1314928461CF09EF908371D
:10ED0000BD46B0BD2E4B1B6813F0070F4DD02968D0
:10ED10006D4600233B7102237B7188B06C4614F171
:10ED2000100211D00E201AB1042801DD254B6361B9
:10ED300000233B7002237B709AB1082800DDA1619B
:10ED400004F11C0300210AE06FF00040EBE701F141
:10ED5000080CBC441CF808CC03F801CB0131012994
:10ED6000F5D90D2824DD0E2342B10321397100218C
:10ED70007971B9710121F9717868206100216FF30F
:10ED800000016FF341016FF382016FF3C5010120B0
:10ED900060F38811C3F30A0363F353216FF31F5128
:10EDA00000230748E9F7F0FEAD466FF00400A6E740
:10EDB0006FF01B03D8E700BF0000AD0B7FB004006D
:10EDC000C82F00209CBC05000F2803D8800000F04D
:10EDD000FC00704710B5064C40F2ED122146054884
:10EDE00013F042FF40F2ED1120461EF0BFFA00BFC3
:10EDF000BCBC0500FC2F050010B50F2808D8FFF794
:10EE0000E3FF00F1A04000F528300123036010BDAE
:10EE1000044CCB222146044813F026FFCB21204688
:10EE20001EF0A4FAF0BC0500FC2F050038B50C4616
:10EE3000056943680F2906D81B68CB4013F0010F02
:10EE40001BD1002300E00023002B45D0BAB9D5F830
:10EE50008430E34013F0010F41D0E0B205F026FD0D
:10EE6000D5F884300122A24023EA0203C5F8843099
:10EE7000D5F884305BB3002038BD0123E4E7D5F832
:10EE80008430E34013F0010F2CD1002AE5D055F86F
:10EE900024306BB1D5F88430ABB1D5F88430012281
:10EEA000A2401343C5F88430E0B205F0E1FCDFE78F
:10EEB0000E4B1B6813F0060FECD00D4A02210B48D5
:10EEC00014F0FBFDE6E72A2016F0D2FBE5E72A2046
:10EED00016F0D3FB0020CFE76FF01500CCE76FF002
:10EEE0007700C9E76FF07700C6E700BFDC2F00208E
:10EEF00030BD050038B505460C4622B1104B1B68E5
:10EF000013F0060F09D16B680F2C0CD85B68E34037
:10EF100013F0010F0ED1002306E00A4A022108482F
:10EF200014F0CBFDEFE7002333B1E0B2FFF764FF4D
:10EF3000002038BD0123F7E76FF01500F9E700BFA7
:10EF4000DC2F002060BD0500F8B504460D46D1F861
:10EF500080707B680F2806D81B68C34013F0010F30
:10EF60001FD1002300E0002323B9154B1B6813F0C9
:10EF7000060F18D1D5F88430E34013F0010F04D107
:10EF80000F4B1B6813F0060F13D155F824603EB1E8
:10EF900004F11002002355F8222021463846B047DC
:10EFA000F8BD0123E0E7074A0221054814F085FD7A
:10EFB000E0E7054A0221024814F07FFDE5E700BFC3
:10EFC000DC2F00207CBD050098BD050010B5A2B067
:10EFD00044688422002101A822F0CBFD6368B3F5C8
:10EFE000803F04D31F4B1B6813F0060F0BD123681F
:10EFF000B3F5803F04D31B4B1B6813F0060F08D1F9
:10F00000002321930CE0184A0221164814F055FD04
:10F01000EDE7164A0221134814F04FFDF0E70133E3
:10F020000F2B1AD86268DA4012F0010F06D00122C5
:10F030009A4022A901EB830141F8842C2268DA402E
:10F0400012F0010FEBD00121994003F1100222A828
:10F0500000EB820242F8841CE1E701A805F0C2FB44
:10F0600022B010BDDC2F0020B8BD0500E4BD0500B6
:10F0700010B504460269C2F880000749002005F077
:10F0800089FB002201212A20EEF7C2FD2046FFF76E
:10F090009DFF002010BD00BF49EF020038B50546B6
:10F0A000046820461CF02FF840B104F01F032B60C9
:10F0B00064091BD0012C0DD10D4838BD0D4C4FF407
:10F0C0006C7221460C4813F0CFFD4FF46C71204652
:10F0D0001EF04CF9074C40F2B9322146064813F0B5
:10F0E000C3FD40F2B93120461EF040F90348E4E781
:10F0F00000288450E0870500FC2F0500002584507F
:10F10000F0B583B001900C4617461E4601A8FFF7E4
:10F11000C5FF0199803150F82130094D1D4044EA66
:10F12000470444EA86039DF8202043EA02239DF821
:10F13000242043EA02432B4340F8213003B0F0BDC2
:10F14000F0F0FCFF2DE9F04F85B007468B46904666
:10F15000002423E04FF0FF3535E0C8F80C550126B8
:10F1600003963146B5F1FF3F16D0B1F1FF3F40F0B5
:10F17000138157F80A3013F4004F02D00126002201
:10F18000039200220192CDF80090C3F3412332464E
:10F1900003992846FFF7B4FF0134E4B25C4580F0E0
:10F1A000FF804FEA840A57F82430C3F3C322C3F325
:10F1B0000805082A00F2F6807E4911F8029040F214
:10F1C000FF129542C6D01B0E222B00F2EE8001A248
:10F1D00052F823F05BF1020061F202006FF20200CC
:10F1E0007BF2020089F2020097F20200A3F2020011
:10F1F000ABF30200ABF30200ABF30200ABF302008F
:10F20000B1F20200C5F20200ABF30200ABF3020060
:10F21000ABF30200ABF30200ABF30200ABF302006E
:10F22000ABF30200ABF30200ABF30200D9F2020031
:10F23000EBF20200FDF202000FF30200ABF302005A
:10F24000ABF30200ABF3020021F3020031F3020042
:10F250003DF302004DF302005DF302006DF3020086
:10F26000C8F81455002603964FF0FF317AE7C8F826
:10F27000085501260396314674E7C8F81055002654
:10F2800003964FF0FF316DE7C8F8085500260123BB
:10F290000393314666E7C8F80C5501260396002112
:10F2A00060E7C8F81055002603964FF0FF3159E784
:10F2B000C8F80855B9F1000F5ED0002603964FF04C
:10F2C000FF314FE7C8F80C55B9F1000F5CD00026AC
:10F2D00003964FF0FF3145E7C8F8605557F80A101C
:10F2E000C1F30041012603963CE7C8F8645557F87E
:10F2F0000A10C1F300410126039633E7C8F86855A8
:10F3000057F80A10C1F30041012603962AE7C8F80E
:10F310006C5557F80A10C1F300410126039621E706
:10F32000C8F824550126002303934FF0FF3119E755
:10F33000C8F8285501260396314613E7C8F830551A
:10F340000126002303934FF0FF310BE7C8F8345533
:10F350000126002303934FF0FF3103E7C8F8385527
:10F360000126002303934FF0FF31FBE6C8F83C551C
:10F37000012603963146F5E64E46CDF80C904FF047
:10F38000FF314FF00609EDE64E46CDF80C904FF0F8
:10F39000FF314FF00609E5E628461BF0E0FEE8E6FF
:10F3A000002004E06FF0150001E06FF0850005B06B
:10F3B000BDE8F08F48BE0500F8B505460E46476823
:10F3C00020F0CCFD20B9154B1B7843B1002300E0A1
:10F3D000012353B928461CF05AF8044611E00123D2
:10F3E000F7E784F31188BFF36F8FEFF311842023C5
:10F3F00083F31288BFF36F8F28461BF01CFF002891
:10F40000EFD0FB691E700122F96928461BF03AFF14
:10F4100084F31188BFF36F8FF8BD00BF6FA2002087
:10F4200038B505460C4601F10C0004F0A3FB0F4B68
:10F4300098420DD105F10C0205F59071207B1EF06C
:10F4400071F9237B0120984004F062FB002038BD55
:10F45000074B1B6813F0070F02D16FF00400F6E7AB
:10F46000044A0121024814F028FBF6E70000AD0B26
:10F470003430002054BE050010B5044642681168BF
:10F480001369C1F82435537D92F816C043EA0C0382
:10F49000B2F818C043EA0C03127D1343C1F86C356F
:10F4A0001CF03FF800B110BD024920461BF05FFE82
:10F4B000F9E700BF0FB50400144B984216D2144B65
:10F4C000984215D2134B984214D2134B984213D83A
:10F4D000124B984212D8124B984211D8114B9842B5
:10F4E00010D8114B98420FD9104870470748704701
:10F4F00007487047074870470D4870470D487047E8
:10F500000D4870470D4870470D4870470048E801A6
:10F510000024F40000127A00FF083D007F841E00E2
:10F520003F420F001FA107008FD0030090D00300BF
:10F5300000093D0080841E0040420F0020A107000A
:10F5400048E8010010B543681C68012303FA01F183
:10F550000C4204D07AB18368DB68984710BD084C30
:10F5600040F263622146074813F07EFB40F263617C
:10F5700020461DF0FBFE83681B699847EEE700BF3D
:10F58000C82F0500FC2F050038B5436805691C68C5
:10F5900001238B401C4208D02C68234202D0B2FACF
:10F5A00082F25209FFF7CEFF38BD064C40F28C6262
:10F5B0002146054813F058FB40F28C6120461DF0AF
:10F5C000D5FE00BFC82F0500FC2F050038B5054645
:10F5D000046820461BF0F9FF40B104F01F032B60C4
:10F5E00064091BD0012C0DD10D4838BD0D4C4FF4D2
:10F5F0006C7221460C4813F037FB4FF46C712046B7
:10F600001DF0B4FE074C40F2B9322146064813F013
:10F610002BFB40F2B93120461DF0A8FE0348E4E779
:10F6200000288450E0870500FC2F05000025845049
:10F63000F8B586684768046912F0FC6F33D1134649
:10F6400002F03002302A3AD0434A1A40434DAA42CF
:10F6500041D003F00602042A49D013F4402202D01C
:10F6600013F4003F4FD0B2F5402F58D013F4801F51
:10F6700005D022B113F0010F01D083F4402323F40D
:10F6800080123D684FF0010C0CFA01FC15EA0C0FDA
:10F6900051D013F0010F5AD023684CEA03032360C2
:10F6A00033689847F8BD2E4C40F2DE3221462D4893
:10F6B00013F0DAFA40F2DE3120461DF057FE284CF6
:10F6C00040F2E1322146274813F0CEFA40F2E13110
:10F6D00020461DF04BFE224C40F2E53221462148E7
:10F6E00013F0C2FA40F2E53120461DF03FFE1C4CFB
:10F6F0004FF47A7221461B4813F0B6FA4FF47A7130
:10F7000020461DF033FE164C40F2EB3221461548E0
:10F7100013F0AAFA40F2EB3120461DF027FE104C00
:10F7200040F2EF3221460F4813F09EFA40F2EF31DB
:10F7300020461DF01BFE0A4C40F2FB3221460948D0
:10F7400013F092FA40F2FB3120461DF00FFE2368C1
:10F7500023EA0C032360A3E7020003000200010078
:10F76000C82F0500FC2F050038B5044600200346CD
:10F7700005E0626C02EBC302526810440133A26CD4
:10F780009342F6D30022134605E0E16C01EBC3017E
:10F7900049680A440133216D8B42F6D3824238BF57
:10F7A00002464FF4FA5303FB02F0254655F8283B76
:10F7B0001B68B0FBF3F0C830410CC00340F2E733E4
:10F7C000C0184FF47A724FF0000341F10001DEF7E8
:10F7D00065FB02460B46284608F0A4F808B9206CE1
:10F7E00038BD074B1B6813F0070F02D16FF0730091
:10F7F000F6E7044A0121024814F05FF9F6E700BF7A
:10F800002C300020ECBE05002DE9F0438DB000AF98
:10F8100005460C460669D0F80480D8F8089096F89A
:10F820006D301BB13368994200F02081A28812F438
:10F83000006F69D112F0010F74D112F0080F40F07F
:10F84000CA80C2F34512082A40F0D3802268884B50
:10F850009A4240F2DC80874B994508D94FF05023FB
:10F86000D3F8583513F0030F01D0DFF8089207F1F1
:10F87000080C08F10C0EBEE80F00ACE80F00BEE863
:10F880000F00ACE80F009EE803008CE8030020683E
:10F89000484528BF4846FFF70FFEF861A38813F0DC
:10F8A000020F00F0C28013F0040F00F0C3800323A6
:10F8B00087F82030A38813F0100F00F0BF800123D9
:10F8C00087F82130D8F80030D3F80805A188C1F3B3
:10F8D00040011BF016FF96F86D30002B40F0B08011
:10F8E0002B46654A07F10801404605F0E9FB634BEA
:10F8F000984240F0AC80012386F86D3034600020DF
:10F900003437BD46BDE8F0835D4B1B6813F0070F2D
:10F9100002D16FF08500F3E75A4A0121584814F0EC
:10F92000CCF8F6E7564B1B6813F0070F4DD029684B
:10F930006D4600233B7102237B7188B06C4614F145
:10F94000100211D00E201AB1042801DD4E4B636164
:10F9500000233B7002237B709AB1082800DDA1616F
:10F9600004F11C0300210AE06FF00040EBE701F115
:10F9700030063E4416F8306C03F8016B0131012962
:10F98000F5D90D2824DD0E2342B103213971002160
:10F990007971B9710121F9717868206100216FF3E3
:10F9A00000016FF341016FF382016FF3C501012084
:10F9B00060F38811C3F30A0363F353216FF31F51FC
:10F9C00000232F48E9F7E0F8AD466FF0150097E700
:10F9D0006FF01B03D8E72A4B1B6813F0070F02D107
:10F9E0006FF015008CE7294A0121254814F065F8CD
:10F9F000F6E7234B1B6813F0070F02D16FF01500D9
:10FA00007EE7234A01211E4814F057F8F6E71C4B05
:10FA10001B6813F0070F02D16FF0150070E71D4A45
:10FA20000121174814F049F8F6E713F0040F03D04A
:10FA300001233DE702233BE7002339E700233FE7AB
:10FA4000404605F085FB002386F86D3048E70C4BF7
:10FA50001B6813F0070F02D16FF0040050E7034654
:10FA60000D4A0121064814F032F8F5E7002047E777
:10FA700047E801000024F40061FB02000000AD0B28
:10FA80002C30002014BF050030BF050054BF050016
:10FA900074BF0500A4BF0500D8BF05002DE9F041E3
:10FAA00084B0054604694768A26D002A49D0236ED8
:10FAB000002B48D0934228BF1346002B4BD0616DDA
:10FAC000D4F85C803E8F9E4200D31E4669B162B17D
:10FAD00001F06043B3F1005F07D0082E00D908267B
:10FAE0003246206F22F01EF8216FE26D5AB1236E6C
:10FAF0004BB108F06043B3F1005F04D0082E00D989
:10FB00000826D4F87480A6660091636DEBB1A36DEE
:10FB1000EBB90193CDF80880DAB1236E03B91E4624
:10FB2000039600226946384605F082FB0B4B98424B
:10FB300004D06FF0040128461BF01CFE04B0BDE8A1
:10FB4000F081236EB9E71346B7E70023E1E73346B8
:10FB5000DFE70026E4E70021EDE700BF0000AD0B82
:10FB600010B50C6903784BBBA26E42B3E36D4BB189
:10FB7000216E39B1C16829B1994203D0616F18462D
:10FB800021F0D0FFA26EA36D43B19A421DD89B1AFB
:10FB9000A3652BB3636D0BB113446365A26E236E33
:10FBA0004BB19A422DD89B1A2366002B34D0E36DBB
:10FBB0000BB11344E365606EFFF770FF10BD6FF08B
:10FBC0007301606E1BF0D6FDF8E71C4B1B6813F049
:10FBD000070FE3D01A4A0121184813F06EFFDDE742
:10FBE000636C08336364A36C013BA364012304F1D9
:10FBF000580204F1480104F144001BF0F8FC606570
:10FC0000CCE70E4B1B6813F0070FD4D00C4A012130
:10FC10000A4813F052FFCEE7E36C0833E364236D28
:10FC2000013B2365012304F1600204F1500104F15A
:10FC30004C001BF0DCFCE065BDE700BF2C30002071
:10FC400000C005002DE9F04383B004460D46904600
:10FC50001F460669D0F8049000910C9B0B9A9DF802
:10FC6000281030461BF0A3FD29462046FFF7CCFDA7
:10FC70000546E8B9012386F86C30D9F84010B1F197
:10FC8000FF3F1DD101233A46414630461BF0C6FCDA
:10FC90000022012130461BF0F1FC2046FFF7FEFE5A
:10FCA0003046FFF761FD054610F1740F1AD050BBC6
:10FCB000294630461BF06EFD284603B0BDE8F083B0
:10FCC00009F144001BF0E2FD10F1740FDAD1104B82
:10FCD0001B6813F0060FD5D00E4A02210C4813F012
:10FCE000ECFECFE70027B766484605F031FA86F804
:10FCF0006D706FF0730120461BF03CFD06F128008B
:10FD000007F082FED4E7012120461BF0D7FCCFE7A5
:10FD10002C30002020C00500F0B583B000AF0546B0
:10FD2000846860E03B4B1B6813F0070F54D02368D6
:10FD30001E6821796D4600233B7102237B718AB0D6
:10FD40006C4614F1100215D012201AB1042801DDFE
:10FD5000314B636100233B7002237B70C2B10346C9
:10FD6000082800DDA6610C2B00DDE16104F1200311
:10FD700000210BE06FF00040E7E701F1080606EB19
:10FD8000070C1CF808CC03F801CB01310129F4D988
:10FD9000112824DD122342B1042139710021797127
:10FDA000B9710121F9717868206100216FF30001B8
:10FDB0006FF341016FF382016FF3C501012060F31E
:10FDC0008811C3F30A0363F353216FF31F51002318
:10FDD0001048E8F7D9FEAD466FF0120017E06FF05B
:10FDE0001B03D8E70834AB68EA6803EBC2039C4204
:10FDF0000CD220681FF094FE002893D04FF4B0116D
:10FE000020461BF086FC0028ECDA00E000200C37CE
:10FE1000BD46F0BD2C3000204CC00500F8B50546AD
:10FE2000466807690021F06B1BF0F1FC041E12DB31
:10FE3000316CB1F1FF3F10D1736B98473846FFF733
:10FE40006BFF041E07DB38461BF06EFC1349284687
:10FE50001BF0A9FB04462046F8BD06F1440000F063
:10FE600079F8044610F1130F0DD010F1050FE3D10E
:10FE70000B4B1B6813F0070FEDD00A4A012108480D
:10FE800013F01BFEE7E7064B1B6813F0070FE2D0E9
:10FE9000054A0121024813F010FEDCE73FB80400D8
:10FEA0002C3000209CC0050070C0050038B5054608
:10FEB000046820461BF0CCFC40B104F01F032B600B
:10FEC00064091BD0012C0DD10D4838BD0D4C4FF4E9
:10FED0006C7221460C4812F0C7FE4FF46C7120463C
:10FEE0001DF044FA074C40F2B9322146064812F0A0
:10FEF000BBFE40F2B93120461DF038FA0348E4E772
:10FF000000288450E0870500FC2F05000025845060
:10FF1000F0B583B001900C4617461E4601A8FFF7C6
:10FF2000C5FF0199803150F82130094D1D4044EA48
:10FF3000470444EA86039DF8202043EA02239DF803
:10FF4000242043EA02432B4340F8213003B0F0BDA4
:10FF5000F0F0FCFF30B587B004460D4601238DF864
:10FF6000173002238DF80C300DF1160104910DF1BC
:10FF70001703009303AB0193002302931DF02EFFA0
:10FF80000C4B984212D16A46294620461DF006FFC6
:10FF9000084B984202D1002007B030BD9DF81610E2
:10FFA00020461DF017FF6FF00400F5E76FF0120018
:10FFB000F2E700BF0000AD0B21F07F4100F5A87013
:10FFC000014B43F820107047005001504FF480332C
:10FFD0008340024AC2F84433704700BF00500150CA
:10FFE0004FF480338340024AC2F84833704700BF61
:10FFF00000500150014BD3F80405704700500150E8
:020000023000CC
:100000002DE9F843054689469046FFF7E9FF284663
:100010001BF0C8FC4E46032710E0FFF7EBFF044639
:1000200049461BF0AEFCB0F5000F26D928461BF060
:10003000B9FCB8F1000F22D13E19013731462846EC
:10004000FFF7BAFF2846FFF7C1FFFFF7D3FF0446CB
:10005000C11C30461BF095FC0A4B98420AD9284631
:100060001BF093FC0028D8D1B8F1000FE4D06FF05A
:10007000150000E00020BDE8F8830020FBE76FF0EA
:100080001500F8E7FDFF7F00034B044AC3F808237F
:10009000C3F84823704700BF0050015003000F0011
:1000A000B1F5805F02D2C0F80815704710B5064C54
:1000B0004FF4CD722146054812F0D6FD4FF4CD71B4
:1000C00020461DF053F900BF60C10500FC2F05005C
:1000D0004FF480338340124AD2F80423134201D1F3
:1000E0000020704710B5044601238340DB430D49CF
:1000F000D1E8EF2F02EA0300C1E8EC0FBCF1000FDA
:10010000F6D122FA04F313F0010F03D120461BF0BD
:100110003CFC18B120461BF045FC012010BD00BF7F
:10012000005001501C7F002010B5012383406FEA6E
:10013000030C0C4AD2E8EF1F01EA0C0EC2E8E4EF10
:10014000002CF7D14FF4803282400748C0F80823D2
:10015000BFF35F8FBFF36F8F0B4214BF01200020EE
:1001600010BD00BF207F00200050015038B514465C
:10017000104619461BF022FC02460D490B68E01A96
:100180001B184C6844F100040B604C60A2F500138E
:10019000B3F5400F09D2074B1B68190A1B06D41888
:1001A00041F10005044BC3E900450AF03FF938BDB1
:1001B000E8610020247F0020F061002001B9704731
:1001C000012383400D4AD2E8EFCF4CEA030CC2E88A
:1001D000E1CF0029F7D14FF480338340084AC2F8B9
:1001E0000433084BD3E8AF3FC34013F0010FE6D010
:1001F000054B4FF40012C3F80021E0E7207F0020F8
:10020000005001501C7F002000E100E038B50D4B8C
:100210001C68250A2406BFF35F8FFFF7EBFE034639
:10022000001945F10001B3F5801F0AD2064BD3E94E
:100230000023904271EB030303D210F1807041F16F
:10024000000138BD247F0020F06100202DE9F04737
:1002500082B00446FFF73CFF10B902B0BDE8F0875A
:10026000FFF7D4FF82460D461BF0ABFB0646154B4D
:1002700003EB0413D3E90289C24575EB09050BD2E0
:10028000002530461BF0A5FB002DE6D00097424626
:100290004B462046A847E0E70A4A230102EB041137
:1002A000D5584F680020D0504FF0FF324FF0FF3349
:1002B000C1E902232046FFF793FE20461BF072FBA4
:1002C000DFE700BFD861002010B50D4BD3F8043331
:1002D00013F0020F03D10024002C0BDD10BD02210E
:1002E00007481BF018FB0028F5D0064A13680133B5
:1002F0001360F0E72046FFF7A9FF0134ECE700BFE9
:1003000000500150247F00202DE9F041064614469C
:100310001D469DF82080104619461BF04FFB0746EE
:10032000FFF774FFA04271EB050319D2201A65EBA9
:1003300001011B4B984271F100012BD2194B03EBC9
:100340000613D3E90223AB4208BFA24201D1002029
:1003500014E0424639463046FFF752FE70B117E0CE
:10036000B8F1000F19D10123B3400F4AD2E8EF0FC3
:100370001843C2E8E10F0029F8D10020094B3201EF
:1003800003EB0616C6E9024506999950079B736070
:10039000BDE8F0816FF01500FAE76FF01500F7E7A0
:1003A00001008000D86100201C7F002030B585B09E
:1003B000FFF76AFE00211E48FFF772FE0023002BA4
:1003C00025DD1B4C0225C4F804531A4B4FF40012D0
:1003D000C3F88021002201211520EDF719FC15201A
:1003E00015F046F90123A3602360134A136000242B
:1003F00002940194114B0093114A002320461BF0F4
:10040000EDFA2846FDF71EFC204605B030BD0D4A2A
:1004100002EB03124FF0FF304FF0FF31C2E902014F
:100420004FF480329A400249C1F804230133C6E7F1
:100430000050015000E100E0207F00206D0103002A
:10044000FFFF7F00D861002010B584B0B0F1FF3FFE
:1004500018D001281BDD154B9842A8BF184604464A
:10046000134B01221A70FFF7D1FE124B1A685B681A
:10047000801AB0F5000F0CD20444B4F5000F09D374
:100480000A4C07E00A4B00221A70084CEBE70124E3
:10049000E6E7064C002012190290019006490091EF
:1004A00043F100031BF09AFA04B010BDFFFF7F0078
:1004B0006CA20020E86100206D01030008B5FFF781
:1004C000A5FE024B1B68C01A08BD00BFE8610020F2
:1004D00008B5074B01225A60152015F0CEF8FFF73A
:1004E000D3FD044B4FF40012C3F8802108BD00BFB8
:1004F0000050015000E100E008B54FF400710248DF
:100500000BF0C4F808BD00BF287F0020044B036037
:10051000044B4360044B8360044BC360704700BFCF
:100520006C2B00209C4405006C6105007461050083
:1005300038B505460B4B1C6814B1083C00E01C465E
:100540006CB120222946206821F043FC38B114F117
:100550000803F4D0A468002CF2D0083CF0E7204651
:1005600038BD00BF28810020F0B587B000AF044639
:100570001FF0FAFC10B1054603784BB92346404AF8
:100580000B2107F10C0012F01EF91C37BD46F0BD1F
:10059000FFF7CEFF06460028F7D007F108012046F6
:1005A0001FF002FD0346002859D0364A126812F0A7
:1005B000060FEAD06E4600223A7102227A718AB0A2
:1005C0006C4614F1100215D012201AB1042801DD76
:1005D0002D4961610021397002217970BAB101465B
:1005E000082800DDA5610C2900DDE36104F120038A
:1005F00000210AE06FF00040E7E701F118053D44F3
:1006000015F8185C03F8015B01310129F5D91128AF
:1006100022DD122342B10421397100217971B971AF
:100620000121F9717868206100216FF300016FF3F7
:1006300041016FF382016FF3C501022060F388115D
:10064000C3F30A0363F353216FF31F5100230D48D3
:10065000E8F79AFAB54698E76FF01B03DAE7B9684E
:1006600070681CF09FFD00288FD0064B1B6813F0AC
:10067000070F8AD0054A0121024813F01EFA84E7C9
:100680002CA00500FC2F0020DCC1050004C20500E1
:1006900090B102689AB100F1080200218160094B13
:1006A0005B6823B11A60074B5A6000207047054B06
:1006B0005A601A60084670476FF0150070476FF077
:1006C000150070472881002008B50021024809F074
:1006D000E5FC00F049F908BD6905030008B90248C6
:1006E00070470248704700BF20620020F861002078
:1006F00008B50E4B5B6A202B05D00D4B5B6A202B97
:100700000FD0012008BD0A4B5B6A23B108481BF0DB
:1007100000FA0028F6D005481BF0FBF90028ECD1C0
:10072000F0E703481BF0F5F9ECE700BF206200207A
:10073000F861002010B50B4606490C782CB9194613
:100740001BF0A7F90446204610BD0021184621F0F1
:1007500010FAF8E76DA2002000B583B000230193E2
:1007600069460920E8F74CFD70B904230DEB03023C
:100770000021009813F08DFA024658B9084B012267
:100780001A7003B05DF804FB02460649032002F02C
:1007900077FAF6E70449032002F072FAF1E700BFA6
:1007A0006DA2002040C2050068C2050008B50F4BCD
:1007B000D3E8AF3F41B943B10C4BD3E8EF1F013150
:1007C000C3E8E21F002AF8D108BD13201CF0FCFC8E
:1007D00003460028F0D0064A126812F0060FEBD04C
:1007E000044A0221024813F072F9E5E73081002043
:1007F000FC2F002088C2050010B5154BD3E8AF3F91
:10080000002B0ADD012B12D0114BD3E8EF1F013969
:10081000C3E8E21F002AF8D110BD0E4C3B2221464E
:100820000D4812F021FA3B2120461CF09FFD1320B9
:100830001CF0D7FC03460028E6D0084A126812F0E4
:10084000060FE1D0064A0221044813F040F9DBE725
:1008500030810020CCC20500FC2F0500FC2F0020B9
:1008600010C30500F0B583B000AF00242EE06FF098
:10087000004C4DE00020387002207870002A4FD1E3
:10088000BCF1110F64DD122342B104203871002045
:100890007871B8710120F871786808616FF300050C
:1008A0006FF341056FF382056FF3C505022161F314
:1008B0008815C3F30A0363F353256FF31F55002311
:1008C00029462648E8F760F9B5460134012C42D89C
:1008D00004EB4400224B03EB8000FFF7D9FE0346F4
:1008E0000028F2D01D4A126812F0060FEDD004EB7A
:1008F00044021B4951F822E06E4600223A7102225E
:100900007A718AB0694611F11002B0D04FF0120C22
:10091000002AAFD0BCF1040FACDD12484861A9E752
:100920006046BCF1080F01DDC1F818E00C2800DDBD
:10093000CB6101F12003002007E000F1080EBE4466
:100940001EF808EC03F801EB01300128F5D997E710
:100950006FF01B0398E70C37BD46F0BDFC2F00205D
:100960007C2B002054C3050010B584B001230193F3
:1009700000248DF8034001A902A8F3F75FFC06E00C
:100980000DF103021749E0B2FBF70EFF0134019BA2
:10099000A342F5D89DF8031015201CF003FC034674
:1009A00020B1114A126812F0070F0ED10F4BD3E895
:1009B000AF1F14201CF0F6FB034620B10A4A126850
:1009C00012F0070F07D104B010BD094A01210648F3
:1009D00013F07DF8EAE7074A0121034813F077F89E
:1009E000F1E700BFF1BB0400FC2F002030810020A4
:1009F0009CC30500D0C3050001780023012B15D846
:100A000010B418465A000A4C54F82240A1420AD0A9
:100A10000132074C54F82220914204D00133DBB25A
:100A2000012BEED900205DF8044B70470020704781
:100A300094C4050008B51022034921F063F808B1F9
:100A4000022008BD0120FCE7D0C4050070B584B0C9
:100A500006468168103921F0070513F06BF901464D
:100A60006C461022204621F084F8074B0FCB84E817
:100A70000F00102322462946304613F00AF908B920
:100A800004B070BD0120FBE7D0C4050010B582B0F2
:100A90000E2A11D804460E2915D841EA02118DF804
:100AA00007101BF0BAF8014601230DF1070220469A
:100AB0001BF004F902B010BD064B074A40F2991131
:100AC00006481CF09EFA064B034A40F2991103486F
:100AD0001CF097FA18C40500A4C405002CC4050036
:100AE00070C4050030B585B0044602A913F09FF824
:100AF00001280FD0002859D16000013069462D4BE4
:100B000053F820001BF070F901280AD000284FD1BB
:100B100000241CE002A9274B53F834001BF064F9B1
:100B2000E8E703238DF8003001228DF801208DF8CD
:100B300002308DF8033000238DF80430E8E72B797C
:100B4000042B29D09DF80A20934225D00134022C91
:100B500029D804EB4403184A02EB43059DF808101A
:100B600012F813001BF05FF80028EFD09DF800107A
:100B700068781BF058F80028E8D0AB78042B03D035
:100B80009DF80B209342E1D1EB78042BD7D09DF850
:100B900003209342DAD1D2E76879831EDBB2022BBD
:100BA00002D9FF2000E0012005B030BDFF20FBE7A7
:100BB000FF20F9E794C40500BCC40500F0B583B07C
:100BC000044617460E4601B10F46694620461BF003
:100BD000C0F8C0B99DF80050022D2DD0032D11D0C2
:100BE000012D06D0194B1A4A40F24A2119481CF02F
:100BF00008FA46B19DF80330032B04D120461BF0C0
:100C000097F800E00EB103B0F0BD2046FFF71EFFDD
:100C10000028F8D167B90028F5D107B90225204688
:100C2000FFF7EAFEC2B229462046FFF72FFFEAE7A8
:100C300020461BF07DF8EEE70EB10420E3E7A26842
:100C40000021204613F040F80320DCE77CBE0500BD
:100C500084C405002CC4050000B583B000230193B3
:100C600001A801F0F7FA40B1019A0649012002F00B
:100C700007F8002003B05DF804FB0349012001F0F0
:100C8000FFFFF6E7602D0500482D050008B5044973
:100C9000012001F0F5FFFFF75FFD002008BD00BF58
:100CA0007C2D050008B51BF0D5F8054B1B680548E1
:100CB0004DF6AD61C3E900014FF0FF3008BD00BF44
:100CC000942B00200000EFBE08B5024B98474FF070
:100CD000FF3008BDADDEEEEE08B5024B98474FF091
:100CE000FF3008BD01000060044B1B68044840F65B
:100CF000AD31C3E900014FF0FF307047942B002065
:100D00000000FECA08B501280DDD0B460022114681
:100D100058680FF049FA034602680649012001F0BD
:100D2000AFFF002008BD0449032001F0A9FF4FF0E8
:100D3000FF30F7E7302E0500182E0500084B1B7812
:100D4000022B04D0032B09D1054B58687047044B84
:100D5000586803680833184404307047002070470F
:100D6000FCC40500F0B591B00BA81BF08DF848B19C
:100D70001A4B1F78002500952522294601A820F04E
:100D8000F8FE1DE01649012001F07AFF22E005F18E
:100D900040036B4413F8146C6C0030091BF06CF8C2
:100DA00004F140036B4403F8400C06F00F001BF005
:100DB00063F804F141030DEB030404F8400C013522
:100DC000132DE4D9022F07D0064A6B4606490120AD
:100DD00001F056FF11B0F0BD044AF6E7FCC405006F
:100DE00020C5050014C5050038C5050010C505005F
:100DF00000B585B0002300930193029303936846E6
:100E0000FFF784FB009AC2B11049012001F038FFBE
:100E1000019AA2B10E49012001F032FF029A82B17B
:100E20000C49012001F02CFF039A62B10A4901200C
:100E300001F026FF05B05DF804FB084AE4E7074A25
:100E4000E8E7064AECE7054AF0E700BF50C50500B1
:100E500058C5050064C5050074C5050048C50500F2
:100E600070B59EB006460C46502922D801AD124BF3
:100E70005B68ADF804301B0C8DF806300DF10702ED
:100E8000214630461BF02FFB02340C4BA3FB0434ED
:100E90006408A30003333A22EA5401341EAB03EB87
:100EA0008404002304F8743C284602F061FB1EB061
:100EB00070BD01F085F8D9E7482E0500ABAAAAAAB3
:100EC000F0B585B00E461446074608BB1A4A137A99
:100ED0008DF80C30527A1AB163F07F038DF80C3024
:100EE000C7F10105A54228BF25462A4603ABD919FB
:100EF000304620F017FE2E44641B384634B10E4BAA
:100F0000DB685B6822463146984718B105B0F0BDF2
:100F10000138F3E7084B1B7A009323463A4607490A
:100F2000032001F0ADFE2246102C28BF1022EF2135
:100F3000304620F01EFEE9E74481002084C505000C
:100F400008B528220021034820F013FE002000F0FD
:100F500047FA08BD4481002008B5034BDB689B6855
:100F60009847FFF7EDFF08BD44810020F8B507461C
:100F70000D46002414E0194B03EBC403586800F03D
:100F80002FFA08B101231DE000231BE0144B2E7043
:100F90006A706B601B68384698470346D8B90134BD
:100FA000032C17D80D4B13F834600123B3400D4ABE
:100FB00012681342F3D0094B03EBC4035B78002B98
:100FC000D9D100231A46002BE0D1044B03EBC40314
:100FD0005B68DCE700231846F8BD00BF6CC605005F
:100FE00098C60500982B0020F0B585B006460C4643
:100FF00001A81AF08BFF054610B9284605B0F0BDD0
:10100000019F013728220021204620F0B2FD23460F
:10101000012203F8042B04AA12E9070083E8070061
:101020002761034B6361267602481BF05AFBE4E715
:10103000C10E03005481002038B538B10C4601467A
:1010400024B1134B1B7843B9002038BD114A124913
:10105000032001F015FE0020F7E7256822460F481F
:101060001BF09CFA23682BB158B1094B1B7E63B966
:101070000120EAE72A460A49032001F001FE002088
:10108000E3E7FFF769FF0120DFE70220DDE700BFAC
:10109000448100204CC60500C0C5050054810020D5
:1010A000DCC5050010B570B10C4661B10E4B1B7864
:1010B00083B10D4A136A003B18BF0123D269237024
:1010C0006260012010BD094A0949032001F0D8FDE2
:1010D0000020F7E704490078FFF786FF0028E8D1F1
:1010E00020606060EEE700BF4481002030C605004C
:1010F000C0C5050008B5034B187800B108BD1AF04B
:1011000005FFFBE74481002070B584B004460D461E
:1011100000238DF80C3001A903A8FFF7C3FF064692
:1011200010B9304604B070BD29462046FFF784FF51
:101130000128F6D002460349032001F0A1FD002654
:10114000EFE700BF0CC605000B4B93F83C30012BBA
:101150000AD0094AD2F8C0309269934208D39B1A48
:10116000054AD06918447047034BD3F8C400704750
:10117000014BD869704700BF6C81002008B5CC22B4
:101180000021044820F0F5FC034B1B689B6898473E
:1011900008BD00BF6C8100203882002038B50C46A5
:1011A0000A4601460A481BF0DBFC05465CB1094BC8
:1011B000D3F8C4202A44C3F8C420187C10B10222FA
:1011C00083F83C2038BD02481BF0C6FCEFE700BFA7
:1011D000788100206C81002070B506460D46002401
:1011E00005E02A1B31190A481BF0BAFC0444AC4242
:1011F000F7D1084B9A6B5B689A4201D0002070BD12
:10120000034C20461BF0A8FC012084F83000F6E7D0
:10121000788100206C81002070B5002510E0641BEF
:10122000802C28BF80240D4B1B685B680C4E224627
:1012300031462846984721463046FFF7CDFF2544E2
:10124000084B5C68AC42EAD11846DC689C603022EE
:1012500000210C3020F08DFC204670BD388200202B
:10126000A98100206C81002038B50546084B1B6819
:101270001B6808489847044618B1074B9B6813B190
:101280002B60204638BDFFF7C7FF2860F9E700BF95
:1012900038820020708100206C8100202DE9F84305
:1012A0002B4B1B7C002B50D081468846284BD3F813
:1012B000C0109C698C4224D80024254EB769336A3B
:1012C0001F44D6F8C0507D1B454528BF4546FFF753
:1012D0003BFF204B1B685B682A4609EB04019847DB
:1012E000D6F8C0302B44C6F8C0302C44BB4220D0C6
:1012F000174AD2F8C8302344C2F8C8302046BDE8A7
:10130000F883641A444528BF44461D4619442246C2
:10131000113120F007FCD5F8C0302344C5F8C030A7
:10132000B8EB0408C9D1D5F8C8302344C5F8C83093
:10133000E4E70023C6F8C030012286F83C20336180
:101340007361B361F3613362D2E70024D6E700BF73
:101350006C8100203882002030B585B001921D4B91
:10136000D3F8C830834203D00023184605B030BDFF
:10137000039101A903A81AF0E2FD03460028F4D165
:10138000144BD3F8C4205C68A24218D0A41A802C55
:1013900028BF8024FFF7D8FE0F4B1B685B680F4DFA
:1013A00022462946984721462846FFF7F7FE01A91D
:1013B00003A81AF0C4FD03460028E1D0D5E70021B8
:1013C0000846FFF7EBFE01A903A81AF0B8FD0123B8
:1013D000CBE700BF6C81002038820020A98100206B
:1013E000084B1B6883420AD010B50446CC2200216A
:1013F000054820F0BEFB034B1C60012010BD0120FE
:10140000704700BF388200206C8100200048704780
:10141000A4C6050038B5054D28461BF08BFA0446D6
:1014200028461BF075FA204438BD00BF58820020C2
:101430002DE9F04782B007468A46904628481AF0C0
:1014400094FD07EB0803834248D8254B9C68BC42B7
:1014500003D83F1B00252C4623E0E41B444528BF4E
:10146000444608371946394422460431504620F094
:1014700059FBA8EB0408A2440027EBE7391BE41B47
:101480003444444528BF444623465246294415481F
:101490001BF090F9E0B1A2443544A8EB04082744BE
:1014A0004C46B8F1000F17D00023ADF804300223EA
:1014B00001AA29460B481BF07DF948B10235BDF859
:1014C0000460023E04EB0609B945D7D23544E7E78C
:1014D000002002B0BDE8F0870120FAE70020F8E71D
:1014E0003C8200205882002010B582B004460021C2
:1014F000016041608160C1600161ADF804100223A8
:1015000001AA09481BF056F958B1BDF804304FF64E
:10151000FF72934205D062680132626022681A4409
:10152000226002B010BD00BF58820020104B1B7813
:1015300003B9704710B582B0044601F0C5FE64B12E
:101540000B4B59680B481BF0D7F901F0C9FE084B4B
:1015500000221A605A6002B010BD054B5968ADF800
:101560000410022301AA03481BF0E0F9EDE700BFD5
:10157000508200205882002038B504460D4601F004
:10158000A3FE2A46214606481BF0C9F9044601F08D
:10159000A7FE1CB1034A53682B445360204638BD54
:1015A0005882002050820020114B1B780BB1002084
:1015B000704710B582B04FF6FF73ADF8043001F0FC
:1015C00083FE022201A90B481BF0A9F9044601F091
:1015D00087FE14B9002002B010BD054B064A92E800
:1015E000030083E8030003481BF092F9F3E700BF10
:1015F0005082002058820020502E05000A4B1B68A4
:1016000003B9704710B501F05FFE074C2168074829
:101610001BF05AF9002323606360A360E360236139
:1016200001F05EFE10BD00BF3C8200205882002009
:1016300070B586B0054601F047FE12481AF095FCD9
:10164000044601F04DFE1CB12C60012006B070BDB7
:1016500001F03AFE01A8FFF747FF0A4E34460DF1AC
:10166000040CBCE80F000FC4DCF80030236001F06C
:1016700037FE30461AF079FC2860003818BF012088
:10168000E4E700BF3C82002008B50A46014607484F
:101690001BF078F8064A002313605360054A136074
:1016A00053609360D3601361034808BD58820020E3
:1016B000508200203C820020B0C60500002300E0DC
:1016C00001331F2B0ED8094A02EB031292F90B20AB
:1016D000002AF5DA054A02EB031292898242EFD121
:1016E00098B270474FF6FF70704700BF68820020C5
:1016F00008B500234FF6FF7002E098B208BD013331
:101700001F2B13D80D4A02EB031292F90B20002A6B
:10171000F5DB0A4A02EB0312926832F00042ECD089
:101720004FF6FF729042EAD198B2E8E74FF6FF73A6
:101730009842E3D11846FFF7C1FFDFE76882002037
:10174000034B9B6833F000430CBF0120002070471F
:1017500068820020044A53680133536092689342C0
:1017600001D9014A936070479C2B0020024A5368BC
:10177000013B5360704700BF9C2B00202DE9F041D6
:1017800080460C4617461AF015FC64B3FFF7E2FFDB
:10179000FFF7AEFF05464FF6FF73984227D0154E70
:1017A0002A0106EB05130021B15059609960D960F8
:1017B00046F802805C609A6867F31E029A60DA7AE3
:1017C00042F08002DA720C4A91899981958128460B
:1017D000FFF774FF4FF6FF73984204D006EB001337
:1017E0004FF6FF729A811AF0E9FBBDE8F08100F034
:1017F000E7FBD4E7688200209C2B002038B5054623
:101800001AF0D8FB002D39D0FFF7B0FF002407E015
:101810001C4B03EB04139A891B4B9A811DE0013486
:101820001F2C2BD8174B03EB04135B68AB42F6D18C
:10183000144B03EB041393F90B30002BEFDA114B2D
:1018400003EB0413DA7A6FF3C712DA72A0B2FFF770
:1018500035FF0D4B9B89A342DAD04FF6FF739842B8
:1018600006D0084B03EB0412928903EB00139A8114
:10187000044B03EB04134FF6FF729A811AF09EFBA0
:1018800038BD00BF688200209C2B00200346044A1C
:10189000507810B192789A4200D870470020FCE747
:1018A0006884002008B508220249002000F0AAFC44
:1018B00008BD00BF8884002038B505460C460120CD
:1018C00006E02046A8472268637A13440233236067
:1018D00040B1224652F8081B022303481AF06AFF5F
:1018E0000028EED138BD00BF78840020F0B583B069
:1018F00006460C461BF00CF8241A002C33DD30464B
:101900001BF018F80546A04201DA00272CE000F091
:10191000E7F9074680B1002726E0154A93680133AE
:101920009360294630461AF0CFFF641B002C18DD67
:1019300030461AF0FFFF0546B5B10021ADF804109E
:10194000022301AA30461AF035FF9DF805500235F2
:101950009DF804303F2BE0D9054A53685B1B536068
:10196000DFE7012700E00127384603B0F0BD00BFE4
:1019700068840020014B9868704700BF688400208D
:10198000014BD868704700BF6884002038B50B4B06
:101990005C780CB9204638BD0546FFF783FF074B3E
:1019A0001B8D834208D1054B196A5A6A2B602C2380
:1019B0006B60A960EA60EDE70024EBE76884002033
:1019C00038B50446064D28461AF0B4FF224652F8B0
:1019D000081B0223411A28461AF0A8FF38BD00BF91
:1019E0007884002000B583B00346006800915A7ADD
:1019F000811C03481AF030FF03B05DF804FB00BF00
:101A0000788400202DE9F04782B006460D46144642
:101A10001F469DF82880FFF739FFB8B1802C28BFFA
:101A2000802404F10209B8F1000F12D149461B4885
:101A3000FFF75CFF814678B9194A936801339360D8
:101A4000B8F1000F24D1B9F1000F24D102B0BDE8E4
:101A5000F08701F039FCE9E7DFF844A0DAF80C3050
:101A60000133CAF80C30394630461AF0ABFA8DF81B
:101A700004008DF805400AF1100A022201A950461F
:101A80001AF04DFF2246294650461AF048FFD7E784
:101A900001F026FCD7E71AF0A8FAD7E778840020EF
:101AA00068840020F8B1F8B50C460746E9B1104B40
:101AB0005B780BB1002019E00D4E2C22002130463E
:101AC00020F057F801253570B57037627462FFF762
:101AD000E9FE30852246394606F110001AF052FE22
:101AE0007570284602E0002070470020F8BD00BF56
:101AF0006884002070B50446074D6E6838220021C6
:101B000020F037F8A4464CF8086B05F108030FCB1A
:101B10008CE80F0070BD00BF4862002010B592B085
:101B2000002401940294039404A80290FFF7E2FFBA
:101B300001A908481AF04DFA01F0C6FB064B1C60DB
:101B40005C609C60DC601C615C6101F0C9FB12B0F0
:101B500010BD00BF81C004004862002070B505467A
:101B60000C464E6806F1080204211AF0B1FB00B9D8
:101B700070BD042128461AF05DFF0028F8D03168B6
:101B8000490028461AF0A6FF0028F1D02146034854
:101B90001AF01FFA96F82C00EAE700BFFDC0040017
:101BA00070B596B006460D4614464822002104A89A
:101BB0001FF0DFFF0496059506940023019302931E
:101BC000039308A80290FFF795FF4FF0FF3304AA94
:101BD00007490EA81AF00BFF01A90EA8FFF7BEFFD8
:101BE0000798A04214BF0020012016B070BD00BFAE
:101BF000B3C0040038B505460C46097A01F0070168
:101C00001AF018FF034648B1237A13F0080F07D1E2
:101C1000617A28461AF052FF38B90023184638BDB9
:101C2000617A28461AF02BFFF6E704492046FFF7B1
:101C3000D9FE08B10123F1E70023EFE745C1040015
:101C400070B592B00B4B1D7815B9284612B070BD17
:101C5000044604AE3046FFF74DFF00230193029384
:101C60000393029601AA04490AA81AF0C8FB20604F
:101C7000EBE700BF486200205D1B0300164B1B789A
:101C800003B1704700B585B00393009301930293AD
:101C900003AB0193694611481AF09BF9039B13B9F2
:101CA00005B05DF804FB01F00FFB0B4B1B787BB913
:101CB0000948012300F8083B1AF07AF910B9064BDD
:101CC00000221A72039A044B5A6001F009FBE7E7FD
:101CD00001F006FBE4E700BF486200206BC004008F
:101CE000014B1878704700BF4862002010B5114BB7
:101CF0001C68D4B12268104B9A4218D040220021AF
:101D000020461FF036FF5223237042236370542372
:101D1000A3702123E370022323714FF0FF3323725A
:101D20006372A372E372012010BD0020FCE7012062
:101D3000FAE700BF9C840020524254210D4B1B68DF
:101D40009A68B2F1FF3F10D030B4DD681C69596960
:101D5000DB79012B14BF00230123028045608460DE
:101D6000C1600374012030BC704759690029EBD170
:101D7000002070479C840020064B1880B1F1FF3F83
:101D800004D05980034B01221A717047014B5880CF
:101D9000F8E700BF94840020074B58884FF6FF7384
:101DA000984205D000B20028CCBF00200120704727
:101DB000014B1888F6E700BF9484002070B50546F3
:101DC0000C46084E33689968FFF7D6FF33689A6867
:101DD000B2F1FF3F05D19D601CB12268DA606268F4
:101DE0001A6170BD9C8400200F4B1860D0B110B5F3
:101DF0000C461AF0AFF9FFF779FF80B184B10A4BB6
:101E00001B6822685A61A0880021FFF7D7FFFFF7FF
:101E1000C3FF20B1044B1A6853790133537110BDCD
:101E20000020F1E7704700BF9C84002038B50446CD
:101E30000D46FFF75BFF00B938BD29462046FFF786
:101E4000BDFF024B18681AF086F9F5E79C84002064
:101E500008B5FFF74BFF18B1024B1B68587908BD56
:101E60000020FCE79C84002008B5FFF73FFFA8B1E5
:101E70000B4B1B684FF0FF321A725A729A72DA7269
:101E80000022DA711A735A739A73DA731A745A74D5
:101E90009A74DA741A755A759A75DA7508BD00BFA6
:101EA0009C84002008B5FFF721FF18B1024B1B6886
:101EB0000122DA7108BD00BF9C84002048B110B532
:101EC0000446074B1B793BB1FFF766FF20700020EB
:101ED00010BD4FF0FF3070474FF0FF30F8E700BF04
:101EE0009484002008B5FFF701FF30B1034B1B6855
:101EF00000221A765A769A76DA7608BD9C840020FB
:101F000010B58AB00DF1140C094C0FCCACE80F00E1
:101F10002368CCF8003000230093019302930393CD
:101F2000049305AA034968461AF069FA0AB010BD7D
:101F3000582E0500C3C10400002831D010B58AB066
:101F40000446194A194900F08DF805A81AF004F959
:101F500088B100230093019302930393049305AB8C
:101F6000134A2146684600F037F858B1FFF77CFF66
:101F700000200AB010BD0F4A0F49022000F080FE79
:101F80000020F6E7E36898470446FFF7B9FF0346E9
:101F900022460A49022000F073FE6FF00100E8E7D4
:101FA0004FF0FF30704700BF5C660500011F030063
:101FB000C3C1040030C70500D8C60500F4C605003B
:101FC00008B572460349032000F05AFE19F04BFF92
:101FD0001AF0FBF85CC70500F0B583B007460E4663
:101FE00014461D460B6898470346019601AA1849F6
:101FF00038461AF0FCFC29463846A04704463846C5
:102000001AF00FFD84F00100B368C0B2984774B9AC
:10201000104B1B6833B10F4A13680133136020461D
:1020200003B0F0BD0C49032000F02AFEF3E7094B92
:102030001A68002AF3D00949012000F021FE08495E
:10204000044A0B68106803440B6000231360E6E742
:10205000CDC10400A484002070C7050084C705001A
:10206000A084002070B582B00D461646C36898471C
:102070000446A847844202D3012002B070BD0090FC
:10208000334622460249022000F0FAFD0020F4E720
:10209000ACC7050000B587B003460022019202924A
:1020A000039204920592074A0749096801A8FFF7BD
:1020B00093FF18B1002007B05DF804FB6FF001003A
:1020C000F9E700BF19C404001885002038B502786C
:1020D000104B1B68CBB904460E4DAC464CF8042B94
:1020E0008646BEE80F00ACE80F009EE807008CE8CB
:1020F0000700AB6963B12035A269616928461FF00A
:1021000011FD45F8085C002038BD6FF00100FBE7C9
:102110000020F9E7A884002000B58DB000230593C6
:1021200006930793089309930A930B9302228DF861
:1021300014204FF0FF3206920792012208926FF0AE
:10214000004209920093019302930393049305AA1A
:10215000034968461AF053F90DB05DF804FB00BF5F
:1021600019C4040050B110B50446074A0749FFF7E7
:1021700079FF30B1064B1C60002010BD6FF00300EA
:1021800070476FF00200F8E7E4C70500192103006B
:102190001885002008B5074B1B680BB9002008BD47
:1021A0000548FFF777FF0028F9D1024B00221A609B
:1021B000F5E700BFA8840020AC8400200A4B1B6810
:1021C0007BB110B5044619F03BFE30B9FFF7E2FFD2
:1021D00030B92046FFF75EFF02E02046FFF776FFAA
:1021E00010BD4FF0FF3070471885002001EB410112
:1021F0004900C84000F03F00014B185C704700BF29
:10220000ECC705004FF0000C944511D210B411F842
:10221000013B83EA1023000280B2064C34F81330ED
:1022200058400CF1010C9445F1D35DF8044B704714
:10223000704700BF30C8050028B10268044B9A42BD
:1022400003D000207047002070470120704700BF76
:10225000434F524510B584B00446002301930293C6
:102260000393074901A81AF034FD30B101A8FFF724
:10227000E3FF10B10CB1039B236004B010BD00BF9D
:102280003507030000B585B00A46064B01930223CB
:10229000029303900C2101A81AF021FD05B05DF80E
:1022A00004FB00BF434F52452DE9F0418EB000239F
:1022B0000C930D9309930A930B930769C668002E3C
:1022C00000F08E8004460D469046002F00F08A8074
:1022D000002958D000230693079308930C9B06937C
:1022E0000C2207928DF82050102B01D9103B069339
:1022F0002168626829B106AB00201AF057FD00285A
:1023000071D006A81AF05CFD00286CD0218906A8BF
:102310001AF0ACFD002866D00025059505A800F050
:102320008DF80446049504A800F08EF80546059A39
:10233000214606A81AF0BEFD00283FD1002318460A
:102340001BB99DF82230002B4DD10023009301933F
:1023500002930393254B00939DF8213001930C9B2E
:10236000069306AA102168461AF0B9FC00283AD054
:10237000079C0023079306A92046FFF783FF90B32D
:10238000C8F800402FE01AF0D1FD08B928462AE02D
:102390001AF0CAFD0028F9D0154A0CA909A81AF0AC
:1023A0007AFC00B309A8FFF747FF08B128461AE0F6
:1023B0000C9919F080FB00288CD114E0049A29466E
:1023C00006A81AF077FD08B90023B8E73A46314667
:1023D00006A81AF06FFD08B10123B0E70023AEE7AD
:1023E000002000E000200EB0BDE8F08144554D50C3
:1023F00093BA04000F4B104A5A604FF0E022D2F813
:10240000241DD960D2F8281D1961D2F82C1D5961FC
:10241000D2F8301D9961D2F8341DD961D2F8381D37
:102420001962D2F83C2D5A621C229A6001221A606D
:10243000704700BF1C85002024ED00E009230360E5
:10244000004870473CCA050070B584B005460023BB
:1024500000930193029303936846FFF797FAB0BB8A
:102460000024FFF76DF9A0B91B4E04EB440C06EBFA
:102470008C0C1A4B93E807008CE80700621C02EBF7
:10248000420206EB820C0C3393E807008CE807004D
:1024900002342C60F4B1104804B070BD04AB03EBFF
:1024A000C20353F8106C53F80C0C0B4904EB4403B3
:1024B0004FEA830C01EB83034FF0000E01F80CE0B0
:1024C0005E60986001340132012AE7D9C9E7002231
:1024D0001446F9E70020DFE7448500206C2E050054
:1024E00000B583B0074B1B8813B14DDE1BF067F8B6
:1024F00000900191034B1A8069461046FFF796FC45
:10250000F3E700BF4AA2002070B59EB004460D4616
:102510001AF076FD374B1B88002B53D0626A236874
:10252000D96901F4007112F0100F57D168251D44CC
:1025300001B104351B680B93236859680C919968A5
:102540000D91D9680E9161680F91A1681091E168B1
:1025500011912169129161691391A1691491E16945
:102560001591216A16911969179118955969199150
:1025700099691A91DB691B9312F0040630D1284641
:102580001C90002E2FD028461D9000230693079301
:10259000089309930A930BAB06934C230793154BAF
:1025A0001B88ADF820300395ADF8103005940AA9CA
:1025B00003A800F0E3FE099006A81AF0C5FCA8B92C
:1025C0001AF0FDFF23689A6901925B69029301A9E1
:1025D0002846FFF72BFC074B1D809FE72025A6E729
:1025E0001AF0E8FCCCE71AF0E2FCCDE7FFF75AFC62
:1025F000E6E700BF4AA200201EF0040F0CBFEFF375
:102600000883EFF309832DE9F84F68460149FFF786
:102610007BBF00000480FFFFF8B5144800F0B4FC55
:10262000134F3946002000F02BFB124E314601209B
:1026300000F026FB104D2946022000F021FB0F4C34
:102640002146032000F01CFB3946002019F0F3FC62
:102650003146012019F0EFFC2946022019F0EBFC6D
:102660002146032019F0E7FC0020F8BDA8CA0500A8
:10267000B4CA0500C0CA0500CCCA0500DCCA050002
:102680000D4B1B5CDA0803F0070371B110B40B4C5F
:10269000A15C012098400143A1540849885C18417D
:1026A00000F001005DF8044B70470449885C184154
:1026B00000F00100704700BF4CCF0500948500205A
:1026C00010B4C10800F00700054C625C0123834090
:1026D000DB435BB2134063545DF8044B704700BFAB
:1026E0009485002008B51A2809D80A4B53F82030E1
:1026F000B3F1FF3F0BD0084800EB830008BD1B235C
:1027000002460649032000F0BBFA0020F6E700204D
:10271000F4E700BFC0CE050080850020E8CA0500B0
:10272000F8B50C461A281AD80546164B1B5C164EEF
:1027300006EB830600EB4002144B03EBC2031F7948
:10274000032F12D0E8B2FFF7CDFF002323606360B0
:10275000A36026606060012F0DD93846F8BD0023C4
:102760000B604B608B600427F7E7094B1B5C094E3D
:1027700006EB8306E6E719462846FFF781FF20723D
:10278000EBE700BF4CCF05009885002068CF05001F
:1027900030CF05002CCF05002DE9F04184B007466D
:1027A0000E4600241A2C14D804EB44030A4D05EB02
:1027B000C308002201920292039201A955F8330046
:1027C000FFF7AEFF01AA41463846B04708B10134D1
:1027D000E8E704B0BDE8F08168CF050008B502491C
:1027E0000020FFF7D9FF08BD63D1040070B582B0A7
:1027F00006460D4614461146FFF792FF236873B153
:10280000A84202D1002002B070BD009603462A46BD
:102810000449032000F034FA6FF00100F3E74FF0B1
:10282000FF30F0E71CCB050030B585B005460C46FF
:10283000002301930293039301A9FFF771FF019B0A
:10284000002B3CD0E8B1012831D11A68E1171419E6
:1028500041EBE272B4F1004F72F1000104DB6FF062
:1028600000421A6000201EE0B4F1004F72F1FF3206
:1028700004DA4FF000421A60002014E01C600020CF
:1028800011E01A681119002CD4BF002001208A42DF
:102890002CBF00220122904203D0002C05DD4FF016
:1028A000FF311960002005B030BD0021F9E72A464C
:1028B0000449032000F0E4F96FF00100F3E74FF062
:1028C000FF30F0E740CB050010B50C460368097BEC
:1028D0000079984778B122681A4B53F8222023795F
:1028E000032B2AD8DFE803F009160223A368164950
:1028F000012000F0C5F9012010BD63792BB1A36858
:102900001149012000F0BCF9F5E71049012000F061
:10291000B7F9F0E763792BB1A3680D49012000F006
:10292000AFF9E8E70949012000F0AAF9E3E7A36855
:102930000849012000F0A4F9DDE70749012000F073
:102940009FF9D8E754CE050068CB050074CB05008D
:1029500080CB05008CCB050098CB050038B510B9AD
:102960000D4600240CE06C22002112481FF001F9F2
:102970000023114A136003B138BD0133FBE7013472
:102980001A2CF9D804EB44020C4B03EBC2031B7C5A
:10299000AB42F4D10A4B185D084B03EBC2031B7921
:1029A000022BECD8034B002243F82020FFF788FECF
:1029B000E5E700BF988500209485002068CF0500DA
:1029C0004CCF050038B5FEF7D5FF0546FEF7D8FF1A
:1029D0000446074B19681D60691A08201AF00EFC9E
:1029E000044B19681C60611A09201AF007FC38BDF5
:1029F000788500207485002008B5FFF7EFFE00F011
:102A0000F9FD1AF00FFC19F023F8044B18681AF0BE
:102A10007BFC00210846FFF7A1FF08BD7C85002054
:102A200030B583B005460C4600F04EFC009501948D
:102A300003496846FFF7B0FE00F052FC03B030BD1A
:102A400031D0040000B583B00023009301938DF8CA
:102A5000040069460348FFF7E3FF009803B05DF800
:102A600004FB00BF67D0040010B582B00446FFF736
:102A7000B5FE0749012000F003F9064B00938DF8DD
:102A8000044069460448FFF7CBFF02B010BD00BF09
:102A9000B0CB050083D00400C928030000B583B083
:102AA000FFF79CFE0749012000F0EAF8002300939D
:102AB0000193054B009369460448FFF7B1FF03B04B
:102AC0005DF804FBB0CB05007BD00400C9280300EF
:102AD00038B528B30C46054629B3174B18600021BA
:102AE0000120FFF73BFF15494FF4616000F0ACFD9A
:102AF000E0B1134A13492846FFF7B4FAC8B10020E1
:102B00001AF062FB054608B1284638BD216801204D
:102B10001AF048FB05460028F6D11AF02DFBF3E722
:102B20006FF00205F0E76FF00205EDE76FF00505C5
:102B3000EAE76FF00405E7E77C850020F929030048
:102B4000C8CB0500FFD2040070B582B01AF0F3FBC9
:102B5000164D2B68C31A164A11680B441360154CA6
:102B6000A4FB0314640D144901FB1436166028609D
:102B70008B4201D202B070BD214606201AF03EFB06
:102B800000238DF807300D4B1B7833B19DF80710EB
:102B9000611A07201AF032FBECE7084B01221A7089
:102BA0000DF10700FFF78AF9F0E700BF0886002063
:102BB00004860020B17C219580EE36006EA20020B4
:102BC00000B587B00023009301930293039304930D
:102BD000059301238DF814308DF816006A460349D9
:102BE000684619F00CFC07B05DF804FB61D20400E4
:102BF00010B50446012119F0B9FB00B910BD04213C
:102C0000204619F017FF08B90020F7E702212046F7
:102C100019F05AFF0028F7D0A27D0221204619F0B2
:102C200022FB0028F0D00121204619F003FF0028E4
:102C3000EAD0A07D1AF007FB0146204619F04AFFB2
:102C40000028E1D021460248FFF7EAFE607DD5E783
:102C5000AFD2040000B587B0002300930193029324
:102C60000393049305938DF816106B46034A0146AF
:102C70006846FFF7B1F907B05DF804FB61D20400C4
:102C80000EB4B0B5A5B000AF044607F1A40353F8E5
:102C9000042BC7F88C30802107F10C000DF08EFA60
:102CA000032C00F21281DFE804F0570260B8B34B46
:102CB0001B6803F00703022B4ED96D4600233B72BD
:102CC00002237B7288B06C4614F1100213D00E20E0
:102CD0001AB1042801DDAA4B636100233B71022372
:102CE0007B71AAB1082802DD07F10C03A36104F18E
:102CF0001C0300210AE06FF00040E9E701F1900CAD
:102D0000BC441CF88CCC03F801CB01310129F5D966
:102D10000D2827DD0E2342B103213972002179727B
:102D2000B9720121F972B868206100216FF30001C6
:102D30006FF341016FF382016FF3C501032060F36C
:102D40008811C3F30A0363F353216FF31F51002368
:102D50008A48E5F719FFAD469437BD46BDE8B04057
:102D600003B070476FF01B03D5E7844B1B6813F06B
:102D7000060FF1D06D4600233B7202237B7288B0B0
:102D80006C4614F1100213D00E201AB1042801DD94
:102D90007B4B636100233B7102237B71AAB108283E
:102DA00002DD07F10C03A36104F11C0300210AE01A
:102DB0006FF00040E9E701F1900CBC441CF88CCCAA
:102DC00003F801CB01310129F5D90D2822DD0E23AD
:102DD00042B10321397200217972B9720121F9726D
:102DE000B868206100216FF300016FF341016FF3B8
:102DF00082016FF3C501022060F38811C3F30A0357
:102E000063F353216FF31F5100235C48E5F7BCFEC9
:102E1000AD46A1E76FF01B03DAE7584B1B6813F0D0
:102E2000070F99D06D4600233B7202237B7288B056
:102E30006C4614F1100213D00E201AB1042801DDE3
:102E40004F4B636100233B7102237B71AAB10828B9
:102E500002DD07F10C03A36104F11C0300210AE069
:102E60006FF00040E9E701F1900CBC441CF88CCCF9
:102E700003F801CB01310129F5D90D2822DD0E23FC
:102E800042B10321397200217972B9720121F972BC
:102E9000B868206100216FF300016FF341016FF307
:102EA00082016FF3C501012060F38811C3F30A03A7
:102EB00063F353216FF31F5100233048E5F764FE9D
:102EC000AD4649E76FF01B03DAE72C4B1B6813F0A4
:102ED000070F3FF441AF6D4600233B7202237B7224
:102EE00088B06B4613F110023AD16FF000401AB16E
:102EF000042801DD234959610021397102217971CA
:102F00004AB1082802DD07F10C01996103F11C01A7
:102F10000024012C26D90D282DDD0E2442B10321D9
:102F2000397200217972B9720121F972B868186199
:102F300000216FF300016FF341016FF382016FF322
:102F4000C501012363F38811C4F30A0464F3532118
:102F50006FF31F5100230948E5F716FEAD46FBE667
:102F60000E20C4E704F1900CBC441CF88CCC01F892
:102F700001CB0134CDE76FF01B04CFE70030002018
:102F800080C50500F0D105000FB480B5A4B000AF36
:102F900007F1980353F8042BC7F88C30802107F110
:102FA0000C000DF00BF900233B7202237B7288B0FA
:102FB000EC461CF1100215D00E2022B1042802DDCF
:102FC000254BCCF8143000233B7102237B71B2B146
:102FD000082803DD07F10C03CCF818300CF11C03B2
:102FE00000210AE06FF00040E7E701F1900EBE44D7
:102FF0001EF88CEC03F801EB01310129F5D90D28FD
:1030000026DD0E234AB10321397200217972B9728B
:103010000121F972B868CCF8100000216FF30001AB
:103020006FF341016FF382016FF3C5016FF38811F4
:10303000C3F30A0363F353216FF31F5100231846B0
:10304000E5F7A2FD9037BD46BDE8804004B070476B
:103050006FF01B03D6E700BF5864050008B5024BAC
:103060001868FEF769FF08BD0C8A002030B585B0EE
:1030700000240294039402A800F006FC02A90D4863
:10308000FEF7B2FE4FF480610B48FEF7FDFA0B4DE0
:103090002860FFF7E3FF2868FFF764F8FEF7D8FE23
:1030A000019001A92868FFF713FDFDF75BFE20469C
:1030B00005B030BDE46802200C8600200C8A002098
:1030C00000231F2B09D8064A52F823208A4201D038
:1030D0000133F6E70360012070470020704700BF0E
:1030E000908A0020F0B587B004460D4616461F466C
:1030F0000021059105A8FFF7E3FF18B1059A084BD9
:1031000043F822400E9B02930D9B01930C9B00936E
:103110003B46324629462046EAF7C4FD07B0F0BDDB
:10312000908A002010B582B0044600230193014626
:1031300001A8FFF7C5FF20B1019A044B002143F815
:103140002210204606F0A4FC02B010BD908A002098
:10315000074B084A904208D3984201D30020704799
:10316000181A884228BF084670470020704700BFE1
:103170002469022000200020002800F088802DE92A
:10318000F0470F468046002900F083800024254642
:1031900004E0414B002243F8242001341F2C5ED868
:1031A000BD4218D23C4B53F82460002EF5D04FF4AA
:1031B00084713046FFF7CCFF02460028E9D005EBCA
:1031C0004503990008EB8303002008F801005E60C6
:1031D0009A600135E1E7002609E0D4F8B010D4F890
:1031E000AC001AF0E6F82D4B43F8260001361F2EEE
:1031F00037D8BD4235D2284B53F82640002CF5D0A5
:10320000274B9B68A342E8D0D4F86090D4F8AC3048
:10321000D4F8B0209918A1EB0901B1F5006F28BFCF
:103220004FF400614846FFF793FF82460028DDD047
:10323000D4F8B010D4F8AC001AF0BBF8174B43F830
:10324000260005EB45039A0008EB8303002108F8EC
:103250000210C3F80490C3F808A00135C6E70026A1
:10326000C5E705EB450408EB84040E4B93E8070023
:1032700084E807006A1C02EB420208EB82080C3368
:1032800093E8070088E80700A81CBDE8F087002045
:1032900070470846F9E700BF908A0020108A002096
:1032A00080640020842E050041B1054A054B9B1A1D
:1032B000002101704260836001207047084670471A
:1032C00000200020F433002008B54FF0FF324FF00B
:1032D000FF33024803F0E4FF08BD00BFAC3100201B
:1032E00008B5024804F0C6F808BD00BFAC310020A4
:1032F00000293ED070B5044615460E46452A01D831
:10330000002070BD4FF400610068FFF721FF2368C3
:10331000002232707360B060A3685B6A13F0040F20
:103320001AD0012404EB440306EB8303124A07CAB4
:1033300083E80700013404EB4400291B06EB8000FE
:10334000FFF71AFF044404EB4400291B06EB80003E
:10335000FFF7AAFF2044D4E7EFF309844FF4086194
:103360002046FFF7F5FE00233373346170610224B9
:10337000D8E70020704700BF9C2E050038B50C46EA
:10338000034D46222946FFF7B3FF2060284638BD8B
:10339000108B00200023034AC3F801204FF0FF30B8
:1033A000704700BFFECAAD0B0023024AC3F80120DC
:1033B000704700BFFECAAD0B00B583B072460B4626
:1033C00079460093054B012019F056F80449002076
:1033D000FFF756FC002003B05DF804FB08D205009F
:1033E00018D2050008B5024911F022F9FEE700BF26
:1033F00030D2050008B5024911F01AF9002008BDC5
:1034000060D2050008B5024911F012F9002008BD8C
:103410008CD2050008B5024911F00AF9002008BD58
:1034200060D2050008B5034911F002F919F014FF44
:10343000002008BDE0D2050000B583B04FF4A472AF
:103440000023CDE90023034807F0CCF9002003B0A6
:103450005DF804FB3830002038B50446642019F0CC
:103460008AFF054619F098FF284619F095FF034991
:10347000204611F0DDF84FF0FF3038BDF8D20500DE
:1034800010B582B006F0FEFAD0F8AC300193ADF181
:103490000C0404E0084B44F8043906F049F9019B98
:1034A000A3F58073A342F5D304490320FFF7E8FB9B
:1034B0004FF0FF3002B010BDEFBEADDE44D30500CB
:1034C00008B5074A07490320FFF7DAFB064CF42248
:1034D000214606480FF0C8FBF421204619F046FFAC
:1034E00084D4050084D305009CD30500FC2F05007F
:1034F00038B5044601290ED955680D492846DAF732
:10350000E7FC60B10B492846DAF7E2FC50B919F044
:103510009EFE002038BD084911F08AF8F9E7FFF750
:10352000BDFAF6E70549204611F082F8F1E700BF41
:10353000F4D3050000D405001CD405000CD405000C
:1035400010B582B0044601A9684619F007FD019A3A
:103550000549204611F06CF8009A0449204611F004
:1035600067F8002002B010BD40D4050064D4050007
:1035700008B5014601480FF018F908BD5864050068
:1035800008B5024B1B6803B1984708BD588E002050
:1035900000B585B0002301930293039301A90F485E
:1035A0000FF05BF801990F2019F0FCFDDDED037AB7
:1035B000F8EE677A9FED0A7A67EE877AFCEEE77A93
:1035C0000199029B194417EE903AB3FBF1F10E20DA
:1035D00019F0E8FD05B05DF804FB00BF08310020DC
:1035E00000401C4608B5024804F096FD08BD00BF27
:1035F000AC2B002010B590B006F044FA04460FA999
:103600001CF0D2FC0F990B2019F0CCFD08A9204624
:103610001CF0D7FC0A4B0093DDE908230C2019F0BD
:103620003FFF02A81CF0DAFC064B0093DDE9022301
:103630000D2019F035FFFFF7ABFF10B010BD00BF34
:10364000686200206062002000B583B00E4B1960F4
:103650004FF47A7303FB00F0410CC00340F2E733F0
:10366000C0184FF47A724FF0000341F10001DAF70D
:1036700015FC02460B4600900191044807F0B2F891
:10368000012003B05DF804FB588E0020703000204C
:1036900018B1436800225A71704710B5054C40F2CA
:1036A0002512214604480FF0DFFA40F2251120468A
:1036B00019F05CFE645D0500FC2F050010B50446A2
:1036C0004FF400710248FEF7EDF9024B1C6010BD8B
:1036D0005C8E00206490002008B50248E5F71AFDD2
:1036E00008BD00BF60DC050010B582B00C4608883C
:1036F000C0F3821019F0E8FE8DF804000F4BD3E8F8
:10370000EF2F42F00101C3E8E01F0028F7D112F0CB
:10371000010F01D002B010BD094B01AA5A60082266
:103720002146084810F050FA044BD3E8EF1F21F06F
:103730000101C3E8E21F002AECD0F6E7F490002074
:103740006890002060DC050008B5024B1868FFF7A0
:103750009FFF08BD6490002008B50248E9F7C0FC4F
:10376000002008BDF925030008B510F0010F25D190
:1037700010F0020F28D110F0040F2CD110F0080F18
:103780002FD110F0100F32D110F0200F36D110F0E1
:10379000400F39D110F0800F3CD110F0806F3FD135
:1037A00010F0007F42D110F0807F46D100284AD02F
:1037B00028490120FFF764FA002004E0264901208F
:1037C000FFF75EFA0A2008BD24490120FFF758FAE6
:1037D00048F20500F7E722490120FFF751FA0820D7
:1037E000F1E720490120FFF74BFA0820EBE71E49DB
:1037F0000120FFF745FA49F20140E4E71B490120A7
:10380000FFF73EFA0920DEE719490120FFF738FAF1
:103810000920D8E717490120FFF732FA0920D2E73B
:1038200015490120FFF72CFA0920CCE713490120A4
:10383000FFF726FA48F20500C5E711490120FFF716
:103840001FFA0920BFE70F490120FFF719FA0720E7
:10385000B9E700BF18DD050070DC05007CDC050061
:1038600088DC050094DC0500A0DC0500A8DC050070
:10387000B8DC0500C8DC0500E0DC0500F0DC050074
:10388000FCDC050008DD050070B50646B8B14FF058
:103890005025D5F8004422460A490120FFF7F0F9E7
:1038A00009490120FFF7ECF92046FFF75DFFD5F845
:1038B00000342343C5F800343460B08070BDFEF797
:1038C0007FFBE4E724DD050044DD050008B503497E
:1038D00010F0AEFE4FF0FF3008BD00BF54DD050014
:1038E00008B519F0E4FE68B1624BD3F8203A4BB941
:1038F000604B0D22C3F8202A0122C3F81C290022A4
:10390000C3F81C2900220BE002F160034FF47F0191
:1039100051F83310DB0003F57F035B680B60013265
:103920001F2A08D802F160034FF47F0151F83330A9
:10393000B3F1FF3FE8D119F092FE30B14D4B29228F
:10394000C3F80C270322C3F83C2719F03CFE40B112
:10395000494B4A4AC3F830254FF050230122C3F89F
:10396000582519F044FE18B1454B0022C3F84C25E8
:1039700019F055FE68B14FF05023D3F8003413F01E
:10398000010F06D04FF050230022C3F81421C3F8D2
:10399000182119F058FE60B14FF05023D3F80034CD
:1039A00013F0010F05D04FF050236FF00102C3F860
:1039B000002419F068FE18B12E4B6522C3F80C27BD
:1039C00019F089FE20B12E4BD3F82034002B3ADBBE
:1039D00019F08DFEE8B1274B7E22C3F80C27C3F8FF
:1039E0003C29284A7F23C2F8183123490023C1F813
:1039F000043EC1F8083E01F54821C1F81031C2F873
:103A00002431C2F82C3102F5FF1202F58052C2F8BF
:103A1000A0321D4BD3F88C2042F44062C3F88C20B6
:103A20001A4908681A4AC2F84405C969C2F84C150F
:103A3000D3F8882042F47002C3F88820BFF34F8F78
:103A4000BFF36F8F08BD4FF050230322C3F8182532
:103A500001229A604FF05023D3F80431002BF9D0A3
:103A60004FF050230022C3F804210122DA60C3F88A
:103A70001825ADE700400050009003504400EFBE11
:103A8000002003500020005000ED00E00080FF0007
:103A90000060005010B50468ACB1B4FA84F3C3F10F
:103AA0001F03DBB201229A4024EA0202D0E8EFCFE2
:103AB000A44504D1C0E8EE2FBEF1000FF6D1EAD143
:103AC0000B70024810BD0248FCE700BF0000AD0BC0
:103AD0000200AD0B0368CB4013F0010F11D100B50C
:103AE000026801238B401343D0E8EFCF944504D103
:103AF000C0E8EE3FBEF1000FF6D1F1D102485DF80B
:103B000004FB0248704700BF0000AD0B0400AD0B82
:103B1000014BC3F8040570470070015021B140F01B
:103B20000040C1F88000704710B5054C482221467E
:103B300004480FF099F84821204619F017FC00BFFF
:103B400058DE0500FC2F050021B140F00040C1F80F
:103B50008000704710B5054C4E22214604480FF0F6
:103B600083F84E21204619F001FC00BF58DE050005
:103B7000FC2F050008B50146014819F0FEFD08BDFF
:103B8000C02B00200346032929D8DFE801F0020DED
:103B90001823D3F81804C0F300406AB3D3F81834DC
:103BA00003F0030313707047D3F80C04C0F3004014
:103BB00012B3D3F80C3403F0010313707047D3F839
:103BC0005C04C0F30040BAB1D3F85C3403F00103E5
:103BD00013707047D3F85404C0F30040704710B519
:103BE000064C40F2A742214605480FF03DF840F24E
:103BF000A741204619F0BAFB704700BF80B5050009
:103C0000FC2F050070B582B0064603280FD8DFE808
:103C100000F01830020824224FF492734FF4007021
:103C200013E01C224FF490734FF480700DE01F4C92
:103C3000FB2221461E480FF017F8FB21204619F001
:103C400095FB0C224FF4827302204FF05021C1F8F3
:103C500008030A440121116003F1502300221A6075
:103C60001B688DF807108E4208D0002542F21074B0
:103C70000CE004224FF480730120E6E70DF1070504
:103C8000F4E7012019F04AFD013C0CD02A463146E8
:103C90004FF05020FFF776FF28B1002DF1D09DF8AE
:103CA0000730012BEDD002B070BD00BF98DE0500DB
:103CB000FC2F0500054B1B792BB9044B1860012222
:103CC0001A71034870470348704700BFF8900020FE
:103CD0000000AD0B0C00AD0B10B5104B1B7983B180
:103CE0000E4B1B680BB119F029FD19F025FD4FF0A3
:103CF0005023C3F818050122C3F81425C3F8802502
:103D000010BD074C40F25912214606480EF0ACFF98
:103D100040F25911204619F029FB00BFF89000200D
:103D200098DE0500FC2F050010B582B04B4B1B79C7
:103D30002BB1032862D8DFE800F00E6D835B484C9E
:103D40004FF4D472214647480EF08EFF4FF4D471E1
:103D5000204619F00BFB4FF05023D3F81824D3F86A
:103D6000183403F003038DF8073012F4803F15D1A7
:103D70004FF05023D3F8143413F0010F13D119F07E
:103D8000DBFC8DF807009DF807204FF05023C3F8A7
:103D9000182508224FF4827302203FE00DF107003E
:103DA00019F0D6FCEFE74FF05023D3F81C3403F0A2
:103DB00003038DF807300DF1070019F0C9FC002846
:103DC000E1D0264B1B682BB14FF050230222C3F8E1
:103DD000042333E04FF05023D3F80431002BF9D003
:103DE0004FF050230022C3F80421D3F8043125E01A
:103DF00018224FF490734FF480700FE0184C40F28B
:103E0000FD12214617480EF02FFF40F2FD1120460B
:103E100019F0ACFA00224FF48073012003F1502313
:103E200000211960196802F15022012111600B4A2A
:103E300012685AB14FF05023C3F8040302B010BD0A
:103E400020224FF492734FF40070E7E71A68002ABB
:103E5000FCD000221A601B68F0E700BFF890002039
:103E600098DE0500FC2F050010B5094B1B7913B136
:103E7000FFF7C8FE10BD074C40F217222146064846
:103E80000EF0F2FE40F21721204619F06FFA00BF43
:103E9000F890002098DE0500FC2F050010B54FF0CB
:103EA0005023D3F8044309E03BD9B2F5807F02D018
:103EB000B2F5007F37D1224B1B689847002C3ED0CB
:103EC000B4FA84F0C0F11F000122824083009BB24B
:103ED00003F580739BB2C0B292B224EA020403F1EC
:103EE000502319680029E9D0002119601B684FF0A0
:103EF0005023C3F80823022AD6D14FF05023D3F819
:103F00001814D3F8183403F00303012BD3D14FF066
:103F100050230221C3F81815C3F8042301229A6024
:103F2000CCE7012AC7D0074C40F27632214606483A
:103F30000EF09AFE40F27631204619F017FA10BDC5
:103F4000F890002098DE0500FC2F050008B50079E8
:103F5000024B03EB0010FFF79DFD08BDC82B0020AE
:103F600000B583B084468E460C4B93E8030002AB49
:103F700003E90300634609E002A901EB830151F85C
:103F8000081C086A42F8040B086201330CEB0E00AF
:103F90009842F1D803B05DF804FB00BFA82E0500DD
:103FA0004309034AD35C00F01F001844C0B27047B5
:103FB00050DF050000487047D82B002030B583B093
:103FC00005460191002400E00134012C18D80E4B65
:103FD0001B5D03F0070202A901EBD30313F8043CB5
:103FE000D34013F0010FEFD005EB840201212046EE
:103FF000FFF7B6FF55F82430002BE5D0012000E094
:10400000002003B030BD00BF60DF050038B50546B5
:104010000468204619F00CFC40B104F01F032B602B
:1040200064091BD0012C0DD10D4838BD0D4C4FF447
:104030006C7221460C480EF017FE4FF46C7120464E
:1040400019F094F9074C40F2B932214606480EF0B7
:104050000BFE40F2B931204619F088F90348E4E735
:1040600000288450E0870500FC2F050000258450BF
:104070002DE9F04184B005460C4616461F46084619
:10408000FFF78EFF804656B32146284619F031FCD3
:1040900028B12146284619F0ECFB002843D12146DF
:1040A000284619F0F5FB10B17378012B3BD00123A2
:1040B0008DF80F30002301930096B31C721C0DF194
:1040C0000F01204619F0D0FC2879FFF773FF08F1A3
:1040D000080230F8123043F0030320F81230002FAA
:1040E0003BD02146284619F004FC002837D13E7801
:1040F0002B6806F5A272002143F8221043F8221023
:104100002879FFF757FF08F1080230F8123023F042
:104110002003DB04DB0C20F812307B782BB911482C
:1041200004B0BDE8F0811048FAE7BA780092224660
:104130003146286819F03FFB2879FFF73BFF02461C
:1041400008F1080032F810307603B6B2334343F07A
:10415000200322F810300348E2E70248E0E7024873
:10416000DEE700BF0000AD0B0400AD0B00B583B06F
:10417000019001A8FFF74AFF019A803250F82210FF
:10418000044B0B4043F0020340F8223003B05DF8CB
:1041900004FB00BFF0F0FCFF70B59AB105460C4679
:1041A000164619F066FBC8B12879FFF703FF0546EC
:1041B0002046FFF7F5FE083035F810305B0B337002
:1041C00007480CE0074C40F20D32214606480EF03D
:1041D0004BFD40F20D31204619F0C8F8034870BD80
:1041E0000000AD0BD8DE0500FC2F05000400AD0B70
:1041F000072803D8800000F58070704710B5064C82
:1042000040F2AA32214605480EF02EFD40F2AA31B6
:10421000204619F0ABF800BF18DF0500FC2F0500A1
:10422000F8B504460D46164619F032FBE0B1236896
:10423000D3F80423002A03DB4FF00042C3F8042321
:104240002946204619F015FB20B12946204619F0D1
:1042500050FBA8B986B32946204619F0E7FB014672
:10426000284619F05CFCF8BD194C40F2FA322146A0
:1042700018480EF0F9FC40F2FA31204619F076F8B1
:104280002946204619F03EFB05462768FFF7B0FF98
:1042900000233B503B58226805F5A27152F82130AB
:1042A00043F0010342F82130002EDCD022680123C4
:1042B000AB40C2F80433D6E7054C40F20E4221462B
:1042C00004480EF0D1FC40F20E41204619F04EF8A1
:1042D000D8DE0500FC2F050038B505460C4608461B
:1042E00019F0A6FA88B12146284619F002FBC0B1A0
:1042F0002146284619F0CCFAF8B12146284619F093
:10430000B8FA30BB4FF4BE7038BD154C40F2E51220
:10431000214614480EF0A8FC40F2E511204619F0A1
:1043200025F80F4C4FF4F37221460E480EF09CFC1A
:104330004FF4F371204619F019F8094C40F2E712D6
:10434000214608480EF090FC40F2E711204619F093
:104350000DF82146284619F0D5FAFFF749FFD3E7B3
:10436000D8DE0500FC2F050070B505460846FFF7AE
:1043700017FE04462879FFF71DFE04F1080330F804
:10438000133013F4807F0BD0C3F34326083423F497
:10439000F85320F814303146284619F0C6FA00B117
:1043A00070BD2879FFF706FE002340F836302879E3
:1043B000FFF700FE31467830FFF78CFB074B984241
:1043C000EED0074C4FF4DC72214606480EF04CFC50
:1043D0004FF4DC71204618F0C9FF00BF0000AD0BA0
:1043E000D8DE0500FC2F05002DE9F04182B005461E
:1043F000884616461F46FFF7B7FFAEB33A4631462A
:10440000284619F0AFFA041E20DB2879FFF7D2FD09
:1044100040F834602879FFF7CDFD00EBC400476019
:104420002879FFF7C7FD05464046FFF7B9FD08307C
:1044300035F81030E4B26402A4B2234343F480732D
:1044400025F81030094802B0BDE8F0812879FFF75F
:10445000B1FD0DF107017830FFF71CFB034B9842CB
:10446000F1D19DF80740D0E70048ECE70000AD0B24
:104470002DE9F04385B004460D4617460846FFF780
:104480008FFD0646D7F80080B8F1000F28D02946E6
:10449000204619F01DFA00284FD100238DF80E3068
:1044A0008DF80F300193009343460DF10F020DF18B
:1044B0000E01284619F0D8FA2079FFF77BFD06F1A6
:1044C000080830F8183023F0020320F8183020795B
:1044D000FFF770FD30F8183043F0010320F8183072
:1044E0007B68F3B193F80080D3F804902946204606
:1044F00019F0DFF918B3B9F1000F67D12079FFF790
:1045000059FD083630F8163023F01C0320F8163019
:104510002079FFF74FFD30F8163043EA880320F882
:104520001630BA68002A55D05368126829462046CA
:10453000FFF75AFF05B0BDE8F0832748FAE7207976
:10454000FFF738FD06F1080230F8123023F020039F
:10455000DB04DB0C20F81230B9F1000FCED0B8F13B
:10456000030F35D87B685B6893F80090B8F1000FB3
:1045700008D1236809F5A279002243F8292043F8DD
:104580002920BBE7404619F0BCF90346216809F52C
:10459000A27C51F82C2022F0030241F82C202A465C
:1045A0004946206819F0EDF82079FFF703FD06F180
:1045B000080230F812304FEA49391FFA89F943EA04
:1045C000090343F0200320F8123097E70248B1E7CF
:1045D0000148AFE70148ADE70400AD0B0000AD0BAB
:1045E00038B505460C4619F035F908B9074838BD05
:1045F0002146284619F0A3FA2146284619F03CFB2B
:104600002046FFF7B3FD0248F1E700BF0400AD0B01
:104610000000AD0B70B582B00268174B9A420BD107
:1046200005460E460079FFF7C5FC044690F8803039
:1046300073B1124802B070BD114C4FF4487221465C
:1046400010480EF011FB4FF44871204618F08EFE12
:104650006022002110301DF08CFA236F009300239C
:1046600032464FF00041286819F032FB012384F8EC
:104670008030A3670448DDE700D000500C00AD0B8C
:10468000D8DE0500FC2F05000000AD0B2DE9F0433E
:1046900083B080460F46002300930193C96F68469C
:1046A000FFF78CFC4BE094FAA4F4B4FA84F404F021
:1046B0001F05254B9B5D45EA43152846FFF770FC17
:1046C000083037F81090C9F382090DEB8603E00833
:1046D00004F007041A5C0121A14022EA01021A54E5
:1046E000284619F04FFA03464A462946384619F03B
:1046F00058FA284619F08BFA02AB03EB860353F8FD
:10470000084C002CCFD10136012E0DD80F4B9B5DEC
:1047100007F17C02D90803F00703525C22FA03F385
:1047200013F0010FEFD0E7E73A6F4FF0004140463A
:1047300019F07AFAF96F6846FFF740FC08B10026D5
:10474000E2E703B0BDE8F08364DF050060DF050049
:1047500008B50249024819F007FB08BDD82B002014
:1047600000D000500F2803D8800000F580707047FB
:1047700010B5064C40F2F312214605480EF074FACB
:1047800040F2F311204618F0F1FD00BFBCBC05005B
:10479000FC2F050038B531B114460D460C4B1B7982
:1047A0005BB10C4838BD0C4C372221460B480EF04B
:1047B0005BFA3721204618F0D9FD2A2010F058FF67
:1047C000034B01221A711D609C600548EAE700BF97
:1047D000009100200C00AD0B68DF0500FC2F0500E8
:1047E0000000AD0B10B530B102461D4B1B79012BFB
:1047F0000BD100231CE01B4C4A2221461A480EF024
:1048000033FA4A21204618F0B1FD164C4B222146BE
:1048100015480EF029FA4B21204618F0A7FD52F852
:10482000234003F5A270114941F820400133DBB267
:104830000F2BF4D900230AE003F1100152F82140B4
:1048400003F5B270094941F820400133DBB20F2B68
:10485000F2D9D2F88020054BC3F8042310BD00BF65
:104860000091002068DF0500FC2F050000A0025029
:104870000A4B1B79012B05D101238340084AC2F85A
:104880000433704710B5074C7A22214606480EF0D3
:10489000EBF97A21204618F069FD00BF0091002055
:1048A00000A0025068DF0500FC2F05000A4B1B79B1
:1048B000012B05D101238340084AC2F80833704711
:1048C00010B5074C8222214606480EF0CDF9822110
:1048D000204618F04BFD00BF0091002000A00250C0
:1048E00068DF0500FC2F050038B5104BD3F80C43EA
:1048F00003E00F4A916828469847ACB194FAA4F5B2
:10490000B5FA85F50123AB4024EA03042846FFF7F6
:1049100029FF00F1A04000F5283000230360044B7C
:104920001B68002BE5D1E8E738BD00BF00A00250AE
:1049300000910020034B0022C3F88425C3F804250E
:10494000704700BF00900350034B0122C3F8842539
:10495000C3F80425704700BF00900350034B0222A8
:10496000C3F88425C3F80425704700BF00900350A6
:10497000044BD3F8003413F0010FF9D00160BFF3FA
:104980005F8F70470090035010B5044619F03CFA51
:1049900084420BD3104C40F2071221460F480EF010
:1049A00063F940F20711204618F0E0FC204619F0A8
:1049B00034FA08B90A4810BDFFF7D0FF4FF0FF33B3
:1049C0002360084BD3F8003413F0010FF9D0FFF740
:1049D000B1FF0548EFE700BFA4DF0500FC2F05008D
:1049E0000A00AD0B009003500000AD0B38B5044633
:1049F0000D4619F009FA844212D304F17F4303F5FE
:104A00000043B3F5805F0BD3114C40F29512214661
:104A100010480EF029F940F29511204618F0A6FC36
:104A200014F0030F08D1FFF78FFF29462046FFF748
:104A30009FFFFFF77FFF38BD054C4FF4CB72214637
:104A400004480EF011F94FF4CB71204618F08EFC9B
:104A5000A4DF0500FC2F050070B504460D46164680
:104A600019F0D2F9844212D304F17F4303F50043D5
:104A7000B3F5805F0BD31A4C40F2DF122146194880
:104A80000EF0F2F840F2DF11204618F06FFC14F03F
:104A9000030F0CD115F0030F15D1FFF755FF324668
:104AA0002946204619F0C5F9FFF744FF70BD0C4CAC
:104AB0004FF4F07221460B480EF0D6F84FF4F07127
:104AC000204618F053FC064C40F2E11221460548FE
:104AD0000EF0CAF840F2E111204618F047FC00BF82
:104AE000A4DF0500FC2F05001B4B99422AD014D8E7
:104AF0001A4B994228D004D9194B99420BD0002067
:104B00007047184B994221D0174B994201D0002091
:104B100070470120704701207047144B994217D00D
:104B200004D9134B99420BD000207047114B994286
:104B300010D0114B994201D00020704701207047DE
:104B40000120704701207047012070470120704705
:104B5000012070470120704780841E0020A10700BB
:104B600040420F0048E8010090D003000024F40008
:104B70000048E80100093D0000127A0070B50646C1
:104B80000C464D692946FFF7AFFF002848D02D4B52
:104B90009D420DD02C4B9D420AD094F821301BB180
:104BA000E368B3F1FF3F03D1E369B3F1FF3F03D003
:104BB00032790123934035D094F8233013B194F81F
:104BC00024308BBB3268214B9A4201D0204828E028
:104BD0001C4B9D4201D01E4823E02368B3F1FF3FE8
:104BE00001D0082B22D16368B3F1FF3F01D0092B1C
:104BF0001ED1A368B3F1FF3F01D00A2B1AD194F85C
:104C000021302BB1E368B3F1FF3F01D00B2B13D15F
:104C1000E369B3F1FF3F11D00C2B11D10C4800E038
:104C20000C4870BD0C48FCE70948FAE70948F8E76A
:104C30000848F6E70748F4E70648F2E70448F0E7D3
:104C40000448EEE70048E8010024F40000A000500A
:104C50000000AD0B0400AD0B0300AD0B224B9842DE
:104C600033D012D8214B984232D005D9204B9842EC
:104C70001ED14FF0805070471E4B98422BD01E4BD8
:104C8000984215D14FF0806070471C4B984225D058
:104C900005D91B4B98420BD14FF0A0507047194BD0
:104CA00098421ED0184B984202D14FF000407047F6
:104CB00010B5164C4FF4BC72214615480DF0D4FFC8
:104CC0004FF4BC71204618F051FB4FF00050704774
:104CD0004FF0006070474FF0007070474FF0206059
:104CE00070474FF08040704780841E0020A107006D
:104CF00040420F0048E8010090D003000024F40077
:104D00000048E80100093D0000127A00E0DF0500DC
:104D1000FC2F050038B505460468204619F049F90E
:104D200040B104F01F032B6064091BD0012C0DD18E
:104D30000D4838BD0D4C4FF46C7221460C480DF0F7
:104D400093FF4FF46C71204618F010FB074C40F2B3
:104D5000B932214606480DF087FF40F2B9312046AE
:104D600018F004FB0348E4E700288450E0870500BE
:104D7000FC2F050000258450F0B583B001900C464F
:104D800017461E4601A8FFF7C5FF0199803150F86C
:104D90002130094D1D4044EA470444EA86039DF84A
:104DA000202043EA02239DF8242043EA02432B43B8
:104DB00040F8213003B0F0BDF0F0FCFF70B582B0D8
:104DC0000C460379097C03EBC302204B03EB8203FF
:104DD0009A7F61F341029A7794F82330002B30D107
:104DE00062691B4B9A422ED00026237E012B94BF72
:104DF000002301230093334600220121206819F08B
:104E00001CF90025009533462A460121606819F0F7
:104E100014F900953346A27E2946A06819F00DF9D1
:104E2000237C83F00103009333462A460121E06886
:104E300019F003F90121009133462A46E06919F07F
:104E4000FCF802B070BD0326CFE700BF0C91002034
:104E50000048E80100B583B0019001A8FFF75AFFB0
:104E6000019A803250F82210044B0B4043F00203A9
:104E700040F8223003B05DF804FB00BFF0F0FCFF07
:104E80002DE9F0438BB006460C4605790123AB4073
:104E900004D091F8213013B1012300E000231F4614
:104EA000002B38D094F822906069FFF7D7FE804637
:104EB00094F8231005EBC502344B03EB82039A7F71
:104EC00061F300029A7721463046FFF777FF2FB350
:104ED00005EBC5052D4B03EB85054FF0FF332B622A
:104EE0002368009363680193A3680293A37C8DF801
:104EF0000C30CDF81080237E8DF81430637E8DF851
:104F00001530E3690693BFB1E3680793BFB1237C13
:104F1000B3B1012314E04FF00209C5E7E1681B4B70
:104F200005EBC50203EB82021162217C1346927FDE
:104F300061F341029A77D3E74FF0FF33E5E70023AF
:104F40008DF820308DF821903279012393401AD0CA
:104F500094F820308DF8223094F824308DF82430E5
:104F60006946306818F096FF337903EBC303074AAC
:104F700052F8233023B1306840F3073010F078FB4B
:104F80000BB0BDE8F0830223E4E700BF0C910020E2
:104F900070B584B004460D469C46136823B103F0F7
:104FA0006043B3F1005F06D193684BB103F06043F7
:104FB000B3F1005F04D000236B772F4804B070BDBD
:104FC0001CF0010F2ED00123C4F850351CF0020F45
:104FD0002CD00123C4F840350FCA04AE06E90F00F7
:104FE000C4F84405C4F84815C4F83425039BC4F834
:104FF00038350023C4F81831D4F818310723C4F821
:1050000000351CF0080603D12B689BB101232361F6
:105010002B68FBB11CF0040F29D04023C4F80833DF
:105020001648CBE70023C4F85035CFE70023C4F877
:105030004035D1E701232361D4F81831002BFBD090
:10504000D4F81831002BE3D00023C4F81831D4F879
:105050001831DDE70021284618F0D7FF0EB10748C8
:10506000ACE72946204619F011F80448A6E740238A
:10507000C4F804330148A1E70A00AD0B0000AD0BF2
:1050800038B505460C4601F10C02402118F02FFFFF
:1050900028B1236823B12146284619F00DF838BD00
:1050A000054C40F2F632214604480DF0DDFD40F299
:1050B000F631204618F05AF9E0DF0500FC2F050014
:1050C0002DE9F04F83B00193A1B1044617468846FD
:1050D000067906EBC602194B03EB82031B7F5BBB11
:1050E000FFF74CFD0546164B98420FD0284603B0FB
:1050F000BDE8F08F134C40F24B22214612480DF0D0
:10510000B3FD40F24B21204618F030F9DFF82C9027
:1051100006EBC60309EB830B49F82370019BCBF820
:10512000043041462046FFF7ABFE00238BF81D30CC
:1051300001238BF81C30D9E7044DD7E70C910020F0
:105140000000AD0BE0DF0500FC2F05000C00AD0BEF
:10515000F0B587B0047904EBC403314E06EB830647
:10516000337F7BB30546006840F3073010F085FAC3
:1051700004EBC4032A4A52F823303BB12B68294A76
:10518000C3F808233146286818F080FF2B68D3F84D
:1051900008050390D3F80C650496D3F810750597AD
:1051A00004EBC4021E4B03EB82039B7F13F0010F41
:1051B00014D004EBC4041A4B03EB840300221A77C7
:1051C00007B0F0BD184C4FF42B72214617480DF074
:1051D0004BFD4FF42B71204618F0C8F818F04EFF25
:1051E000384618F04BFF304618F048FF04EBC40275
:1051F0000B4B03EB8203186A18F040FF2A79012356
:105200009340D6D02B68D3F86C050190D3F8145591
:10521000029518F033FF284618F030FFC9E700BFA9
:105220000C91002052010800E0DF0500FC2F050072
:10523000F8B590F804C00CEBCC03494D05EB8305A1
:105240002B7F002B47D007460C4616460B68002BD9
:105250004DD0A368002B59D0E389002B65D1E3889A
:10526000002B62D116F0080F08D00CEBCC023C4B9F
:1052700003EB82031B6AB3F1FF3F62D10CEBCC025C
:10528000374B03EB82035B7F002B66D11346344A16
:1052900052F823304BB116F0140F06D10CEBCC02B0
:1052A0002F4B03EB820301225A770CEBCC0C2C4BD7
:1052B00003EB8C0C0CF10C0C94E80F008CE80F0045
:1052C0000121284618F0A1FE3346224629463868B7
:1052D000FFF75EFEF8BD234C40F291322146224892
:1052E0000DF0C2FC40F29131204618F03FF84B68B7
:1052F000002BAED01B4C40F2923221461A480DF0E2
:10530000B3FC40F29231204618F030F8E368002BED
:10531000A2D0144C40F29332214613480DF0A4FC65
:1053200040F29331204618F021F80E4C4FF465728C
:1053300021460D480DF098FC4FF46571204618F099
:1053400015F8084C40F29732214607480DF08CFCC6
:1053500040F29731204618F009F80448BAE700BF38
:105360000C910020E0DF0500FC2F05000B00AD0BC9
:1053700008B502490248FFF783FE08BD0C910020E2
:1053800000A0005038B501230360A1B104460D46CA
:105390004B680BB9012343610020074B034053B90D
:1053A0002A460649204618F09DFE10F4007FF4D0EE
:1053B00001236361F1E738BD02000400020204002A
:1053C0000123836000293CD070B505460E464B682A
:1053D0000BB90123436100201A4C044084BB3246C0
:1053E0001949284618F07EFE10F4007FF4D0D5F855
:1053F0006031ABB9D5F8001201222A626A612046F9
:10540000002BE9D011F4807FE6D0D5F848010028C0
:10541000E2D00023C5F84831D5F848312046DBE713
:105420000023C5F86031D5F86031D5F8001211F4C9
:10543000007F02D04FF08073E2E74FF08073DBE72C
:1054400070BD70470200040002020400034610F021
:10545000010F08D1064813F0020F00D0054813F0E1
:10546000040F02D170470448F5E70448FAE700BF8B
:105470000100AD0B0100AE0B0000AE0B0200AE0B45
:1054800038B505460468204618F090FE40B104F097
:105490001F032B6064091BD0012C0DD10D4838BDB2
:1054A0000D4C4FF46C7221460C480DF0DDFB4FF4AF
:1054B0006C71204617F05AFF074C40F2B932214672
:1054C00006480DF0D1FB40F2B931204617F04EFFEF
:1054D0000348E4E700288450E0870500FC2F05001E
:1054E00000258450F0B583B001900C4617461E4647
:1054F00001A8FFF7C5FF0199803150F82130094D0F
:105500001D4044EA470444EA86039DF8202043EA0C
:1055100002239DF8242043EA02432B4340F8213024
:1055200003B0F0BDF0F0FCFF70B582B00446C37B61
:105530000BB1807B50BBA368B3F17F6F0ED32368A0
:10554000222B06D0232B2FD16368222B2ED10B26A2
:1055500005E06268232AF5D10B2600E00626A07B31
:10556000A0B920686368984212D000250195009682
:1055700003232A462946FFF7B5FF0195009603232A
:105580002A4629466068FFF7ADFF012002B070BDD2
:10559000074C40F20712214606480DF065FB40F229
:1055A0000711204617F0E2FE0020EFE70020EDE7AC
:1055B0001CE00500FC2F05002DE9F04104460D46D6
:1055C00016461F46002380F82330536833B1D36852
:1055D00003F06043B3F1005F40F04B813378023B4E
:1055E000DBB2012B48D9A44BC5F8083394F824301A
:1055F000002B4AD117F0140F0CBF0123002384F8AD
:105600002430337884F82030737884F82130F368BC
:10561000E3607368236133696361B368A361C7F3AF
:10562000001384F82530E7617378C5F888350023C6
:10563000C5F86031D5F86021C5F84831D5F8482162
:10564000C5F82431D5F82421C5F80431D5F8043142
:1056500017F0010F1FD00123C5F8503517F0020FC6
:105660001DD00123C5F840353378032B00F2D980D3
:10567000DFE803F0AAC66619336903F06043B3F1AB
:10568000005FB0D0DFF8FC819BE0A368C5F804336D
:10569000DFF8F48195E00023C5F85035DEE70023FC
:1056A000C5F84035E0E717F0100F25D117F0080FC7
:1056B0002ED117F0040F37D14FF48073C5F80032A4
:1056C000E2682369C5F84425C5F848350123AB6075
:1056D00000224FF48011284618F004FD0028F7D16D
:1056E0006269A369C5F84425C5F848354FF480239D
:1056F000A360DFF8988139E0604C4FF40B722146CB
:105700005F480DF0B1FA4FF40B71204617F02EFEF2
:105710005A4C40F22D22214659480DF0A5FA40F28C
:105720002D21204617F022FE544C40F22E22214615
:1057300053480DF099FA40F22E21204617F016FE3C
:10574000E2682369C5F84425C5F848356269A3694C
:10575000C5F83425C5F838354FF48453C5F8003200
:1057600001232B620223A360DFF8208117F0080FCA
:1057700011D13378032B0ED0012B55D02368002B89
:105780005CD000212846FFF71BFE73681BB9236815
:105790000BB101236B612368002B52D017F0040F6B
:1057A00001D00023A36017F0400F03D1A36843F09A
:1057B0000203A360A36843F40073A360A368C5F861
:1057C00004334046BDE8F081E2682369C5F844250A
:1057D000C5F8483517F0200F0BD04FF48073C5F88B
:1057E00000324FF48023A36001232B62DFF89C80FA
:1057F000BCE74FF40073C5F800320223A360F3E75F
:10580000E2682369C5F83425C5F838354FF480536C
:10581000C5F8003201232B620223A360DFF86C80FD
:10582000A4E7DFF86C80A1E7236823B100212846B4
:10583000FFF7A8FDA9E704F10C01F8E704F10C015A
:10584000A0E7D5F8C404C5F8C404002384F82430C4
:1058500018B1FFF7FBFD8046B3E717F0400FB0D15A
:105860002146284618F0B4FC0028AAD1DFF824808D
:10587000A7E7DFF81080A4E702029C011CE0050006
:10588000FC2F05000A00AD0B0B00AD0B0000AD0BAB
:105890000400AD0B0100AD0BF0B587B005460C461A
:1058A00091F82030012B72D001F114072368002BEE
:1058B00070D03A460221284618F014FC06463A46B3
:1058C0004FF40071284618F00DFC002800F0898084
:1058D000002E6BD0E36913F0400F04D194F823300D
:1058E000002B00F0B180E36913F0040F32D10023E4
:1058F000C5F86031D5F86021C5F85C31D5F85C3168
:1059000094F8253013B194F823309BB10023C5F8E7
:105910000032A360664BC5F8083345F30733002B0C
:1059200008DB03F01F015B0901228A4060336149F3
:1059300041F8232094F820308DF8043094F8213079
:105940008DF80530E3680493236902936369059336
:10595000A3690393D5F8C434C5F8C43413F0020F17
:1059600000F08D8001238DF8003094F825300BB9BC
:1059700084F82430E36913F0040F02D094F8233044
:105980001BB1236861686846984707B0F0BD01F114
:105990000C078BE7484C40F20632214647480DF091
:1059A00063F940F20631204617F0E0FCA368C5F821
:1059B00008330223A360A368C5F8043300224FF024
:1059C0008071284618F08EFB20B1D5F8003213F410
:1059D000007F02D101232B626B61012384F8233005
:1059E000D3E7002E7FF476AF3A464FF48021284665
:1059F00018F078FB94F820307BBB94F8253093B9ED
:105A0000C5F80032A3602A4BC5F8083345F30733C5
:105A1000002B08DB03F01F015B0901228A40603381
:105A2000244941F8232094F820308DF8043094F86C
:105A300021308DF80530E36804932369029363698C
:105A40000593A369039385E72146284618F0C0FB18
:105A500080F0010084F8230045E74FF40073C5F897
:105A6000003240F20223A36003F1CE73C5F808337D
:105A7000A368C5F804330123AB602B6285E713F0FC
:105A8000040F03D002238DF800306EE713F0010FEE
:105A900003D003238DF8003067E794F823301BB15F
:105AA00004238DF8003060E700238DF800305CE7B8
:105AB00002029C0100E100E01CE00500FC2F050053
:105AC00030B585B00D6800954C6801948A680292E3
:105AD000C97B8DF80C10036819B9C3F80855C3F8D1
:105AE0000C45C3F82425037903EB8303054A52F8D8
:105AF000333023B1006840F307300FF0B9FD05B033
:105B000030BD00BF309100202DE9F04169B105465C
:105B10000E46047904EB8400204901EBC00191F8A2
:105B2000221071B11E48BDE8F0811E4C40F21B12DC
:105B300021461D480DF098F840F21B11204617F041
:105B400015FC164804EB840C00EBCC0140F83C201B
:105B50004B6000238B6081F8253081F82430B37BC3
:105B600081F827303046FFF7DFFC08B90F48DAE745
:105B7000727B0A4F4FEA840804EB840307EBC303EC
:105B800083F8262031462846FFF79AFFA04407EB0A
:105B9000C807012387F822300548C4E73091002068
:105BA0000C00AD0B1CE00500FC2F05000400AD0B44
:105BB0000000AD0B037903EB8301104A02EBC10235
:105BC00092F82220012A0CD102680621C2F80015A1
:105BD00003EB8303094A02EBC303022283F822206A
:105BE000704710B5064C4FF4E172214605480DF0A0
:105BF0003BF84FF4E171204617F0B8FB30910020DC
:105C00001CE00500FC2F050038B5037903EB830188
:105C1000154A02EBC10292F82220C2B1124A03EBEC
:105C2000830102EBC10100248C6000680F4DC0F8B5
:105C30000853D0F8005225F4BC55C0F80052C0F803
:105C40000045012081F8220081F8244038BD084C2D
:105C50004FF4E772214607480DF006F84FF4E7715C
:105C6000204617F083FB00BF3091002002029C0108
:105C70001CE00500FC2F050010B50479FCB9844632
:105C800013464A68B2F5803F19D28A68B2F5803F60
:105C900015D204EB840E254800EBCE0090F82220AC
:105CA000022A18D104EB8404204A52F83440F4B19B
:105CB00064B30A46DCF80010FFF77EFC10BD1C4CF4
:105CC00040F2B62221461B480CF0CEFF40F2B6212E
:105CD000204617F04BFB164C4FF42F722146154807
:105CE0000CF0C2FF4FF42F71204617F03FFB0A78EB
:105CF000022ADDD10E4C40F2BF2221460D480CF0A5
:105D0000B3FF40F2BF21204617F030FB0A78032A88
:105D1000CFD1074C4FF43072214606480CF0A4FF57
:105D20004FF43071204617F021FB00BF3091002066
:105D30001CE00500FC2F050008B502490248FFF7EA
:105D4000ABFD08BD309100200090005038B50546ED
:105D50000468204618F07EFA40B104F01F032B605F
:105D600064091BD0012C0DD10D4838BD0D4C4FF4EA
:105D70006C7221460C480CF077FF4FF46C71204692
:105D800017F0F4FA074C40F2B932214606480CF0FD
:105D90006BFF40F2B931204617F0E8FA0348E4E718
:105DA00000288450E0870500FC2F05000025845062
:105DB000F0B583B005460E4618F06BFA304618F081
:105DC00068FA019501A8FFF7C1FF019A803250F8E7
:105DD0002230204F3B4040F20D64234340F82230F4
:105DE000019601A8FFF7B2FF019A803250F82230E5
:105DF0003B40234340F82230042017F08FFC00245E
:105E0000082C12D8304618F051FA70B9284618F00C
:105E100033FA042017F082FC284618F03AFA0420DE
:105E200017F07CFC0134E4B2EAE7304618F024FABB
:105E3000042017F073FC304618F02BFA042017F0FA
:105E40006DFC304618F032FA10B1034803B0F0BDD3
:105E50000248FBE7F0F0FCFF0000AD0B0100AD0BCA
:105E6000F8B50D4617460C4BDC6900E024680B4B77
:105E70009C420DD0A4F14406294654F8440CD8F7AE
:105E800027F80028F2D13E60304618F019FB01E0F7
:105E90006FF01200F8BD00BF5891002074910020EF
:105EA00010B5044600F12403416A826A4A60416ADF
:105EB000116083624362436803B19847064B9B6855
:105EC0003BB1054A1279062A03D922680349072003
:105ED0009847002010BD00BF5891002058E00500F1
:105EE000F8B505460F460C4BDC6800E024680B4B08
:105EF0009C420DD0A4F12406294654F8240CD7F76F
:105F0000E7FF03460028F1D1002FEFD03E6001E00B
:105F10006FF001031846F8BD5891002064910020ED
:105F200020B310B50446006818B3037823B30021EA
:105F3000FFF7D6FF18B304F11C032362E36104F1F9
:105F40002402124B1969A16203F10C0060621A610C
:105F50000A609B68B3B1A0F10C021279062A13D92A
:105F600022680B4907209847002010BD6FF01500EC
:105F700070476FF01500F8E76FF01500F5E76FF068
:105F80001000F2E70020F0E70020EEE75891002033
:105F900070E0050038B5134A1368591C11600BB145
:105FA000002038BD054614462422002120461BF05F
:105FB000E0FD2B68A3602B79237104F10C032361AE
:105FC000E36004F11403A361636104F11C03236221
:105FD000E361284600F01AF80028E2D12368013373
:105FE0002360DEE75891002008B5074A1368013B9B
:105FF000136003B108BD00F011F82422002102480B
:106000001BF0B7FDF6E700BF5891002008B5024825
:10601000FFF786FF002008BD5C2C002008B5024871
:10602000FFF73EFF08BD00BF5C2C00200EB400B59A
:1060300082B0431EDBB2062B00D90020074B53F879
:10604000201007480CF0B1FB04A901910398DFF779
:10605000CFFF02B05DF804EB03B070472CE1050000
:1060600080C505002DE9F04F87B004920593DDF857
:1060700040B0002853D01E460546036A63B11C6831
:1060800054B1119B0193CDF800B03346A0470346AD
:10609000184607B0BDE8F08FEB6A049A9A4241D8DF
:1060A00000241EE09968988918F00CFA0346002233
:1060B0003946504618F0C0F92B6A9B6A56F80920F9
:1060C000029201935BF8243000934346059A52F8FC
:1060D0002420A1B2284618F03EFB03460028D7D161
:1060E0000134049B9C4218D22E6B04EB44034FEA0C
:1060F000C30906EBC30303F10408AA69002ADBD134
:10610000D3F814A05F68DAF80020BF1ADAF8082084
:106110009742C7D34FF0FF37C4E70023B8E76FF0CB
:106120001503B5E7004BB3E740F4FFFFA0B110B58E
:106130000446028D43899A420AD0084B9B683BB1C2
:10614000064A1279032A03D9426805490420984770
:10615000204617F021F910BD704700BF589100206C
:106160004CE1050043898B4217D910B4446AB4F856
:1061700002C0013B03EA0C0304EBC30359609A60BD
:10618000BFF35B8F426A538801335380438D0133E1
:10619000438500205DF8044B70470148704700BFFD
:1061A00041F4FFFFB2F580620AD48A420ADA530949
:1061B00050F8230002F01F02D04000F001007047A9
:1061C00001487047004870472DF8FFFFB2F5806224
:1061D0000FD48A420FDA4FEA521C50F82C3002F0EA
:1061E0001F02012101FA02F2134340F82C30002073
:1061F0007047024870470148704700BF2DF8FFFF05
:1062000070B582B0069C80B1006A80B18BB1B2F1EA
:10621000FF3F10D0002C10DBD0F884507DB1079EDA
:1062200001960094A84702B070BD0648FBE70548F8
:10623000F9E70448F7E70348F5E70248F3E70148C0
:10624000F1E700BF2DF8FFFF30B583B0069C70B1B9
:10625000006A70B17BB1B2F1FF3F0ED0002C0EDBB3
:10626000D0F894506DB10094A84703B030BD0648F3
:10627000FBE70548F9E70448F7E70348F5E7024874
:10628000F3E70148F1E700BF2DF8FFFF2DE9F04FDC
:1062900085B0DDF83C80002868D00C4691461D464C
:1062A0008246002964D0B8F1000F63D001F1640781
:1062B000384618F084FBB5F1FF3F12D0B5F5806F7A
:1062C00025D304F1500B2A4680215846FFF76AFF78
:1062D0000646B0B1002800DD274E384601F0BEFA70
:1062E00034E08022216E04F1500018F03CFB05469A
:1062F000B0F1FF3F38D0431C03F07F032366002634
:1063000006E02A4680215846FFF760FF00E000269D
:10631000DAF844300393109B0293CDF804800E9B6F
:1063200000932B464A465146204618F0F3FB384668
:1063300001F094FA9AF800303BB194F8A43023B1FC
:10634000DAF82830B3F1FF3F04D04EB9304605B03B
:10635000BDE8F08F0021504618F06EFB0646F4E7CA
:10636000504618F047FBF1E7034EB6E7034EEDE762
:10637000024EEBE7014EE9E729F8FFFF2DF8FFFF9A
:1063800008B583681A0C06D0A3F5803383601B0C14
:106390000DD1012008BD074B9B6833B1054A127926
:1063A000022A02D90449032098470020F2E700207E
:1063B000F0E700BF5891002070E1050070B500B310
:1063C000054600F16406304618F062FCD5F8B4309A
:1063D0009B691BB9D5F8A840103C00E00024012BB4
:1063E00006D0002C0BDD304601F038FA204670BD97
:1063F000D5F8BC0018F07AFAA0F11004F1E7024CCD
:10640000F1E7024CF2E700BF2EF8FFFF2DF8FFFF87
:1064100070B500B3054600F16406304618F038FC4C
:10642000D5F8B4309B691BB9D5F8AC40103C00E0FE
:106430000024012B06D0002C0BDD304601F00EFAB3
:10644000204670BDD5F8B80018F050FAA0F110043D
:10645000F1E7024CF1E7024CF2E700BF2EF8FFFF34
:106460002DF8FFFF70B584B0044616461D46D0F8DF
:10647000B400806930B1D4F8B4309B69012B17D0D7
:1064800004B070BD0291039200910123002202A981
:10649000D4F8B80018F072F90028ECD00D4C7D2229
:1064A00021460D480CF0E0FB7D21204616F05EFFF2
:1064B00032462946D4F8B800FFF754FE0028DFD052
:1064C000044C8322214604480CF0CEFB8321204655
:1064D00016F04CFF94E10500FC2F05002DE9F0417A
:1064E00084B003689F6A1FE0304601F0B7F904B03A
:1064F000BDE8F081D4F83480AA89294651F8103BD0
:10650000606C00902046C047002838DB304618F009
:10651000BFFB204618F060FA2846FFF731FF00283D
:1065200039D1304601F09AF907F16406304618F087
:10653000AFFB0DF10A0203A9384618F04EFC0546E0
:106540000028D1D0BDF80A3083604FF0FF33426895
:106550000021384618F0AFFA044618F038FAAB6854
:1065600003F58033AB60304601F078F9002CCDD0D4
:10657000A36AB3F1FF3FBDD12B68A362BAE70A4C0F
:1065800040F25A22214609480CF06EFB40F25A2193
:10659000204616F0EBFE2946384618F039FCD7F8AD
:1065A000B80018F095F9BCE794E10500FC2F050050
:1065B0002DE9F04184B004460A9EA3F1100753F878
:1065C000085CADB201920091ADF80C60002302931B
:1065D000ADF80E30D0F8C0000168791A836899428E
:1065E00021D210236A4617F0E6FE10281ED104F1CE
:1065F0006408404618F04CFBD4F8B4309B690BBBE0
:10660000D4F8A8202B463946204618F02DFC00BBB4
:10661000D4F8BC0018F05CF9404601F01FF9304690
:1066200004B0BDE8F0814FF0FF31DAE70F4C4FF4D2
:10663000DF7221460E480CF017FB4FF4DF71204645
:1066400016F094FE2946D4F8BC0018F0E1F8024692
:10665000D8E7064C40F2C912214605480CF004FB6D
:1066600040F2C911204616F081FE00BF94E10500FA
:10667000FC2F050008B5410CC003064BC018064AA4
:106680004FF0000341F10001D7F708FC03F05CF97B
:10669000002008BD3F420F0040420F002DE9F047A7
:1066A00084B005460E46904699460C9F0D9A03A964
:1066B00018F060FC58B38246039CBC4200DB3C46A9
:1066C000D5F8C0000168AAEB0101836899420FD296
:1066D00023464A4617F06FFE84420CD1009453467D
:1066E000424631462846FFF763FF04B0BDE8F08715
:1066F0004FF0FF31ECE7074C4FF405722146064896
:106700000CF0B2FA4FF40571204616F02FFE034844
:10671000EBE700BF94E10500FC2F05002EF8FFFF1A
:106720002DE9F0478CB0DDF85080159F002800F06F
:1067300011810D4691461E460446002900F00D8148
:10674000002B00F00D810021C0F8D010A8221BF012
:1067500010FA04F164000122114619F0EDFAC4F8B0
:10676000B450C4F87C90AC62854BC4F88430854B3F
:10677000C4F88830844BC4F88C30844BC4F8903013
:10678000834BC4F89430834BC4F89830824BC4F8E0
:106790009C30824BC4F8A030AB6943B9002F00F0A5
:1067A000E28004F1A80397E8070083E80700AB69DB
:1067B000012B13D007A9284618F018FA81460028A3
:1067C00040F0AE80079B03F0010384F8A430AB696E
:1067D0001BBB3B7A4BB108F10C0307E0204618F0D5
:1067E00026FA81460028E5D09AE04346C4F8C43032
:1067F000B8F1000F00F0BA80D8F80820002A00F0A5
:10680000B8809B68002B00F0B780654B0A93654BFE
:106810000B93654B0893654B0993AB69012B2FD004
:10682000C4F8C06004F1C803C4F8CC30C4F8C83060
:106830000021019108AB00930AAB02222846FFF722
:1068400011FC814600286BD1AB693BB92B6B1B68EF
:10685000C4F8B8302B6B9B69C4F8BC30AB69012B12
:1068600017D0D4F8BC0018F001F80023012B19D878
:106870002A6B03EB430152F83120D6620133F5E76E
:10688000484B0A93464B0B93484B0893464B09934E
:10689000C6E72B6B9B69C4F8B8302B6B1B68C4F838
:1068A000BC30DEE7D5F818A0BAF1000F31D1D4F82A
:1068B000AC30069310E0D4F8AC300022304617F02C
:1068C000BBFD00970123002205A9D4F8B80017F0FA
:1068D00055FFE0B90AF1010AD4F8B8305B89534595
:1068E00017D9D4F8AC10404618F0DAFA074640B190
:1068F00005903168411AB3689942DCD34FF0FF31FB
:10690000D9E7DFF8B490284618F03DF908E0814651
:10691000F9E76460246094F8A4302BB9AB698BB1BB
:1069200048460CB0BDE8F087039400230293204B47
:106930000193352300931F4A04F10801204618F003
:10694000E9F8EBE70421284618F03EF981460028D3
:10695000E6D0D8E7DFF86490E2E7DFF86090DFE7A1
:10696000DFF85890DCE7DFF85490D9E7DFF84C9077
:10697000D6E7DFF84490D3E7DFF83C90D0E700BFDC
:106980009D660300E9EC040035EE040075EF040099
:10699000B1650300A1EC040011640300BD630300B2
:1069A000D8E10500E0E10500DD6403008FEC0400A0
:1069B0000BED0400E8E105002EF8FFFF2DF8FFFFC6
:1069C00030B587B084468E461546074A03AC07CAE1
:1069D00084E8070001940A9A00922A4671466046AC
:1069E000FFF79EFE07B030BDB02E05000A4B00E059
:1069F00018330A4A934203D8084A9342F8D370479F
:106A000010B5074C1822214606480CF02DF9182124
:106A1000204616F0ABFC00BF50230500A024050063
:106A2000ECE10500FC2F0500044B03600448C01A8C
:106A3000044BA3FB00300009704700BF5023050042
:106A4000A0240500ABAAAAAA014B9868A8307047F9
:106A50008064002038B505460A4B53F8204002E018
:106A60002368984708346B1C064A52F82330A34227
:106A700006D96368002BF3D0204619F061F8F1E7DE
:106A800038BD00BF3CE20500F0B587B0044600EB1E
:106A90004016104D05EBC60600EB80100E4B03EBC5
:106AA00044130E4A0592012204920F2203920022FF
:106AB0000292019200930A4B4FF48052094901EB74
:106AC0008011304601F072FF737B23F0040373736F
:106AD00007B0F0BD706200208064002010E2050065
:106AE000ED710300001C012008B553EA020102D138
:106AF00002F068FF08BD0249183003F08BFBF9E78C
:106B00000701050010B586B0254C14E0636A0593B3
:106B1000236A0493E3690393A3690293636901936E
:106B200023690093E368A2686168206801F03EFF72
:106B300023685C6630341B4B9C4206D8194B9C4240
:106B4000E4D302F025FD164C0AE0174C4222214600
:106B500016480CF089F84221204616F007FC303424
:106B6000104B9C420ED80F4B9C4215D2A26AE36A8E
:106B7000B3F1FF3F08BFB2F1FF3FF0D02068FFF74D
:106B8000B3FFECE7084C6622214608480CF06CF88D
:106B90006621204616F0EAFB02F034FD06B010BD77
:106BA000C8260500C826050018E20500FC2F0500D0
:106BB00008B50B4B01221A700320FFF74BFFE5F7D6
:106BC000FFFB18F0DDFF0420FFF744FFFFF79AFFFB
:106BD000DBF774F9034A137B23F00103137308BD39
:106BE0006FA200207863002008B50146014A0248E0
:106BF000E7F734F9B16B03007863002008B5034868
:106C0000034A121A002118F0B3FF08BDF833002020
:106C100070A2002010B50446FFF736FF04EB4412C3
:106C20000B4B03EBC2030B4901EB4412D36014740A
:106C300004EB8410084B03EB801303F5825353607D
:106C4000240138340C44D4610123237210BD00BFE9
:106C50007062002080640020C00B012070B586B0F7
:106C600002F05EFD104D114B1D62114B0593012387
:106C70000493002403940294019400940D4B4FF468
:106C800040520D49284601F091FE06466B7B23F0E9
:106C900004036B73284602F007FA2046FFF7BAFF99
:106CA000304606B070BD00BF7863002080640020CD
:106CB0009C440500B16B0300402C012008B5002066
:106CC000FFF7C8FE1F4B03F5805282F30888403B54
:106CD00083F30A881C4CE02384F822300025E577F2
:106CE00025766576A57684F82050636A43F4E02320
:106CF000636284F82350E6F723FEE7F7D3F84FF0FA
:106D0000FF33A362E362E7F7BFFBE7F7FBF8E1F7C6
:106D10001DFC0E4C012666732673C4F8AC50C4F8F3
:106D2000B050204604F0E2FA094B9C60FFF75EFE8B
:106D30003046FFF78FFE0220FFF78CFEFFF78EFF35
:106D4000FFF752FF000C012000ED00E0F06500208D
:106D50008064002010B50D4C05E0A26861682046F3
:106D600018F00FFF18340A4B9C4204D8084B9C4281
:106D7000F3D3002010BD074C1922214606480BF022
:106D800073FF1921204616F0F1FA00BF08310020E8
:106D90002031002058E20500FC2F05002DE9F04FBE
:106DA00089B0804604919346129D139F2A463B4624
:106DB00006A819F019FADDE90634CDE9023408F124
:106DC0001406EFF31184202383F31288BFF36F8F2F
:106DD000304603F0E5F8059060B1304603F00AF95B
:106DE000EFF3058313B157EA05030DD14FF0000A05
:106DF000D14630E0324C8822214632480BF034FF35
:106E00008821204616F0B2FA2F4C4B2221462D48FD
:106E10000BF02AFF4B21204616F0A8FADDE90223E9
:106E200006A819F017FA069D079F0095019708F12B
:106E30000C022146304602F005FAEFF311842023BC
:106E400083F31288BFF36F8F304603F0A9F8A0B127
:106E5000304603F0CFF8B9F1000F18D15A46049923
:106E60004046DEF75FFC814688B93D430FD0BAF15A
:106E7000000FD3D1DDF814A0D0E7114C88222146B1
:106E800010480BF0F1FE8821204616F06FFA3046CC
:106E900003F096F838B184F31188BFF36F8F48463A
:106EA00009B0BDE8F08F064C40F23112214605488A
:106EB0000BF0DAFE40F23111204616F057FA00BF0F
:106EC000685B0500FC2F050058E20500F8B5044694
:106ED0000D4600F11406EFF31187202383F3128887
:106EE000BFF36F8F304603F05BF880B1304603F09C
:106EF00081F829462046DEF7BDFB04F10C0019F0AD
:106F00001CF970B13946304602F0F4FAF8BD0F4C66
:106F1000882221460E480BF0A7FE8821204616F055
:106F200025FA304603F04CF820B187F31188BFF3FF
:106F30006F8FEBE7054C40F23112214604480BF00D
:106F400093FE40F23111204616F010FA685B0500FE
:106F5000FC2F0500836863B14268036813605A60C0
:106F6000002303604360427B22F00202427383608D
:106F7000704710B5044C9922214604480BF074FE6A
:106F80009921204616F0F2F97CE20500FC2F05005D
:106F900010B50D4C00200D4B9C4209D80B4B9C4268
:106FA00010D2204618F0F5FD00280BDB2034F2E764
:106FB000074C9422214607480BF056FE94212046A8
:106FC00016F0D4F910BD00BFA83000200831002011
:106FD000A8E20500FC2F05002DE9F04383B004462C
:106FE0000E4690461F4600F10805EFF31189202355
:106FF00083F31288BFF36F8F284602F0D1FFE8B108
:10700000284602F0F7FF216989B3316009682161E0
:10701000E3690133E361D9B1204618F0D5FDE0B151
:107020000024284602F0CCFF002838D089F31188CC
:10703000BFF36F8F204603B0BDE8F0831E4C88225B
:1070400021461E480BF010FE8821204616F08EF9CE
:1070500062699342E0D10024E3E7194CE92221461A
:1070600016480BF001FEE921204616F07FF957EA99
:10707000080304D1002333606FF00B04D1E7CDF88F
:107080000080019722464946284602F0DBF8044674
:107090000028CFD10B4B9B685B693360CAE7064C75
:1070A00040F23112214605480BF0DEFD40F231116D
:1070B000204616F05BF900BF685B0500FC2F050059
:1070C000A8E20500806400202DE9F84304460D463F
:1070D00018F07AFD10B304F10806EFF311872023AE
:1070E00083F31288BFF36F8F304602F059FF08B365
:1070F000304602F07FFF236933B323692B6025619B
:10710000E369013BE361304602F05AFF002858D0A2
:1071100087F31188BFF36F8FBDE8F8832F4C40F2DF
:10712000111221462E480BF09FFD40F2111120460E
:1071300016F01CF92B4C8822214629480BF094FDAF
:107140008821204616F012F9EFF31183202282F3F2
:107150001288BFF36F8F83F31188BFF36F8FDBB19A
:10716000D4F80080444521D0B8F1000918BF4FF091
:107170000109B8F1000F1CD1B9F1000FBDD00023F7
:10718000C8F8C030C8F81450404601F08DFF3946A9
:10719000304602F0AFF9BFE7134CB0222146104849
:1071A0000BF062FDB021204616F0E0F84FF0000829
:1071B000DAE74046FFF7CEFE08F1180003F0E4F8E6
:1071C000DAE7084C40F23112214605480BF04CFD3D
:1071D00040F23111204616F0C9F800BFA8E20500C0
:1071E000FC2F0500685B05007CE2050008B50D4B2F
:1071F0009B6893F90E30002B09DBEFF311832023FA
:1072000083F31288BFF36F8F0EF05CFAF5E7064C3C
:107210001B22214605480BF027FD1B21204616F0B6
:10722000A5F800BF80640020D0E20500FC2F050017
:10723000EFF31183202282F31288BFF36F8F0BB11B
:1072400000BF704710B5054C6222214604480BF080
:107250000BFD6221204616F089F800BFD0E2050040
:10726000FC2F0500836863B14268036813605A60AD
:10727000002303604360427B22F00202427383607A
:10728000704710B5044C9922214604480BF0ECFCE1
:107290009921204616F06AF87CE20500FC2F0500D3
:1072A0002DE9F04182B0EFF3058159BB0446164643
:1072B0001D46EFF31187202383F31288BFF36F8FEE
:1072C000674802F06DFE38B3654802F093FEE1684E
:1072D00061BB002977D1634B9B6893F90E30236122
:1072E0000131E1605F4B9B68A3605D4802F068FE7E
:1072F00000286AD087F31188BFF36F8F002002B097
:10730000BDE8F081584C6F22214658480BF0ACFC88
:107310006F21204616F02AF8554C88222146534802
:107320000BF0A2FC8821204616F020F8A2684D4BF5
:107330009B689A42CDD055EA060152D092F90E8050
:10734000414693F90E0018F064FC804560DC4FF074
:1073500000080096019522463946414801F072FF27
:107360000028CCD0EFF31185202383F31288BFF3DC
:107370006F8F3B4802F014FE00284FD0384802F0CF
:1073800039FEA368002B55D023689C4250D0002BB7
:107390004ED0216993F90E0018F03BFC01462046BF
:1073A00018F042FC002848D1B8F1000F45D12C4814
:1073B00002F006FE002847D085F31188BFF36F8FD7
:1073C0006FF00A009BE7236989E7294C40F23112EC
:1073D000214626480BF048FC40F23111204615F0BA
:1073E000C5FF1F4802F0ECFD30B187F31188BFF3F1
:1073F0006F8F6FF00F0082E71D4C40F23112214673
:107400001A480BF031FC40F23111204615F0AEFF66
:107410000146204618F008FC80469AE7144C882262
:10742000214612480BF020FC8821204615F09EFFD3
:107430002169B4E7B8F1000FB9D02946084802F035
:1074400059F86FF00A005AE7094C40F23112214610
:1074500006480BF009FC40F23111204615F086FF7A
:107460007C91002080640020F4E20500FC2F0500E0
:10747000685B0500F8B5EFF3058393B904468368AC
:10748000002B00F08C80494A9268934240F08A8039
:10749000C36883B1012B18D9013BC360002528467E
:1074A000F8BD434CD722214642480BF0DDFBD721E3
:1074B000204615F05BFF3E4CEF2221463D480BF085
:1074C000D3FBEF21204615F051FFEFF31187202366
:1074D00083F31288BFF36F8F374802F061FD30B33A
:1074E000354802F087FD2169204618F09DFBEFF337
:1074F0001183202282F31288BFF36F8F83F31188E8
:10750000BFF36F8FEBB12668A64224D0351E18BF9B
:10751000012516BBA66045BB0023E360264802F0A8
:107520004FFD80B387F31188BFF36F8FB7E7234C0C
:10753000882221461F480BF097FB8821204615F032
:1075400015FF1F4CB02221461A480BF08DFBB021CD
:10755000204615F00BFF0026D8E73046FFF782FEE5
:1075600006F1180002F010FFD4E796F90E302361FF
:107570000025C6F8C050304601F096FD39460E4849
:1075800001F0B8FF8BE70D4C40F23112214609485B
:107590000BF06AFB40F23111204615F0E7FE6FF068
:1075A00015057CE74FF0FF3579E700BF80640020C8
:1075B000F4E20500FC2F05007C910020685B0500CB
:1075C0007CE20500836863B14268036813605A6017
:1075D000002303604360427B22F002024273836017
:1075E000704710B5044C9922214604480BF03CFB2F
:1075F0009921204615F0BAFE7CE20500FC2F05001B
:107600002DE9F84F04460F46154699469DF8286027
:1076100000F10808EFF3118A202383F31288BFF3E7
:107620006F8F404602F0BCFCA0B3404602F0E2FC83
:1076300006B16768EFF31183202282F31288BFF34B
:107640006F8F83F31188BFF36F8F6BB304F10C025C
:10765000E668B24232D0B6F1000B18BF4FF0010B12
:1076600076BBBBF1000F33D1B9F1000F3BD1002342
:107670002B602A463946204618F0F8FA042104F116
:10768000140003F02BFC5146404601F033FF5846EE
:10769000BDE8F88F244C8822214624480BF0E4FAF8
:1076A0008821204615F062FE214CB02221461F4859
:1076B0000BF0DAFAB021204615F058FE0026CAE792
:1076C0003046FFF77FFF06F1180002F05DFEC8E7C5
:1076D0002946304618F0EFFA5146404601F00AFFBD
:1076E0004FF0000BD3E70821002003F005FE20B186
:1076F0004560012202600546BBE7404602F060FC9F
:1077000030B18AF31188BFF36F8F6FF00B0BBEE7B8
:10771000054C40F23112214604480BF0A5FA40F224
:107720003111204615F022FE685B0500FC2F050094
:107730007CE205002DE9F04182B0044617469846E8
:1077400000F10805EFF31186202181F31288BFF3C1
:107750006F8F284602F024FCD8B1284602F04AFC7C
:10776000206870B3036823F00303236062689042CB
:1077700019D0012118F0A7FA0446284602F020FC8F
:1077800098B186F31188BFF36F8F204602B0BDE831
:10779000F081204C882221461F480BF065FA882191
:1077A000204615F0E3FD6360E3E71A4C40F2311226
:1077B000214619480BF058FA40F23111204615F0D5
:1077C000D5FD58EA070315D1284602F0F9FB28B188
:1077D00086F31188BFF36F8F0024D6E70D4C40F27B
:1077E000311221460C480BF03FFA40F2311120468D
:1077F00015F0BCFD0097CDF8048004F10C02314671
:10780000284601F01FFD18B9044B9B685C69BCE772
:107810000024BAE7685B0500FC2F050080640020A7
:10782000836863B14268036813605A600023036091
:107830004360427B22F0020242738360704710B5BE
:10784000044C9922214604480BF00EFA9921204657
:1078500015F08CFD7CE20500FC2F0500F8B5044610
:10786000EFF31186202383F31288BFF36F8F29482B
:1078700002F096FB38B3274802F0BCFBEFF311830C
:10788000202282F31288BFF36F8F83F31188BFF336
:107890006F8F13B32568AC4229D02F1E18BF012764
:1078A0003DBB77BBA368E268934231D00122134409
:1078B000A360022104F1100003F010FB31461548CB
:1078C00001F018FEF8BD144C8822214613480BF035
:1078D000CBF98821204615F049FD114CB0222146F4
:1078E0000E480BF0C1F9B021204615F03FFD0025F0
:1078F000D3E72846FFF794FF05F1180002F044FD96
:10790000CFE70023C5F8C030284601F0CDFBD5E70E
:107910000022CCE780910020685B0500FC2F050069
:107920007CE20500F0B583B0044616461D46EFF331
:10793000058111B155EA02031CD1EFF31187202311
:1079400083F31288BFF36F8F2B4802F029FBD8B165
:10795000294802F04FFBA16861B30139A1602648B4
:1079600002F02EFBD0B187F31188BFF36F8F002098
:1079700003B0F0BD214C8822214621480BF074F958
:107980008821204615F0F2FC1E4C882221461C4816
:107990000BF06AF98821204615F0E8FC194C40F2FA
:1079A0003112214616480BF05FF940F231112046A2
:1079B00015F0DCFC55EA060316D10F4802F000FB77
:1079C00030B187F31188BFF36F8F6FF00F00CFE7EF
:1079D0000C4C40F23112214609480BF045F940F2B7
:1079E0003111204615F0C2FC009601952246394619
:1079F000014801F027FCBBE78091002018E3050057
:107A0000FC2F0500685B050070B50546EFF3118695
:107A1000202383F31288BFF36F8F254802F0C0FA4A
:107A200018B1234802F0E6FA1CE0224C88222146D5
:107A300021480BF019F98821204615F097FC1F4CBE
:107A4000B02221461C480BF00FF9B021204615F05A
:107A50008DFCCCB904B36FF00A03C4F8C0302046E3
:107A600001F022FBEFF31183202282F31288BFF38F
:107A70006F8F83F31188BFF36F8F002BDFD02C68DB
:107A8000A542E6D10024E4E72046FFF7C9FE04F151
:107A9000180002F079FCDDE70023AB60022105F15C
:107AA000100003F01BFA3146014801F023FD70BDC0
:107AB00080910020685B0500FC2F05007CE205003A
:107AC00000B585B0094A02AB92E8030083E80300E1
:107AD00000934FF0FF334FF4405205490548D7F764
:107AE000BFFD002005B05DF804FB00BFBC2E050003
:107AF000805C0120C864002070B338B50D46044690
:107B00001B4B9B6883421BD000231A46D4F82031BC
:107B1000C3F38001C3F3C00013F0010F1FD001B104
:107B200002B300B109B300232B60D4F80C3173B158
:107B30001D60C4F80C51204618F071F9012038BDC1
:107B400018F00CFA08B90123DFE70023DDE7C4F8D9
:107B50000C51C4F80851EEE76FF0150070476FF054
:107B60001200ECE76FF00F00E9E76FF00F00E6E7B7
:107B70008064002070B50D46C36813F0020F2FD14A
:107B8000044613F0040F30D10B68B3B1E36813F06F
:107B9000010F21D0A3689BB12B60022621462868E3
:107BA000FFF7AAFF00281DDBE36843F00403E3604E
:107BB0002B68A36096B1304616E083680B60E5E75A
:107BC0000B4C4FF4AA7221460A480BF04DF84FF4C3
:107BD000AA71204615F0CAFB0126DFE7304601E016
:107BE0006FF00F0000232B6070BD0020FAE700BF8C
:107BF00044E30500FC2F050070B582B00446A0F1F7
:107C00001006EFF31185202383F31288BFF36F8FE3
:107C10001C4802F0C5F9B8B11A4802F0EBF900238C
:107C2000019354F8043C23F0080244F8042C13F0A8
:107C3000080F13D1134802F0C3F9B0B185F31188CE
:107C4000BFF36F8F02B070BD0F4C882221460F48E2
:107C50000BF00AF88821204615F088FBA3690193F0
:107C600001A93046FFF786FFE4E7074C40F23112E6
:107C7000214606480AF0F8FF40F23111204615F07F
:107C800075FB00BF8C910020685B0500FC2F050090
:107C900038B504460D4608300122002118F04CF892
:107CA000656000232360054B5B681BB11C60034BC0
:107CB0005C6038BD014B5C601C60FAE78491002079
:107CC00010B5C36823F00203C360134B1C687CB17A
:107CD000236803B10CB100210FE02346FBE72246E5
:107CE0000D4818F055F804F10800FFF7B7FD10BD76
:107CF0002346F0E71A461C461346002CF7D062686C
:107D00008242ECD02146002BF4D01A68002AF2D02F
:107D1000002BF0D11A46EEE784910020F0B585B033
:107D200005463EE0734C8822214673480AF09CFFCA
:107D30008821204615F01AFBD5F8203123F00402E3
:107D4000C5F8202113F0040F14D112F0100F1AD02F
:107D50000023C5F82031694802F032F9002800F00C
:107D6000878086F31188BFF36F8F05B0F0BDC5F82B
:107D70000C3130E005F58C7400220121204601F021
:107D8000B7FF0028F8D1002302934FF0FF324FF0E5
:107D9000FF33CDE9002305F588723146574801F0DD
:107DA000FDFFEFF31186202383F31288BFF36F8F5B
:107DB000524802F0F5F80028B4D0504802F01AF901
:107DC000D5F80841002CB7D02368C5F80831D5F89C
:107DD0000C219442CBD0D5F8203143F00203C5F8F2
:107DE0002031E36843F00102E26023F0040343F032
:107DF0000103E3606768414802F0E2F8002843D0DD
:107E000086F31188BFF36F8F002F49D02046B84703
:107E1000EFF31186202383F31288BFF36F8F374867
:107E200002F0BEF8002847D0344802F0E3F8E368D7
:107E300023F00103E36013F0100F47D1E36813F060
:107E4000020F47D1D5F8203123F00203C5F82031C5
:107E5000C3F30024294802F0B3F800283ED086F38B
:107E60001188BFF36F8F002C9BD101F061FC98E764
:107E7000204C40F2311221461F480AF0F5FE40F234
:107E80003111204615F072FA1A4C40F23112214697
:107E900019480AF0E9FE40F23111204615F066FA61
:107EA000174C40F2AB22214613480AF0DDFE40F2A7
:107EB000AB21204615F05AFA0E4C882221460E4876
:107EC0000AF0D2FE8821204615F050FA204617F01D
:107ED000CBFFB3E72046FFF7F3FEB3E7054C40F2D4
:107EE0003112214604480AF0BFFE40F2311120460B
:107EF00015F03CFA685B0500FC2F05008C91002012
:107F000044E3050008B58446084653EA02010CD054
:107F1000C16841F00801C160DCF8001081620549C8
:107F2000103002F077F9012008BD6146FFF722FE0C
:107F3000FAE700BFF97B030010B538B181B1002228
:107F4000026042608260C260416010BD094C9922AB
:107F5000214609480AF088FE9921204615F006FAC4
:107F6000044C9A22214604480AF07EFE9A212046BB
:107F700015F0FCF944E30500FC2F050010B504469C
:107F800010300122002117F0D7FE04492046FFF7E8
:107F9000D3FFE36843F01003E36010BDD7FD040096
:107FA00038B5C36803F00503002B14BF0124002477
:107FB00009D085684DB10A460146284617F076FF7C
:107FC000284617F02CFF204638BD064C4FF4DF72D0
:107FD000214605480AF048FE4FF4DF71204615F0AF
:107FE000C5F900BF44E30500FC2F050070B5044649
:107FF000EFF31186202383F31288BFF36F8F1548A8
:1080000001F0CEFF80B1134D284601F0F3FFE46884
:1080100004F01F04284601F0D3FF78B186F31188DD
:10802000BFF36F8F204670BD0B4C882221460B4852
:108030000AF01AFE8821204615F098F9064C40F205
:108040003112214605480AF00FFE40F23111204658
:1080500015F08CF98C910020685B0500FC2F050061
:1080600070B582B0019009B30C464B6853B3EFF37F
:108070001186202383F31288BFF36F8F224801F00B
:108080008FFF58B3204D284601F0B4FF01A92046C8
:10809000FFF770FD0446284601F092FF40B386F3D7
:1080A0001188BFF36F8F204602B070BD174C4FF49C
:1080B000BD72214616480AF0D7FD4FF4BD71204627
:1080C00015F054F9114C40F27B12214610480AF089
:1080D000CBFD40F27B11204615F048F90D4C88226B
:1080E00021460B480AF0C0FD8821204615F03EF9D4
:1080F000084C40F23112214605480AF0B5FD40F225
:108100003111204615F032F98C91002044E305002E
:10811000FC2F0500685B050008B50146014817F013
:10812000E3FE08BDC8640020F8B568B30C460546F8
:10813000C36813F4807F33D117F010FF00283BD1C0
:10814000002C45D0EFF31187202383F31288BFF36F
:108150006F8F354801F024FF002845D0324E30465D
:1081600001F048FF21462846FFF71AFF0546304632
:1081700001F026FF002841D087F31188BFF36F8FED
:10818000002D47D12846F8BD284C4FF4E572214612
:1081900027480AF069FD4FF4E571204615F0E6F82E
:1081A000224C40F2CB12214621480AF05DFD40F2FC
:1081B000CB11204615F0DAF81C4C4FF4E67221463C
:1081C0001B480AF051FD4FF4E671204615F0CEF839
:1081D000164C40F2CD12214615480AF045FD40F2FA
:1081E000CD11204615F0C2F8124C882221461048C5
:1081F0000AF03AFD8821204615F0B8F80D4C40F2FF
:10820000311221460A480AF02FFD40F23111204672
:1082100015F0ACF804F110004FF0FF324FF0FF33CF
:10822000FFF780FBAEE700BF8C91002044E3050020
:10823000FC2F0500685B050070B508B30446C368F1
:1082400013F4807F28D1EFF31186202383F3128863
:10825000BFF36F8F214801F0A3FE48B31F4D28469E
:1082600001F0C8FE204617F0C5FD0446284601F07F
:10827000A7FE38B386F31188BFF36F8F204670BD19
:10828000174C4FF40A72214616480AF0EDFC4FF4E1
:108290000A71204615F06AF8114C40F22922214655
:1082A00010480AF0E1FC40F22921204615F05EF862
:1082B0000D4C882221460B480AF0D6FC8821204626
:1082C00015F054F8084C40F23112214605480AF0E6
:1082D000CBFC40F23111204615F048F88C9100207B
:1082E00044E30500FC2F0500685B050010B528B1CC
:1082F0004FF49472002119F03CFC10BD054C4FF472
:108300003372214604480AF0AFFC4FF43371204623
:1083100015F02CF844E30500FC2F050070B584B07F
:1083200000283AD00D46044617F018FE002840D128
:10833000EFF31186202383F31288BFF36F8F334846
:1083400001F02EFE002840D0304801F053FED4F852
:10835000203113F0060F04D11DB9D4F80821002AEA
:108360003DD043F00402C4F820211DB143F00C03BA
:10837000C4F82031204617F052FD002302934FF03D
:10838000FF324FF0FF33CDE9002304F58C72314604
:108390001E4801F003FD04B070BD1D4C4FF4417246
:1083A00021461C480AF060FC4FF44171204614F04D
:1083B000DDFF174C40F20532214616480AF054FC06
:1083C00040F20531204614F0D1FF134C882221469B
:1083D00010480AF049FC8821204614F0C7FF0B48DA
:1083E00001F0EEFD28B186F31188BFF36F8F0020F6
:1083F000D1E7094C40F23112214606480AF034FC1C
:1084000040F23111204614F0B1FF00BF8C910020E2
:1084100044E30500FC2F0500685B050038B558B142
:108420000C460546A1B13022002119F0A2FB6C6078
:108430004FF48073EB6038BD0B4C40F27A3221462A
:108440000A480AF011FC40F27A31204614F08EFFFF
:10845000054C40F27B32214604480AF005FC40F20C
:108460007B31204614F082FF44E30500FC2F050019
:10847000F0B583B0019008B30C4616461D4649B3CB
:10848000EFF31187202383F31288BFF36F8F264801
:1084900001F086FD50B3244801F0ACFDE36813F011
:1084A0001E0F2DD00024204801F08AFD80B387F3F1
:1084B0001188BFF36F8F204603B0F0BD1B4C40F214
:1084C000F53221461A480AF0CFFB40F2F53120463A
:1084D00014F04CFF154C40F2F632214614480AF0D5
:1084E000C3FB40F2F631204614F040FF114C8822C5
:1084F00021460F480AF0B8FB8821204614F036FFC9
:1085000032462B46214601A8FFF7FCFC0446CAE789
:10851000084C40F23112214605480AF0A5FB40F212
:108520003111204614F022FF8C91002044E3050015
:10853000FC2F0500685B050008B501460148FFF700
:1085400097FF08BDC86400202DE9F04182B001907A
:1085500040B30C4617461D4681B3EFF31188202324
:1085600083F31288BFF36F8F254801F019FD88B39C
:10857000234E304601F03EFD204617F07EFC3A4681
:108580002B46214601A8FFF7BDFC0446304601F00A
:1085900017FD48B388F31188BFF36F8F204602B0F0
:1085A000BDE8F081174C4FF48362214616480AF06B
:1085B0005BFB4FF48361204614F0D8FE114C40F26F
:1085C0001942214610480AF04FFB40F2194120465B
:1085D00014F0CCFE0D4C882221460B480AF044FBD7
:1085E0008821204614F0C2FE084C40F23112214688
:1085F00005480AF039FB40F23111204614F0B6FE6E
:108600008C91002044E30500FC2F0500685B050009
:1086100008B501460148FFF797FF08BDC864002070
:1086200070B5E8B10446EFF31186202383F3128876
:10863000BFF36F8F1B4801F0B3FCE8B1194D28461A
:1086400001F0D8FC204617F029FC0446284601F02A
:10865000B7FCD8B186F31188BFF36F8F204670BD89
:10866000114C40F23A42214610480AF0FDFA40F21D
:108670003A41204614F07AFE0D4C882221460B48E0
:108680000AF0F2FA8821204614F070FE084C40F2FD
:108690003112214605480AF0E7FA40F2311120462E
:1086A00014F064FE8C91002044E30500FC2F0500CB
:1086B000685B05002DE9F04168B30C4606460029C9
:1086C00035D017F04BFC054600283CD1EFF311885C
:1086D000202383F31288BFF36F8F354801F060FCCD
:1086E00000283CD0324801F085FCF36803F01F03FA
:1086F000002B14BF012700273BD12D4801F060FC5F
:1087000000283FD088F31188BFF36F8F002D45D12B
:108710003846BDE8F081274C40F24B4221462648BE
:108720000AF0A2FA40F24B41204614F01FFE214C01
:1087300040F24C42214620480AF096FA40F24C4161
:10874000204614F013FE1B4C40F24D4221461A48BD
:108750000AF08AFA40F24D41204614F007FE174C09
:108760008822214614480AF07FFA8821204614F016
:10877000FDFD304617F092FB2146304617F065FBB1
:108780000546BAE70D4C40F2311221460A480AF07C
:108790006BFA40F23111204614F0E8FD04F10800B4
:1087A0004FF0FF324FF0FF33FFF7BCF8B0E700BFE8
:1087B0008C91002044E30500FC2F0500685B050058
:1087C000836863B14268036813605A6000230360E2
:1087D0004360427B22F0020242738360704710B50F
:1087E000044C9922214604480AF03EFA9921204679
:1087F00014F0BCFD7CE20500FC2F0500F8B5054631
:10880000EFF31187202383F31288BFF36F8F35486E
:1088100001F0C6FBA0B1334801F0ECFBEFF311838C
:10882000202282F31288BFF36F8F83F31188BFF386
:108830006F8F7BB12C68A54216D0BCB9002628E00A
:10884000294C8822214629480AF00EFA8821204620
:1088500014F08CFD264CB022214624480AF004FA7C
:10886000B021204614F082FD0024E6E72046FFF701
:10887000A7FF04F1180001F087FDDFE71C4CB022D0
:1088800021461A480AF0F0F9B021204614F06EFD96
:10889000CCB904B301360023C4F8C030204600F040
:1088A00003FCEFF31183202282F31288BFF36F8F52
:1088B00083F31188BFF36F8F002BDFD02C68A542A4
:1088C000E6D10024E4E72046FFF77AFF04F1180020
:1088D00001F05AFDDDE73946024800F00BFE304654
:1088E000F8BD00BF90910020685B0500FC2F0500DB
:1088F0007CE2050008B553EA020102D101F062F8FA
:1089000008BD0249183001F085FCF9E707010500B0
:1089100010B5044640B11F2204F1880019F06BFA2B
:10892000002084F8A70010BD014B9C68F3E700BF4E
:10893000806400202DE9F843467B69B389466AB319
:1089400002F1FF3800252F4600E00135F6B1144B47
:1089500003EBC5039C883442F7D0114ADB8852F8F8
:108960003520A8EB070109EB070017F0C7FA074409
:10897000E44364B22640E8D001230A4AA8EB070189
:1089800009EB070017F0BAFA0744DEE7002309F8FD
:1089900007304846BDE8F8830348FBE70248F9E79B
:1089A000D8E3050068E30500E46705002DE9F04F12
:1089B00085B004460E4617461D46DDF838A0DDF8A2
:1089C0003C90DDF840801199DDF84CB00F2965D05E
:1089D00001F110031E2B65D804F16803A366E3665A
:1089E000129B0422204617F0C1FA3A46314620462F
:1089F00017F08FFA0746CDF80880CDF80490CDF82F
:108A000000A02B46024631462046FAF76BFB0023B6
:108A100063666567C4F878A0C4F87C90C4F8808069
:108A2000EFF31186202383F31288BFF36F8F324850
:108A300001F0B6FA002841D02F4D284601F0DAFAAD
:108A40002E4B1A6BC4F884201C63284601F0B8FA38
:108A500000283DD086F31188BFF36F8FBBF1000F64
:108A600042D01F22594604F1880019F0C4F90023AE
:108A700084F8A730214B9B68002B39D0D3F8B8304D
:108A8000C4F8B830002323636363A363E363012363
:108A900084F83830384605B0BDE8F08F184B9D4259
:108AA00096D199E7174C4FF40172214616480AF007
:108AB000DBF84FF40171204614F058FC134C882267
:108AC000214611480AF0D0F88821204614F04EFCC7
:108AD0000E4C40F2311221460B480AF0C5F840F224
:108AE0003111204614F042FC002384F88830C1E79D
:108AF000C4F8B830CEE700BFA89100208064002001
:108B0000ED7103006CE30500FC2F0500685B0500B8
:108B100070B586B00446109E119DEFF30580B8B97C
:108B2000002005900E9804900D9803900C980290E8
:108B30000B9801900A9800902046FFF737FFB5F197
:108B4000FF3F08BFB6F1FF3F0ED1204606B070BD13
:108B5000084C40F29122214607480AF085F840F27D
:108B60009121204614F002FC32462B462046FFF7A6
:108B7000C1FEEAE76CE30500FC2F050008B5024BD7
:108B8000986802F03DFA08BD806400200A4A9368A4
:108B9000C3F8BC006FF00A01C3F8C01007494B6866
:108BA00043F080534B60002383F31188BFF36F8F32
:108BB0009368D3F8C00070478064002000ED00E0A7
:108BC000836863B14268036813605A6000230360DE
:108BD0004360427B22F0020242738360704710B50B
:108BE000044C9922214604480AF03EF89921204677
:108BF00014F0BCFB7CE20500FC2F050010B5EFF380
:108C000005833BB90D4B9A68D37B012B0CD0013BFC
:108C1000D37310BD0A4C8F2221460A480AF024F86B
:108C20008F21204614F0A2FB054C902221460548D6
:108C30000AF01AF89021204614F098FB8064002076
:108C40007CE20500FC2F0500427B90F90D30002BE3
:108C500004DB12F01F0F01D1816901B1704710B51B
:108C600062F07F024273324B984206D0314A52F88A
:108C7000243F934218D10B4616E02F4C4F22214639
:108C80002E4809F0F1FF4F21204614F06FFB5A687F
:108C900042600360106058601FE01A46254CA46AC9
:108CA000A24210D01B6883B17BB190F90EC093F93A
:108CB0000E209445F1D0A2EB0C02002AE7DC1A4604
:108CC000002BEBD1EFE70B46EDE71A4B9A6A03F165
:108CD00024010160426010609862164B53F8244FE3
:108CE0009C420FD074B1134B9B6873B15A7B12F046
:108CF0001F0F14D1DA897F2A11D9A2697AB90D4AD6
:108D0000136213E00B4BDC68EDE70D4CD6222146D5
:108D10000A4809F0A9FFD621204614F027FBA342F8
:108D200002D0204601F0A4F8024B1C6210BD00BF27
:108D3000706200208064002018E40500FC2F05000C
:108D40003CE4050010B5437B90F90D20002A15DBAB
:108D5000214B9A6853F8244F9C4227D034B3824267
:108D600031D032B3537B13F01F0F2CD1D3897F2B1B
:108D700029D9A3693BBB184B1A622BE003F07F0390
:108D80004373164B984207D04268036813605A60D9
:108D9000002303604360DBE7114C56222146114853
:108DA00009F062FF5621204614F0E0FA0A4BDC6815
:108DB000D5E70D4CD62221460A4809F055FFD621A9
:108DC000204614F0D3FAA24202D0204601F050F817
:108DD000014B1C6210BD00BF806400207062002047
:108DE00018E40500FC2F05003CE4050010B504461E
:108DF0000123437303730023C0F8AC30C0F8B030D4
:108E000002F074FA014B9C6010BD00BF806400202A
:108E10002DE9F84305460C464C4B9E68737B13F0D6
:108E2000600F2BD013F0200F32D008271F4225D11E
:108E30003B43737313F0800F2CD1082F42D04FF0B7
:108E40000009424B53F8248F984557D0B8F1000FD2
:108E500054D03E4B9B68434502D0404601F008F891
:108E60003A4BC3F82080102F08D03046E4F7CEFFED
:108E7000304601F0C7F8B9F1000F43D1344801F092
:108E80009FF8002842D084F31188BFF36F8F56E01B
:108E90001027CBE703F07F0373732E4B9E4207D05E
:108EA0007268336813605A60002333607360C4E7EC
:108EB000294C56222146294809F0D6FE5621204643
:108EC00014F054FAB36813B13046FFF779FE304618
:108ED00017F0EDF806F1680017F0EEF81B4B9B68F1
:108EE0009E4202D04FF00009ABE7EFF3058313B9C0
:108EF0004FF00009A5E74FF00109A2E7134BD3F8A3
:108F00000C80A6E71648FFF771FFB7E7154C40F253
:108F100031122146114809F0A7FE40F231112046D6
:108F200014F024FAEFF31184202383F31288BFF3A3
:108F30006F8FFEF77DF984F31188BFF36F8F6B7B22
:108F400013F0600FEED1BDE8F88300BF806400200D
:108F5000949100207062002018E40500FC2F0500A9
:108F6000F0650020685B0500B3F1FF3F08BFB2F178
:108F7000FF3F00D1704708B50249183001F04AF9A7
:108F800008BD00BF0701050010B5437B90F90D2017
:108F9000002A0DDB437B63F07F0343733D4B984214
:108FA0001ED03D4A52F8243F934230D100232EE098
:108FB00003F07F034373374B984207D0426803683E
:108FC00013605A60002303604360E3E7334C56228A
:108FD0002146334809F048FE5621204614F0C6F9D0
:108FE0002E4C4F2221462E4809F03EFE4F212046AE
:108FF00014F0BCF95A6842600360106058601EE0CB
:109000001A462549896A8A420FD01B687BB173B121
:1090100090F90E1093F90E209142F1D0521A002AC5
:10902000E8DC1A46002BECD1F0E70023EEE71A4B00
:109030009A6A03F124010160426010609862164B45
:109040009A6853F8244F9C420FD074B1824219D0D1
:1090500072B1537B13F01F0F14D1D3897F2B11D919
:10906000A3697BB90C4B1A6213E00B4BDC68EDE78C
:109070000C4CD62221460A4809F0F6FDD62120469E
:1090800014F074F9A24202D0204600F0F1FE024B27
:109090001C6210BD706200208064002018E405008E
:1090A000FC2F05003CE4050070B50546EFF3118682
:1090B000202383F31288BFF36F8F194800F070FFED
:1090C00020B10024164800F095FF12E0154C8822CC
:1090D0002146154809F0C8FD8821204614F046F9BC
:1090E0000F4800F06DFF70B186F31188BFF36F8FEA
:1090F0000124A4B9284616F0A6FF0028F0D128467E
:10910000FFF7A2FDECE7074C40F23112214606487A
:1091100009F0AAFD40F23111204614F027F970BD84
:1091200094910020685B0500FC2F050070B5054692
:10913000EFF31186202383F31288BFF36F8F184853
:1091400000F02EFF20B10024154800F053FF15E079
:10915000144C88222146144809F086FD88212046B7
:1091600014F004F92846FFF72BFD0D4800F028FF06
:1091700048B186F31188BFF36F8F01247CB9AB68C7
:10918000002BEFD1F1E7074C40F23112214606489F
:1091900009F06AFD40F23111204614F0E7F870BD85
:1091A00094910020685B0500FC2F050070B5044613
:1091B000EFF31186202383F31288BFF36F8F1E48CD
:1091C00000F0EEFE20B100251B4800F013FF19E06F
:1091D0001A4C882221461A4809F046FD882120466B
:1091E00014F0C4F8637B23F0040363732046FFF795
:1091F0002BFD114800F0E4FE80B186F31188BFF327
:109200006F8F0125B5B9637B13F0280FF1D1A368E7
:10921000002BE7D02046FFF7D3FCE3E7074C40F2F2
:1092200031122146064809F01FFD40F23111204657
:1092300014F09CF870BD00BF94910020685B05009D
:10924000FC2F0500F8B52C4B9D682C4B1D602C4B5A
:10925000984223D004460F461646EFF3118320238D
:1092600083F31288BFF36F8F254800F099FE08B38F
:10927000234800F0BFFEDDE9062331461E48806822
:1092800016F035FF204600F09BFEE8B11C4800F0C8
:1092900097FE28B33846FFF779FCF8BD194C40F229
:1092A0006D222146184809F0DFFC40F26D2120466E
:1092B00014F05CF8154C88222146134809F0D4FCC0
:1092C0008821204614F052F8104C40F26B122146CF
:1092D0000D4809F0C9FC40F26B11204614F046F825
:1092E0000A4C40F26B122146074809F0BDFC40F2DF
:1092F0006B11204614F03AF8806400209891002009
:109300009491002018E40500FC2F0500685B05001F
:10931000F8B50546EFF31187202383F31288BFF3D6
:109320006F8F1B4800F03CFE28B10026184800F063
:1093300061FE002413E0174C88222146164809F0EC
:1093400093FC8821204614F011F80024104800F006
:1093500037FE70B187F31188BFF36F8F0126A6B96E
:109360002C68A542F1D0002CF0D02046FFF728FC55
:10937000ECE7084C40F231122146074809F074FC32
:1093800040F23111204613F0F1FF2046F8BD00BF36
:1093900094910020685B0500FC2F05002DE9F8433F
:1093A00004460E46EFF31187202383F31288BFF3A0
:1093B0006F8F4A4800F0F4FD38B1002580464748D9
:1093C00000F018FE4FF0000956E0454C8822214677
:1093D000444809F049FC8821204613F0C7FF424C5D
:1093E000562221463F4809F03FFC5621204613F003
:1093F000BDFF5A686260236014605C601CE01A461E
:109400003A4DAD6AAA420DD01B686BB163B193F9B6
:109410000E209042F3D0121A002AEADC1A46002BE2
:10942000EED1F2E70B46F0E7304B9A6A03F12401E4
:109430002160626014609C622C4B53F8245F9D4253
:109440000BD055B1294B9B689D4202D0284600F0B5
:109450000FFD264B1D62C14605E0244BDD68F1E798
:10946000A6734FF000091D4800F0AAFD30B387F342
:109470001188BFF36F8F012565BB637B13F01F0F4E
:10948000EED1A1690029EBD103F07F036373184B80
:109490009C42A4D06268236813605A600023236052
:1094A000636070B2A073637B63F07F0363730F4AE2
:1094B00052F8243F9342A9D10B46A7E7084C40F24B
:1094C00031122146074809F0CFFB40F23111204606
:1094D00013F04CFF4846BDE8F88300BF949100208C
:1094E000685B0500FC2F050018E40500806400207F
:1094F0007062002038B50D46D1B9EFF30583BBB9D2
:10950000154B1A6A9B689A4212D000F059FD18B1A7
:109510002846FFF73BFB12E0104C40F26B1221464D
:109520000F4809F0A1FB40F26B11204613F01EFF1B
:1095300000F046FD20B185F31188BFF36F8F38BD71
:10954000064C40F231122146054809F08DFB40F2ED
:109550003111204613F00AFF80640020685B05008B
:10956000FC2F050008B5034650B9EFF305823AB960
:10957000064A116A9268914202D0FFF707FB03E0A6
:1095800083F31188BFF36F8F08BD00BF8064002094
:1095900038B5EFF31185202383F31288BFF36F8F63
:1095A000154800F0FDFC80B10024134800F022FDB6
:1095B0000CBBFFF723FB104800F002FD78B185F3E8
:1095C0001188BFF36F8F0124F2E70C4C88222146EB
:1095D0000B4809F049FB8821204613F0C7FE074CD1
:1095E00040F231122146064809F03EFB40F23111AB
:1095F000204613F0BBFE38BD94910020685B050047
:10960000FC2F050038B5EFF31185202383F3128872
:10961000BFF36F8F3C4800F0C3FC20B100243A48F0
:1096200000F0E8FC3EE0394C88222146384809F039
:109630001BFB8821204613F099FE364C40F2FE2297
:109640002146334809F010FB40F2FE21204613F07A
:109650008DFE304C40F2FF2221462D4809F004FBDC
:1096600040F2FF21204613F081FE2B4AD4682DE002
:109670002A4CD6222146264809F0F6FAD621204661
:1096800013F074FEA34202D0204600F0F1FB224BFF
:109690001C621D4800F094FC38B385F31188BFF3B9
:1096A0006F8F0124002C2CD11B4B9B68DA7B002A86
:1096B000C3D0EFF305810029CBD10132DA73164A0A
:1096C00052F8244F9442D0D0002CCED0002BCFD0D3
:1096D0005A7B12F01F0FD5D1DA897F2AD2D9A2691D
:1096E000002ACFD10C4A1362D3E7084C40F2311262
:1096F0002146074809F0B8FA40F23111204613F02C
:1097000035FE16F00FFD38BD94910020685B050012
:10971000FC2F050018E40500806400203CE40500EF
:1097200008B5024816F020FD08BD00BFA064002067
:1097300038B5EFF30583C3B9EFF31184202383F326
:109740001288BFF36F8F394800F02AFCC8B1374840
:1097500000F050FC364B9A689B6A9A421BD0136803
:10976000516812680A6051601CE0324C40F21442A9
:109770002146314809F078FA40F21441204613F0AE
:10978000F5FD2E4C882221462B4809F06DFA8821E0
:10979000204613F0EBFD0023E2E7254A926A93424C
:1097A00012D01B6893B1224A906890F90E1093F979
:1097B0000E209142F1D0521A002AEEDD5A68426022
:1097C0000360106058600AE00023EBE7184B9A68CA
:1097D000996A03F12400106051600A609A62144B88
:1097E00053F8245F9D4211D085B1114B9B689D4277
:1097F00002D0284600F03CFB0D4B1D620B4800F0E8
:10980000DFFB30B12046FFF7C1F938BD084BDD68FA
:10981000EBE70A4C40F26B122146074809F024FAA4
:1098200040F26B11204613F0A1FD00BF949100207F
:109830008064002018E40500FC2F0500685B05002B
:109840002DE9F843EFF30583002B44D104460D4680
:1098500050EA01034BD06FF001031B1A4FF0FF32A7
:1098600062EB0102012B72F1000244DB6FF0010692
:10987000361AEFF31189202383F31288BFF36F8F19
:109880002A4800F08DFB002839D0DFF8A080404640
:1098900000F0B0FB264FB868264B1860FFF752FA6D
:1098A000B86822462B462449183000F0B3FCBA6849
:1098B000537B43F004035373404600F081FB40B3F5
:1098C0004846FFF763F916F087FC301A002800DCE1
:1098D0000020BDE8F883194C40F22F422146184879
:1098E00009F0C2F940F22F41204613F03FFDFFF787
:1098F0001FFF0020EDE716F06FFC0619B9E7114CC9
:10990000882221460E4809F0AFF98821204613F03D
:109910002DFD0C4C40F26B122146094809F0A4F9C8
:1099200040F26B11204613F021FD00BF94910020FE
:1099300080640020989100200701050018E40500CC
:10994000FC2F0500685B050038B5EFF305832BBBE2
:1099500005460C46FFF774FFB4F1FF3F08BFB5F1B1
:10996000FF3F27D0C217510141EAD06143011B1AC2
:1099700061EB0201890041EA93719B001B1842EBE5
:109980000102D20042EA5372DB0047F6FF71581819
:1099900042F10002C00B40EA424038BD074C40F2A1
:1099A0005B422146064809F05FF940F25B412046E0
:1099B00013F0DCFC4FF0FF30EFE700BF18E40500C8
:1099C000FC2F050038B50446183000F0DDFCEFF33D
:1099D0001185202383F31288BFF36F8F264800F090
:1099E000DFFA78B1244800F005FB637B13F0040F25
:1099F0001ED1214800F0E4FA70B185F31188BFF35D
:109A00006F8F38BD1D4C882221461D4809F02CF966
:109A10008821204613F0AAFC184C40F2311221464E
:109A2000174809F021F940F23111204613F09EFC4D
:109A300023F0040363732046FFF706F9EFF3058371
:109A4000A3B10D4800F0BCFA20B185F31188BFF333
:109A50006F8FD6E7094C40F231122146084809F0D1
:109A600003F940F23111204613F080FC29460248E8
:109A7000FFF740FDC5E700BF94910020685B05003B
:109A8000FC2F0500014B9868704700BF80640020E0
:109A90002DE9F0410446EFF31186202383F3128869
:109AA000BFF36F8F8B4800F07BFAF0B1074689480F
:109AB00000F0A0FA237B13F0010F20D1657B15F095
:109AC000080F3CD104F16808204616F0BCFA0028C3
:109AD00064D045F020056573EFF30583002B44D077
:109AE00031462046FFF794F931E07B4C882221462D
:109AF0007A4809F0B9F88821204613F037FC7548F8
:109B000000F05EFA78B186F31188BFF36F8F744C62
:109B100040F235522146714809F0A6F840F235511D
:109B2000204613F023FC6C4C40F2311221466B4866
:109B300009F09AF840F23111204613F017FC6548FD
:109B400000F03EFA28B186F31188BFF36F8FBDE8AD
:109B5000F081614C40F231122146604809F084F8EE
:109B600040F23111204613F001FC41465D4B9868EC
:109B700016F06BFA574800F023FA18B13046FFF799
:109B800005F8E4E7544C40F26B122146534809F0C3
:109B90006BF840F26B11204613F0E8FB45F0080328
:109BA000637313F0800F34D1A36813B12046FFF71D
:109BB00007F804F1180000F0E7FB404616F07CFAC5
:109BC000484B9A6894423ED00027464B53F8245F96
:109BD0009D423ED0002D3CD0AA4202D0284600F043
:109BE00047F9404B1D622046E4F710F9204600F08B
:109BF00009FA002F30D13B4B9B689C423BD0354843
:109C000000F0DEF9002859D086F31188BFF36F8F7A
:109C10009DE705F07F0545F008056573324B9C42D2
:109C200007D06268236813605A6000232360636072
:109C3000BAE72B4C56222146284809F015F8562140
:109C4000204613F093FBEFF30583002BBDD10027D3
:109C5000BBE7244BDD68BFE7244D01236B732B73F7
:109C60000023C5F8AC30C5F8B030284601F03EFB03
:109C70001C4B9D60BFE7EFF30583002BBFD1154858
:109C800000F09EF970B13046FEF780FF144C40F2B0
:109C9000B5122146114808F0E7FF40F2B511204601
:109CA00013F064FB0C4C40F26B1221460B4808F099
:109CB000DBFF40F26B11204613F058FB064C40F2DC
:109CC00031122146054808F0CFFF40F231112046FD
:109CD00013F04CFB94910020685B0500FC2F0500FD
:109CE00018E405008064002070620020F065002008
:109CF0002DE9F04705460F469046EFF311862023E5
:109D000083F31288BFF36F8F214800F049F938B10F
:109D1000002482461E4800F06DF94FF0000912E061
:109D20001C4C882221461C4808F09EFF88212046B2
:109D300013F01CFB164800F043F9D0B186F31188EC
:109D4000BFF36F8F012404BB2C68A542F2D0002C16
:109D5000F0D0C4F8C070C4F814802046FEF730FF7D
:109D600004F1180000F010FB2046FEF76DFFD1460D
:109D7000E0E7084C40F231122146074808F074FF32
:109D800040F23111204613F0F1FA4846BDE8F08761
:109D900094910020685B0500FC2F050010B582B08F
:109DA000069C9DED047B8DED007BFFF74BFA1CB10B
:109DB000024B9B685B69236002B010BD8064002089
:109DC000D8B10346124A904217D302F118018842D3
:109DD00013D2811A0F4AA2FB0102120902EB4202BE
:109DE000B1EBC20F09D10A4A9B1ADB10094A02FBE8
:109DF00003F3094A0121D154704710B5074C3822AA
:109E00002146074808F030FF3821204613F0AEFA0B
:109E1000F8660020ABAAAAAA9C91002068E405007D
:109E2000FC2F0500C3897F2B11D80E4B1B687BB11B
:109E300090F90E200C4B1B689A420CDB437B13F00D
:109E40001F0F0AD1094B984209D0012300E00023DB
:109E500003F0010070470023FAE70023F8E700232E
:109E6000F6E700BFA4910020A091002070620020BE
:109E700070B505460D4B1E7C06EB46030C4C04EBFF
:109E8000C304204600F080FA0A4B00229A55284667
:109E9000FFF7C8FF00B970BD074B1A68013AD31726
:109EA0000649204600F0B6F9F5E700BF80640020BF
:109EB000F86600209C910020A4910020C19D030021
:109EC00038B5EFF31185202383F31288BFF36F8F2A
:109ED0002D4800F065F820B32B4800F08BF82B4B91
:109EE0009C682B4B1B68A34225D0294B00221A608B
:109EF000264B1B7C274AD35C53B12046FFF792FFC9
:109F000030B1637B13F01F0F2DD02046FFF7B0FF59
:109F10001D4800F055F850B385F31188BFF36F8FDB
:109F200038BD1D4C882221461C4808F09DFE882122
:109F3000204613F01BFA2046FFF79AFF124800F064
:109F40003FF820B185F31188BFF36F8FE8E7124C1B
:109F500040F231122146114808F086FE40F23111DC
:109F6000204613F003FA2046FFF70EF8CDE70A4C1F
:109F700040F231122146094808F076FE40F23111D4
:109F8000204613F0F3F900BF949100208064002074
:109F9000989100209C910020685B0500FC2F050033
:109FA00003683BB103F00303044A127C934203D0DD
:109FB0000120704701207047002070478064002016
:109FC000016800230360EFF305832BB1084B9B6806
:109FD0005B7B13F0010F07D1054A137C9268134392
:109FE0008B4203D101207047012070470020704749
:109FF00080640020024A137C926813430360704718
:10A000008064002038B50446EFF31185202383F3E4
:10A010001288BFF36F8F1D48FFF7C2FF58B11B486E
:10A02000FFF7E8FF1A4B1B6BA3420FD1D3F8842034
:10A03000174B1A6314E0174C88222146164808F083
:10A0400013FE8821204613F091F913461BB1D3F873
:10A050008420A242F9D11BB1D4F88420C3F8842013
:10A060000A48FFF7ADFF20B185F31188BFF36F8F6A
:10A0700038BD084C40F231122146074808F0F4FD83
:10A0800040F23111204613F071F900BFA891002071
:10A0900080640020685B0500FC2F0500F8B590B3D4
:10A0A0000E460746EFF31184202383F31288BFF393
:10A0B0006F8F3548FFF774FF78B33348FFF79AFF87
:10A0C0002346324A156B002D47D01C462E48FFF719
:10A0D00077FF60B384F31188BFF36F8F3146284652
:10A0E000B847EFF31184202383F31288BFF36F8FF7
:10A0F0002548FFF755FF30B32348FFF77BFF234682
:10A10000D5F88450DFE7224C45222146214808F04B
:10A11000ABFD4521204613F029F91F4C882221462A
:10A120001C4808F0A1FD8821204613F01FF91A4CA5
:10A1300040F231122146174808F096FD40F23111E5
:10A14000204613F013F9144C88222146114808F0D8
:10A150008BFD8821204613F009F91C460A48FFF7B9
:10A160002FFF20B184F31188BFF36F8FF8BD0A4C25
:10A1700040F231122146074808F076FD40F23111D5
:10A18000204613F0F3F800BFA8910020806400205F
:10A1900090E40500FC2F0500685B050008B5064843
:10A1A000064A121A064915F0E7FC0648064A121A32
:10A1B000064915F0E1FC08BD00200020F433002022
:10A1C00034EB0500002000200020002034EB0500C7
:10A1D000034B1868984200D070470020FCE700BF8E
:10A1E000882C002030B1044A5268904201D00068A7
:10A1F00070470020704700BF882C002008B5044B32
:10A200001B680BB1002008BDF6F758F9FBE700BF4B
:10A21000AC910020B3F1FF3F08BFB2F1FF3F00F067
:10A22000A4802DE9F047044616461D46036883B90D
:10A2300081600027EFF3118A202383F31288BFF394
:10A240006F8F4A48FFF7ACFE68B14848FFF7D2FE6F
:10A250003FE0474C6E222146464808F005FD6E213E
:10A26000204613F083F8444C88222146414808F0E8
:10A27000FBFC8821204613F079F816F1010845F11E
:10A280000009FFF7BBFF18EB000349EBE070236107
:10A2900060613EE0521A67EB030302614361436869
:10A2A000636020601C60446005E0344B5A682360A2
:10A2B000626014605C60FFF78BFF84423DD02B48E6
:10A2C000FFF77EFE002842D08AF31188BFF36F8F1C
:10A2D0000127002F47D16FF00101891B4FF0FF309C
:10A2E00060EB0502002AC8DB254A11685268731822
:10A2F00042EB05026FF00101C91A60EB0203084648
:10A300001A46012973F1000301DA012000222061BD
:10A310006261FFF75DFF0028C7D0026947692169C4
:10A320006369914273EB070EB4DB891A63EB070391
:10A3300021616361FFF756FFEDE7124B1B68002BAD
:10A34000BDD115F02CFF0021F6F77EF8B7E70A4CD7
:10A3500040F231122146074808F086FC40F23111E4
:10A36000204613F003F8BDE8F0877047B091002055
:10A37000BCE40500FC2F0500685B0500882C00206C
:10A3800010670020AC9100202DE9F0410546EFF365
:10A390001186202383F31288BFF36F8F2048FFF7C5
:10A3A000FFFD30B100241E48FFF724FE6FF01508B2
:10A3B00018E01C4C882221461B4808F055FC8821D7
:10A3C000204612F0D3FF15F0EAFE0021F6F73CF824
:10A3D000B8461348FFF7F4FD98B186F31188BFF330
:10A3E0006F8F01242746C4B92B68002BF1D0FFF7EB
:10A3F000EFFE0446284615F0BBFEAC42E3D0B8465B
:10A40000E7E7084C40F231122146074808F02CFCDF
:10A4100040F23111204612F0A9FF4046BDE8F0811C
:10A42000B0910020685B0500FC2F050070B5044664
:10A43000EFF31185202383F31288BFF36F8F4C480D
:10A44000FFF7AEFD002841D04948FFF7D3FD494B47
:10A450001C60FFF7BDFE0446002C57D026696169D9
:10A46000444B1A68D317B2428B414FDB424A136800
:10A4700051689B1941EBE671136051600022002383
:10A48000C4E90423204615F073FE3948FFF798FD10
:10A4900030B385F31188BFF36F8FA36820469847C8
:10A4A000EFF31185202383F31288BFF36F8F3048B9
:10A4B000FFF776FD00B32E48FFF79CFD2D4A136889
:10A4C0009B1B1360FFF784FE0446C5E72B4C8822D4
:10A4D00021462B4808F0C8FB8821204612F046FF91
:10A4E000264C40F231122146254808F0BDFB40F2CF
:10A4F0003111204612F03AFF204C88222146204894
:10A5000008F0B2FB8821204612F030FF44B12369E5
:10A510006269184909685B1A62EBE1722361626142
:10A52000154A144E3068136851681B1841EBE071EE
:10A53000136051600024346015F031FE2146F5F7B8
:10A5400083FF0B48FFF73CFD30B185F31188BFF363
:10A550006F8FFFF7B5FC70BD084C40F231122146F9
:10A56000074808F081FB40F23111204612F0FEFE50
:10A57000B0910020AC91002010670020685B0500BE
:10A58000FC2F0500F8B5EFF31186202383F3128822
:10A59000BFF36F8F1A48FFF703FDC0B100271848BB
:10A5A000FFF728FD002425463FBBFFF727FE154A8D
:10A5B00014685568041945EBE0751148FFF700FD74
:10A5C00078B186F31188BFF36F8F0127ECE70E4C4B
:10A5D000882221460D4808F047FB8821204612F0CA
:10A5E000C5FE094C40F231122146084808F03CFBF8
:10A5F00040F23111204612F0B9FE20462946F8BD3E
:10A60000B091002010670020685B0500FC2F05005A
:10A610002DE9F0410446EFF31185202383F31288DE
:10A62000BFF36F8F6B48FFF7BBFC78B16948FFF74A
:10A63000E1FC2E462368FBB16648FFF7C1FC78B108
:10A6400085F31188BFF36F8FBDE8F081624C8822DB
:10A650002146624808F008FB8821204612F086FE59
:10A660005D4C40F2311221465C4808F0FDFA40F2A0
:10A670003111204612F07AFEA26AE36A52EA03011F
:10A6800005D0B3F1FF3F08BFB2F1FF3F39D1236BD3
:10A6900001332363236AD3B14E48FFF791FC0028AE
:10A6A00060D085F31188BFF36F8F236A20469847E7
:10A6B000EFF31186202383F31288BFF36F8F454891
:10A6C000FFF76EFC002859D04248FFF793FC04F1D5
:10A6D0001803A469A3425BD0002C59D02046FEF792
:10A6E00025FD0023C4F8C0303A48FFF769FC002874
:10A6F00063D086F31188BFF36F8F2046FEF7D4FC3A
:10A70000A2E717469846012A73F1000302DA0127EF
:10A710004FF00008013F48F1FF3815F061FD0130AE
:10A7200041F10001C01948EB0101012871F100015C
:10A7300008DA6FF001024FF0FF3329492046FFF796
:10A7400069FDA4E715F04CFD013041F10001C0198D
:10A7500048EB01036FF00102121A4FF0FF3161EB79
:10A760000303EAE71C4C40F2311221461B4808F073
:10A770007BFA40F23111204612F0F8FD164C882287
:10A780002146164808F070FA8821204612F0EEFDA6
:10A790001048FFF715FC20B186F31188BFF36F8FC7
:10A7A00052E70D4C40F2311221460C4808F05CFA99
:10A7B00040F23111204612F0D9FD074C40F231121F
:10A7C0002146064808F050FA40F23111204612F0B6
:10A7D000CDFD00BFB4910020685B0500FC2F050093
:10A7E00011A60300F8B5064614461D46EFF311877F
:10A7F000202383F31288BFF36F8F3248FFF7D0FB1B
:10A8000050B33048FFF7F6FB2946B5F1FF3F08BFCC
:10A81000B4F1FF3F2AD06FF00102121B4FF0FF325C
:10A8200062EB0502002A36DB3046FFF7ADFDDDE9BD
:10A830000623C6E90A230023336322462B46224916
:10A840003046FFF7E7FC1F48FFF7BAFB68B387F312
:10A850001188BFF36F8FF8BD1C4C882221461C481D
:10A8600008F002FA8821204612F080FD1548FFF713
:10A87000A7FB20B187F31188BFF36F8FEBE7134C71
:10A8800040F231122146124808F0EEF940F231113F
:10A89000204612F06BFD012C71F1000101DA012458
:10A8A0000025013C45F1FF35BEE7084C40F231126E
:10A8B0002146074808F0D8F940F23111204612F03D
:10A8C00055FD00BFB491002011A60300685B050090
:10A8D000FC2F0500437B03F03F03082B27D8DFE85C
:10A8E00003F0311505260E2626261D0003699B68F8
:10A8F0000BB90020704702230B60012070470369E9
:10A900001B680BB304230B600120704703699B682D
:10A910000BB90020704701200860704703695B6A2B
:10A920000BB90020704710230B600120704710B551
:10A93000064C64222146064808F096F96421204618
:10A9400012F014FD0020704700207047E0E405007D
:10A95000FC2F050038B504460D46437B03F03F034A
:10A96000082B4ED8DFE803F00C2A054D184D4D4D4D
:10A970003B00006930B10A462146103015F0C2FC98
:10A98000A56038BD244C8E222146244808F06CF97D
:10A990008E21204612F0EAFC006928B10A462146C1
:10A9A000143015F0AFFCEBE71B4C922221461B48FC
:10A9B00008F05AF99221204612F0D8FC006920B123
:10A9C0000A46214615F09EFCDAE7134C96222146F2
:10A9D000124808F049F99621204612F0C7FC006998
:10A9E00028B10A462146283015F08CFCC8E70A4CED
:10A9F0009A222146094808F037F99A21204612F098
:10AA0000B5FC054CA7222146044808F02DF9A721E2
:10AA1000204612F0ABFC00BFE0E40500FC2F05006F
:10AA200010B500238360437B03F03F03082B42D81B
:10AA3000DFE803F00F2705411A4141413400036963
:10AA400043B103682BB1426813605A60002303606E
:10AA5000436010BD1D4CB72221461D4808F004F983
:10AA6000B721204612F082FC0369002BE9D1174C74
:10AA7000BB222146164808F0F7F8BB21204612F009
:10AA800075FC0369002BDCD1104CBF222146104815
:10AA900008F0EAF8BF21204612F068FC0369002B99
:10AAA000CFD10A4CC3222146094808F0DDF8C32162
:10AAB000204612F05BFC054CD0222146044808F0E9
:10AAC000D3F8D021204612F051FC00BFE0E405008D
:10AAD000FC2F05002DE9F04F83B080460F469146CC
:10AAE0009A460025AB4618E02B4C882221462B487D
:10AAF00008F0BAF88821204612F038FCBAF1000FAD
:10AB000002D199F8003083BB2548FFF759FA98B372
:10AB100086F31188BFF36F8F0135BD4238DAEFF34A
:10AB20001186202383F31288BFF36F8F1C48FFF731
:10AB300037FA0028D8D01A48FFF75CFA05EB8504ED
:10AB400008EB840401A92046FFF7C4FE0028D5D0F5
:10AB50000021A160E368C3F386320198024362F3E7
:10AB60009433E36089F80010CEE749462046FFF7AA
:10AB7000F1FE0BF1010BC7E7074C40F23112214601
:10AB8000064808F071F840F23111204612F0EEFB51
:10AB9000584603B0BDE8F08F685B0500FC2F050048
:10ABA000B891002070B5064614464D1E99B305EBCA
:10ABB000850006EB8000FFF733FF1748FFF700FA28
:10ABC00098B184F31188BFF36F8FEFF311842023C2
:10ABD00083F31288BFF36F8F0F48FFF7E1F980B15D
:10ABE0000D48FFF707FA2946DFE70C4C40F2311217
:10ABF00021460B4808F038F840F23111204612F097
:10AC0000B5FB064C88222146054808F02DF888211E
:10AC1000204612F0ABFB70BDB8910020685B0500C8
:10AC2000FC2F050038B50D46806815F067FB30B184
:10AC30000446437B13F0020F0DD1002038BD134CA6
:10AC400040F20D122146124808F00EF840F20D11A4
:10AC5000204612F08BFB15F05CFA082D0AD0002379
:10AC6000C4F8C030637B13F01F0F08D1A36923B170
:10AC7000002305E06FF00303F2E7012300E0002367
:10AC8000002BDAD02046FEF70FFAD6E7E0E4050005
:10AC9000FC2F050010B5CAB996463F2920D84BB302
:10ACA0000022826090F80DC061F3050C80F80DC0A1
:10ACB000C16862F39431C160817B6EF34511817389
:10ACC000C18962F38F11C181036110BD0E4C2E2228
:10ACD00021460E4807F0C8FF2E21204612F046FB01
:10ACE000094C30222146094807F0BEFF302120469A
:10ACF00012F03CFB044C31222146044807F0B4FF1B
:10AD00003121204612F032FBE0E40500FC2F050063
:10AD10002DE9F04782B01E466A4B9C68012384F8F7
:10AD2000703084F87130EFF30583002B37D105467E
:10AD3000174604F1700200283DD0002947DB56EA8F
:10AD400007030CBF01230023FFF7C4FE8046EFF387
:10AD50001189202383F31288BFF36F8F5A48FFF7BE
:10AD60001FF900283FD05848FFF744F994F8703095
:10AD7000002B42D0002384F8703056EA070363D1D9
:10AD80005148FFF71DF9002852D089F31188BFF30D
:10AD90006F8F6FF00A04204602B0BDE8F0874B4C7D
:10ADA0004FF4957221464A4807F05EFF4FF49571C3
:10ADB000204612F0DBFA454C40F22B122146444863
:10ADC00007F052FF40F22B11204612F0CFFA3F4C11
:10ADD0004FF4967221463E4807F046FF4FF49671B5
:10ADE000204612F0C3FA3B4C88222146384807F02F
:10ADF0003BFF8821204612F0B9FA4A4641462846D0
:10AE0000FFF7D0FE3048FFF7DBF828B189F311884F
:10AE1000BFF36F8F0024BEE72E4C40F23112214663
:10AE20002B4807F021FF40F23111204612F09EFA24
:10AE3000284C40F231122146254807F015FF40F218
:10AE40003111204612F092FADFF87CA000970196AB
:10AE5000214A49465046FEF7F5F90446EFF31186BC
:10AE6000202383F31288BFF36F8F5046FFF798F8C3
:10AE700088B1154F3846FFF7BDF83246414628469F
:10AE8000FFF790FE3846FFF79BF870B186F3118804
:10AE9000BFF36F8F7FE70F4C882221460C4807F0E5
:10AEA000E3FE8821204612F061FA0A4C40F231128A
:10AEB0002146074807F0D8FE40F23111204612F033
:10AEC00055FA00BF80640020B8910020E0E405003E
:10AED000FC2F0500685B0500902C002070B504462F
:10AEE0000D46EFF31186202383F31288BFF36F8F93
:10AEF0001948FFF755F8C0B11748FFF77BF82068ED
:10AF0000844209D04268036813605A6000230360DA
:10AF10004360294615F058FA0F48FFF751F870B111
:10AF200086F31188BFF36F8F70BD0C4C88222146C9
:10AF30000B4807F099FE8821204612F017FA074CBB
:10AF400040F231122146064807F08EFE40F23111E0
:10AF5000204612F00BFA00BFB8910020685B050094
:10AF6000FC2F050070B504460D46EFF31186202333
:10AF700083F31288BFF36F8F1E48FFF711F8C8B133
:10AF80001C48FFF737F8E5600123A360206884427E
:10AF90001AD04268036813605A600023036043605C
:10AFA000012115F011FA044631461248FEF7A2FAC3
:10AFB000204670BD104C88222146104807F054FEF0
:10AFC0008821204612F0D2F90A48FEF7F9FF28B18D
:10AFD00086F31188BFF36F8F0024E9E7064C40F237
:10AFE00031122146054807F03FFE40F2311120465C
:10AFF00012F0BCF9B8910020685B0500FC2F050039
:10B0000008B515F02BFA014B986108BD806400204B
:10B0100038B5EFF31185202383F31288BFF36F8FC8
:10B020001E48FEF7BDFF88B11C48FEF7E3FF1C4B2E
:10B030009C69ACB91A4B00229A611848FEF7C0FF10
:10B04000F8B185F31188BFF36F8F38BD154C882296
:10B050002146154807F008FE8821204612F086F99F
:10B0600015F0FCF9041B0E4B986890F8383023B9A2
:10B0700021460B4815F0D7F9DCE7214615F0E6F933
:10B08000F6E7084C40F231122146074807F0ECFD84
:10B0900040F23111204612F069F900BFBC91002046
:10B0A00080640020685B0500FC2F05002DE9F84353
:10B0B00005460C46EFF31186202383F31288BFF375
:10B0C0006F8F2B48FEF76CFF18B32948FEF792FFED
:10B0D000284B03EB45129A4225D02649CA691368CA
:10B0E0005268A360E26001EB4511C868016B406BD8
:10B0F000216160615B1842EB0002236062601C48C2
:10B10000FEF75EFF38B386F31188BFF36F8FBDE89B
:10B11000F883194C88222146184807F0A5FD88219C
:10B12000204612F023F915F099F90746114B9A6958
:10B13000A0EB0208986890F8383043B9DFF83490F3
:10B140004146484615F06FF9C9F81870C5E7414601
:10B1500015F07CF9F2E7084C40F23112214607481D
:10B1600007F082FD40F23111204612F0FFF800BFD7
:10B17000BC91002080640020685B0500FC2F050066
:10B180002DE9F84305460C46EFF31186202383F39F
:10B190001288BFF36F8F2648FEF702FFD0B1244814
:10B1A000FEF728FF234B9B68AB421DD0D5E90C234B
:10B1B000C4E90023C4E9022300220023C4E90423D4
:10B1C0001B48FEF7FDFE38B386F31188BFF36F8F7F
:10B1D000BDE8F883184C88222146184807F044FD42
:10B1E0008821204612F0C2F815F038F90746114BB5
:10B1F0009B69A0EB030895F8383043B9DFF8349029
:10B200004146484615F00FF9C9F81870CEE7414697
:10B21000284615F01BF9F1E7074C40F231122146A0
:10B22000064807F021FD40F23111204612F09EF849
:10B23000BC91002080640020685B0500FC2F0500A5
:10B2400030B583B005460C460023043212D2EBB968
:10B2500000200021CDE9000144F004012846FBF75D
:10B260009DFD28B140F8045B14B1013C204203D19C
:10B2700003B030BD0123EAE7054C252221460548ED
:10B2800007F0F2FC2521204612F070F80020EFE7CD
:10B2900004E50500FC2F050010B503280BD90A466C
:10B2A00010F0030F07D1431E03420ED101460C4894
:10B2B000FFF7C6FF10BD0B4C432221460A4807F09A
:10B2C000D3FC4321204612F051F8064C4722214678
:10B2D000054807F0C9FC4721204612F047F800BF97
:10B2E0000831002004E50500FC2F0500014BC0F8E3
:10B2F000B83070470831002038B504460D4614F0C8
:10B300002DFE48B9054B9B68D3F8B80018B12A4602
:10B310002146FFF795FF38BD0148F8E7806400201B
:10B32000083100200268124B9A4215D1C269A3F17C
:10B330001023A3F1EF139A4210D18368012B0FD889
:10B34000C36813B1026993420CD0436963B1826947
:10B3500093420BD0002070470120704701207047B6
:10B36000012070470120704700207047012070477E
:10B3700055AA00FF70B5114B9D68B5B12846FFF77F
:10B38000D1FF064698B9EB6813B10126304670BD6F
:10B390002C69002CFAD02046FFF7C4FF48B9E368B7
:10B3A000AB4208D125462469F3E70126EEE70126E2
:10B3B000ECE70126EAE70126E8E700BFC09100209C
:10B3C000002800F08F8038B50446474B1B68002BDF
:10B3D00078D0454A9268002A74D0834256D8424AAF
:10B3E00052681344834251D9A0F120052846FFF743
:10B3F00099FF00284DD154F8183C012B4CD1002363
:10B4000044F8183C54F8143CCBB19A68002A46D151
:10B410005A6854F81C1C0A4420325A6054F8143CF0
:10B4200054F8102C1A6154F8144C236903B1DC60F1
:10B4300020220021284616F09CFB2B462546286931
:10B44000002839D08268002A36D16B6842681344DC
:10B4500020336B6003692B616B6913B32BB3AA694B
:10B460009A61AB690BB16A695A6143696B61826920
:10B47000AA61F3B19D61AB6903B15D612B6903B151
:10B48000DD602022002116F074FB16E0012004F09C
:10B490002BF9012004F028F9012004F025F90023FC
:10B4A000CDE7AA69002AD9D1DFE7AA690E4BDA6095
:10B4B000D7E70D4BDD60DEE72BB10B4B1B6913F0BB
:10B4C000020F08D138BD084BDB68AB6103B15D6189
:10B4D000054BDD60F1E7FFF74DFF0028F2D00120BA
:10B4E00004F002F9704700BFC091002010B5044677
:10B4F000064B1B680648984700B110BD2046FFF771
:10B500005FFF044B1B6802489847F6E7A82C002011
:10B51000D4910020A42C002070B54A4BDC681D6833
:10B52000002D00F089809D68002D00F0858001FBD2
:10B5300000F600287BD000297BD0B6FBF0F08842D3
:10B5400079D116F1040F79D816F0030F2DD026F01B
:10B550000302043200E0A46914B163689342FAD391
:10B56000002C6DD0A36813BB6168891A232928D8E1
:10B570000123A3606369EBB1A2699A61A3690BB16E
:10B5800062695A6100236361A3612E4B1B6913F04A
:10B59000010F02D0FFF7EEFE80B904F1200532461C
:10B5A0000021284616F0E5FA46E03246D4E70120AD
:10B5B00004F09AF8A269234BDA60DFE7012004F077
:10B5C00093F802F120002318203959600021996076
:10B5D000DC60216919611C4D25501C48D86101B1FE
:10B5E000CB6061695961A0699861D1B18B6199693A
:10B5F00001B14B610121A16062602361002363619D
:10B60000A361104B1B6913F0010F02D0FFF7B2FECC
:10B6100050B904F1200532460021284616F0A9FA57
:10B620000AE00849CB60E2E7012004F05DF800255C
:10B6300002E0002500E00025284670BD0025FBE75C
:10B640002546F9E7C091002055AA00FF669911EE42
:10B6500038B504460D460A4B1B680A48984758B946
:10B6600029462046FFF758FF0446074B1B6805484C
:10B67000984718B9204638BD0024FBE70024F9E7B5
:10B68000A82C0020D4910020A42C002038B5054619
:10B690000C4618480022026042608260C26002616B
:10B6A00042618261144A1268143090471349144869
:10B6B00000F03AF8232C1CD915F0030304D01C44E5
:10B6C000043CC3F104031D4422460021284616F021
:10B6D00050FA084B1D605C609D60203C6C609A686D
:10B6E000084911609A68A1F11021A1F1EF11D1610F
:10B6F000DA6038BDC0910020AC2C0020EDB403000E
:10B7000051B6030055AA00FF08B5024B1B689847C5
:10B7100008BD00BF9C2C002008B5024B1B68984751
:10B7200008BD00BF982C0020024B1860024B196026
:10B73000002070479C2C0020982C002039B110B5B7
:10B7400004460A46024B1B680021984710BD70470B
:10B75000A02C002070B5104D104C23682846984747
:10B760000F4B5E780F4B1B682846984723680E489E
:10B770009847022E07D00024E4B20A4B1B680A48FF
:10B780009847204670BD064B1B78072B01D000243C
:10B79000F2E70124F0E700BFCC270020A82C00200E
:10B7A000DC910020A42C0020D4270020114B034062
:10B7B000B3F1607F0FD0B3F1707F14D101F4E04397
:10B7C000B3F5005F12D1C1F3022101238B40012B9D
:10B7D00006D900207047B1F5885FECD10020704792
:10B7E0006FF0860070476FF0860070476FF086003C
:10B7F000704700BF0000C07F8A4200F08A812DE9B7
:10B80000F04106460C46154622F0FF03B64A934225
:10B8100014D002F58052934210D0A2F58852934280
:10B820000CD025F4FF7222F00102B2F1062F05D0F0
:10B83000AE498B4202D0AE4B9A4221D124F0FF0395
:10B84000A94A934214D002F58052934210D0A2F537
:10B85000885293420CD024F4FF7222F00102B2F11C
:10B86000062F05D0A1498B4202D0A14B9A4207D1A5
:10B8700014F0FF0304D043F000739E4A93420ED0AD
:10B8800004F0FE47B7F1A06F10D0B7F1407F23D08E
:10B89000B7F1106F00F01C810020BDE8F08185EA4F
:10B8A0000400FF288CBF00200120F6E705F0FE43CE
:10B8B000B3F1A06FE9D185EA040333F47E13E4D138
:10B8C00014F4004FE1D0C4F30540C5F30545A84288
:10B8D0008CBF00200120E0E705F0FE43B3F1407F7C
:10B8E000D6D185EA040333F47E18D1D131462046FF
:10B8F000FFF75CFF002840F00E8115F47C101ED08D
:10B90000C5F305407C4B2B40B3F1607F76D0B3F19B
:10B91000707F00F0C680C4F3054314F47C1F00F070
:10B92000D28015F47C1F02D1434500F0F68014F458
:10B93000004FADD083428CBF00200120ADE76E4B9D
:10B940002B40B3F1607F0CD0B3F1707FDAD106F4F5
:10B95000E043B3F5005FD5D1C6F302230120984040
:10B96000D0E7EBB243F00073644A934242D003F154
:10B970007E43043B112BC5D801A252F823F000BF2F
:10B98000F9B90300F9B9030005B9030005B90300CB
:10B99000C9B90300CDB90300D1B90300D5B903007B
:10B9A000D9B90300DDB9030005B9030005B90300E7
:10B9B000E1B90300E5B90300E9B90300EDB90300FB
:10B9C00005B90300F1B903001C209BE7202099E78B
:10B9D000302097E7402095E71C2093E7202091E74F
:10B9E0001C208FE720208DE730208BE7402089E75F
:10B9F000402087E7102085E7142083E7EBB243F06F
:10BA000000733E4A934258D003F17E43043B112B0E
:10BA100081D801A252F823F0C1BA0300C1BA0300D1
:10BA200017B9030017B9030061BA030067BA03002E
:10BA30006DBA030073BA030079BA03007FBA03003A
:10BA400017B9030017B9030085BA03008BBA0300C6
:10BA500091BA030097BA030017B903009DBA030017
:10BA60004FF01C0857E74FF0200854E74FF030081C
:10BA700051E74FF040084EE74FF01C084BE74FF0FE
:10BA8000200848E74FF01C0845E74FF0200842E740
:10BA90004FF030083FE74FF040083CE74FF04008D8
:10BAA00039E706F4E043B3F5005F7FF434AFC6F343
:10BAB0000226012303FA06F82DE74FF010082AE7C3
:10BAC0004FF0140827E7404514BF00200120E4E6AA
:10BAD00024F01F6323F470230BBB05F0FE43B3F186
:10BAE000106F0DD00020D8E6000300060009000604
:10BAF00000040006FF0000020000C07F03000002F7
:10BB00000848284040F01060A04214BF00200120E7
:10BB1000C3E6012070470020BFE60120BDE60020FB
:10BB2000BBE600BF0000FFF6F8B5002A64D0064669
:10BB30000D46144622F0FF03354A934233D002F5F6
:10BB4000805293422FD0A2F5885293422BD024F4F6
:10BB5000FF7222F00102B2F1062F24D02D498B4250
:10BB600021D0A1F5A0618A421DD004F0FE43B3F1BB
:10BB7000407F3BD0B3F1A06F3BD0274B9C4214BF1A
:10BB800000230123002B3AD1224671682846FFF793
:10BB900033FE0746B0BB2246B1682846FFF72CFEAD
:10BBA00090B33846F8BD14F0FF02DED018498B423E
:10BBB00014D001F580518B4210D0A1F588518B42F1
:10BBC0000CD024F4FF7121F00101B1F1062F05D052
:10BBD0001048834202D0114B9942D5D142F00072F5
:10BBE0000D4B9A42D0D16FF08607DAE7C4F3C03329
:10BBF000C8E7C4F3C033C5E76FF08607D1E76FF03D
:10BC00008607CEE70027CCE76FF08407C9E700BFBF
:10BC10000003000600090006FF0000020004000601
:10BC200070B504461546104B1B6810489847B8B9C4
:10BC3000064663692B60237F012B09D102232377FA
:10BC40000B4B1B680948984700B136B1304670BDB0
:10BC500000232B606FF09606F2E76FF08F06F5E792
:10BC60006FF08F06F2E700BFA82C0020DC27002031
:10BC7000A42C0020C268038840887AB380B303F400
:10BC80004F42B2F5824F01D000207047DBB2222B29
:10BC900006D00DDC122B09D140F20923984216D0B0
:10BCA0000730B1EBD00F1FD3002070470020704742
:10BCB000422B17DC272B08DB273B0D4A22FA03F324
:10BCC00013F0010FECD1002070470020704740298D
:10BCD00001D9002070476FF0860070470020704740
:10BCE00000207047002070476FF08600704700BF4B
:10BCF0000102000C70B50D8800F0FE43B3F1407FE7
:10BD000040F0A780044616462946FFF74FFDC0B90C
:10BD100014F47C1F16D0C4F305433370032B40F298
:10BD20009B801946514A2240B2F1607F53D0B2F154
:10BD3000707F7ED00022914200F29180202B00F291
:10BD4000918070BD494B2340B3F1607F04D0B3F1C3
:10BD5000707F2FD00023E0E7E3B243F00073444A42
:10BD6000934234D003F17E43043B112B0AD8DFE821
:10BD700003F0303009090B0D0F11131509091719BC
:10BD80001B1D091F0023C8E71C23C6E72023C4E7A7
:10BD90003023C2E74023C0E71C23BEE72023BCE7D3
:10BDA0001C23BAE72023B8E73023B6E74023B4E7E3
:10BDB0004023B2E705F4E043B3F5005F01D0002370
:10BDC000ABE7C5F3022201239340DBB2A5E71023C2
:10BDD000A3E71423A1E7E4B244F00074244A944298
:10BDE00033D004F17E44043C112C0AD8DFE804F07F
:10BDF0002F2F09090B0D0F111315090917191B1DF9
:10BE0000091F002297E71C2295E7202293E73022A2
:10BE100091E740228FE71C228DE720228BE71C222E
:10BE200089E7202287E7302285E7402283E7402206
:10BE300081E705F4E042B2F5005F01D000227AE725
:10BE4000C5F302250122AA4075E7102273E71422E8
:10BE500071E76FF0860074E76FF0850071E76FF0AF
:10BE600086006EE76FF085006BE700BF0000C07FC3
:10BE700003000002F0B583B00C46164619460023B5
:10BE80000B60204614F06BFC054688B92779164BE9
:10BE90001B681648984718BB6FB901A8314600F0D7
:10BEA000E3FA0546124B1B681048984740B125B18C
:10BEB000284603B0F0BD0020F0E76FF08F05F7E7EC
:10BEC000002DF5D13668B4460FCCACE80F0094E8ED
:10BED00007008CE80700002FEAD1019B7361E7E7B8
:10BEE0006FF08F05E4E700BFA82C0020DC270020BE
:10BEF000A42C002070B138B50546074C074B1B68D1
:10BF000020469847284614F033FD054B1B68204611
:10BF1000984738BD704700BFDC270020A82C0020C0
:10BF2000A42C002030B583B018B90024204603B0FB
:10BF300030BD01A900F0EAFA04460028F6D11E4BF4
:10BF40001B681E489847054600282DD10198037F9D
:10BF5000032B17D0022B29D1032303770379FF2B5F
:10BF600027D0019815F06FF8044600B92C46144B01
:10BF70001B68124898470028D8D0002CD6D16FF003
:10BF80008F04D3E715F05FF804460D4B1B680B4890
:10BF9000984720B1002CC9D16FF08F04C6E7002C60
:10BFA000C4D16FF08704C1E72546DAE76FF0960544
:10BFB000D7E76FF08405D4E7A82C0020DC27002009
:10BFC000A42C002038B504460D46FFF7C3FB28B16A
:10BFD0002A462146034815F08EF938BD6FF08800D7
:10BFE000FBE700BFE09100202DE9F0438FB01F4632
:10BFF000DDF8608000230D9301F0FE43B3F1806F04
:10C0000017D04FF000096FF086050D9800F0B4FAD4
:10C010000446002D40F08B80002840F08780B9F165
:10C02000000F7DD1D8F800304B44C8F800302546C9
:10C0300080E00C4616460B464FF480720DA914F0B2
:10C0400050FB0546002868D10D9B1B8803F4E04295
:10C05000B2F5005F11D042F20402934232D0374B66
:10C060009C4235D04FF00009B9F1000F3AD0179B30
:10C07000994530D96FF08905C7E7C3F302224FF025
:10C08000010909FA02F9B9F1010FE4D92C4A9442E5
:10C0900012D002F5807294420ED002F58072944262
:10C0A0000AD0284A944207D0A2F53F42944203D0D6
:10C0B00002F580729442CED1B9F1100FD4D96FF04D
:10C0C0008305A2E7204B9C42C9D14FF00C09CBE776
:10C0D0004FF00D09C8E7494609A8FFF773FF054669
:10C0E000002892D10D98416A826A169B9BB103EB9E
:10C0F0000905CDF81880179BA3EB09030593049558
:10C1000003970296CDF8049009AB0093234615F0EF
:10C1100045F8054679E7169DEBE74FF0000974E70F
:10C120004A4609A9169815F0FDFC7BE70546002351
:10C13000C8F8003028460FB0BDE8F0830013C004F3
:10C140000010C00400FF40040001800410B5244B1F
:10C150001B6824489847244B1B7813F0040F03D026
:10C1600023F00403204A13701F4B1B7813F0020FB7
:10C1700022D11E4B1B681B489847194B1B681C4853
:10C180009847194B5B78FBB9174C00236370042167
:10C190006018FFF7D3FA154B1B6815489847104BEA
:10C1A0001B6810489847237813F0010F10D10F4BEC
:10C1B0001B680C48984710BD00F03AF90A4A1378FA
:10C1C00023F002031370D4E70A4815F0A7F8DBE761
:10C1D00014F063FF237823F001032370E7E700BF27
:10C1E000A82C0020D4270020DC910020A42C0020C3
:10C1F000CC270020E091002038B5FFF7ABFA0028EB
:10C2000040F09E804F4B1B684F48984704460028DB
:10C2100040F081804D4B1B7813F0010F09D04C4B3F
:10C220001B684948984768B1002C76D16FF08F049D
:10C2300073E014F030FF0446444A137843F00103DE
:10C240001370ECE7002C68D13E4B1B683E489847C2
:10C25000002866D13D4B1B7813F0020F09D03C4BF0
:10C260001B683948984768B1002C56D16FF08F048D
:10C2700053E000F0D5F80446344A137843F0020343
:10C280001370ECE7002C48D12E4B1B682E489847C2
:10C29000002849D12D4B1B7803F001052C4B1B685E
:10C2A00029489847002842D1264B1B6829489847BF
:10C2B00000283FD1254B5B7803B945B9244B1B6857
:10C2C0002448984760B144BB6FF08F0425E0224DAD
:10C2D000284615F00EF80446022305F8033CEDE766
:10C2E000DCB9184B1B681848984730BB174B1B78B4
:10C2F00013F0040F04D143F0040314490B700446F7
:10C30000134B1B681048984718B134B96FF08F046D
:10C3100003E024B101E06FF08F04FFF717FF204620
:10C3200038BD6FF08F04F8E76FF08F04F5E76FF01A
:10C330008F04F2E76FF08F04EFE76FF08F04ECE704
:10C340000024ECE7A82C0020D4270020DC9100205A
:10C35000A42C0020CC270020E091002038B5074C09
:10C36000074B1B6820469847064B93F88055064BB1
:10C370001B6820469847284638BD00BFD4270020B8
:10C38000A82C0020E4910020A42C002038B50446FD
:10C390000D4600F140421F2A0CD82C211F4B01FBF7
:10C3A0000233197F02292AD15A6982421BD06FF0C9
:10C3B0008B0023E0012114F031FE18B300231A464C
:10C3C00000E001321F2A0CD84FF02C0C134B0CFB51
:10C3D000023393F81CC0BCF1020FF2D15969A1429B
:10C3E000EFD11F2A11D81A7F022A11D11A6AB2F18D
:10C3F000FF3F10D001321A622B60002038BD6FF071
:10C400008B00FBE76FF08700F8E76FF08B00F5E734
:10C410006FF09600F2E76FF09600EFE7E4910020EE
:10C42000024B012283F8802500207047E491002010
:10C4300038B500259DB10B4B002283F8802538BD0F
:10C440002C23084803FB0400012303620323037722
:10C4500014F08EFA01341F2CF2D90135EAE72C468C
:10C46000F9E700BFE4910020F8B507460E46FFF754
:10C4700075FF00283ED000252A4600E001321F2A21
:10C4800011D82C241F4B04FB02331C7F64B1002DF8
:10C49000F4D1022CF2D1196A0029EFD119790029BF
:10C4A000ECD01D46EAE7002383B11A7F3ABB012294
:10C4B0001A7747B1134A9A1A9210134901FB02F2F4
:10C4C00002F180423A6033600020F8BD6DB12B7FED
:10C4D000022B05D12B6AB3F1FF3F01D001332B6250
:10C4E000284614F045FA38B92B46002BDDD16FF001
:10C4F0008C0001E06FF0880000233360E5E76FF007
:10C500009600F9E7E4910020A38B2EBA38B50446D3
:10C510000D4600230B60FFF721FF00B3134B1B6890
:10C5200013489847F0B929462046FFF72FFF0446E5
:10C5300010F18C0F0AD00F4B1B680D48984700B1C3
:10C540000CB1204638BD6FF08F04FAE700232B6052
:10C55000084B1B68064898476FF08704F1E76FF0B7
:10C560008804EEE76FF08F04EBE700BFA82C0020F3
:10C57000DC270020A42C002010B504460B4B1B68C0
:10C580000B48984770B9204614F05DFD0446094BEE
:10C590001B680748984700B10CB1204610BD6FF0EA
:10C5A0008F04FAE76FF08F04F7E700BFA82C002094
:10C5B000DC270020A42C0020074B994209D010B59D
:10C5C0000446083000F092FA00B110BD1C2323602D
:10C5D000FBE76FF0850070470500000230B587B0BB
:10C5E00044685FFA83FC4CF0007C0C4DAC450FD0E6
:10C5F000240A84B90E9C04940D9C03940C9C029410
:10C600000B9C01940A9C009400F084F907B030BDA3
:10C610006FF08500FAE76FF08600F7E7050000028B
:10C62000F0B583B00446089E4868050AF0B240F0B1
:10C6300000700A4FB8420BD06DB9009604F10800A3
:10C6400000F018F908B103B0F0BD1C232360FAE72D
:10C650006FF08500F7E76FF08600F4E70500000251
:10C66000F0B583B00446089E4868050AF0B240F071
:10C6700000700A4FB8420BD06DB9009604F1080063
:10C6800015F00BF808B103B0F0BD1C232360FAE7E6
:10C690006FF08500F7E76FF08600F4E70500000211
:10C6A0002DE9F04383B004460F461646DDB245F04F
:10C6B00000755B4B9D4233D005F17E43043B112B4B
:10C6C0000AD8DFE803F0414109090C0F1215181BC5
:10C6D00009091E212427092A4FF0000922E04FF002
:10C6E0001C091FE04FF020091CE04FF0300919E051
:10C6F0004FF0400916E04FF01C0913E04FF02009FD
:10C7000010E04FF01C090DE04FF020090AE04FF057
:10C71000300907E04FF0400904E04FF0400901E024
:10C720004FF010093E4B9D422CD005F17E43043B57
:10C730000F2B0CD8DFE803F034340B0B34340E111C
:10C7400014170B0B1A1D20234FF01409EAE74FF0C2
:10C75000000819E04FF0800816E04FF0800813E061
:10C760004FF0800810E04FF080080DE04FF0900887
:10C770000AE04FF0880807E04FF0680804E04FF047
:10C78000480801E04FF04008B04520D22946204635
:10C79000FFF712FF034630B1184603B0BDE8F0833F
:10C7A0004FF04008F0E732463946204614F04AFD83
:10C7B00003460028F0D104F5EA7701AB4A46394632
:10C7C000204614F04AFD03460028E5D14E4629468E
:10C7D0002046FFF7F1FE03460028DDD1002307E0E5
:10C7E00017F803C08CF0360CE21882F8D4C101337C
:10C7F0009E42F5D804E0E218362182F8D4110133C4
:10C800004345F8D3424604F5EA71204614F01AFD78
:10C8100003460028C0D1C4F8B05184F81482BBE7A5
:10C820000300000270B584B004460025C0F84851EA
:10C830000F4D009514F0CDFC054628B1204614F0AC
:10C84000EEFC284604B070BD04F59C7603AB019362
:10C8500010220092334604F59471204614F0CEFC69
:10C8600005460028EAD1304614F0A8FDE9E700BFEC
:10C87000004440042DE9F041044690461D46069EC2
:10C88000214B3340B3F1607F15D00F4626F47E165E
:10C890001E4B9E422ED10B88B3F5105F2DD1A5F112
:10C8A0001002102A2CD81A4BD34013F0010F11D1CB
:10C8B0006FF086001CE04FF40672002115F059F964
:10C8C000012384F8183233462A4641462046FFF7B2
:10C8D000E7FE0DE04FF4A672002115F04AF902239D
:10C8E00084F818322B46424639462046FFF79AFF15
:10C8F000BDE8F0816FF08500FAE76FF08500F7E79B
:10C900006FF08600F4E700BF0000C07F0002C003A4
:10C910000101010010B584B00C4611461A461F4BA8
:10C920001340B3F1607F14D022F47E1C1C4B9C4555
:10C930002BD10388B3F5105F2AD1A1F11002102A80
:10C9400029D8184BD34013F0010F0FD16FF0860098
:10C9500019E00A9B0393099B0293089B0193079B91
:10C960000093069B204614F06CFE0CE00A9B039398
:10C97000099B0293089B0193079B0093069B0A4621
:10C98000214614F0D8FD04B010BD6FF08500FAE721
:10C990006FF08500F7E76FF08600F4E70000C07FD6
:10C9A0000002C0030101010070B582B004460846D0
:10C9B00011461A46069D9DF81C600388B3F5105F6A
:10C9C0001BD1A2F1100010281AD8104BC34013F04D
:10C9D000010F02D16FF086000DE00D4B9D4212D188
:10C9E000730000930023204604F022F884F81C61B1
:10C9F000C4F81851002002B070BD6FF08500FAE74E
:10CA00006FF08600F7E76FF08500F4E701010100A1
:10CA1000004440042DE9F0410446D0F818610F4865
:10CA2000864215D10F46154698461146204604F019
:10CA30001FF80646069B98420DD82B463A464146BB
:10CA4000204604F023F8079B1E600020BDE8F0811B
:10CA50006FF08500FAE76FF08900F7E700444004C3
:10CA600030B5C9B04F9D0088B0F5105F27D1A2F155
:10CA70001004102C26D81B48E04010F0010F02D102
:10CA80006FF0860019E0184883421ED14D9BFBB918
:10CA900015F00F0F1FD1519B9D421FD8529B1D6057
:10CAA00000240094234603A803F0C2FF2B464E9AAD
:10CAB000509903A803F0EAFF204649B030BD6FF05B
:10CAC0008500FAE76FF08600F7E76FF08500F4E77E
:10CAD0006FF08600F1E76FF08600EEE76FF08900F7
:10CAE000EBE700BF010101000044400438B50546F2
:10CAF0000C46094B994205D00133994208D06FF09A
:10CB0000850004E004F0A0FBC5F8A041002038BD7A
:10CB100004F0CAF9F8E700BF0800000210B5D0F829
:10CB2000A031084CA34205D00134A34206D06FF0D7
:10CB3000850010BD04F0B2FB0020FAE704F0DEF936
:10CB40000020F6E70800000270B504461E46D0F843
:10CB5000A001134DA84205D00135A84211D06FF0B5
:10CB600085000DE01B2A14D9204604F05FFC1C232D
:10CB700033604FF4D4720021204614F0FAFF0020F5
:10CB800070BD1F2A08D9204604F08EFA2023336096
:10CB9000EFE76FF08900F3E76FF08900F0E700BF7F
:10CBA0000800000238B5049CB0F802C01D4DAB422D
:10CBB0001FD10CF10703B2EBD30F1DD1079B9A4293
:10CBC0001DD8089B1A60008847F21213984219D1A9
:10CBD00053000133059A934217D12378042B17D1C0
:10CBE000BCF5807F17D1621C069804F07FF8A8B9C5
:10CBF00038BD6FF08500FBE76FF08600F8E76FF057
:10CC00008900F5E76FF08500F2E76FF08600EFE747
:10CC10006FF08600ECE76FF08500E9E76FF08600C3
:10CC2000E6E700BF00000209014B1B68184700BF80
:10CC3000CC2C0020014B9B68184700BFCC2C002057
:10CC4000014BDB68184700BFCC2C002010B50C4C02
:10CC5000236813B10B4B1B682BB900F05DFE30B994
:10CC60000122084B1A6001232360002010BD013807
:10CC7000072801D9044810BD044B53F8200010BD0B
:10CC80006C97002068970020FE8FFFFF28E50500C5
:10CC9000BFF34F8F0549064BCA6802F4E0621343A5
:10CCA000CB60BFF34F8F00BFFDE700BF00ED00E09A
:10CCB0000400FA0530B44FF0FE3200250B4B0C4C4B
:10CCC0000C494968C3F80024C3F80424C3F80824B5
:10CCD000C3F80C24C3F81024C3F81424C3F8182490
:10CCE000C3F81C24C4F8005530BC084700508450D9
:10CCF00000408450B02C0020024BD0E90012C3E960
:10CD000000127047B02C0020144B2DE9F04300288E
:10CD100014BF04461C46124F236883B0BB4219D08F
:10CD200016460D4620464FF4E07104F1040900F068
:10CD3000EBF804F58E78484600F0CEFC404600F053
:10CD4000F1FA2B464A4640460649009600F000FBA1
:10CD500008B92760002003B0BDE8F0837097002079
:10CD6000A5BCC95A5DD7030070B50D4C1D460028FF
:10CD700014BF064626460B4B306882B098420DD150
:10CD800006F58E70002633460096144600F030FB00
:10CD9000002818BF34462C6002B070BD0248FBE783
:10CDA00070970020A5BCC95AE88FFFFF10B5044654
:10CDB00050B1636813F0685F05D0064A934202D011
:10CDC00000236260236010BD034B04485B689847F2
:10CDD000EFE700BF2C5F5CA9B02C002048E5050000
:10CDE000C8B143680D4A934213D013F0685F0ED068
:10CDF000012350E8002F194640E8001C9CF0000F6A
:10CE0000F7D1012AF5D0BFF35F8F002070470448A7
:10CE10007047044870476FF4E04070472C5F5CA98E
:10CE2000E98FFFFFEA8FFFFF034680B1426809499F
:10CE30008A420AD012F0685F05D0BFF35F8F0022EC
:10CE400010461A60704704487047044870476FF4F2
:10CE5000E04070472C5F5CA9E98FFFFFEA8FFFFF7E
:10CE600010B5044620B10023034A2360626010BD60
:10CE70000248FFF71FFFF6E73A00003A70E50500A9
:10CE80002DE9F041174C4768066867608768C068FD
:10CE9000A760E06026600868134B144D186048686E
:10CEA000D5F818215860886812F0685F9860C868E3
:10CEB0000969D860196112D000230D4A05F58A70FE
:10CEC000C5F81431C5F8B831C5F81821C5F8BC212A
:10CED000B047236805F5DC70BDE8F0411847BDE8B0
:10CEE000F08100BFCC2C0020B82C002070970020CF
:10CEF0002C5F5CA938B131B10022014403460130F6
:10CF000081421A70FAD1704738B131B10022014420
:10CF10000346013088421A70FAD170472DE9F04F6C
:10CF2000B2F5C07FBDB000F2DA800C46DFF8B491F4
:10CF3000154600214FF4D07282460DF17C08484618
:10CF400014F017FE404601F049F930232146002431
:10CF500009F118062A4689F8173030466BBAA9F845
:10CF60001230A9F8104014F0DDFD802223467255DE
:10CF70000DF12B0101F8013F0133202BFAD14FF4C1
:10CF8000807240460BA901F03FF98346002840F02B
:10CF9000A38005F1190313AD2F4607AE0293CDF818
:10CFA0000CA00196049510220021019814F0E1FDD7
:10CFB000DFF834A1DDF808B005970A9B5AF8044C55
:10CFC000089F099A07995AF8100C5AF80C6C5AF8ED
:10CFD000085C5C40019B7E40554081EA00071A4690
:10CFE00001214046CDE90776CDE9095401F02EF93B
:10CFF000BBF1100F94BFABEB0B0BABF1100B0AF1B5
:10D00000100A002847D1BBF1000FD6D1059F10228E
:10D010003846019914F086FD99F803301037013332
:10D02000474589F80330BED1049D4FF480722946EC
:10D030004046DDF80CA0019E01F0E6F8834678BB7F
:10D0400054460AF130071BAB1A460121404601F055
:10D05000FDF8834620BB102220461BA9144414F07F
:10D0600061FDA742EFD1404601F0C8F84FF4D071FE
:10D070001C48FFF749FF28463021FFF745FF0BA862
:10D080002021FFF741FF30461021FFF73DFF5846B2
:10D090003DB0BDE8F08F8346DDF80CA0019E049DF5
:10D0A000404601F0ABF84FF4D0710E48FFF72CFF6B
:10D0B00028463021FFF728FF20210BA8FFF724FF87
:10D0C00010213046FFF720FF30215046FFF71CFFAC
:10D0D00058463DB0BDE8F08F13AD07AEE0E76FF006
:10D0E000370BF5E740990020509900202DE9F041D9
:10D0F0008CB004460D463022002168466F4614F07D
:10D1000038FD04F12006E27B0132D2B2E273002A3C
:10D110004DD1A27B0132D2B2A273002A47D1637BE8
:10D120000133DBB26373002B41D1237B0133DBB2CC
:10D130002373002B3BD1E37A0133DBB2E372002B84
:10D1400035D1A37A0133DBB2A372002B2FD1637ADE
:10D150000133DBB2637253BB237A0133DBB2237238
:10D160002BBBE3790133DBB2E37103BBA37901335A
:10D17000DBB2A371DBB963790133DBB26371B3B99D
:10D1800023790133DBB223718BB9E3780133DBB24E
:10D19000E37063B9A3780133DBB2A3703BB9637862
:10D1A0000133DBB2637013B92378013323703B463C
:10D1B00022460121304601F049F88046002841D13D
:10D1C00010370CAB9F429ED1029AAB680399534033
:10D1D00002933046EE68D5F820804E4003960499BD
:10D1E0002E69D5F828C04E4004966E6905990B9FAC
:10D1F0004E4005960699AE69009B4E400696EE6934
:10D2000007994FF480724E400796089ED5F824E0A7
:10D2100088EA0608099E8EEA060E0A9E8CEA060136
:10D22000EE6A7E402F687B4000936B68019D6B40E7
:10D230000193CDE9088ECDE90A16694600F0E4FFB6
:10D24000804638B168463021FFF75EFE40460CB09C
:10D25000BDE8F0811022204608A914F063FCF1E734
:10D260002DE9F8431D468369B3F5C07F52D81646B1
:10D27000C3F5C072AA424DD3C5F5C072D31AB342EA
:10D2800048D30446DFF898904FF4C0720F464846E2
:10D29000002114F06EFC4946D4F89430A269D4F809
:10D2A00098009847002838D1D4F818803DB1D4E9C7
:10D2B00025302A4609EB0801984770BBA84407B1FE
:10D2C000C6B9174942460846FFF728FE054638B159
:10D2D0004FF4C0711248FFF717FE2846BDE8F883E7
:10D2E00020460F49FFF702FF05460028F0D1012331
:10D2F0002361EDE73946324609EB080014F012FCD1
:10D300000749B04442460846FFF708FE0546002894
:10D31000DED1E5E76FF03705DFE76FF03305DCE7D7
:10D32000E09A002010B5A4220021044614F021FC4C
:10D330004FF0FF314FF6F072044B2161E26104F1CE
:10D340009C001B68BDE81040184700BFAC2C0020B3
:10D350002DE9F047054688B00F46164600212022E9
:10D360006846984614F005FC1F4B05F19C09484699
:10D370001B689847044618B1204608B0BDE8F087FE
:10D3800005F1200A504600F029FFAA69C5E9257673
:10D39000F2B920232E69AB61002E22DB694650468C
:10D3A0004FF4807200F030FF044630B933464146F6
:10D3B0002846109AFFF754FF04460C4B48461B685A
:10D3C0009847002818BF0446204608B0BDE8F087FB
:10D3D0002E69002EE2DA2F2A96BF01322646560821
:10D3E000DCE71026DAE700BFA82C0020A42C0020E0
:10D3F0002DE9F04FB2F5806F91B01A9F00F2E380F3
:10D40000B7F5807F00F2DC80044615460E463022D8
:10D41000002104A8984614F0ACFB6C4B04F19C0965
:10D4200048461B6898478346002840F0928022694E
:10D43000E3699A4200F391806369002B40F08D808C
:10D44000002F40F0A980DFF888A16F46002D00F082
:10D4500098806F4604F120080EE0102DAB4628BFDF
:10D460004FF0100B304639465A4614F05BFBB5EBD3
:10D470000B055E4400F08580E37B0133DBB2E37390
:10D48000002B4DD1A37B0133DBB2A373002B47D11B
:10D49000637B0133DBB26373002B41D1237B013308
:10D4A000DBB22373002B3BD1E37A0133DBB2E372AF
:10D4B000002B35D1A37A0133DBB2A372002B2FD11D
:10D4C000637A0133DBB2637253BB237A0133DBB27D
:10D4D00023722BBBE3790133DBB2E37103BBA37986
:10D4E0000133DBB2A371DBB963790133DBB2637162
:10D4F000B3B923790133DBB223718BB9E3780133FC
:10D50000DBB2E37063B9A3780133DBB2A3703BB93C
:10D5100063780133DBB2637013B92378013323706E
:10D520003B4622460121404600F090FE83460028FB
:10D5300093D0DAF80030484698470346302104A8D3
:10D54000002B18BF9B46FFF7DFFC10213846FFF782
:10D55000DBFC584611B0BDE8F08F3A464146002347
:10D560002046FFF77DFEDFF868A000283FF46DAF8E
:10D570004846DAF800309847834600283FF465AF04
:10D58000E7E7204604A9FFF7B1FD83460028D0D184
:10D59000236901332361CCE73A46414604A8FFF7EB
:10D5A000BDFC834618B16F46DFF824A0C1E72046D2
:10D5B00004A9FFF79BFD834600283FF444AFF2E740
:10D5C0006FF0370BC5E76FF0350BC2E7A82C0020D2
:10D5D000A42C00202DE9F043202B1D46064688464A
:10D5E00091468BB026D8DBB202AF8DF80480B046EE
:10D5F00058F8041B8DF8053021B9404600F068FE4C
:10D60000044640B9012302224046336001A900F0DC
:10D6100073FE044638B138462021FFF775FC2046DA
:10D620000BB0BDE8F0832A464946404600F064FE50
:10D630000446F0E702AF1946104600233A4600F0D0
:10D64000E1FF04460028E6D12023B9461D46CCE779
:10D650002DE9F041D0F8F830A6B0002BD8BF02AECB
:10D6600031DD05460027D0F80C4102AEA4F10108D7
:10D670009022D5F8FC403146D0F8000101AB01976B
:10D68000B8FA88F8A0474FEA5818044620B9019B19
:10D6900053B9B8F1000F16D030469021FFF734FC93
:10D6A000204626B0BDE8F081014632462846FFF705
:10D6B00091FF58B9D5F80431019A1344C5F80431E3
:10D6C000B8F1000FE8D16FF03C04E5E704462046CE
:10D6D00026B0BDE8F08100BF70B5002504461422D5
:10D6E00004F588762946C0F8F850FC3014F041FA69
:10D6F00008222946304614F03CFA144B30461B6889
:10D700009847204640F8045B00F0C8FD104B3046B7
:10D710001B689847C8B9D4F8F830AB420FDC03EB6C
:10D72000830204EB82022021C2F800010120C2E939
:10D73000421008490133C2F8FC10C4F8F830064B17
:10D740003046BDE870401B68184770BDAC2C002007
:10D75000A82C0020D9E00300A42C00202DE9F047DC
:10D76000202A88B07AD83F4B00F5887904461B6898
:10D7700048461746884698470546F8B940F20116CC
:10D78000D4F8F830002B65D02046FFF761FF05463E
:10D7900038B9D4F8F830002B14DC013EF2D16FF028
:10D7A0003B056E4620213046FFF7AEFB2E4B484628
:10D7B0001B689847002818BF6FF01D05284608B061
:10D7C000BDE8F087D4E94132934203D3D4F80C2169
:10D7D000012A02D0013ED7D1E1E71F2BFAD96E46CC
:10D7E00001462022304604F1040A14F0C2F9314601
:10D7F000504600F0ABFD05460028D3D1504600F05E
:10D8000061FD504600F04AFD2946504600F060FD9B
:10D8100005460028C6D150462022314600F06CFD56
:10D8200005460028BED1034632462021304600F08E
:10D83000E9FE05460028B5D1D4F8F8303A46002B69
:10D84000C8BF002340463146C8BFC4F8043114F0B5
:10D8500069F9A7E76FF03F056E46A3E76FF03B0558
:10D86000ACE700BFA82C0020A42C0020002130B57C
:10D870008DB0282202A8019114F07BF902A800F0D3
:10D88000E9FE044610B120460DB030BD1B4D4FF0EF
:10D89000FF31286800F036F960BB194BD3F8340E1D
:10D8A00010F0010017D100F05DF9F8B9154A02A98E
:10D8B00001A800F003FC0446012000F053F988B9E8
:10D8C000286800F027F90028DDD00F48FFF7F2F9AB
:10D8D00020460DB030BD2868052400F01BF9002853
:10D8E000D1D0F2E70948FFF7E5F9E9E70848FFF783
:10D8F000E1F9DBE70748FFF7DDF9CEE7002D00206F
:10D9000000608450609C0020ECE50500CCE505003B
:10D91000ACE5050094E5050030B583B000F036F8BD
:10D9200078B900F055F890B9144BC3F80C0AFFF71A
:10D930009DFF0446F8B9124D2B6863B1204603B031
:10D9400030BD032400F072F8204603B030BD04243B
:10D95000204603B030BD02460146FFF7D5F950B965
:10D960006822084901ABFFF7FFF920B92046064BB2
:10D970002B6003B030BD0524E0E700BF00508450A9
:10D98000809E0020849E00205AEA5A5A0020704748
:10D99000430504D54FF0FF32034BC3F80821024B77
:10D9A000C3F8080A704700BF00508450014BC3F809
:10D9B000040A70470050845008B100F073B84FF467
:10D9C0007500704708B100F04FB84FF4750070470C
:10D9D00010B5114800F082F800B110BD0F4800F0FA
:10D9E0007DF80028F9D10E4C204600F077F8002889
:10D9F000F3D10C4B0C481C6000F070F80146002875
:10DA0000EBD100F02DF8044608B1204610BD00F01F
:10DA10008BF82046FAE700BF102D00200C2D0020C7
:10DA2000082D0020002D0020042D002008B50848F6
:10DA300000F05EF8074800F05BF8074800F058F87F
:10DA4000064800F055F8BDE8084000F00BB800BFEC
:10DA5000102D00200C2D0020082D0020042D00206A
:10DA600000207047704700BF10B402460C4C01E024
:10DA7000134207D1D4F8003A13F48070F8D0012093
:10DA800042F4807229B1064BD3F804410C60C3F80C
:10DA90000841034BC3F8082A5DF8044B704700BFE8
:10DAA000005084500246084901E01A4207D1D1F8DB
:10DAB000003A13F48070F8D0012042F48072024BD7
:10DAC000C3F8082A704700BF0050845014F037B8DC
:10DAD00014F04FB80A46002114F04BB808B5034BB8
:10DAE00002681B6810689847002008BDCC2C0020F5
:10DAF00008B5034B02685B6810689847002008BDB2
:10DB0000CC2C0020024B02689B681068184700BFAD
:10DB1000CC2C002008B5034B0268DB6810689847DE
:10DB2000002008BDCC2C002070B5094C094D20699F
:10DB3000AB68984718B1084B08485B6898470021C4
:10DB4000074AEB6811602069BDE87040184700BFC4
:10DB5000B82C0020CC2C0020B02C002004E60500BE
:10DB6000EC9E0020F8B51A4D1A4E0446B26828699A
:10DB70009047E8B9184F3B684CB1A3B1012B19D0BD
:10DB8000013B3B602869F36898470020F8BD43B922
:10DB90000121124AC2F800151149D1F81029002AB2
:10DBA000FBD101333B60F368286998470020F8BD3A
:10DBB0000C48F8BD0A4AD2F81039002BFBD1074AAD
:10DBC0006FF07E40C2F80035FFF7F0FE3B68D7E704
:10DBD000B82C0020CC2C0020EC9E0020004084506B
:10DBE00000508450E98FFFFF2DE9F041002873D0E9
:10DBF0000C46002970D01D46002B6DD007461AB187
:10DC0000012200232A6003602B68002B5FD0294685
:10DC1000204600F0D9FD804600285AD121462868C8
:10DC200000F0B8FD8046002853D12868082867D046
:10DC3000042867D0A0F10200B0FA80F04009012169
:10DC4000314EC6F8C411C6F84011C6F8C411636A53
:10DC5000C6F83031D6F830219342F6D10023C6F809
:10DC60002C314FF0FF33C6F808316FF01B03C6F8B4
:10DC70000031C6F80C01D6F8040A40F48060FFF7C2
:10DC800095FE0A23C6F83831069B012B29D023695B
:10DC90001E4AA2FB03231B09626A404602FB03F3F0
:10DCA00003EB4303184ADB039B09C2F8D831012375
:10DCB000C2F82C313B682A6823F07F4343EA0263B1
:10DCC0003B602A6843EA02233B60BDE8F081DFF84D
:10DCD00040804046BDE8F081DFF838804046BDE82E
:10DCE000F0814FF47F03D3F80C2C013206D0D3F827
:10DCF0000C3C064AA2FB03231B09CDE71623CBE706
:10DD000003209CE702209AE700508450ABAAAAAAFD
:10DD1000310CF100350CF10058B34B1EB3F5047F04
:10DD200027D230B54FF0000ECD00744671464B0936
:10DD300001F01F0C50F82330BCF11F0F23FA0CF335
:10DD400006D003F0010319B901211C468E46EEE707
:10DD50009C4201F1010106D01C464FF0010EA94280
:10DD6000E5D1002030BD0EF1010E9645F7D10248F5
:10DD700030BD0148704700BF360CF100C0B32DE93B
:10DD8000F0434C1EB4F5047F1DD2E3B1DAB1002597
:10DD90002E46A8462C46CF0003F1FF394FEA541C0B
:10DDA00004F01F0E50F82C10BEF11F0F21FA0EFCCC
:10DDB0000CD00CF0010C4CB90126E0463446354637
:10DDC000ECE7964216D90C48BDE8F083AB420BD085
:10DDD000C44508BF0136A945F3D001350134BC4222
:10DDE000DCD10020BDE8F0830125E0462E46F5E7B2
:10DDF000014870471D46F1E7370CF1002DE9F04F5F
:10DE00008FB08246DDE919460D46002E6ED10969B4
:10DE100004911C60002318990B60002A00F02881EF
:10DE2000994B6A6AD3F83811D3F830319A4269D1E4
:10DE30000A2967D19AF80330069304F10803059381
:10DE40000423049A0393914B8F4CA3FB023B4FEAAC
:10DE50009B0B0BEB4B0BA2EB4B0B189B049E1E601A
:10DE6000002E00F0E580002700F0BEFC0797BAF115
:10DE7000000F00F0D0804FF00109DDF81480002D74
:10DE800000F0C980069B002B3ED0284606A900F072
:10DE90009BFC00283AD07E4B984220D0069B082B52
:10DEA00000F0E08000225B000693294606AB504656
:10DEB0000092FFF799FE774B984200F0CF8070B93F
:10DEC000DAF80020130A03F47F03134323F07F439F
:10DED000CAF80030039B013B0393BED1002003909E
:10DEE00000F082FC03980FB0BDE8F08F4FF47F0183
:10DEF000D1F80C0C01300CBF4FF40471D1F80C1C9C
:10DF0000049186E76448EAE76248C4E72946069830
:10DF100000F040FC0028BED1069B082B00F0A48036
:10DF2000042B00F0A380A3F10203B3FA83F35B098F
:10DF3000C4F8C491C4F84091C4F8C4916A6AC4F8A2
:10DF40003021D4F830118A42F6D10022C4F82C21B5
:10DF50004FF0FF32C4F808216FF01B02C4F8002113
:10DF6000C4F80C31D4F8040A40F48060FFF71EFDB9
:10DF70000A23C4F838312B69444AA2FB0313696AA7
:10DF80001B0901FB03F303EB4303DB039B09C4F809
:10DF9000D831C4F82C910698DAF8003023F07F418C
:10DFA000030243EA00630B43CAF8003007A800F0FD
:10DFB000E1FB079B354A03F01A0303437FF46EAF7E
:10DFC000A2FB0632D4F81431B7EB920F0893D4F8C1
:10DFD00018310993D4F81C310A93D4F820310B93EB
:10DFE000D4F824310C93D4F828310D9302D1BBF12D
:10DFF000000F12D14046182208A9183EFFF766FD0F
:10E0000008F1180801379EB100F0EEFB00230793DA
:10E01000002D7FF437AF21483DE740465A4608A916
:10E02000A6EB0B06FFF752FDD8440137002EEBD1CB
:10E03000049F059E6A6939463046FFF76DFEAA695E
:10E0400040B94FF4806339463046FFF797FE002809
:10E050003FF444AF0023189A13601CE72B6A002B8F
:10E060003FF43DAF0E483AE7032361E702235FE741
:10E07000012229465046009606ABFFF7B5FD002861
:10E080003FF4DBAE2BE700BF00508450ABAAAAAA36
:10E09000020CF100310CF100300CF100350CF100F4
:10E0A000320CF10030B4DDE9023402940024049D06
:10E0B000CDE9035430BCFFF7A1BE00BF30B5154613
:10E0C000012487B005AB00930022CDE9015404ABD5
:10E0D000FFF794FE07B030BDF0B587B0002967D0D8
:10E0E0001E46002B64D01446002A61D0324F0D46E4
:10E0F00038684FF0FF31FFF705FD00283DD12F4B69
:10E10000D3F8340E10F0010015D04FF0FF354FF466
:10E1100008712B48FEF7EEFE04212A48FEF7EAFEBE
:10E1200029482821FEF7E6FE3868FFF7F3FC40BBDC
:10E13000284607B0F0BDFFF715FD002834D122486E
:10E1400000F088FA70B91E4A0346029205AA0192AD
:10E1500004AA039000921C4902461A48FFF7A2FF46
:10E160000346A0B14FF0FF350120FFF7FBFC00286C
:10E17000CDD01648FEF79EFDC9E71548FEF79AFD7B
:10E18000BDE71448FEF796FD284607B0F0BD2846C7
:10E190001D46059B22469C4228BF1A4604993260C0
:10E1A0000831FFF793FCDFE70B48FEF783FDC6E776
:10E1B0004FF0FF35BCE700BF002D00200060845009
:10E1C0001C9F0020F09E0020F49E0020CCE505005E
:10E1D00094E5050024E60500ACE5050010B504460D
:10E1E00030B1002201236265A265E365236610BD9C
:10E1F0000148FEF75FFDF4E73CE6050018B1742224
:10E200000021FFF765BC7047C8B1D9B108B500233C
:10E21000C02A836380F83C300FD0B2F5807F04D0F1
:10E22000802A03D06FF01F0008BD02230363D208C9
:10E230001030FFF74BFC002008BD0123F6E76FF01C
:10E24000210070476FF01F00704700BF70B5044693
:10E2500086B0F8B11046EAB1E3B101291AD8A26B31
:10E2600016D0012A16D1102500210DEB05060196C6
:10E2700002AA61632946009500F0C8FA50B92B46FE
:10E280003246204602A900F073FD18B906B070BDF1
:10E29000002AE8D06FF02100F8E700BF10B504466F
:10E2A00028B12046BDE81040F421FFF713BC044814
:10E2B000FEF700FD2046BDE81040F421FFF70ABC40
:10E2C00050E6050010B1F421FEF714BE704700BF00
:10E2D00008B521B1012908D06FF0360008BD012131
:10E2E00000F058F80028F7D108BD022100F052F8DC
:10E2F0000028F9D0F0E700BF30B505468818B0F522
:10E30000801F0B461446A1B001D8802A0CD9B3F562
:10E31000801F17D922461946284600F07DF804468A
:10E3200084B9204621B030BD6846FFF7CFFB2246B6
:10E330006946284600F070F8802104466846FFF7D9
:10E34000C9FBEDE76FF03604EBE700BF70B5E8B14D
:10E350000E46D9B1044600F031F80546B0B923683D
:10E36000012B0BD0022B01D0284670BD1C22304659
:10E3700004F10801FFF7AAFB284670BD20223046B1
:10E3800004F10801FFF7A2FB284670BD6FF03605C7
:10E39000EAE700BF78B138B50D46F0210446FFF733
:10E3A00099FB402320462560E36500F061FA0038C0
:10E3B00018BF012038BD0120704700BFF0B5056EC1
:10E3C000A5B0044604AEE5B9002301270193304609
:10E3D0006760294602AA009300F018FA10B10120E4
:10E3E00025B0F0BD2A46204602A900F069FA0028AF
:10E3F000F5D1204600F06CFB0028F0D1206625B056
:10E40000F0BD802D2A46304628BF802204F16401E9
:10E41000FFF75CFB256ED7E7002800F0AE802DE902
:10E42000F04F1446A5B0002A3DD00F46002949D030
:10E43000B2F5803F0546006E20D34FF6FF7805F118
:10E44000640AEB6D1A1AB2FBF3F103FB1122002AE6
:10E4500065D18342B9464FF6FF7672D0B6FBF3FB27
:10E4600003FB0BFBBBF1000F30D1002E45D1A4F50F
:10E470007F44FF3CB4F5803F4744E2D2EA6D161A70
:10E48000B6FBF2F302FB1366A64228BF2646002E17
:10E4900075D1824200F08D80B4FBF2F602FB06F6E5
:10E4A0002EB9002C79D1002025B0BDE8F08F0023D3
:10E4B00031463846CDE9003302AA00F0A7F900281A
:10E4C00000F09580012025B0BDE8F08F002359466B
:10E4D0004846CDE9003302AA00F098F90028F1D1AE
:10E4E0005A46284602A900F0EBF90028EAD1A6EB2B
:10E4F0000B06286ED944002EB9D019304946324651
:10E5000005EB8000FFF7E2FAA4F57F44286EFF3C9C
:10E510003044B4F5803F4744286692D2AEE7424586
:10E5200028BF4246164639465044FFF7CFFA286EB8
:10E53000EB6D3044834207EB06092866A8EB06061C
:10E540008CD1802B28BF802351461A4604A8FFF7A0
:10E55000BDFA0023E96D02AACDE9003304A800F05A
:10E5600055F90028AED12846EA6D02A900F0A8F9B5
:10E570000028A7D1EB6D286670E70120704705F1F0
:10E580006403394632461844FFF7A0FA286EEA6D54
:10E590003044A41B374428667BE72B6E2246193390
:10E5A00005EB83003946FFF791FA2B6E23442B6667
:10E5B00079E7802A28BF802205F1640104A8FFF7CB
:10E5C00085FA0023E96D04A8CDE9003302AA00F022
:10E5D0001DF900287FF476AF2846EA6D02A900F005
:10E5E0006FF900287FF46EAFEA6D286654E7324673
:10E5F000284602A900F064F900287FF463AF37448D
:10E60000A41B4EE7F8B51C460546114816460F46B2
:10E61000FFF744FE21460E48FFF75AFE044620B19C
:10E620000B48FFF74FFE2046F8BD3A4629460848FA
:10E63000FFF762FE04460028F2D131460448FFF796
:10E6400085FE04460248FFF73DFE2046F8BD00BFA8
:10E650003CA100201C2370B582B001A9054601939E
:10E6600000F032F8044638B9019B1C2B07D0144C3B
:10E670001C212846FFF72EFA204602B070BDD5E9CE
:10E680000112131E18BF0123003918BF01210126F2
:10E6900028689B00EA6843EA4103002818BF43F05A
:10E6A0000103EE612AB9C5E90834002BE4D1054C19
:10E6B000DEE7204643F00803C5E9083402B070BD28
:10E6C000370CF0000E0CF000034618B111B10A68C7
:10E6D0001C2A01D0012070474FF47F02D2F8101C91
:10E6E00001310CBF40F2DC51D2F8101C4FF47F0214
:10E6F0000160D2F8141C01310CBF40F2DC51D2F899
:10E70000141C4FF47F024160D2F8181C01310CBF79
:10E7100040F63401D2F8181C4FF47F028160D2F821
:10E720001C1C01310CBF40F63401D2F81C1C4FF404
:10E730007F02C160D2F8001C01310CBF9021D2F8D9
:10E74000001C4FF47F020161D2F8041C01310CBFA0
:10E750005121D2F8041C4FF47F024161D2F8081C09
:10E76000002001310CBF40F23732D2F8082C9A61F8
:10E77000704700BF014608B54FF48060FFF722F9EB
:10E780000022034BC3F8C821C3F82C2108BD00BFE9
:10E79000005084500138072805D8DFE800F0100E3B
:10E7A000040A0404040607487047CB6800204B6243
:10E7B00070478B6800204B6270474B68F6E70B6828
:10E7C000F4E700BF310CF1000B6802E0082B0B608E
:10E7D00006D8026A13424FEA4303F7D0002070477D
:10E7E00000487047310CF100002310B5064C4FF47F
:10E7F0008060C4F82C31C4F8C431FFF7C9F84FF079
:10E80000FF33C4F8083110BD005084502DE9F041A9
:10E81000002482B015461E4601220DF1070307466B
:10E82000DDF824808DF8074000F05AFFD0B99DF83C
:10E83000073004462F602B71B8F1000F0ED04EB197
:10E840000246089930460DF1070300F049FF48B928
:10E850009DF80730C8F8006088F80430204602B000
:10E86000BDE8F0814FF47504204602B0BDE8F081A8
:10E87000D8B108B50368012B04D0022B0FD043B1E7
:10E880000B4808BD20220B490830FFF71FF9002074
:10E8900008BD142208490830FFF718F9F7E72022CD
:10E8A00006490830FFF712F9F1E74FF4730070479B
:10E8B0000100F30060E60500A0E6050080E6050023
:10E8C0002DE9F047002900F0EB800446002800F015
:10E8D000EB80036888469146002B00F0B580013B31
:10E8E000012B00F2C9804FF0FF3171484FF0020A4E
:10E8F000FFF708F9002840F0B1800020FFF732F957
:10E900000746002840F0B4806A4DD5F81069002E03
:10E91000FBD14FF0FF30FFF73BF8D5F8040A20F4A5
:10E920000060FFF743F801230722C5F81838C5F83F
:10E930002038C5F80029C5F8C437C5F8A466A36C0B
:10E94000C5F8CC37E36CC5F8D037C5F8C0A7236845
:10E950005BB1013B012B18D8636AC5F85C36236AAA
:10E96000C5F85836E369C5F85436A269514BC3F867
:10E9700050266269C3F84C262269C3F84826E2682B
:10E98000C3F84426A268C3F84026B9F1000F56D058
:10E9900063684FF40060012B04BF464AC2F8843616
:10E9A00098F80430D8F80010424A5B0003F00203E4
:10E9B000C2F80C3BC2F8281CC2F82C9CFEF7FCFFE6
:10E9C0000746236863B1013B012B19D8394BD3F8B3
:10E9D0005C266262D3F858262262D3F85436E3618B
:10E9E000344BD3F85026A261D3F84C266261D3F899
:10E9F00048262261D3F84426E260D3F84036A3606B
:10EA0000002201212B4BD3F8CC07A064D3F8D00708
:10EA1000E064C3F8C417C3F88426C3F8C827C3F852
:10EA20001828C3F82028AFBB0120FFF79BF868BB6C
:10EA30001F48FFF76FF818BB3846BDE8F08704227F
:10EA40001C4BC3F8C827BCE74FF0FF3118484FF004
:10EA5000010AFFF757F800283FF44FAF1648FEF7BA
:10EA600029F90020FFF77EF8074600283FF44CAF55
:10EA70001248FEF71FF947E7114F3846BDE8F08707
:10EA80001048FEF717F93846BDE8F0870E48FEF744
:10EA900011F9CDE7102104F10800FFF71BF8C3E7D7
:10EAA0000A4F3846BDE8F0874FF47307C4E700BF4C
:10EAB000102D00200050845094E50500ACE50500C1
:10EAC0000100F300ECE50500CCE505000300F300D0
:10EAD000A0B3034670B4D0E90240D3E9041226BAC9
:10EAE00005BA0CBA10BAC3E90440D3E90612986A11
:10EAF00009BAC3E9026512BA996100BAD3E90841BB
:10EB000025BA0CBAC3E90725D3E90B12C3E90940BA
:10EB100009BAD86B12BAD962D3E90D4125BAC3E953
:10EB20000C250CBA00BAD3E9101209BA12BAC3E91B
:10EB30000E40196400205A6470BC70474FF4730093
:10EB4000704700BF70B500284DD0436B0446032BBF
:10EB50003CDD063B012B3BD8A36B012B3BD8E36D7F
:10EB6000012B3DD8236E012B41D8224ED6F81059E7
:10EB7000002DFBD14FF0FF30FEF70AFFD6F8040A54
:10EB800020F40060FEF712FF0123C6F80039C6F832
:10EB9000BC54636B23F00402032A18BFA16B226BE1
:10EBA0000CBF294601F00101022A17D89B0003F08F
:10EBB0001C0343EA02330F4A0B43C2F8C034636BB1
:10EBC000072B06D10123C2F87C3402E0002BC3DA04
:10EBD000094D284670BD094D284670BD084DF8E71F
:10EBE000084D284670BD4FF47105284670BD064D8E
:10EBF000EFE700BF005084500100F1000200F10077
:10EC00000600F1000300F1000400F10000287DD0AF
:10EC100038B590F83C300446002B55D0022B23D059
:10EC20003C483D4D2A683D4B1268C3F800242A68D1
:10EC30005268C3F804242A689268C3F808242A6832
:10EC4000D268C3F80C242A681269C3F810242A6811
:10EC50005269C3F814242A689269C3F818242A68F0
:10EC6000D269C3F81C2438BD016B006C00F032FB84
:10EC7000294D0028D6D12A68284B1268C3F80024F1
:10EC80002A685268C3F804242A689268C3F80824E2
:10EC90002A68D268C3F80C242A681269C3F81024C1
:10ECA0002A685269C3F814242A689269C3F81824A0
:10ECB0002A68D269C3F81C24216B206C00F020FB69
:10ECC0000028AFD1002038BD0269144BC3F80024DE
:10ECD0004269C3F804248269C3F80824C269C3F8EE
:10ECE0000C24026B013A012AECD8026AC3F8102402
:10ECF000426AC3F81424026B022AE3D1826AC3F881
:10ED00001824C26A0020C3F81C24DCE74FF4710009
:10ED1000704700BF0900F100FC2C00200050845017
:10ED2000114A124B11680968C3F800141168496848
:10ED3000C3F8041411688968C3F808141168C96815
:10ED4000C3F80C1411680969C3F8101411684969F3
:10ED5000C3F8141411688969C3F818141268D269C9
:10ED6000C3F81C24704700BFFC2C002000508450C6
:10ED70002DE9F04F85B0002958D01746002A55D00C
:10ED80000446002800F0DC809846C36D0E46002B38
:10ED900042D1B8F5805F44D294F83C30042B00F0A7
:10EDA000C7804FF0000A4FF0FF31B548FEF7AAFECA
:10EDB000002840F0B9800020FEF7D4FE002840F083
:10EDC000AF804FF00109DFF8BCB22046CBF81098B5
:10EDD000CBF82098FFF7B6FE054620B92046FFF78E
:10EDE00015FF054638B3BAF1000F40F085800022C8
:10EDF000A44B0120C3F81028C3F82028FEF7B2FE68
:10EE0000002840F089809E48FEF784FE00287CD1CF
:10EE1000284605B0BDE8F08F012BBDD1B8F5803F85
:10EE2000BAD3994D284605B0BDE8F08F974D2846D6
:10EE300005B0BDE8F08F636B072B00F2CA8009FABA
:10EE400003F919F08A0F40F0D38019F0440F40F015
:10EE5000C28019F0010F00F0BC8033793A795B0071
:10EE600002F0010203F002031343864A3168386856
:10EE7000C2F80C3B636B23F00403032B0AD0236E10
:10EE8000012B0BBFC2F8280DC2F8300DC2F82C8D33
:10EE9000C2F8348DE36D4FF40060012B794B0BBF4A
:10EEA000C3F8281CC3F8301CC3F82C8CC3F8348C6E
:10EEB000FEF782FD0546002895D1626B072A15D81A
:10EEC0000123934013F08A0F40F09F8013F0440F0A
:10EED0000CD06C4BD3F860242260D3F864246260B9
:10EEE000D3F86824A260D3F86C34E3600123A365EF
:10EEF000BAF1000F3FF47BAF0423202104F110008E
:10EF000084F83C30FEF7E6FD71E76148FDF7D2FE7C
:10EF1000284605B0BDE8F08F5E48FDF7CBFE72E7EE
:10EF20005D48FDF7C7FE4CE75C48FDF7C3FE42E7CE
:10EF3000216B206C00F0B8F928B14FF0010A32E7DC
:10EF40004FF4710564E7DFF85C914E4DD9F800305D
:10EF50001B68C5F80034D9F800305B68C5F8043484
:10EF6000D9F800309B68C5F80834D9F80030DB6860
:10EF7000C5F80C34D9F800301B69C5F81034D9F83D
:10EF800000305B69C5F81434D9F800309B69C5F8C6
:10EF90001834D9F80030DB69C5F81C34216B02291C
:10EFA000CBD8236D4FEAC10A0193E36C0AF1100A32
:10EFB00004F1100B0093CDF80CA0CDF808B0206C34
:10EFC000D4E9112300F09CFA68BB002384F83C309C
:10EFD000B3E7334D07E72368CBF860346368CBF8B9
:10EFE0006434A368CBF86834E368CBF86C3434E756
:10EFF0002368CBF840346368CBF84434A368CBF87B
:10F000004834E368CBF84C3427E71E4BD3F8402450
:10F010002260D3F844246260D3F84824A260D3F875
:10F020004C34E36062E7D9F8003051461B6858461B
:10F03000C5F80034D9F800305B68C5F80434D9F855
:10F0400000309B68C5F80834D9F80030DB68C5F893
:10F050000C34D9F800301B69C5F81034D9F80030E9
:10F060005B69C5F81434D9F800309B69C5F81834C9
:10F07000D9F80030DB69C5F81C34FEF72BFDA4E796
:10F08000102D0020005084500500F1000B00F1000D
:10F09000ECE50500CCE50500ACE5050094E50500D0
:10F0A0000100F100FC2C00202DE9F04701B3FAB17A
:10F0B0000446002854D01D46436B0E46072B1BD038
:10F0C0005DB9032B10D1836D73B945668566C5663E
:10F0D0000567102500F164030B602B46314620467E
:10F0E000BDE8F047FFF744BE2F463846BDE8F0873D
:10F0F000644F3846BDE8F087C36DA3BBB5F5805FAC
:10F1000036D20DB9A36D9BBB4FF0FF315E48FEF7C1
:10F11000F9FC00284CD10020FEF724FD002843D143
:10F120004FF00108DFF864912046C9F81088C9F84B
:10F130002088FFF707FD0746E0B10022534B01206E
:10F14000C3F81028C3F82028FEF70CFD40BB4E483A
:10F15000FEF7E0FC0028C8D04D48FDF7ABFDC4E742
:10F160004FF47107C1E7012BCBD1B5F5803FC8D370
:10F17000484FBAE72046FFF749FD07460028DCD193
:10F18000636B072B0AD808FA03F818F08A0F13D11B
:10F1900018F0440F5AD118F0010F19D13E4FCCE7A7
:10F1A0003E48FDF787FDD2E73D48FDF783FDB7E711
:10F1B0003C48FDF77FFDAEE72368C9F8403463683B
:10F1C000C9F84434A368C9F84834E368C9F84C3432
:10F1D00001212E4AC2F87C14C2F8BC54337930683D
:10F1E0008B4003F00203C2F80C3BE5B9A36D0BB9E9
:10F1F000C2F82415626B072A9FD80123934013F0AD
:10F200008A0F30D113F0440F97D0204BD3F86024ED
:10F210002260D3F864246260D3F86824A260D3F833
:10F220006C34E36089E7E36D012B0BBFC2F8280C57
:10F23000C2F8300CC2F82C5CC2F8345C4FF40060A9
:10F24000FEF7BAFB0028D5D0074676E72368C9F851
:10F2500060346368C9F86434A368C9F86834E36843
:10F26000C9F86C34B4E7094BD3F840242260D3F8D2
:10F2700044246260D3F84824A260D3F84C34E3609D
:10F280005BE700BF0B00F100102D00200050845000
:10F29000ECE505000500F1000100F100CCE50500FA
:10F2A000ACE5050094E505007F2809D851B1013986
:10F2B000022909D805497F280CBF0846002070475D
:10F2C0000248704708467047014870470100F70040
:10F2D0000300F7007F2809D851B10139022909D864
:10F2E00005497F280CBF0846002070470248704738
:10F2F00008467047014870470100F7000300F70017
:10F300000129F0B407D0022900F0898000295AD0E1
:10F310007248F0BC70470022714C724B4FEAC00C2F
:10F32000C4F80015451C0CF57F04C3F8082104F54A
:10F330000444C3F80021C3F80421C3F800556A4E01
:10F340002468B44240F0B380196002E0002940F024
:10F35000B580D3F80021D3F80841D3F80411224333
:10F36000F4D0002C40F0B180002940F0A7800124A7
:10F370005B4AC3F800150230C2F800455B4AC3F887
:10F380000811C3F80011C3F80411C3F8000552F8BE
:10F390000C00574A904240F08E80524A1C6002E0B6
:10F3A000002840F08B80D2F80031D2F80811D2F852
:10F3B00004010B43F4D0002940F08C8000287DD15B
:10F3C000C2F8000528E00124464BC200444E204408
:10F3D00002F57F02C6F8004502F50442C3F80811A1
:10F3E000C3F80011C3F80411C3F800053E4D1268BC
:10F3F000AA4260D11C6001E000285FD1D3F800214F
:10F40000D3F80811D3F804010A43F5D000295CD1E0
:10F41000002853D1C3F800050020F0BC7047012537
:10F420000022304B2E4F4FEAC00C44190CF57F01DF
:10F43000C7F8005501F50441C3F80821C3F80021BD
:10F44000C3F80421C3F80045274E0968B1422ED104
:10F450001D6000E091BBD3F80021D3F80841D3F838
:10F4600004112243F6D084BB41BB01241C4AC3F8DB
:10F4700000150230C2F800451C4AC3F80811C3F851
:10F480000011C3F80411C3F8000552F80C00184A23
:10F49000904210D1134A1C6000E078B9D2F80031D4
:10F4A000D2F80811D2F804010B43F6D083E7C3F871
:10F4B000002510482DE7C3F80015FAE70022094B94
:10F4C0000D48C3F80025F0BC70470022C3F80025A2
:10F4D0000A481EE70023C2F80035F9E70C00F100E6
:10F4E0000040845000900350005484500884FF0072
:10F4F000105484500600F7000200F7000100F700E6
:10F500002DE9F0470024CCB08246894616462146B4
:10F5100074220EA81F46579DDDF8588112F029FB72
:10F52000802221462CA82B9412F023FB8423B5F5CE
:10F530007F6FCDE90A440D940C94059364D8FFF7CE
:10F54000EFFB05AB30462BAE01933946DDE9542382
:10F550000295009600F064F8002850D1022307229B
:10F560008DF813309DF813301B928DF87430002203
:10F570000123012410211C900EA8CDE92423CDF8ED
:10F580006890CDF878A02694FEF7A4FA10220DF129
:10F5900020090092304605990AABCDF8049006AADE
:10F5A000FFF734F9074688B11EE0102D2E4628BF1C
:10F5B00010260EA93246FEF789FA10210EA8FEF792
:10F5C00089FA0134AD1B3744E4B222D0059B4A4688
:10F5D00006A90EA88DF8AC40FFF766FD034608EBC0
:10F5E0000700002BE1D01F460EA874220021FEF771
:10F5F0006FFAFFF795FB38464CB0BDE8F087064F31
:10F6000038464CB0BDE8F087044F38464CB0BDE8F2
:10F61000F0872F46E8E700BF0E00F1000F00F10071
:10F620002DE9F041002482B00A9D0194B5F57F6F69
:10F6300040D8ED00B5F5807F1E4634BF0323042378
:10F6400001F1FF3CBCF13F0F0C46009332D888B368
:10F65000174666BB089A6AB3099A116851B3A21992
:10F660001344994226D3089B01462246581CFEF7B4
:10F670002DFA089B04F102081C440023637026BB8A
:10F68000089BFF2D009503EB080017D92B029BB2B6
:10F6900043EA1523022201A90193FEF717FA08F1A4
:10F6A00002030020099A136002B0BDE8F0810AB19C
:10F6B000402ECFD9094802B0BDE8F0810122694649
:10F6C000FEF704FA08F10103EBE7089B324603EB6F
:10F6D00008003946FEF7FAF9B044D1E70600008089
:10F6E00000201870704700BF08B5074B044613B1DF
:10F6F0000021AFF30080054B1868836A03B1984777
:10F700002046DEF755FF00BF00000000B4E605000C
:10F71000024B0146186800F04DB800BF142D0020C0
:10F7200038B50546002941D051F8043C0C1F002B88
:10F73000B8BFE41800F054FD1D4A136833B9636084
:10F7400014602846BDE8384000F050BDA34208D9F7
:10F75000206821188B4201BF19685B680918216075
:10F76000EDE71A465B680BB1A342FAD9116850184D
:10F77000A0420BD120680144501811608342E0D1AF
:10F7800018685B68084453601060DAE702D90C23FC
:10F790002B60D6E7206821188B4202BF19685B688E
:10F7A0000918636008BF21605460CAE738BD00BF14
:10F7B00034A20020F8B5CD1C064625F00305083517
:10F7C0000C2D38BF0C25002D01DBA94203D90C23D9
:10F7D00033600020F8BD00F003FD21490A6814469B
:10F7E0009CB9204F3B6823B92146304600F09EFB70
:10F7F00038602946304600F099FB431C23D10C2386
:10F800003046336000F0F2FCE3E723685B1B17D45B
:10F810000B2B03D923601C44256004E06368A242DB
:10F820000CBF0B605360304600F0E0FC04F10B00AD
:10F83000231D20F00700C21A1CBF1B1AA350C9E7E2
:10F8400022466468CCE7C41C24F00304A042E3D041
:10F85000211A304600F06AFB0130DDD1CFE700BF4E
:10F8600034A2002030A200202DE9F04F8DB00C46CC
:10F8700016461F46DDF85880054600F0ADFC0368CB
:10F8800018460493CEF72EFB002305900A93D8F870
:10F89000003094F818A00733D4F800B023F0070321
:10F8A00003F10802C8F800204FF0FF32D3E90089C5
:10F8B00029F00043CDF8188007939C4BDDE9060141
:10F8C000C4E91289CEF70CFA70BB4FF0FF32974BA8
:10F8D000DDE90601CEF7E6F930BB00220023404601
:10F8E0004946CEF7D5F910B12D2384F84330904A1C
:10F8F000904BBAF1470F94BF9046984603234FF0C0
:10F90000000923612BF00403236033460BAA214630
:10F910002846009712F0D6F9013040F096804FF05B
:10F92000FF300DB0BDE8F08F42464B464046494699
:10F93000CEF7D6F940B14B467F4A002BBCBF2D23F2
:10F9400084F843307D4BD4E763685A1C26D10623E4
:10F9500063604BF4806200232846226003930AAB65
:10F96000CDE901A309AB49EC108B00930DF1230302
:10F97000616812F006F9BAF1670F8046099915D14E
:10F98000CB1C3BDB6368994238DC0A9B994255DB10
:10F9900023682161D80745D54B1C42E00AF0DF02FD
:10F9A000472AD6D1002BD4D10123D1E7BAF1470F92
:10F9B00007D1C81C25DB63688B4222DB4FF0670A46
:10F9C000E3E7BAF1650F1FD80139524604F1500040
:10F9D000099112F03EF90A9A81461318012A23610F
:10F9E00002DC2268D20701D5013323619DF8233060
:10F9F000002B8AD02D2384F8433086E74FF0650A28
:10FA0000E2E74FF0450ADFE7BAF1660FBDD1002902
:10FA100063680BDD216113B92268D00702D5013379
:10FA20000B4423614FF00009A165DFE713B9226899
:10FA3000D20701D50233F4E70123F2E70029D4BF4E
:10FA4000C1F1020201221344EBE723685A0507D4EF
:10FA50002369424631462846B84701302BD15EE73C
:10FA6000BAF1650F40F2DD8000220023D4E91201D3
:10FA7000CEF704F9002833D00123314A3146284615
:10FA8000B84701303FF44BAFDDE90938434502DBAD
:10FA90002368D8070FD531462846DDE90423B84747
:10FAA00001303FF43CAF4FF0000908F1FF3804F19A
:10FAB0001A0AC84509DC23689B0700F10381E06846
:10FAC0000B9B9842B8BF18462BE70123524631469C
:10FAD0002846B84701303FF422AF09F10109E8E7B1
:10FAE000099B002B39DC0123154A31462846B847CB
:10FAF00001303FF414AFDDE9093959EA030302D1BB
:10FB00002368D907D7D531462846DDE90423B8470D
:10FB100001303FF404AF4FF0000A04F11A0B099BC7
:10FB20005B4253450EDC4B4693E700BFFFFFEF7F80
:10FB3000C6E90500CAE90500CEE90500D2E90500DD
:10FB4000D6E9050001235A4631462846B847013018
:10FB50003FF4E5AE0AF1010AE1E7A36DDDF828A064
:10FB60005345A8BF5346002B994636DC4FF0000B97
:10FB700029EAE97904F11A02A36D0693A3EB0903BC
:10FB80005B4531DC099B9A453ADC2368DA0737D4B8
:10FB9000099BAAEB0309069BAAEB03039945A8BF9F
:10FBA0009946B9F1000F33DC4FF0000829EAE979F2
:10FBB00004F11A0B099BAAEB0303A3EB09034345CA
:10FBC0007FF779AF01235A4631462846B8470130BE
:10FBD0003FF4A5AE08F10108ECE74246314628465D
:10FBE000B8470130C2D19AE6012331462846069231
:10FBF000B84701303FF493AE0BF1010B069ABBE717
:10FC0000DDE9042331462846B8470130C0D186E6F5
:10FC1000069A4B46314628464244B8470130C3D184
:10FC20007DE6DDF828A0BAF1010F01DCDB0736D54F
:10FC30000123424631462846B84701303FF46FAEB3
:10FC400031462846DDE90423B84701303FF467AE6A
:10FC5000002200230AF1FF3AD4E91201CEF70EF890
:10FC6000C0B9534608F1010231462846B847013071
:10FC70000CD154E601235A4631462846B847013094
:10FC80003FF44DAE08F10108D045F3DB4B4604F1DB
:10FC90005002DFE64FF0000804F11A0BF4E70123ED
:10FCA0004246E1E701234A4631462846B84701303B
:10FCB0003FF435AE08F10108E3680B995B1A434540
:10FCC000F0DCFCE64FF0000804F11909F4E700BF8E
:10FCD0002DE9FF470F7E914680460C46782F9A46C5
:10FCE0000C9D01F1430207D8622F0AD8002F00F0C3
:10FCF000E080582F00F0BB8004F1420684F8427087
:10FD00003AE0A7F16303152BF6D801A151F823F0CF
:10FD100069FD03007DFD0300F9FC0300F9FC03000D
:10FD2000F9FC0300F9FC03007DFD0300F9FC03006E
:10FD3000F9FC0300F9FC0300F9FC030099FE030041
:10FD40000DFE03004FFE0300F9FC0300F9FC030065
:10FD5000BBFE0300F9FC03000DFE0300F9FC0300E9
:10FD6000F9FC030057FE03002B6804F142061A1D3C
:10FD70001B682A6084F842300123ABE023682968BD
:10FD80001F0601F10400286001D50D6803E05E063E
:10FD9000FBD5B1F90050002D61687ADA2D200029D9
:10FDA000A16084F843002DDA6D425E480A231646AE
:10FDB000B5FBF3F103FB1157C75D06F8017D2F4634
:10FDC0000D46BB42F4D9082B0BD12368DF0708D5B9
:10FDD000236961689942DEBF302306F8013C06F1D1
:10FDE000FF36921B22614B4603AA21464046CDF8BE
:10FDF00000A011F067FF013071D14FF0FF3004B067
:10FE0000BDE8F08723F004032360CDE72B6820686A
:10FE1000191D2960050601D51D6802E04106FBD5C4
:10FE20001D886F2F3F4814BF0A230823002184F840
:10FE300043106668002EA660B9DB216821F004013A
:10FE40002160002DB3D1002EB1D11646BBE7236847
:10FE500043F0200323607827334884F845702968ED
:10FE600023680E1D2E601E0603D50D6804E02D4884
:10FE7000F3E75D06F9D50D88D90744BF43F02003A9
:10FE800023600DB11023D1E7236823F02003236002
:10FE9000F8E724480A23CCE72B682668181D616917
:10FEA000286035061B6801D5196002E07006FBD595
:10FEB000198000231646236195E72B6800211A1D3F
:10FEC0002A601E686268304612F076F808B1801B1E
:10FED000606063682361002384F8433083E723690B
:10FEE000324649464046D047013086D023689B07BA
:10FEF00014D4E068039B9842B8BF18467FE70123FB
:10FF0000324649464046D04701303FF476AF01358E
:10FF1000E36803995B1AAB42F1DCEAE7002504F1E0
:10FF20001906F5E7D8E90500E9E9050038B5002329
:10FF3000054D044608462B60DEF744FB431C02D106
:10FF40002B6803B1236038BD38A200200CB4184BD5
:10FF500030B50C1E9DB01D6808DA8B234FF0FF30C2
:10FF60002B601DB0BDE8304002B070474FF4027303
:10FF70000290069002A9ADF8143014BF04F1FF33CB
:10FF80002346209A2846049307934FF6FF73ADF853
:10FF9000163021AB019300F04FFC431CBCBF8B23F8
:10FFA0002B60002CDDD0029B00221A70D9E700BF25
:10FFB000142D0020242B2DE9F0478646904601D8C9
:10FFC000012B06D105F01CFC162303600020BDE8C0
:10FFD000F0870D4635482A4615F8014B065D16F0A8
:10FFE0000806F8D12D2C24D12C780126951C2BBB8A
:10FFF000302C30D00A2306F1004C00220CF1FF3CDB
:020000024000BC
:100000001046BCFBF3F903FB19CAA4F13007092F12
:1000100028D83C46A34234DD571C07D081452DD358
:1000200001D1A2452ADB00FB0340012215F8014B58
:10003000EBE72B2C04BF2C78951CD8E7102BDAD1DA
:10004000302CD8D12A7802F0DF02582AD3D16C782C
:1000500010230235CFE72B7803F0DF03582BF6D0BF
:100060000823C8E7A4F14107192F01D8373CD1E78D
:10007000A4F16107192F04D8573CCBE74FF0FF32AA
:10008000D4E7531C08D122236046CEF80030B8F1E3
:10009000000F9CD0691E06E006B14042B8F1000F87
:1000A00095D0002AF6D1C8F8001090E7C6E8050000
:1000B00013460A46014602480068FFF77BBF00BFAF
:1000C000142D00202DE9F04386460D46354E284676
:1000D00015F8014B375D17F00807F8D12D2C26D104
:1000E0002C780127851C3BBB302C32D00A234FF0E3
:1000F000FF380026B8FBF3F803FB08F930466FEA37
:100100000909A4F1300CBCF1090F29D86446A342B7
:1001100037DDB6F1FF3F07D080452FD301D1A14590
:100120002CDB00FB0340012615F8014BE9E72B2CE3
:1001300004BF2C78851CD6E7102BD8D1302CD6D113
:10014000287800F0DF005828D1D16C7810230235D0
:10015000CDE72B7803F0DF03582BF6D00823C6E752
:10016000A4F1410CBCF1190F01D8373CCFE7A4F141
:10017000610CBCF1190F04D8573CC8E74FF0FF36AB
:10018000D2E7731C06D122233046CEF8003032B9B4
:10019000BDE8F08307B14042002AF9D006B1691EDC
:1001A0001160F5E7C6E8050013460A460146024815
:1001B0000068FFF787BF00BF142D002007B500932C
:1001C00013460A4601460348006811F03DFE03B09D
:1001D0005DF804FB142D002000487047682E0020B5
:1001E0000148DEF705BA00BF203100200148DEF7E4
:1001F00019BA00BF2031002070B5466A04460D468A
:1002000076B91020FFF784FA0246606220B9184BD5
:10021000662118480CF0F5FEC0E901660660C6606C
:10022000666AF36883B1636ADB6853F82500B8B97E
:100230000121204601FA05F6721D920011F034FFEB
:1002400060B1C0E901560EE021220421204611F0E0
:100250002BFF636AF060DB68002BE4D1002070BDE7
:10026000026843F825200023C0E90333F7E700BF05
:1002700007EA0500A2EA050070B5466A05460C4685
:1002800076B91020FFF744FA0246686220B9094B9C
:100290008A2109480CF0B5FEC0E901660660C66017
:1002A0003CB16B6A6268DB6853F82210216043F846
:1002B000224070BD07EA0500A2EA05002DE9F041E1
:1002C00001F1140C07460C461E460D690020DCF8AF
:1002D0000030013099B2854202FB01614FEA1346BA
:1002E0004FEA114389B202FB063301EB03414FEAA7
:1002F00013464CF8041BEADC0EB3A368AB4219DCCE
:10030000616838460131FFF777FF804628B9024619
:100310000C4BB5210C480CF074FE226904F10C0161
:100320000C300232920011F0FDFB21464446384663
:10033000FFF7A2FF04EB850301355E6125612046CE
:10034000BDE8F08191EA0500A2EA050010B50C466F
:100350000121FFF751FF024628B9054B4FF4A07168
:1003600004480CF04EFE01234461036110BD00BF40
:1003700091EA0500A2EA05002DE9F04F14460A694A
:100380000F4685B023699A42A2BF23460C461F46FA
:10039000D4F810A0A368D7F8109061680AEB09069A
:1003A000B342B8BF0131FFF727FF30B90246454BD2
:1003B00040F25D1144480CF024FE00F114050022C7
:1003C00005EB86082B46434521D307F1140104F1C0
:1003D000140204F1150702EB8A0201EB8903029370
:1003E000131B153B23F003030433BA4238BF042325
:1003F0000193029B03918B420CD8002E03DD58F829
:10040000043D002B5BD0066105B0BDE8F08F43F8DA
:10041000042BD8E7B1F800A0BAF1000F24D004F102
:10042000140EA9464FF0000C5EF8047BD9F800309A
:100430001FFA87FB72459BB20AFB0B334FEA174B3F
:10044000D9F8007063444FEA174C0AFB0BC707EB5F
:1004500013479BB24FEA174C43EA074349F8043B62
:10046000E2D8019B45F803C0039B0431B3F8029026
:10047000B9F1000F21D02B6804F1140CAE464FF0F7
:10048000000ABCF800B09BB2BEF8027009FB0B7703
:10049000574443EA07434EF8043B5CF8043B4FEAF9
:1004A000134ABEF80030624509FB0A3303EB1743D9
:1004B0004FEA134AE5D8019FEB51043599E7013E15
:1004C0009BE700BF91EA0500A2EA05002DE9F84389
:1004D000154612F0030207460E4607D0013A254C96
:1004E000002354F82220FFF7E9FE0646AD103DD068
:1004F0007C6A7CB91020FFF70BF90246786228B9B4
:100500001D4B4FF4D7711D480CF07BFDC0E9014431
:100510000460C460D7F82480D8F808404CB940F291
:1005200071213846FFF712FF00230446C8F808007F
:1005300003604FF00009EB070AD5314622463846E2
:10054000FFF71AFF8046314638464646FFF794FECD
:100550006D100BD0206838B9224621463846FFF787
:100560000BFF2060C0F800900446E4E73046BDE889
:10057000F88300BFB8E6050007EA0500A2EA050017
:100580002DE9F0470C46074691464FEA621A236967
:10059000496803EB6218A36808F10106B3420BDB5C
:1005A0003846FFF729FE054648B90246284B40F277
:1005B000D91128480CF025FD01315B00EEE700233E
:1005C00000F1140100F110021846534533DB2AEA0A
:1005D000EA7A04F11403206919F01F0901EB8A017A
:1005E00003EB800C2BD0C9F1200E8A46002218683C
:1005F00000FA09F010434AF8040B53F8042B9C4509
:1006000022FA0EF2F3D8ACEB040304F11500153B0B
:1006100023F003030433844538BF0423CA500AB1CE
:1006200008F10206013E384621462E61FFF724FEFE
:100630002846BDE8F087013342F8040FC5E70439C6
:1006400053F8042B9C4541F8042FF9D8EAE700BF82
:1006500091EA0500A2EA05002DE9F74F8946064612
:1006600011461446484611F004FD051E12D12946D4
:100670003046FFF7C1FD024628B9414B40F2322116
:1006800040480CF0BEFC0123C0E90435104603B01D
:10069000BDE8F08FBCBF4B46A1463046B8BF012530
:1006A000D9F80410B4BF1C460025FFF7A5FD02468B
:1006B00018B9334B4FF41071E2E7D9F8107004F118
:1006C000140E266900F1140BC56009F1140509F137
:1006D00010030EEB860605EB8708D9464FF0000C99
:1006E0000193019B5EF8040B53F804AF7645019328
:1006F0001FFA8AF3194683B24FEA1040A1EB0303B5
:10070000C0EB1A40634400EB23409BB24FEA204CFD
:1007100043EA004349F8043BE3D8331B1534153B47
:1007200023F003030433A64238BF04231D445B4473
:100730002C461E4644450ED308F10301491B033DD8
:1007400021F00301A84538BF00210B4453F8041DD4
:1007500099B117619AE754F8041BE6461FFA81FC29
:10076000080C7144F44489B200EB2C4041EA00418A
:100770004FEA204C46F8041BDCE7013FE6E700BFE8
:1007800091EA0500A2EA05002DE9F7430F46012191
:10079000164659EC108BFFF72FFD044630B9024680
:1007A000234B40F20A3123480CF02BFCC9F30A55C5
:1007B000C9F313030DB143F480130193B8F100039F
:1007C00023D06846009311F027FCDDE90012D0B178
:1007D000C0F1200302FA03F3C2400B4301926361AC
:1007E000019B002BA3610CBF012202222261A5B153
:1007F000A5F233450544C0F135003D603060204628
:1008000003B0BDE8F0836161EAE701A811F004FCE0
:10081000019B203001226361E8E7A0F2324004EB43
:1008200082033860186911F0D5FBC0EB4210E5E790
:1008300091EA0500A2EA05002DE9F04F98468B8960
:100840009DB007461B060D46144610D50B6973B9BB
:100850004021FEF7AFFF2860286130B90C233B60D0
:100860004FF0FF301DB0BDE8F08F40236B610023D7
:10087000CDF80C804FF00109DFF8A0810993202307
:100880008DF8293030238DF82A3023469A4613F804
:10089000012B0AB1252AF9D1BAEB040B0BD05B4628
:1008A00022462946384611F00DFC013000F0A780A1
:1008B000099A5A4409929AF80030002B00F09F8060
:1008C00000234FF0FF320AF1010A049307938DF8D9
:1008D00053301A93CDE90523544605224F4814F8A6
:1008E000011B11F069FB049AD8B9D00644BF20233C
:1008F0008DF85330110744BF2B238DF853309AF8ED
:1009000000302A2B15D0079A544600204FF00A0CCD
:10091000214611F8013B303B092B4BD9B0B107926E
:1009200014E0A0EB0803A24609FA03F3134304936F
:10093000D2E7039B191D1B68002B0391BBBF5B42D1
:1009400042F0020207930793B8BF049223782E2B3C
:100950000AD163782A2B32D1039B02341A1D1B68FB
:1009600043EAE37303920593DFF8C0A003222178E2
:10097000504611F021FB38B1A0EB0A004022049B45
:10098000013482401343049314F8011B06222448C7
:100990008DF8281011F010FB002836D0214B1BBB1E
:1009A000039B073323F0070308330393099B334466
:1009B00009936AE70CFB02320C460120A8E70023EA
:1009C00001344FF00A0C19460593204610F8012B0C
:1009D000303A092A03D9002BC6D00591C4E70CFB95
:1009E000012104460123F0E703AB2A4604A9384657
:1009F00000930D4BFEF738FF421C0646D6D1AB895B
:100A00005B063FF52DAF09982CE703AB2A4604A9F6
:100A100038460093044BFFF75BF9EDE716EB050052
:100A200020EB050069F80300C52005001CEB05005C
:100A3000F8B5069F04461D4661B11646AFB9CBF71F
:100A4000DFFF002384F8116184F8127184F81031FB
:100A500084F8133145B11022294604F1F00011F059
:100A600061F8012384F81331F8BDCBF7C7FDE8E73F
:100A700051B190F8103190F812210B4402F00102AC
:100A80009B1A23F00F007047084670472DE9F04F7E
:100A90001E4690F8123187B090F810910093002E06
:100AA00052D0924603F00108C9F1100208EB02038C
:100AB000B342044600F5807700F2C3800D46002A59
:100AC00040F0B280009B002B69D194F8133104F1FF
:100AD000F009C846002B40F0C080224639464846FF
:100AE00094F81131CBF738FE0F2E40F2CD80D0466E
:100AF000A6F1100323F00F031033019305EB030B52
:100B000094F813311BB3102341464A4638469844A3
:100B1000CCF7F4F910224946284611F003F81035B5
:100B200022463946484694F81131CBF715FE5D450B
:100B3000E6D116F00F0623D184F81061C8461022C2
:100B40004146584610F0EEFF07B0BDE8F08F414631
:100B50001022384610F0E6FF10224946284610F0D1
:100B6000E1FF103522463946484694F81131CBF75B
:100B7000F3FDAB4508F11008C2D116F00F06DBD02B
:100B8000019B9A4451463846324610F0CBFF009BF9
:100B900084F81061002B7DD00DF10808CFE794F8A0
:100BA00011312246394602A8CBF7D6FB94F813310F
:100BB000002B5BD1B8F1000F0CBF4FF010094FF0C4
:100BC00011094E4529D304F1F00801E04E4524D324
:100BD000102251463846924410F0A4FF10222846B5
:100BE00002A910F09FFF94F811312246394602A85D
:100BF000CBF7B2FB94F81331103E1035002BE5D043
:100C000002A9084642461023CCF778F9102239464B
:100C1000404610F087FF4E45DAD22EBBAB460DF1B1
:100C2000080884F810618AE7514607EB09009244EE
:100C300010F078FF009B103E4E44002B3FF445AF70
:100C4000ADE707EB09005146324610F06BFFB144A7
:100C500084F8109107B0BDE8F08F10234A4639465A
:100C60003846CCF74BF938E7AB468BE702A904F1DD
:100C7000F0094A4608461023CCF740F948461022AE
:100C8000394610F04FFF95E7002EEDD1AB4684F8C2
:100C9000106154E704F1F00950E700BF00B589B0D6
:100CA0000146684600F03EF809B05DF804FB00BF5D
:100CB00000B591B00146684600F092FD11B05DF8B4
:100CC00004FB00BF30B599B00546684600F02AF82D
:100CD0006946044608A800F07BFE034608A928469A
:100CE0001C4300F0B1FD204619B030BD70B598B07E
:100CF00005466846164600F015F83146044608A831
:100D000000F06EFD034608A96A4608461C4300F041
:100D1000A9FD034608A928461C4300F093FD204680
:100D200018B070BD38B50B68124D1BBAC3614B6863
:100D30002A461BBA83618B6804461BBA4361CB68A1
:100D40001BBA03610B691BBAC3604B691BBA836092
:100D50008B691BBA4360CB6901461BBA0360CBF7B2
:100D6000B1FE034620461C4629461A46CBF7CAFE6A
:100D7000601E38BDC4E605003F2A2DE9F0419046CB
:100D800052D905460C46A2F1400626F03F064036F1
:100D9000274F0E44236840341BBA2B6454F83C3C64
:100DA00039461BBA6B6454F8383C28461BBAAB640E
:100DB00054F8343C1BBAEB6454F8303C1BBA2B6536
:100DC00054F82C3C1BBA6B6554F8283C1BBAAB6535
:100DD00054F8243C1BBAEB6554F8203C1BBA2B6634
:100DE00054F81C3C1BBA6B6654F8183C1BBAAB6633
:100DF00054F8143C1BBAEB6654F8103C1BBA2B6732
:100E000054F80C3C1BBA6B6754F8083C1BBAAB6730
:100E100054F8043C1BBAEB67CCF77CF8B442B9D168
:100E200008F03F00BDE8F0811046BDE8F08100BF4A
:100E3000E4E605000A4610B514681A4924BA0464A9
:100E4000546824BA4464946824BA8464D46824BA84
:100E5000C464146924BA0465546924BA4465946965
:100E600024BA8465D46924BAC465146A24BA0466B1
:100E7000546A24BA4466946A24BA8466D46A24BA4A
:100E8000C466146B24BA0467546B24BA4467946B29
:100E900024BA8467D26B12BAC267CCF73BF8002041
:100EA00010BD00BFE4E605000023F0B50B490C4C73
:100EB0000C4ADFF840E0DFF840C00B4F0B4E0C4D02
:100EC000C0E903ECC0E90576C0E90041C561826074
:100ED000C0F8C030C0F8C430F0BD00BF85AE67BBFD
:100EE00067E6096A72F36E3C8C68059BABD9831F79
:100EF00019CDE05B3AF54FA57F520E512DE9F04137
:100F0000D0E930531344074614460E46C0F8C430A7
:100F1000E5B13F2D00F2C280CAB105F17F01C5F1F4
:100F2000400833460144B04400E0ACB3013313F849
:100F3000010C9A1B434501F8010F04F1FF342A44C8
:100F4000F3D1402A00F09880154646461CB9C7F8F0
:100F5000C050BDE8F081224631463846FFF70CFF0D
:100F6000221A0546B3180028F1D0411E052906D9DA
:100F70000132324407F180018A1A022A13D826442A
:100F800007F17F0213F8011B9E4202F8011FF9D1FD
:100F9000C7F8C050BDE8F081402A78D01546C7F8A0
:100FA000C050BDE8F08119688208012AC7F8801096
:100FB00077D05968022AC7F8841043D09968032A69
:100FC000C7F888103ED0D968042AC7F88C1039D0E9
:100FD0001969052AC7F8901034D05969062AC7F84C
:100FE00094102FD09969072AC7F898102AD0D96988
:100FF000082AC7F89C1025D0196A092AC7F8A0103A
:1010000020D0596A0A2AC7F8A4101BD0996A0B2A63
:10101000C7F8A81016D0D96A0C2AC7F8AC1011D09E
:10102000196B0D2AC7F8B0100CD0596B0E2AC7F8EF
:10103000B41007D0996B0F2AC7F8B81002D0DA6B3A
:10104000C7F8BC20AA0782D025F003021344187801
:10105000B91881F88000511C8D427FF678AF58781E
:1010600002323944954281F880007FF670AF9B7858
:101070003A4482F880306AE7384607F18001FFF78A
:10108000D9FE46460546002C3FF461AF63E738467B
:1010900007F18001FFF7CEFE054658E72A4688464D
:1010A0004FE704221344D2E7F8B580260446D0F86F
:1010B000C0300D46C218581C382882F8806026447B
:1010C00032D93F282AD8002220443E2B80F88020A5
:1010D00003F1020122D021443D2B81F8802003F14D
:1010E00003011BD021443C2B81F8802003F1040133
:1010F00014D021443B2B81F8802003F105010DD051
:1011000021443A2B81F8802003F1060106D02144C6
:10111000382B81F8802001D184F8BF203146204649
:10112000FFF788FE3A285BD8421C3B2AC0F13A01FF
:10113000C0F13B0388BF0123022941D900219A084D
:1011400000F1800E012A04EB0E0C44F80E1031D091
:10115000022ACCF804102DD0032ACCF8081029D08C
:10116000042ACCF80C1025D0052ACCF8101021D078
:10117000062ACCF814101DD0072ACCF8181019D064
:10118000082ACCF81C1015D0092ACCF8201011D050
:101190000A2ACCF824100DD00B2ACCF8281009D03C
:1011A0000C2ACCF82C1005D00E2ACCF8301008BF31
:1011B000CCF8341023F003029B07104410D0421CDB
:1011C000002321183B2A81F8803009D02244392895
:1011D00082F8803000F1020202D0224482F880308E
:1011E0000022D4F8C43031465F0F4FEA535E67F3F4
:1011F00007024FEA533C6EF30F225E096CF317426D
:10120000DB0066F31F6284F8BF302046C4F8BB20C1
:10121000FFF710FE23681BBA2B6063681BBA6B6074
:10122000A3681BBAAB60E3681BBAEB6023691BBA07
:101230002B6163691BBA6B61A3691BBAAB61E3697C
:101240001BBAEB61F8BD00BF0023F0B50B490C4C95
:101250000C4ADFF840E0DFF840C00B4F0B4E0C4D5E
:10126000C0E903ECC0E90576C0E90041C5618260D0
:10127000C0F8C030C0F8C430F0BD00BF07D57C3620
:10128000D89E05C117DD703011155868A78FF96415
:10129000A44FFABE39590EF7310BC0FFF8B514460A
:1012A000D0E93023234405460F46C0F8C430CAB104
:1012B0003F2A14D8BCB102F17F0CC2F140060B46A4
:1012C00084443744511A00E084B31A780133BB4296
:1012D0000CF8012F04F1FF3403EB0102F4D1402A92
:1012E00000F0968014B9C5F8C020F8BD22463946F2
:1012F0002846FFF741FD211A02467B180028F2D04C
:101300000138052806D90131394405F18000411A18
:10131000022914D8274405F17F0113F8010B9F42DD
:1013200001F8010FF9D1C5F8C020F8BD402ADAD183
:10133000284605F18001FFF77DFD0246D3E71868D6
:1013400091080129C5F880006CD058680229C5F8B9
:10135000840043D098680329C5F888003ED0D86837
:101360000429C5F88C0039D018690529C5F8900002
:1013700034D058690629C5F894002FD098690729F8
:10138000C5F898002AD0D8690829C5F89C0025D04E
:10139000186A0929C5F8A00020D0586A0A29C5F89A
:1013A000A4001BD0986A0B29C5F8A80016D0D86AEB
:1013B0000C29C5F8AC0011D0186B0D29C5F8B00088
:1013C0000CD0586B0E29C5F8B40007D0986B0F29C4
:1013D000C5F8B80002D0D96BC5F8BC10910782D00F
:1013E00022F003010B441C78681880F88040481CE8
:1013F00082427FF678AF5C78023128448A4280F8D6
:1014000080407FF670AF9B78294481F880306AE78E
:10141000284605F18001FFF70DFD0246002C3FF440
:1014200062AF63E704210B44DDE700BFF8B5802617
:101430000446D0F8C0300D46C218581C382882F82F
:101440008060264432D93F282AD8002220443E2BEF
:1014500080F8802003F1020122D021443D2B81F845
:10146000802003F103011BD021443C2B81F8802014
:1014700003F1040114D021443B2B81F8802003F1B7
:1014800005010DD021443A2B81F8802003F106019B
:1014900006D02144382B81F8802001D184F8BF2068
:1014A00031462046FFF7C6FC3A285BD8421C3B2A4F
:1014B000C0F13A01C0F13B0388BF0123022941D9A1
:1014C00000219A0800F1800E012A04EB0E0C44F86A
:1014D0000E1031D0022ACCF804102DD0032ACCF8FB
:1014E000081029D0042ACCF80C1025D0052ACCF8F5
:1014F000101021D0062ACCF814101DD0072ACCF8E1
:10150000181019D0082ACCF81C1015D0092ACCF8CC
:10151000201011D00A2ACCF824100DD00B2ACCF8B8
:10152000281009D00C2ACCF82C1005D00E2ACCF8A3
:10153000301008BFCCF8341023F003029B0710448E
:1015400010D0421C002321183B2A81F8803009D09A
:101550002244392882F8803000F1020202D022446D
:1015600082F880300022D4F8C43031465F0F4FEA51
:10157000535E67F307024FEA533C6EF30F225E0996
:101580006CF31742DB0066F31F6284F8BF3020461D
:10159000C4F8BB20FFF74EFC23681BBA2B606368BE
:1015A0001BBA6B60A3681BBAAB60E3681BBAEB6045
:1015B00023691BBA2B6163691BBA6B61A3691BBAF0
:1015C000AB61F8BD2DE9F04106460C46904688B067
:1015D000684602F1200106F12007CBF713FF6A46A7
:1015E00069466846CBF730FE69463846CBF70AFFB6
:1015F0003A463946384604F12005CBF725FE6A46BF
:1016000069466846CBF720FE41462846CBF7FAFEEE
:101610006A4641463046CBF7DDFE2A4629466846F3
:10162000CBF712FE2A4669466846CBF70DFE69469F
:101630006846114ACBF708FE69462046CBF7E2FE22
:10164000324621462046CBF73DFE32462146204613
:10165000CBF738FE224631462846CBF733FE6A46A2
:1016600029462846CBF7B6FE3A4629462846CBF708
:1016700029FE08B0BDE8F081A4E80500F0B50446F5
:101680000D4699B02A4668462146CBF71BFE6946AF
:101690006846CBF7B7FE6A46214608A805F1200642
:1016A00004F12007CBF796FE6A4629466846CBF739
:1016B00091FE3246394610A8CBF7C6FD3246394670
:1016C0003046CBF7FFFD31462846CBF79BFE6A46F6
:1016D000204608A9CBF7B8FD224629462846CBF775
:1016E000F1FD6A46684608A9CBF7ECFD6A46394623
:1016F0003846CBF76FFE2A46684608A9CBF7E2FDCD
:101700006A4631463046CBF765FE3A4631463046AA
:10171000CBF7D8FD684610A9CBF774FE2246694680
:101720002046CBF7CFFD08A922460846CBF7CAFDD5
:1017300010A9084608AACBF74DFE3A46384610A92C
:10174000CBF7C0FD19B0F0BD2DE9F04105460C46C0
:10175000904688B00A4668462946CBF7B3FD6946ED
:101760006846CBF74FFE6A462946284604F1200614
:10177000CBF730FE05F120076A4621466846CBF7D5
:1017800029FE324639463046CBF79CFD314620468D
:10179000CBF738FE2A4621462046CBF793FD6A4612
:1017A00021462046CBF78EFD6A4629464046CBF7B8
:1017B00089FD424639463846CBF70CFE224629467B
:1017C0006846CBF77FFD6A4631463046CBF702FECE
:1017D0003A4631463046CBF775FD08B0BDE8F0819A
:1017E00070B504460D4690B004F1200600F014F9DF
:1017F000304605F1200100F00FF9214608A8CBF78B
:1018000001FE08A908460D4ACBF71EFD08A922468D
:101810000846CBF7DFFD08A90846094ACBF714FDB7
:1018200031466846CBF7EEFD202269460DEB0200FB
:10183000CBF742FB013810B070BD00BFA4E8050033
:1018400084E8050000F002B938B505460C4600F002
:10185000FDF805F1200004F12001BDE8384000F05A
:10186000F5B800BF13462DE9F047B8B08946544A91
:101870001946804610A8CBF725F95249024610A810
:10188000CBF740F90746179E4D4907EAD676C6F1D1
:10189000010210A8CBF736F9179C4A46E44328A961
:1018A00018A8FFF78FFEE40F20A90846C4F1010233
:1018B0004FF0FE0AC7F1010700F090F825466A468E
:1018C00018A928A8FFF740FF4FEA6A1338AA02EBCD
:1018D000830353F8A04C0AF01F03DC4004F001041A
:1018E00065402A4628A918A8CBF768F92A4630A9E6
:1018F00020A8CBF763F90AF1FF3A28A918A8FFF747
:10190000BDFEBAF1FF3FD9D1C4F1010220A908A858
:1019100000F064F866406A4618A928A8FFF714FF8B
:10192000324628A918A8CBF749F9324630A920A891
:10193000CBF744F908A96A460846CBF74BFD08A93E
:10194000084600F09DF808A908F12004084609F1AE
:101950002002CBF73FFD204620A908AACBF73AFD8D
:1019600008AA684618A9CBF735FD69466846CBF743
:1019700049FD18AA694608A8CBF72CFD2146684600
:10198000CBF740FD08AA69461046CBF79BFC68469A
:101990000D4A08A9CBF796FC20462021CBF7A0FAE8
:1019A000024608A9684654423C43CBF707F9404633
:1019B0006946064ACBF70EFD204638B0BDE8F087F1
:1019C00004E8050024E8050084E80500E4E70500D4
:1019D0000A460149FFF746BF44E8050070B588B0E4
:1019E00004460D46164600212022684610F0C1F834
:1019F0000023294620222046009310F093F82A461F
:101A000069466846CBF75EFC324669462046CBF70E
:101A1000D5F808B070BD00BF0B681BBAC3614B6836
:101A20001BBA83618B681BBA4361CB681BBA036125
:101A30000B691BBAC3604B691BBA83608B691BBA05
:101A40004360CB691BBA0360704700BFCB691BBA08
:101A500003608B691BBA43604B691BBA83600B69D7
:101A60001BBAC360CB681BBA03618B681BBA4361A6
:101A70004B681BBA83610B681BBAC361704700BF18
:101A800070B50D46052498B0064610A8CBF7BAFCF1
:101A90002A46684610A9CBF79DFC694610A8CBF7EB
:101AA000B1FC10A90846CBF7ADFC6A4610A908A8FE
:101AB000CBF790FC08A910A8CBF7A4FC10A9084606
:101AC000CBF7A0FC10A90846CBF79CFC10A9084650
:101AD000CBF798FC10A908AA0846CBF77BFC10A905
:101AE0000846CBF78FFC10A90846CBF78BFC10A952
:101AF0006A4608A8CBF76EFC08A910A8CBF782FCB1
:101B000010A90846CBF77EFC013C10A9F5D1084688
:101B100008AACBF75FFC052410A90846CBF772FC96
:101B200010A90846CBF76EFC013CF5D110A908AA14
:101B30000846CBF74FFC10A908A8CBF763FC08A90F
:101B40000846CBF75FFC08A96A466846CBF742FC1B
:101B50001024694610A8CBF755FC10A90846CBF70E
:101B600051FC013C10A9F5D12A460846CBF732FCBE
:101B7000402410A90846CBF745FC10A90846CBF72E
:101B800041FC013CF5D110A96A460846CBF722FC7E
:101B9000102410A90846CBF735FC10A90846CBF74E
:101BA00031FC013CF5D110A96A460846CBF712FC7E
:101BB000102410A90846CBF725FC10A90846CBF73E
:101BC00021FC013CF5D110A9084608AACBF702FC7C
:101BD0002A46304610A9CBF7FDFB18B070BD00BFF8
:101BE00038B52DED028B55EC104B00F053F8154B2A
:101BF000B0EE408AF0EE608A93F90030013319D0DC
:101C000022462B4620462946CCF76AF890B9002296
:101C1000002320462946CCF73BF858B103F0F0FDED
:101C2000212300220360002310461946CBF7E8FE6B
:101C300041EC180BB0EE480AF0EE680ABDEC028BDE
:101C400038BD00BFE82E002008B52DED028BB0EEA8
:101C5000408A10F0DEFA0D4B93F90030013311D0B9
:101C6000B4EE488AF1EE10FA0CD6DFED098AB4EE34
:101C7000E88AF1EE10FA05D503F0C2FD88EEA80A55
:101C800021230360BDEC028B08BD00BFE82E0020BD
:101C9000000000005B4A2DE9F04155EC104BAA43CF
:101CA0002B4620460FD122462946CBF77FFD024620
:101CB0000B4620462946CBF7C3FB04460D4645ECB0
:101CC000104BBDE8F081002D0DDC25F000422243D1
:101CD000F5D095B122462946CBF7B0FB02460B461C
:101CE000CBF78EFEE9E72A1515D1002109E0C30ADA
:101CF000153A4005002BFAD0F7E72A46FAE75B00D1
:101D00000131DD02FBD54C1E121BC1F1200420FA6B
:101D100004F488402343C3F31303D407A2F2FF352E
:101D20004FF0000643F480134FF0160E4FEA65059E
:101D3000B04658BF5B004FF400125CBF03EBD0739A
:101D400040005B00470003EBD07308EB02019942AF
:101D5000DEBF5B1A02EB0108B618BEF1010E4FEAB6
:101D600043034FEA520203EBD7734FEA4707ECD124
:101D7000F44620204FF00041984501EB0E022FDB86
:101D80000BD1BA4209D8002A01EB020E02DABEF1E9
:101D9000000F2CDA0023BF1A8C445B0001384FEA95
:101DA000510103EBD7734FEA4707E5D13B4308D016
:101DB000BCF1FF3F13BF0CF101030136844623F051
:101DC000010C7210F1074FEA5C0302F17F5248BF29
:101DD00043F0004302F50012184602EB05516CE790
:101DE000002A01EB020E0BDABEF1000F08DB08F14E
:101DF0000104BA42A3EB080300D9013BA046CAE79D
:101E00004446F6E70000F07F704738B50C46056998
:101E100083685B68984718B923682A685340236031
:101E200038BD08B58368DB6913B10122984708BD46
:101E30006FF05700FBE708B503468C460068197938
:101E4000DA8842EA0C02CEF719FB08BD08B50EF09D
:101E5000C7F902464B0143EAD0634001801A63EBA5
:101E600001039B0043EA90738000801843EB010359
:101E7000DB0043EA5073C0F3103040EA434008BD32
:101E800008B520EAE070C117C90341EA5041C00318
:101E900040F2E733C0184FF47A724FF0000341F17B
:101EA0000001CBF7FBFFF7F74FFD08BD10B58468C5
:101EB0008AB1964602EB420C4FEA8C0CACF10C0C4A
:101EC0008C449CF8082042F002028CF80820A46898
:101ED0007246A04710BD0020FCE700B585B0019117
:101EE000029202228DF80C20012201A9FFF7DEFFE9
:101EF00005B05DF804FB00B587B0009201930023A4
:101F00008DF80830089B0393099B049307238DF8F1
:101F100014300B4602226946FFF7C8FF07B05DF890
:101F200004FB00B585B08DF80F10019300920123DA
:101F30000DF10F0281880068FFF7DDFF05B05DF845
:101F400004FB30B583B0044601A8D0F7F5F9054687
:101F500010B1284603B030BD0198D0F775F984ED73
:101F6000000BF6E708B520EAE070C117C90341EAA3
:101F70005041C00340F2E733C0184FF47A724FF07B
:101F8000000341F10001CBF789FFF7F7DDFC08BD45
:101F900010B586B000240094019402940394049434
:101FA000059401910292ADF80C306946E8F7A2F968
:101FB00006B010BD10B584688AB1964602EB420C9B
:101FC0004FEA8C0CACF10C0C8C449CF8082042F0CD
:101FD00002028CF80820A4687246A04710BD0020B9
:101FE000FCE700B585B00191029202228DF80C2029
:101FF000012201A9FFF7DEFF05B05DF804FB00B583
:1020000087B00092019300238DF80830089B03935A
:10201000099B049307238DF814300B46022269466E
:10202000FFF7C8FF07B05DF804FB08B5D0F73CFF29
:1020300008BD08B520EAE070C117C90341EA504164
:10204000C00340F2E733C0184FF47A724FF0000338
:1020500041F10001CBF722FFF7F776FC08BD08B588
:102060000EF0BEF802464B0143EAD0634001801AED
:1020700063EB01039B0043EA90738000801843EBFD
:102080000103DB0043EA5073C0F3103040EA4340E1
:1020900008BD03680B60D0ED017AF1EE677AC1EDFF
:1020A000017AD0ED027AF1EE677AC1ED027AD0EDD5
:1020B000037AF1EE677AC1ED037A704700EBC10154
:1020C0008368B3F5004F0AD322B14B6843F0010394
:1020D0004B6070474B6823F001034B60704722B19F
:1020E0004B8843F001034B8070474B8823F001037A
:1020F0004B807047C9008368B3F5004F03D30823B2
:102100001944084470470423FAE710B400EBC10CEB
:102110008468B4F5004F1AD3DCF80C30994219D01A
:10212000B4F5004F34D3DCF80810063200EB82021D
:10213000536000EBC102B4F5004F2CD3D36000EB29
:10214000C3038268B2F5004F27D399600DE0BCF855
:102150000630E3E7C3680121914023EA0103C3602D
:10216000063200EB8202002353608368B3F5004F10
:1021700015D3DCF804205208D200B3F5004F11D378
:10218000082301699B1A0B4403615DF8044B7047F7
:10219000BCF80410C9E7D380D1E79980E5E7BCF823
:1021A0000220E8E70423ECE7931D00EB83035B6860
:1021B0006BBBC3684FF0010C0CFA02FC43EA0C0342
:1021C000C360063200EB8202516000EBC1038268FB
:1021D000B2F5004F17D399608268B2F5004F14D35F
:1021E000D96000EBC1018268B2F5004F56D34B684D
:1021F0005B08DB00B2F5004F52D308229B1A02693C
:102200001A44026170479980E6E7D980E9E710B582
:1022100000EBC30C8468B4F5004F2DD3DCF8082024
:1022200000EBC10EB4F5004F29D3CEF80820846826
:10223000B4F5004F26D3CEF80C3000EBC202836811
:10224000B3F5004F21D3D1608368B3F5004F1ED39F
:10225000CCF8081000EBC1018268B2F5004F19D329
:102260004B685B08DB00B2F5004F15D308229B1AC0
:1022700002691A44026110BDBCF80420D0E7AEF830
:102280000420D4E7AEF80630D7E7D180DCE7ACF81D
:102290000410DFE74B88E4E70422E8E74B88A7E770
:1022A0000422ABE730B400EBC10C8468B4F5004FF6
:1022B00029D3DCF80450531A891A01EB55015D004B
:1022C000B4F5004F22D3CCF804504C0000EBC20C04
:1022D0008568B5F5004F1CD3CCF804408468B4F58C
:1022E000004F19D340F832308368B3F5004F16D34E
:1022F000DCF8044002EB5402B3F5004F12D340F86F
:10230000321030BC7047BCF80250D4E7ACF8025031
:10231000DBE7ACF80240E1E720F83230E4E7BCF854
:102320000240E7E720F83210EBE730B400EBC101E0
:102330008468B4F5004F1ED34B685B0800EBC20CF9
:10234000B4F5004F19D3DCF8045003EB55035D00DE
:10235000B4F5004F14D34D608168B1F5004F11D32F
:10236000DCF8044002EB5402B1F5004F0DD340F805
:10237000323030BC70474B88DFE7BCF80250E4E7EE
:102380004D80E9E7BCF80240ECE720F83230F0E796
:102390008368B3F5004F04D30823C91A081AC0088C
:1023A00070470423F9E708B58368B3F5004F07D3F6
:1023B00000EBC10252685208012A02D0002200E05C
:1023C0000022A2B900EBC102B3F5004F10D352684E
:1023D0005208B3F5004F0DD308230833A2EBD30204
:1023E0000132B2FA82F2C2F11F02FFF78EFE08BD7F
:1023F0005288EDE70423F0E708B58368B3F5004F92
:1024000007D300EBC10252685208012A02D0002211
:1024100000E00022A2B900EBC102B3F5004F10D3D7
:1024200052685208B3F5004F0DD308230833A2EBCE
:10243000D3020132B2FA82F2C2F11F02FFF7B4FEF8
:1024400008BD5288EDE70423F0E7F8B504460D46D1
:10245000CE0000EBC1078368B3F5004F1FD3796846
:1024600005EB510104EBC102B3F5004F19D35368DA
:1024700013F0010F17D0A368B3F5004F24D3A1596F
:10248000691A04EBC102B3F5004F1FD3536813F070
:10249000010F1DD029462046FFF7AEFFF8BD798811
:1024A000DEE75388E4E72046FFF77DFFA368B3F536
:1024B000004F07D37A6805EB520229462046FFF702
:1024C00034FFD8E77A88F6E7A15BD9E75388DEE7DF
:1024D0002046FFF768FFA368B3F5004F0CD3A1595E
:1024E0002A46691A2046FFF720FFA368B3F5004F7C
:1024F00004D3A359ED1ACDE7A15BF1E7A35BF9E79C
:10250000F8B58568B5F5004F11D308230833A1EB62
:10251000D3030133B3FA83F3C3F11F02C3F12504DC
:1025200000EB8404676857B34FF0030C13E00423F7
:10253000ECE7BEF8026019E02146FFF7E6FD26E071
:10254000BEF80660941D00EB84046660BCF1010CCB
:1025500015D0B74213D0941D00EB8404646800EBDF
:10256000C40EB5F5004FE4D3DEF80460B1EB560FAE
:10257000E2D9B5F5004FE3D3DEF80C60E2E7C468BA
:10258000C3F12002012393405B421C4001D120464D
:10259000F8BD94FAA4F2B2FA82F2931D00EB830321
:1025A0005C682146FFF7B1FDF1E7F8B50468002942
:1025B0004DD00B46A268B2EBD10F4AD9B2F5004F0D
:1025C00032D308229D180735ED0829462046FFF72B
:1025D00097FF064600283ED004EBC007A368B3F57A
:1025E000004F23D37B68B5EB530F21D30122314633
:1025F0002046FFF763FD31462046FFF77BFDA268CA
:10260000B2F5004F1FD37B685B08DB00B2F5004FCB
:102610001BD308229B1A626913446361A269934227
:1026200038BF1346A361F8BD0422CBE77B88DAE705
:1026300035442A4631462046FFF734FE29462046D7
:10264000FFF7DAFED2E77B88DEE70422E2E700202C
:10265000E9E70020E7E70020E5E758B169B1026843
:1026600012690A60026852694A6003689B698B605C
:10267000002070476FF0150070476FF0150070472D
:1026800010B50C4611461A46029BA04710BD4038B3
:10269000C0B23A288CBF00200120704770B51446A4
:1026A00068B10D46194606462BB91046CBF71AFC01
:1026B00083B2013399B22A462046B04770BD104616
:1026C000CBF710FC0130F9E75BB32DE9F04782B09E
:1026D0000746884691461D461A785E789C78DB78D6
:1026E00004EB820404EB43042C444FF0000A0AE09C
:1026F00014F8013B45F823402046CBF7F3FB0130AB
:1027000004440AF1010AB245F2D305F1080300932B
:102710006B684A4641463846FFF7B2FF02B0BDE853
:10272000F0876FF0150070472DE9F04104468846A8
:1027300000273E4607E0702D18D02846FFF7A7FF78
:10274000B8B9252D0ED014F8015B75B1002EF8D064
:102750004745F0D02846FFF79AFF0028F1D001370F
:102760000026EEE786F00106EDE700263046BDE8DC
:10277000F0810026FAE70020704710B40C686CB1B5
:102780008A684B689A4209DA013B9A420AD0A054FF
:102790008B6801338B605DF8044B70478B680133A5
:1027A0008B60F8E70023A354F2E70FB400B583B0C1
:1027B00004A951F8040B0191D3F71AFC03B05DF89A
:1027C00004EB04B070470CB400B583B004AB53F80D
:1027D000042B0193D3F71AFC03B05DF804EB02B0AD
:1027E000704708B50446084611461A46A047F7F751
:1027F00049F9DBF73DF930B583B004460191037820
:1028000043F0800303700D460B782A2B18D001A8E3
:10281000D3F714FC019B9D420FD0237843F0800333
:1028200023706060DBB2C3F34003002810DB00229A
:102830001343227863F341022270019803B030BD44
:10284000437843F001034370084601300190F5E7F7
:102850000122EDE710B582B001910B782E2B14BF49
:1028600000230123427863F341024270C3B104465E
:10287000019B5A1C01925B782A2B13D001A8D3F735
:10288000DDFBA0602378C3F34003002812DB0022A5
:102890001343227863F341022270019802B010BD05
:1028A0000846FBE7437843F00403437010460130C9
:1028B0000190F3E70122EBE702460B784C3B2E2B0D
:1028C0005BD8DFE803F04F5A5A5A5A5A5A5A5A5AA2
:1028D0005A5A5A5A5A5A5A5A5A5A5A5A5A5A5A5A58
:1028E0005A5A185A3A5A295A5A5A5A5A5A5A485AED
:1028F0005A5A5A5A4100481C4B78682B05D05378D5
:10290000022161F3C603537070475378012060F3CE
:10291000C6035370881C7047481C4B786C2B05D03D
:102920005378032161F3C603537070475378042032
:1029300060F3C6035370881C70475378052060F31A
:10294000C6035370481C70475378062060F3C603D3
:102950005370481C70475378072060F3C6035370C8
:10296000481C70475378082060F3C6035370481C16
:10297000137843F002031370704753786FF3C60364
:1029800053700846704700B50246084610F8013BF0
:10299000D370782B17D86E2B45D2692B13D8582BB0
:1029A00017D3A3F1580C5FFA8CFC012101FA0CF14A
:1029B00011F4624F15D140F6010C11EA0C0F71D1E0
:1029C00011F4043F56D1137843F001031370002132
:1029D0005EE0412B05D0F6D3A3F14501C9B202292F
:1029E000F1D891784FF0040C6CF302019170612BD7
:1029F0006CD0412B68D00021537861F3C71353701A
:102A0000DBB292F90110002974DB03F07803182B74
:102A10005ED0002B70D0402B70D0137843F00103B0
:102A20001370002134E0A3F16E01C9B24FF0010C24
:102A30000CFA01FC40F282411CEA010F14BF4FF076
:102A4000010E4FF0000E2DD11CF0240F14BF0121F8
:102A5000002143D11CF0010CB5D093784FF0030E48
:102A60006EF302039370537803F07803402B0FD179
:102A700061460DE091784FF0010C6CF3020191700A
:102A8000517801F07801402913D0632B18D0002130
:102A90001378C3F3400C41EA0C0161F34103137056
:102AA0005DF804FB91784FF0020C6CF30201917019
:102AB000E6E792F800C04CF0010C82F800C0E4E7B1
:102AC000003918BF0121E3E7012195E7012193E7D0
:102AD00053786FF3C60353700021D9E793784FF012
:102AE000030C6CF302039370537813F0780FCFD17B
:102AF0007146CDE70121CBE70021C9E70021C7E7F7
:102B000010B504460846002323606360A3604B7839
:102B1000252B14D001312046D3F7A6FA01462046D2
:102B2000FFF769FE01462046FFF794FE0146204666
:102B3000FFF7C2FE01462046FFF725FF10BDE370F8
:102B40000230FBE700B5026841684FF033339E4620
:102B5000A2FB032C12EB0E0E43EB0C0E12EB0E023B
:102B60004CF1000CA1FB03138A1843EB0C028918EB
:102B700043F10003016043605DF804FB08B502689F
:102B80004168520842EAC172490802604160FFF799
:102B9000D9FF08BD84460B68002B17DD013B0B6095
:102BA00001684368980040EA91708A00521843EB2C
:102BB000000392185B41CCF80020CCF80430180FC9
:102BC000303023F07043CCF8043070473020704729
:102BD0006F280CD005D970280BD078280BD1102085
:102BE0007047582801D00A207047102070470820ED
:102BF0007047102070470A2070474378C3F3C3031F
:102C0000072B18D8DFE803F00406080A0C10141686
:102C10000A6070470A7070470A8070470A60704700
:102C2000D3170A604B607047D3170A604B60704738
:102C30000A6070470A6070472DE9F04180460F46F0
:102C400014461E46002506E0394614F8010BC0471D
:102C5000002807DB0135B442F6D316B92378002BE0
:102C6000F2D12846BDE8F0810FB400B583B004A9C5
:102C700051F8040B0191D3F7BBF903B05DF804EBF5
:102C800004B07047036913F0080F08D1C3680268E5
:102C9000934207D8436A9B1A0B60012070470020BB
:102CA000086070479B1A0B6000207047036913F09F
:102CB000080F07D1826843689A4203D89B1A0B60B9
:102CC00000207047436A82689B1A0B60012070479E
:102CD00010B582B0044601A9FFF7D4FF20B1E36824
:102CE000019A1344013B0193606A019BC01A0138A9
:102CF00002B010BD38B5036913F0040F00D138BD20
:102D00000446856AFFF7E4FF854202D9A06AA06203
:102D1000F5E72046FFF7DCFFF9E7C36819440369CC
:102D200013F0010F04D1426A914204D3891A02E0E0
:102D3000426A013A1140C16023F008030361704701
:102D400010B400236FF3000343F0020361F39F0309
:102D5000026A046842F8243003680B44026912F0E6
:102D6000010F04D1446AA34204D31B1B02E0446A4E
:102D7000013C23400360C4689C420AD04368194464
:102D8000036913F0010F08D1436A994208D3C91AA5
:102D900006E042F008020261F0E7436A013B194095
:102DA00041605DF8044B70472DE9F04F83B0044655
:102DB000019117469846056AC66805EB860B15F81B
:102DC000263003F00303022B24D0002100233B60B4
:102DD000C8F8003019BB236913F0020F73D0E36900
:102DE00058469847824615F8269019F001096CD08C
:102DF00015F8263013F0020F39D0019BBBB9626879
:102E00005244236913F0010016D1616A8A4216D335
:102E1000521A14E055F82610C1F39D01D6E720465A
:102E2000FFF77BFFE368A3604FF001094DE019460F
:102E30002046FFF785FFE2E7616A01390A406260D8
:102E4000E168A268914206D0A2682260E26043F085
:102E50000803236139E0524420B9616A8A4204D3ED
:102E6000521A02E0616A01390A40A260ECE70146A9
:102E70002046FFF752FFE368A360019B23B1236A5A
:102E80002268002143F82210019B5344C8F8003007
:102E900022681344226912F0010F04D1616A8B4247
:102EA00004D35B1A02E0616A01390B40236042F0EF
:102EB0000802226115F826306FF3000305F826306A
:102EC000C7F800B001E04FF00009484603B0BDE884
:102ED000F08F30B45318046914F0010F04D1456A1F
:102EE000AB4204D35B1B02E0456A013D2B40056801
:102EF0009D4214D000236FF3000343F0020362F3FA
:102F00009F03046A44F8213043681344026912F0B5
:102F1000010F09D1426A934209D39B1A07E001606D
:102F200024F00804046103E0426A013A134043605C
:102F300030BC704701F00701838B23F007030B437C
:102F4000838370472DE9F04106460F46904681681D
:102F500021B10C683CB131B90C4604E00C4602E0EA
:102F6000234621461C4669B14D6843463A463046E1
:102F7000A847002CF4D02368002BF2D0002CF0D10D
:102F80002346EEE7BDE8F081838B13F0070303D1FE
:102F900002680AB103207047022B03D0012B06D030
:102FA00000207047C28B002AF8D1042070470368C4
:102FB0000BB1052070470020704750B110B50C468A
:102FC00051B1081D00F054F810B9A368032B06D8BE
:102FD00010BD6FF0150070476FF01500F8E76FF047
:102FE0001500F5E72DE9F04107460C4616461D464B
:102FF0001946201DD4F73AFC28B180462B463246AC
:1030000021463846C047BDE8F0812DE9F0418046B1
:103010000C4617461E4604E033463A464046FFF744
:10302000E1FF216831B10D68256063688B42F3D1FF
:103030006560F1E7BDE8F08170B138B50C46054632
:1030400069B10B6873B14B687BB1202200210EF08F
:1030500090FD2C61002038BD6FF0150070476FF0B7
:103060001500F8E76FF01500F5E76FF01500F2E7CF
:103070000246B0B1436803F00303022B0BD0032BCD
:1030800004D0012B04D06FF01500704703685BB1CA
:103090000020906070470368002BF9D16FF0150095
:1030A00070476FF0150070476FF015007047F0B46F
:1030B0000346C6684568A81BDC69844214D9201AF7
:1030C0005F69A5EB070CA4EB0C04A24228BF2246C3
:1030D000904228BF10461A68AD1B2A440A605A68FD
:1030E00002445A60F0BC7047001B2644E7E730B446
:1030F00044688368E41A8C422CBF002401248CB9F4
:103100000246194481604160C568491BC3698B420E
:103110008CBF0020012008B930BC70472B44D3601D
:103120002046F9E76FF01500F6E770B403468669AC
:103130000569A81BDC69844211D9201A9C68641BAC
:10314000A24228BF2246904228BF10461A68AD1BF3
:103150002A440A601A6902441A6170BC7047001B55
:103160002644EAE730B404694369E41A8C422CBF70
:10317000002401248CB9024619444161016185692A
:10318000491BC3698B428CBF0020012008B930BCA9
:1031900070472B4493612046F9E76FF01500F6E77E
:1031A000704710B584468E4613460068DCF804105C
:1031B0008268546814B17246A04710BD6FF0570082
:1031C000FBE708B583681B680BB1984708BD6FF033
:1031D0005700FBE708B583681B690BB1984708BD2A
:1031E0006FF05700FBE700FB01F1033121F0030111
:1031F000C31C5B0003EB0013033323F0030303EB57
:10320000C00008300844400070470023012B08D854
:10321000C3EB031200EBC20292F86C201AB901331F
:10322000F4E70120704700207047C86828B108B54E
:1032300000220969FFF7C5FF08BD70470369D3F88D
:10324000000470476FF08500704731B108B508463B
:1032500011460BF017FC002008BD6FF0010070470D
:1032600031B108B5084611460BF001FC002008BD3D
:103270006FF00100704708B58446084611461A46AB
:10328000DCF8103003F57F73D3E8AF3F022B04D195
:1032900032B140B1D4F782FC08BD6FF00F00FBE7FC
:1032A0006FF04C00F8E76FF00100F5E72DE9F04111
:1032B00090461E46069A079B0069A1B30F46B8F1D7
:1032C000000F33D0AEB314461D46B3F1FF3F08BF25
:1032D000B2F1FF3F01D013431ED133681BB1D0F8C8
:1032E000002493421BD804EA0502B2F1FF3F14BF49
:1032F00000220122314638460BF0CFFB034628B9A5
:10330000B5F1FF3F08BFB4F1FF3FECD0A3B1C8F85F
:1033100000300020BDE8F0816FF08500FAE73260F0
:103320006FF00B00F6E76FF00100F3E76FF01500A8
:10333000F0E76FF01500EDE76FF06800EAE708B519
:103340000BF00AFC08BD70B505460E460024012CA2
:103350000FD8C4EB0413DB004833E9183046CAF732
:10336000B7FD08B10134F2E7C4EB041405EBC40067
:1033700000E0002070BD38B505460C461146FFF749
:10338000E2FF10B12060012038BD2846D4F74AFC86
:1033900010B120600020F7E700202060F4E7F0B5CE
:1033A00083B007460D4600F5EC764FF0FF324FF044
:1033B000FF333046F3F774FF2A6801A93846FFF758
:1033C000DAFF019CB4B105F1080323676B696367F9
:1033D000002384F86C30646480B13046F4F74AF816
:1033E00001998B6E2A683846D4F724FC019C20464C
:1033F00003B0F0BD3046F4F73DF8F8E72022296825
:1034000004F148000EF0F7FC002384F867303046E2
:10341000F4F730F8EAE72DE9F04182B0D0F8C44083
:1034200029B11646A4F5E2770D460B7813B902B020
:10343000BDE8F08114344FF0FF324FF0FF332046E7
:10344000F3F72EFF2A4601A93846FFF794FFDDF86F
:103450000480B8F1000F0AD068B12046F4F70AF8EA
:1034600033462A4601993846D4F7E4FBDFE7204685
:10347000F4F700F8DBE72022294608F148000EF0B7
:10348000BAFC002388F86730C8F868602046F3F774
:10349000F1FFCCE7F8B506460D46D4F7C3FB04466A
:1034A000A8B105F1080303676B694367002780F83B
:1034B0006C7060642022296848300EF09CFC84F80F
:1034C0006770224601213046D4F70CFD08B920462A
:1034D000F8BD3C46FBE7006900F57F73D3E8AF3FDA
:1034E000022B12D110B50C461146136883B11B781C
:1034F0008BB1D0F8F8332BB9FFF751FF70B12060D2
:10350000002010BDFFF7C6FFF8E76FF00F0070470F
:103510006FF01500F5E76FF01500F2E76FF015009A
:10352000EFE710B5029B42B1084611461A6F546886
:103530000CB15A6FA047002010BD93F86C20002AF0
:10354000F9D1012283F86C201846D4F7C7FBF2E7C3
:1035500038B543680469002299695869FFF73AFE53
:10356000054608B1284638BD04F5347401212046CB
:10357000F4F7D4FE2046DAF77BFAF3E72DE9F041C1
:103580000446D0F80480066906F57F770123D7E862
:10359000EF2F022A03D1C7E8E13F0029F7D137D145
:1035A0003046FFF732FEB0B3D6F8F813304600F0DD
:1035B000ABF8054648B10223D7E8EF2FC7E8E13F53
:1035C0000029F9D12846BDE8F0812046FFF7C0FF69
:1035D00005460028EFD106F5F874D8F8001020460B
:1035E00000F003F905460028E5D1D022002120464D
:1035F0000EF0BFFA4FF4F672002130460EF0B9FA21
:103600000023D7E8EF2FC7E8E13F0029DAD0F8E739
:103610006FF07705D6E76FF00F05D3E770B50E466C
:10362000051F012400E0013431462046FFF7DBFD91
:10363000A842F8D3601E05D0B0FA80F04FF00043E6
:1036400023FA00F070BDF8B506460D46896AA868F1
:10365000FFF7E4FF30B307466C68073424F0030437
:10366000F464A96AFFF7BFFD3065AB6A07FB03F39B
:10367000033323F0030304EB43047464FB1C5B007B
:1036800003EB0713033323F0030303EBC7030633F2
:103690001C44033424F0030434646B68F363B7649C
:1036A0000020F8BD6FF00B00FBE708B502F53071A4
:1036B00002F534700CF018FC08BD08B5D0F83831AC
:1036C000A0F53070003B18BF0123AA3300EB830044
:1036D00040680BF01DF908BD10B5436804691B680C
:1036E000C4F8F83304F5EC700CF0A9FA04F57F7413
:1036F0000020D4E8EF3FC4E8E20F002AF9D110BD62
:1037000008B50BF029FA08BD80B138B50C4605465E
:10371000F0300BF081FC0CB1002038BD0020C5F862
:10372000C401C5F8C801C5F8CC01F6E76FF0150073
:10373000704708B50268D2F8C83013B1D2F8C41087
:10374000984708BD704783690BB9C36B1970704700
:10375000012070478369012B01D004207047C36B9F
:103760001878C0B2704710B50446C36A03B19847D1
:103770003822002120460EF0FCF910BD38B5C41DDA
:10378000E400204609F0F7FD054618B12246002165
:103790000EF0EFF9284638BD38B50446382200212E
:1037A0000EF0E7F90025C4F8A450C4F8A850C4F8F6
:1037B000AC50C4F8B050C4F8B450C4F8B850C4F811
:1037C0008C50C4F89050C4F89450C4F89850C4F881
:1037D0009C50C4F8A050D4F8C000F2F7A7FCD4F86D
:1037E000BC00F2F7A3FC284638BD38B50446FFF705
:1037F000D3FF054608B1284638BD04F15400FFF751
:10380000B2FFF2F7F1FBF6E7037813F0040F01D0F3
:10381000002070470368C3F34A2000EB13501730B1
:1038200020F00700800870470020704708B508F0B6
:10383000F1F808BD08B520EAE070C117C90341EAF4
:103840005041C00340F2E733C0184FF47A724FF092
:10385000000341F10001CAF721FBF6F775F808BD36
:103860000B7813F0040F01D00120704770B50546A6
:1038700008460C88C4F38214C3F3C206D5F748FA8D
:1038800074B1002801DA012070BD012302463146DF
:10389000284600F0A3F884428CBF00200120F3E703
:1038A0000120F1E708B500220023D3F71DFA08BD77
:1038B00008B5D3F7F1FB08BD08B5D3F75BFC08BD2D
:1038C00008B50120D4F7CEFD08BD08B5D4F760FED9
:1038D00008BD08B5D3F7FAFAD4F708FF08BD0020F1
:1038E000704701460122002000E00132092A09D870
:1038F00002EB420321FA03F303F007039842F4D2E8
:103900001846F2E77047F8B5074608461E461146C6
:10391000D4F7B6FF0546046807EB47070723BB400B
:1039200024EA0304046006F00706BE403443046042
:103930002046FFF7D6FF24F007042C6000F00700B4
:1039400004432C60F8BD38B50546002400E001347E
:103950000020D5F707F8A0420BD921460020D5F763
:103960000BF80028F3D02946CAF7B2FA0028EED1A6
:1039700001E04FF0FF34204638BD70B50C461546C7
:103980001E4638B1D4F782FF33462A462146D5F782
:1039900063F870BD4FF0FF30F6E770B506460D4690
:1039A000002407E022B22B4600213046FFF7E5FF56
:1039B0000134A4B20020D4F7D5FF8442F2D370BD05
:1039C00010B50446D4F7A2FF18B92046D4F7B4FFC7
:1039D00010BD00212046FFF7E0FFF6E770B50C466A
:1039E00015461E4640B1D4F751FF33462A462146BC
:1039F000C0B2D4F7DFFF70BD4FF0FF30F5E770B510
:103A0000536896689B1B8B420CD30C461546136873
:103A10000A46014698190EF085F8AB682344AB605E
:103A2000204670BD6FF01B00FBE770B588B10E46F5
:103A300014461946054633B11030C2F34A23120D1D
:103A400018440EF06FF82C606E602846D4F7B6FE6E
:103A500070BDD4F707FDFBE72DE9F04383B00646C0
:103A60000F4615461C4603F101094FEA890808F183
:103A7000170020F007008008D4F782FD0022019291
:103A80008DF8049068B100F1140C019B0361964617
:103A900005E055F82E304CF8043B0EF1010EA6451A
:103AA000F7D3002267F3881268F3532200233146CC
:103AB000FFF7BBFF03B0BDE8F08300B583B0019210
:103AC000012301AAFFF7C8FF03B05DF804FB00B5AE
:103AD00083B00092019302236A46FFF7BDFF03B053
:103AE0005DF804FB00B585B001920293069B039339
:103AF000032301AAFFF7B0FF05B05DF804FB08B58A
:103B0000D5F742F808BD2DE9F04180460768856881
:103B100043681C685E6805E0324621462846B8477F
:103B2000241A0544002CF7D1D8F8043000221A607A
:103B3000BDE8F08138B504460D460A2805D029466F
:103B40002046D5F7F1F8002038BD0D20D5F7ECF868
:103B5000F5E710B582B000240094D2F739FD02B029
:103B600010BD08B513460122D5F764F908BD08B5A4
:103B700013460022D5F75EF908BD38B505460C4658
:103B800001F00101FFF7F3FF21462846D5F7F6F9CA
:103B900038BD2DE9F04383B080460E4615461F46DA
:103BA000DDF828902C46102D28BF1024CDF8009069
:103BB0003B46224631464046D5F7F4F926442D1BB4
:103BC000F0D103B0BDE8F0832DE9F04387B006469D
:103BD0000C469046D1F808900F88C7F382170878F2
:103BE000C0F3C2050846D5F793F8011E1ADA002380
:103BF000214651F8105BC5F34A256288C2F30B12C7
:103C0000481905B90021CDF814800492039002915F
:103C100001970022009249463046D5F725FA07B0B1
:103C2000BDE8F0832846D4F7A7FE0346E0E7012865
:103C300001D00120704703230B7001224A700871E4
:103C40008B70CB700020704708B583689B680BB100
:103C5000984708BD6FF05700FBE7704710B58446E2
:103C6000002906DBC818DCF80840A0420CD9002067
:103C700000E0002050B1DCF80C00DCF804402144E6
:103C800084682468A04710BD0120F3E76FF0150099
:103C9000F9E710B58446002906DBC818DCF80840AF
:103CA000A0420CD9002000E0002050B1DCF80C004C
:103CB000DCF80440214484686468A04710BD0120FA
:103CC000F3E76FF01500F9E710B5002905DB8B1855
:103CD0008468A34209D9002300E000233BB1436874
:103CE0001944C068FFF7B0FF10BD0123F6E76FF07D
:103CF0001500F9E710B50346002905DB88189C6814
:103D0000A04209D9002000E0002038B1D8685B68E3
:103D1000194401F01FFC10BD0120F6E76FF01500FB
:103D2000F9E708B5C0688368DB689847006808BD94
:103D3000C068704708B5C0688368DB6898474079F9
:103D400008BD08B583689B680BB1984708BD6FF044
:103D50005700FBE72DE9F84F00283ED08A469046F1
:103D60009B46044603698268134443448269934234
:103D700036D84FF000094E463146A8EB0607656875
:103D8000A368ED1AAF420FD320682A460AEB06015A
:103D900018440DF0C7FE6368A3602046D5F7F2FA19
:103DA000814640B92E44E7E7464507D3BBF1000FF3
:103DB00001D0A36863B94846BDE8F88F20683A4649
:103DC000514418440DF0AEFEA3681F44A760EDE710
:103DD0002046D5F7D7FA8146EDE76FF00D09EAE7FF
:103DE0006FF00B09E7E7006970472DE9F04184B0F7
:103DF00005460C4616461F46D1F80C804046CAF7C9
:103E000071F880B20290CDF80480BDF8283000939C
:103E10003B46324621462846E5F776FB04B0BDE82E
:103E2000F08170470020704730B585B0044600F53A
:103E30000170FFF7D8FF10B1002005B030BDD4F8F5
:103E40000032986806F0FFF80546D4F80002FFF744
:103E50006FFF8368DB689847D4F80002FFF768FFBC
:103E600001AA294606F087FB0028E6D1029A0199AB
:103E7000D4F80002FFF73EFFDFE72DE9F0410546E9
:103E80000E4617461C46FFF7CFFF804610B140464E
:103E9000BDE8F08123463A46314605F50170FFF74B
:103EA00059FF8046002CF2D0D5F80002FFF7D5FE6E
:103EB0000023C5F80032EAE710B584B0044608468E
:103EC00004F50071D5F79CF908B104B010BDD4F821
:103ED0000002FFF72DFF0146D4F800325A689B68B4
:103EE00000200290019300924FF40073224604F5E3
:103EF0000170D5F7D1FAE8E708B520EAE070C117FC
:103F0000C90341EA5041C00340F2E733C0184FF4FF
:103F10007A724FF0000341F10001C9F7BFFFF5F7D6
:103F200013FD08BD08B50120D3F764F908B50020DA
:103F3000D3F760F9037813F0040F01D00020704725
:103F40000368C3F34A2000EB1350173020F007003A
:103F50008008704708B5836823B11B6C2BB1984764
:103F6000002008BD6FF05700FBE76FF05700F8E73F
:103F700008B583685B6903B1984708BD08B58368D5
:103F80009B6903B1984708BD08B583681B6A03B1F4
:103F9000984708BD08B583685B6A03B1984708BDB8
:103FA00008B58368DB6B0BB1984708BD6FF057000D
:103FB000FBE70120704710B5446821606260A36090
:103FC0004068D6F713F8002010BD08B54368197390
:103FD00009B9002008BD1868FFF7D0FFF9E72DE9FF
:103FE000F8430646884617469946002406E030689E
:103FF00018F8041083685D68A8470134BC42F6D302
:10400000C9F800707368B168012098470020BDE8C6
:10401000F88310B51C463030D3F782FC20600020B6
:1040200010BD08B54068FFF7F4FF08BD38B5044679
:104030001D461030D3F744FC286004F1D003012161
:10404000D3E8EF2FC3E8E01F0028F9D10AB1002020
:1040500038BD2068FFF78CFFF9E710B54068047B96
:1040600014B1FFF7BCFF10BDFFF7E0FFFBE710B591
:1040700050F8984B0CF02FF92046FFF77FFF2046B1
:10408000FFF788FF10BD08B54068FFF7F0FF00207C
:1040900008BD38B504460D46FFF782FFA368DB6A0A
:1040A00013B12046984718B129462046D5F7C4FFDA
:1040B000A368DB6913B12046984718B1294620460A
:1040C000D6F71CF838BD8268002382F85630826823
:1040D000A2F852308268A2F85030704703460020A0
:1040E0007AB110B41C7891F800C0644506D12CB1A7
:1040F00001330131013A0130002AF3D15DF8044B5C
:104100007047704730B584461546C06868B11A6874
:10411000039B1A608E4664460FCCAEE80F002368FE
:10412000CEF80030DCF8083063B1DCF8043043B17D
:10413000AE46BCE80F00AEE80F00DCF80030CEF869
:10414000003030BD9CF81130FE2BEED19CF81030C1
:10415000013B049A1360E8E70D290AD00A2908D028
:104160008368B3F878226FF3CA02A3F8782200209C
:1041700070478268D2F87832C3F3C7033BB1D2F8F4
:104180007832C3F3C703994201D000207047B2F8D8
:10419000783261F3CA03A2F878320120704770B513
:1041A00082B004460023019307E06A4601A9304625
:1041B0000CF034F9CDB1019BBBB9204600F0B6FC40
:1041C000E06900F017FF0546A66806F51F76204651
:1041D00000F08BFDA368B3F85030002BE5D04FF40E
:1041E000F6700021F5F7B0FBDFE702B070BD08B54F
:1041F000C06801F0A6F808BD836803F51E7351B1CD
:10420000D3E8EF0F40F48052C3E8E12F0029F7D143
:10421000C0F300307047D3E8EF0F20F48052C3E8BA
:10422000E12F0029F4D0F6E7836803F51E7351B13E
:10423000D3E8EF0F40F48042C3E8E12F0029F7D123
:10424000C0F380307047D3E8EF0F20F48042C3E81A
:10425000E12F0029F4D0F6E7836803F51E7351B10E
:10426000D3E8EF0F40F00202C3E8E12F0029F7D1B5
:10427000C0F340007047D3E8EF0F20F00202C3E81C
:10428000E12F0029F4D0F6E7836803F51E7351B1DE
:10429000D3E8EF0F40F40062C3E8E12F0029F7D123
:1042A000C0F3C0207047D3E8EF0F20F40062C3E8EA
:1042B000E12F0029F4D0F6E7836803F51E7351B1AE
:1042C000D3E8EF0F40F00402C3E8E12F0029F7D153
:1042D000C0F380007047D3E8EF0F20F00402C3E87A
:1042E000E12F0029F4D0F6E7836803F51D7351B17F
:1042F000D3E8EF0F40F00102C3E8E12F0029F7D126
:1043000000F001007047D3E8EF0F20F00102C3E88E
:10431000E12F0029F4D0F6E7836803F51E7351B14D
:10432000D3E8EF0F40F00102C3E8E12F0029F7D1F5
:1043300000F001007047D3E8EF0F20F00102C3E85E
:10434000E12F0029F4D0F6E710B50446D5F738FF81
:10435000A3685B6C13B1014620469847A36800220E
:10436000C3F82023F5F78EFBD9F782FB70B582B036
:10437000054616468468090101F51E710C44043493
:104380006A4601A920460CF049F8019B0BB902B01E
:1043900070BD20460CF03FF82846B047F7E708B557
:1043A00030B9886800F51F700021F6F7DBFD08BD05
:1043B000886800F52B70F7E708B5C06801F032F89F
:1043C00008BD0EB400B582B003AA52F8041B0192D6
:1043D000D7F73CF802B05DF804EB03B0704710B5B6
:1043E00004460021FFF768FFE06800F074FF10BD8D
:1043F00008B5C06800F0ADFF08BD2DE9F04F87B0EB
:104400000F469A46109DDDF84480914642B1104611
:10441000C9F768FD86B20024A8F800402C6005E0CA
:104420000026F8E72B6801332B60013401AA2146EE
:104430003846D7F73FF90346C0B1D3F800B032464B
:10444000494658460DF0C5FC0028EED15846C9F73C
:1044500049FDB8F80030834238BF0346A8F8003061
:104460002B68002BDED1CAF80040DBE707B0BDE8BF
:10447000F08FF0B585B004460E461F467AB110465F
:10448000C9F730FD85B201950A9B00933B4603AA0C
:1044900031462046D6F71EFA18B905B0F0BD002502
:1044A000F1E7421B92B203992944204600F0E7FB52
:1044B000F3E710B5A4B004460FAB089300230793AD
:1044C0000AAB019306AB009304AB08AA09A9D6F77F
:1044D000A7F808B924B010BD069A089B53F822200B
:1044E0000DF11603019303AB009307AB0999204626
:1044F000FFF783FF039B012B1AD0012BEAD9069902
:10450000089A52F82120BDF8161001910093079BDC
:1045100009992046D6F78CF9069A089B53F8222071
:10452000039B0093079B09992046FFF7A2FFD1E761
:10453000079B0699089A52F8212009992046D6F738
:10454000CBF8C7E708B5622902D0662905D008BDB7
:104550004FF0FF3100F08EFAF9E7012100F08AFAFE
:10456000F5E7F0B583B004460D468368D3F878329A
:1045700013F0040F21D1E368DB682BB3A2680DF1BF
:10458000060356322946E06800F0A8FE88B32046AC
:1045900000F090FA2046D5F777FE2046D7F720FAAC
:1045A000A268BDF80630A2F85230A268A2F85030D6
:1045B0002046D7F7D7F903B0F0BD0021FFF77CFE06
:1045C000E06800F088FED6E7002DF4D0A66816F16A
:1045D000560704D03846C9F785FC80B218B90023C5
:1045E00086F85631CAE7394606F5AB700DF0E9FB9F
:1045F000C4E7A06800F5AB7156300DF0E2FBA0688F
:10460000563005D0C9F76EFC80B2ADF80600BEE7A3
:104610000020FAE70CB400B583B004AB53F8042BC8
:104620000193D6F7BDFC03B05DF804EB02B0704710
:104630000EB400B582B003AB53F8042B01930821EC
:10464000D6F7AEFC02B05DF804EB03B070470EB4D1
:1046500000B582B003AB53F8042B01930321D6F7C6
:104660009FFC02B05DF804EB03B070470EB400B5D8
:1046700082B003AB53F8042B01930121D6F790FCD1
:1046800002B05DF804EB03B0704710B504468068D3
:1046900000F543704FF0FF324FF0FF33F2F700FEAA
:1046A0002046D5F701FEA06800F54370F2F7E2FE60
:1046B00010BD18B18368D3F8240370476FF015005C
:1046C000704710B504468368026912680168C068C3
:1046D0009847236900221A6010BD38B505460C467C
:1046E000CB681B7C022B0ED0226823691B68D55433
:1046F000226913680133136023691A6863689A4258
:1047000007D0002038BD0A28EED10D20FFF7E5FFC5
:10471000EAE72046FFF7D5FFF3E7037B194440891A
:1047200091FBF0F07047037B1944438991FBF3F24E
:1047300003FB1211481C704770B505460E46114622
:10474000FFF7F1FF044631462846FFF7ECFF201A39
:1047500070BD70B505460E461146FFF7DEFF0446F4
:1047600031462846FFF7D9FF201A70BD00B590F8F2
:104770000CE07144438991FBF3FC03FB1C110131F4
:1047800001800CF1010CA0F804C0724492FBF3F11B
:1047900001F1010CA0F806C003FB11220132428096
:1047A0005DF804FBF8B507460E46154611460DF0B8
:1047B00035FB0446D5B12846C9F794FB85B2A4B1B0
:1047C000A74203D214F8013C202B11D02046C9F790
:1047D00089FB82B2521B92B2013233885B1B338059
:1047E00092B2611920460DF0AAF9F8BD0025E6E75E
:1047F0000135ADB2013CE9E72DE9F04186B08846CC
:104800001746064640B101AC00687168B268F368AB
:104810000FC43069206001AE002421463A460134BD
:104820003046D6F747FF054628B129684046C9F704
:104830004FFB0028F1D1284606B0BDE8F0812DE9F4
:10484000F84306460F4615461C46DDF820809DF8C5
:1048500024900023236017E02368424655F8231074
:104860003046FFF7C9FF58B12268511C2160B9F1E9
:10487000000F08D0804501D0064605E022600026E2
:104880003046BDE8F88306462368BB42F8D255F8A7
:10489000230000F0FFFD0028DED0236801332360F1
:1048A000F2E710B50446806800F150015630D6F7A3
:1048B000E3FDA368B3F85020A3F8522010BD70B5F3
:1048C00082B0164603782D2B1ED004460D4600F00C
:1048D00097FF002303602A4601A92046FBF764FCEA
:1048E000054600F08DFF0368222B14D000F088FFEE
:1048F000036823B9019BA34201D01B7843B16FF039
:1049000015033360002503E06FF0150313600025E5
:10491000284602B070BD6FF0210333600025F7E731
:104920000EB400B582B003AA52F8041B0192D6F768
:104930008DFD02B05DF804EB03B0704738B58568B3
:10494000B5F8504075B12846C9F7CCFA80B22418A2
:104950000AD06B8FB4FBF3F203FB1244B4FA84F079
:10496000400938BD0020F2E70020FAE7836803F52C
:104970001E7351B1D3E8EF0F40F00202C3E8E12FFC
:104980000029F7D1C0F340007047D3E8EF0F20F0C3
:104990000202C3E8E12F0029F4D0F6E710B586B093
:1049A000044683681A7D022A0AD9D3F8782212F0C5
:1049B000020FFAD000212046FFF7D8FF06B010BD45
:1049C00003F52B730022012101A8F6F763F94FF0DC
:1049D000FF324FF0FF33012101A8F6F799F9A068E3
:1049E00000F52B700BF017FDE8E738B58568B5F8D2
:1049F0005200D5F87432C3F3400303FB00F46DB1E9
:104A00002846C9F76FFA80B220446B8F90FBF3F20F
:104A100003FB1200B0FA80F0400938BD0020F3E734
:104A2000F8B504460D468068B0F8521011FA85F5C5
:104A3000ADB2B0F850203030FFF798FEA0682A469B
:104A4000B0F852103030FFF784FE0746A0682A46BF
:104A5000B0F852103030FFF76FFE0646794220461C
:104A6000D6F722FF31462046D6F738FFA368A3F8D1
:104A70005250F8BD70B50546002901DB012614E04F
:104A8000494209B24FF0FF360FE0A8683346B0F84C
:104A90005020B0F852105630D6F798FE16FB00F1B1
:104AA00009B22846FFF7BCFF21464B1E1CB2002965
:104AB000EBD170BD08B58368B3F85210494209B212
:104AC000FFF7AEFF08BD08B58368B3F85010B3F820
:104AD0005230C91A09B2FFF7A3FF08BD08B58368B1
:104AE000B3F8523003B908BD4FF0FF31FFF798FF1C
:104AF000F9E708B58368B3F85220B3F850309A420A
:104B000000D308BD0121FFF78BFFFAE708B58268E3
:104B1000B2F85210A2F850108368B3F85220134430
:104B2000002283F85620D6F783FE08BD10B5044650
:104B30008068B0F85020B0F852103030FFF716FE01
:104B4000A368198EC1F101012046D6F7C7FEA368FC
:104B5000998E01392046D6F7A7FE2046D6F768FE83
:104B600010BD08B5D6F77CFF08BD38B505460C4624
:104B70000978D6F7C3FF61782846D6F779FE38BDA5
:104B800070B582B0044616461D468368D3F8740299
:104B900010F0100F03D093F83E208A4206D12A4627
:104BA00031466069D6F752FC02B070BDDB8FADF8BC
:104BB00004302046D6F7A2FF2A4631466069D6F770
:104BC00045FC01A92046FFF7D0FFEDE72DE9F041B4
:104BD000064615468368B3F85000B3F85220871A8A
:104BE000503213442844FF2801DDBDE8F081884697
:104BF000BFB29C1D3A46214660190CF0A0FF2A4620
:104C0000414620460CF08EFFB268B2F850302B447B
:104C1000A2F85030B368B3F850201344002283F850
:104C20005620B368D3F8742212F0020F05D1B3F8FE
:104C300052202A44A3F85220D7E7002239463046B2
:104C4000D7F738F8D1E700B583B08DF8071083683F
:104C5000D3F8742212F0010F05D0B3F85020B3F846
:104C600052309A4207D101220DF10701FFF7AEFF42
:104C700003B05DF804FBC9B2D6F74AFEF8E708B501
:104C8000FFF7A4FF08BD38B58368B3F85040B3F808
:104C90005220A41AA4B25032134404B938BD0546B8
:104CA000981D2246411C0CF04AFFAA68B2F8503009
:104CB000013BA2F85030611E012289B22846D6F786
:104CC000F9FFEBE78368B3F850206AB110B50446EA
:104CD000B3F8523003B910BD4FF0FF31FFF7A0FE1B
:104CE0002046FFF7D0FFF6E7704710B50446D7F728
:104CF00025F8A368D3F8743213F0020F00D110BD69
:104D00002046D6F76DFE2046D6F73CFEF7E703783F
:104D100013F0040F01D0002070470368C3F34A204A
:104D200000EB1350173020F007008008704708B5DB
:104D300001694069D1F7A8FF08BD2DE9F84306468F
:104D40000F4690461C469DF82030C3B90E25C4B9C5
:104D50004FF000092A4641463846FEF735FF64B158
:104D6000B368D3F8783213F4006F2AD00BF0F6F85A
:104D700058B389F31188BFF36F8FBDE8F8830F250F
:104D8000E5E70BF0EBF880B1EFF31189202383F313
:104D90001288BFF36F8FB368D3F8783213F4006FC3
:104DA000D8D13046FFF7C2FED4E7B06800F54370B3
:104DB0004FF0FF324FF0FF33F2F772FA4FF0000975
:104DC000E9E73046FFF791FFD0E7B06800F54370A0
:104DD000F2F750FBD1E72DE9F04182B00446C369F8
:104DE0005E69D3F804808368D3F87452C5F3001564
:104DF0003046D2F7BDF878B1074600950023024649
:104E000041462046FFF799FF39463046D2F744F92C
:104E1000012002B0BDE8F0810020FAE7836803F5C5
:104E20001E7351B1D3E8EF0F40F40052C3E8E12FF5
:104E30000029F7D1C0F340307047D3E8EF0F20F4DA
:104E40000052C3E8E12F0029F4D0F6E743681B685D
:104E5000DA699B69D3E8EFCF8C44C3E8E0CF002840
:104E6000F8D19368D3E8EF0F0844C3E8E20F002AB3
:104E7000F8D17047F8B507460E4614460846FFF7C6
:104E800046FF0546610CE20340F2E733D0184FF4C9
:104E90007A724FF0000341F10001C8F7FFFF0246AC
:104EA0000B4629463846D1F71FFFA8B10446043007
:104EB000311D012D12D93368C3F39D03226863F3BA
:104EC0009F0222606A1E92000CF02CFE214638469A
:104ED000D1F7FCFF0120F8BD0020FCE70020FAE735
:104EE0002DE9F04182B004460E4643681D68EB6927
:104EF00058695F68AA68D2F87422C2F300189A68E9
:104F00001279012A04D0032A12D002B0BDE8F08140
:104F1000DA68FFF7AFFF30B1A86800F52370002111
:104F2000F6F720F8F1E701212046FFF78FFFECE7C5
:104F30002846FFF7FBFDCDF80080012332463946B5
:104F40002846FFF7FAFEE0E710B50C4613460A467E
:104F500001461846FFF705FE204610BD70B5044611
:104F60000D461646FFF7E3FE324629462068D3F782
:104F7000D9FD63685B685D60A36800221A60A3685E
:104F800001221A7170BD10B504460068FEF718FDC5
:104F9000A36802221A7110BD10B543681C686068CE
:104FA00003689B680121984700BBE3699B68032263
:104FB0001A7101212046FFF731FFA068B0F8502098
:104FC000B0F852103030FFF7D1FB4FF0FF312046E0
:104FD000D6F76AFCA368198E49422046D6F77EFCB4
:104FE0002046FFF7F8FE0028FAD110BDE069FFF770
:104FF000CAFFFAE7F0B583B0044603685B681F6830
:10500000BB68D3F87452C5F3001583680022D3E857
:10501000EF6FC3E8E12F0029F9D12EB14DB9314628
:105020006068D4F777F86DB93846FFF7D4FE03B05F
:10503000F0BDBB68DB8FADF8043001213846D6F7F0
:105040005DFDECE701A93846FFF78FFDECE70EB4F4
:1050500000B582B003AA52F8041B0192D6F7F6F904
:1050600002B05DF804EB03B070472DE9F04186B063
:1050700007460D46904600210C4606E0C8F732FF71
:1050800083B29C4238BF1C4631464E1C01AA2846BA
:10509000D6F710FB034620B118680028EED1002394
:1050A000EFE7C4B1B8F1000F04D0424608213846FA
:1050B000D6F74EFD002106E04B68224609683846C7
:1050C000D6F7F0FE31464E1C01AA2846D6F7F2FA72
:1050D00001460028F0D106B0BDE8F08100207047FD
:1050E00083690020186070470EB400B582B003AA2F
:1050F00052F8041B0192D6F7A9F902B05DF804EB4F
:1051000003B07047836803F51D7351B1D3E8EF0F07
:1051100040F00202C3E8E12F0029F7D1C0F34000BC
:105120007047D3E8EF0F20F00202C3E8E12F002917
:10513000F4D0F6E708B50121FFF7E4FF002008BD31
:1051400008B50021FFF7DEFF002008BD836803F5E6
:105150001D7351B1D3E8EF0F40F02002C3E8E12FF7
:105160000029F7D1C0F340107047D3E8EF0F20F0CB
:105170002002C3E8E12F0029F4D0F6E708B50121A9
:10518000FFF7E4FF002008BD08B50021FFF7DEFFB0
:10519000002008BD836803F51D7351B1D3E8EF0FFC
:1051A00040F01002C3E8E12F0029F7D1C0F300104E
:1051B0007047D3E8EF0F20F01002C3E8E12F002979
:1051C000F4D0F6E708B50121FFF7E4FF002008BDA1
:1051D00008B50021FFF7DEFF002008BD836803F556
:1051E0001D7351B1D3E8EF0F40F00802C3E8E12F7F
:1051F0000029F7D1C0F3C0007047D3E8EF0F20F0CB
:105200000802C3E8E12F0029F4D0F6E708B5012130
:10521000FFF7E4FF002008BD08B50021FFF7DEFF1F
:10522000002008BD08B50168D5F7F6FF002008BDCD
:1052300030B583B00446D6F7D5FE6FF0F9012046AD
:10524000D6F732FBFA212046D6F748FB01AA0DF12A
:1052500006012046D6F790FF70B90546A368BDF851
:1052600006205A87A368BDF804201A872046D6F77F
:10527000C9FE284603B030BD6FF08505F6E738B5A6
:1052800005460C4611461A462381BDF8103063814D
:1052900004F10C000CF046FC2A1D6B682360626070
:1052A0005C606C6038BD08B5021D43689A4210D03E
:1052B000836859681A680A60516000211960596052
:1052C0001A895B891A440C320068D2F729FB012045
:1052D00008BD0020FCE70023C360704770B51D4681
:1052E00000F1040C4468A4450BD0164691B9C3687C
:1052F00053B1A3420BD05C68C460B4B900202880CD
:1053000070BD00201880FBE72B800846F8E70023DB
:10531000C360F3E7C368002BEED08268934201D0EC
:105320001C68E9E70023C360E8E7228904F10C0167
:1053300030460CF0F7FB23892B800022F254012029
:10534000DEE710B504462046FFF7ADFF0028FAD18E
:1053500010BD2DE9F04784B002F10C05C5F100083D
:1053600008F0030845440368DB699D4202D904B094
:10537000BDE8F087044689461746FFF7ACFF002FCB
:10538000F5D0231DD4F804A053450ED0BAF1000F78
:105390001FD0BAF80830BB421BD13A4649460AF141
:1053A0000C000CF0AFFBA0B9E1E74FF0000A10E0F1
:1053B0002A4603A92068FDF77AFE0646854215D8DD
:1053C000B54222D000212068FDF791FE2046FFF76C
:1053D0006AFF2068026983689A42E9D10023C360AA
:1053E00083604360836143610361E1E72A4603A967
:1053F0002068FDF75CFE8542E2D1BAF80A303344FA
:10540000AAF80A3035442E46DAE7CDF800803B464C
:105410004A4603992046FFF732FF31462068FDF7E0
:1054200066FEA4E7031D436083600023C3607047EA
:105430002DE9F04106460D469846174622B3104620
:10544000C8F750FD84B22A882244FF2A1EDC414658
:1054500030460CF0E3FC0646D0B1C8F743FD82B2FB
:10546000601C0132314630440CF069FB224639465B
:1054700030460CF057FB202333552B88234401334F
:105480002B800020BDE8F0810024DCE70120F9E753
:105490000220F7E710B5044620B1C8F723FD80B21B
:1054A000002302E00020FBE70133984206D9E25CCA
:1054B0003F2A05D02A2AF7D1012000E0002010BDA4
:1054C0000120FCE710B5044680684FF4807200218B
:1054D00000F5AB700CF04DFBA068B0F8502000F167
:1054E000560100F5AB700CF01DFBA06800F5AB7029
:1054F000D6F730F9A46814F5AB7006D0C8F7F2FC03
:1055000080B20130A4F8540010BD0020F9E769B161
:1055100070B5054614460E461046FFF7BBFF38B17E
:10552000224631462846D6F703FF70BD0320704758
:105530000320FAE710B504468068B0F8542000F55F
:10554000AB7156300CF0EEFAA368B3F85420A3F810
:10555000502010BDF8B504460D4616468768FB6816
:105560009847BB6823B13246294620469847F8BD84
:105570006FF05700FBE77047013000F01F007047E5
:1055800038B505460C4601228968E4F76DFA10B17A
:1055900065600123237038BD08B529B1012907D101
:1055A000D7F7A8F8012004E0D7F748F8012000E079
:1055B000002008BD2DE9F04188B004460D4616468E
:1055C0001F4604A8EAF7A2FFDDF810804046C8F79E
:1055D00089FC80B20290CDF80480BDF83830009389
:1055E0003B46324629462046E3F78EFF08B0BDE829
:1055F000F08108B50020D1F7FDFD30B59FB00C4615
:1056000005686822014601A80CF08CFA00231B9360
:105610001C931D931B9401A92846D7F741FD1FB089
:1056200030BD0020704708B500231370CB1E092B36
:105630001AD8DFE803F005090D1119191919191401
:105640001146D8F78BF808BD0021D7F7A3FFFAE77A
:105650000021D7F7E5FEF6E7D7F7B2FDF3E71146ED
:10566000D7F756FE0020EEE7D7F766FE0020EAE700
:1056700008B540B2D8F78AFA08BD08B540B2D8F7E5
:1056800093FA08BD08B500210120D7F709FD08BD30
:105690000023E1EE103AEFF3148323F0040383F3C5
:1056A0001488BFF36F8FBFF36F8F7047D0F8AC30A3
:1056B00083F30B88704761B662B680F31188BFF33D
:1056C0006F8F704708B572B6002383F31188BFF35C
:1056D0006F8F00F074F950B1BFF34F8F30BF00BF30
:1056E00000BF00BF00BF00BF00BF00BF00BF62B669
:1056F000BFF36F8F08BD10B5044672B6002383F365
:105700001188BFF36F8F00F05AF950B1BFF34F8F7C
:1057100020BF00BF00BF00BF00BF00BF00BF00BF71
:1057200000BF84F31188BFF36F8F62B610BD40E8ED
:1057300000F010F4803F01D0C0B270476FF0150048
:10574000704708B50B6823F01F0C0B7A03F01F0E8F
:10575000CA6822F01F025B0942EA430242F00102DA
:105760004CEA0E01D8F70EFC08BD43681F2B08D980
:1057700013F01F0F07D1036813F01F0F05D000208F
:10578000704700207047002070470120704770B5B7
:1057900004460E46FFF7CBFF05463444601EFFF774
:1057A000C6FF854201D1284670BD6FF01505FAE7A6
:1057B00010B584B00B6800934C68B1F808C09DF830
:1057C00008206CF304028DF808204989D2B261F3F5
:1057D00047128DF8082023F01F032344013B23F0D8
:1057E0001F0303936946D8F727FC04B010BD4FF0A0
:1057F000FF30704708B508461146D8F7BFFE08BD10
:1058000008B5F1F721F908BD08B54023D8F7C4FF62
:1058100008BD38B5044690F824301B3323F0030349
:10582000028C521A056B03FB0255D9F7D5F9A87201
:1058300094F82430EB72284638BD70472DE9F041CA
:1058400004460D4617461E46807AD9F7D1F9C36A39
:105850001B68D3F800803A46334629462046C047A5
:10586000BDE8F08138B50446807AD9F7C1F905461C
:10587000616951B1637A13F0010F04D1C36A1B68E7
:105880009B682046984700236361214628460AF01A
:1058900042FA38BD10B50446807AD9F7A9F990F8D4
:1058A00024301B3323F00303026BA41AB4FBF3F080
:1058B00010BD70B504460D46807AD9F799F9C36AD0
:1058C0005A689E682E6015682046FFF7E3FF00FBCC
:1058D000065070BD08B5C16A8968D9F7B3F908BD2B
:1058E0008160016092B2C28082807047D0F800C0AF
:1058F00042688368C1F800C04A608B60704710B589
:1059000003681C880221D9F7EDFB204610BD026810
:105910008068101A704710B50C460121D9F71AFC9F
:10592000047010BD38B50446C588FFF7F0FF2D1A86
:10593000A088281A38BD38B50D4614461146D9F747
:1059400027FC224629460CF0EDF838BD10B50C4670
:105950000121D9F71DFC047010BD10B50C460221C1
:10596000D9F716FC0470240A447010BD43090AD00C
:10597000012B0BD14FF6FF7300F01F0023FA00F04C
:1059800000F0010070474FF0FF33F5E7002070474B
:1059900010B582B001900C4601A8D9F769FC019AB4
:1059A000803250F8223023F0E04343EA047340F899
:1059B000223002B010BD08B5D9F7B6FC08BD08B555
:1059C000D9F718FC08BD08B5D9F7FEFB08BD4FF4A0
:1059D0007F03D3F83021D3F83431072A01D00020D7
:1059E0007047042B03D8022B03D3002070470120FB
:1059F00070470120704708B50B464FF05022012137
:105A0000C2F814160021984708BDF8B5044619B12C
:105A10000123C0F81436F8BDFFF7D9FF18B90023E9
:105A2000C4F81436F7E74FF050270126C7F8186678
:105A30000025C4F81456052007F070FEC4F814665B
:105A4000304607F06BFEC4F81456C7F81856E2E764
:105A500038B505460C4600214FF05020FFF7D5FF22
:105A600000212846A04738BD08B5D9F7E7FC0389CF
:105A70008B420BD9436803EBC10053F8313003B1BB
:105A800070474368002BFBD10020F9E700207047E6
:105A900008B90120704703207047F8B507460C4647
:105AA0001546067806F00700FFF7F2FFC6F3C106B9
:105AB000012E28BF0126C5F307222D02ADB22A43CD
:105AC000B9880B0243EA112397F806C0FD7900213B
:105AD00021606160217860F302012170C9B266F330
:105AE000C40121706280A38084F806C0E571F8BD0E
:105AF000038A072B10D9C3681A685B680A604B6079
:105B00004A88130243EA12234B808A88130243EA2D
:105B100012238B80002070470320704783681B6826
:105B2000DB6808684A6818605A600020704700B552
:105B300085B040F8041B00230293019301230093D6
:105B40000B8ACA68042109F04CFE05B05DF804FB1D
:105B500030B583B005460C460846D9F751F845F8EC
:105B6000044B08232382204650F80C4FFFF7DAFE3F
:105B700003460022009204F108020221284609F09F
:105B8000BEFF03B030BD38B505460C468888D9F74E
:105B90008BFC20B3E179FFF76AFF10B3237813F091
:105BA000070304D0022B18D00324204638BD046814
:105BB000CCB1A8680F21043009F06DFFA8B12846C8
:105BC000A0470446A8680F21043009F06EFF0028A2
:105BD000EBD1002CE9D10724E7E74468E8E7082483
:105BE000E3E70824E1E70824DFE70724DDE710B551
:105BF0000C46D9F76FFC18B103462046984710BDF4
:105C00000120FCE72DE9F04182B086680023A6F868
:105C10004C30A6F84E300B78C3F3C103012B2DD8BE
:105C200005460C469046FFF7AEFF0746C8B9B6F8E2
:105C30004E1019B1237813F0180F16D0726833681C
:105C4000DB68D21A083A69462046FFF726FF7368D8
:105C50003268D1685B1A138269462846FFF75EFFF7
:105C60000DE00023C8F8003009E0B6F84C00FFF75B
:105C7000BEFF07460023C8F8003000E00D27384675
:105C800002B0BDE8F081F8B504460F4616461D4641
:105C9000C3B12946A068FFF75BFF079B069A394608
:105CA0002046D9F741FC20B92368DB6A284698478B
:105CB00000252168304600F083FA2168284600F06C
:105CC0007FFAF8BD2E461546E3E72DE9F04186B090
:105CD00005460C460022049205920392904623E06A
:105CE0002968204600F058FA0646002855D021467B
:105CF0006868FFF71CFF3146A868FFF729FF03AA71
:105D000004A92846FFF77EFF8046002849D12B686A
:105D1000DB6A304698478046002844D1BDF812100F
:105D20003846D9F7DFF90122238ADBB104A92046DE
:105D3000FFF7DEFE38BB04F10C0708213846D9F71F
:105D4000D1F9228ABDF812309A4221D39DF8103041
:105D500013F00703C4D0022BC2D04FF00808012271
:105D6000002600E00026B8F1000F00D0F2B9296843
:105D7000204600F025FA2968304600F021FA404616
:105D800006B0BDE8F0814FF0090800221646EAE7A8
:105D90004FF0090801220026E5E74FF00208012232
:105DA000E1E70122DFE701220026DCE7039B019304
:105DB000CDF800803346224604A92846FFF763FF4A
:105DC000DDE72DE9F04782B08146884616469A46BF
:105DD00009F0D8FB00284DD00023CAF80030444613
:105DE0002DE0019A63689A420CD01434013517B340
:105DF000B5421ED206EB860C08EB8C0CA445F0D8FD
:105E00004446EEE7216800980BF07CFE0028ECD1B8
:105E1000237C0BBBA368E168484698470346F0B172
:105E2000012222741434DAF800200132CAF800206A
:105E300002E0002300E03B4603B93FB997B1694651
:105E4000484609F09AFB07460025D0E7002148465E
:105E500009F01EFC0746F1E76FF06F0007E06FF0F6
:105E6000220004E0484609F0B8FB30B1002002B03F
:105E7000BDE8F0876FF04C00F9E76FF04C00F6E7F3
:105E8000F8B505461646034600E0143301EB8104DD
:105E900005EB84049C4204D91C68B442F5D1187CFB
:105EA000F8BD3046C8F71EF8074600E01435AC428E
:105EB0000BD96B68BB42F9D13A46296830460BF0E2
:105EC00021FE0028F2D1287CEAE70020E8E7032839
:105ED00009D8DFE800F0020A040604207047012018
:105EE000704708207047FF2070470220704710B5A8
:105EF00000F0DDF8D9F7A2FB044600F04AF818B923
:105F00002046FFF7E4FF10BD4FF0FF30FBE70278BB
:105F10000B789A420CD30ED842784B789A420CD325
:105F20000ED842884B889A420CD30ED80020704776
:105F30004FF0FF307047012070474FF0FF3070473F
:105F4000012070474FF0FF3070470120704770B557
:105F500004460D4600F0ABF80646204604F06FF804
:105F600004463046D9F75CFD631E032B0ED8DFE8EC
:105F700003F00A080206002305B12B7070BD02234E
:105F8000FAE70123F8E730460023F5E74FF0FF304A
:105F9000F4E770B582B00546D9F756FD064600F025
:105FA00086F8044600238DF807300DF107013046CE
:105FB000FFF7CDFFA84205D0AC4214BF002001205E
:105FC00002B070BD9DF80730022BF5D10120F7E734
:105FD0002DE9F04182B005460C46D9F735FD8046E3
:105FE00000F065F8064600238DF807300DF1070133
:105FF0004046FFF7ACFF0746ECB9AE422CD09DF807
:106000000730012B1FD04BB90CB1AF422AD0AE42A2
:106010001ED01CB9AE4201D0AF4225D0022B02D116
:1060200024B3AF4224D0224631462846D9F7ECFDAE
:1060300002B0BDE8F08100F03CF84045DFD0AE4250
:10604000DDD12020F4E74CB9AF4209D01C20EFE7A6
:10605000B742DED01C20EBE72120E9E71C20E7E770
:106060000020E5E70020E3E71C20E1E71C20DFE754
:106070000020DDE770B582B00C4616461D460423AD
:106080000DEB03020968D9F793FB50B9BDF8043052
:10609000AB4208D1236804332360BDF806201344C3
:1060A000336002B070BD0420FBE7704770474000CA
:1060B00070470020704701B95AB100B589B000237C
:1060C0006A4619460120DAF7C7F8002009B05DF8E2
:1060D00004FB0020704770B588B006460D460024CA
:1060E00000E00134032C0FDC00236A4629462046D9
:1060F000DAF7B2F80028F4D12022314668460BF0D6
:1061000001FD0028EDD101E04FF0FF34204608B03A
:1061100070BD10B50446FFF7CCFFFFF7C8FF0023A2
:106120001A462146DAF798F810BD042805D8032846
:1061300007D2022807D103207047062805D1052081
:10614000704705207047012070470120704708B54F
:106150000020D1F74FF800B5BDB0009017AB019308
:1061600003AB02936846FFF7B0FD3DB05DF804FB5A
:1061700010B5044602E02046FFF7EDFF04F11000E1
:1061800000220023F1F7D6FA01460028F3D110BD12
:1061900008B5D8F7CDFE08BD70B504460D46DAF750
:1061A0001DFD064618B16B6B1BB121469847304662
:1061B00070BDE27A04F1180118300BF0B3FCF6E779
:1061C00048B110B504468B6B0BB118309847204688
:1061D000FFF7DEFF10BD704700230364A0F84430D2
:1061E0007047036C13B1B0F8440070476FF01500AE
:1061F0007047F8B504460E461546036C83B1B4F8F3
:106200004430AB4233D3206C2A4631460C30FFF782
:1062100092FBB4F844305A1B90B2A4F84400F8BD85
:10622000072A15D94B881F0247EA1327BFB2083740
:10623000BFB240F6AB139A420DD89F420ED8BA4275
:106240000FD8DAF7CBFC206470B1A4F84470D6E71D
:106250006FF03C00E3E76FF03E00E0E76FF03E00D8
:10626000DDE76FF08A00DAE76FF00B00D7E76FF039
:106270008A00D4E738B50B46016C69B10446B0F822
:10628000445005B15BB12046DAF7D2FC0023A4F8F4
:1062900044302364284638BD6FF01505FAE76FF0E7
:1062A0003C05F7E710B50446006C30B1FFF770FF0E
:1062B0000020A4F84400206410BD6FF01500FBE737
:1062C000006C00B11830704780697047036813B1E3
:1062D00000230360037170478B6913B183610B7FE7
:1062E00003770020704791B138B504460D46084643
:1062F000DAF7ECFC68B1A369AB4201D0012038BDEC
:1063000090F86920237F9A4205D10120F7E7002009
:1063100070470020F3E70020F1E708B5DAF7D6FC74
:1063200010B16C30F1F79AFA08BD01B1704708B5A9
:10633000DAF748FD08BD70B504460D46DAF7C6FC2D
:1063400060B106462946204601F0E5F810B110F18B
:10635000780F04D106F13800F2F762F970BD4FF4FE
:106360000042002306F13800F2F752F9F6E708B5CB
:10637000FFF7AAFF20B102F0B9FF033880B208BDD1
:106380000020FCE708B5DEF737FD08BD10B584B086
:106390001446B1F800C08B78ADF800C08DF802301B
:1063A0000023CDF80330CDF80730CDF80B308DF851
:1063B0000F306A466946FFF7E5FF08B104B010BD2B
:1063C000BDF800209DF802302280A370F6E708B5E2
:1063D000DEF7F8FC08BD10B582B00C4601AA033107
:1063E000FFF7D4FF48B9032201A920460BF08AFB2E
:1063F000B0FA80F0400902B010BD0020FBE770B594
:1064000005460C46CE1C03213046FFF7E0FF00B1E5
:1064100070BD637903F03F0343F04003637122468C
:1064200031462846FFF7B2FFF2E710B58AB00C46B6
:1064300005A9DAF7FBFF69462046DAF7F7FF1022D5
:106440000DF101010DF115000BF05CFB0AB010BD60
:1064500008B503780A78934207D1012B0CD0022BA0
:106460000ED02BB16FF0150008BDFFF7DEFFFBE784
:1064700040884B88C01AF7E740684B68C01AF3E7BA
:106480001022013101300BF03DFBEDE700B5034672
:10649000042A0FD0102A1DD0022A02D000205DF855
:1064A00004FB0022027048780A7842EA00225A80EF
:1064B0000120F4E701201870CA7891F802C04CEA74
:1064C000022C91F801E00A7842EA0E2242EA0C42DC
:1064D0005A60E4E70246022002F8010BD1F800E01E
:1064E000D1F804C08868C968C3F801E0C2F804C0E4
:1064F0009060D1600120D2E710B50446012300F876
:10650000013B0621DEF75EFC18B9A37963F03F0377
:10651000A37110BD0B6803608A888B7982808371B8
:10652000037823F00203037070470078C0F3400043
:10653000704708B5DCF7BCF90820DAF7C9FF08BDD9
:1065400038B50446807AD8F753FB0546616951B1E6
:10655000637A13F0010F04D1C36A1B689B6820465D
:106560009847002363612146284609F0D4FB38BDD3
:1065700008B5FFF7E5FF0220DAF7AAFF08BD438A56
:106580001BB9C3681BB10020704700207047012071
:1065900070471070C0F307235370030C9370000E04
:1065A000D0701171C1F3072353710B0C9371090E55
:1065B000D171704700B5C379817941EA03214279ED
:1065C000037943EA0223C27890F802C04CEA022C15
:1065D00090F801E0027842EA0E2242EA0C4043EAD7
:1065E00001415DF804FB00207047D0F8A0307BB17A
:1065F0005A7B12F0010F0BD012F0100F02D01B7B50
:10660000102B02D00323437204E00423437201E001
:1066100002234372827A407A82428CBF002001209A
:106620007047053815280ED8DFE800F00B0D0D0D6A
:106630000D0D0D0D0D0F0F0D0D0D0F0D0D0D0D0D84
:106640000D0F0320704702207047012070474B094F
:1066500000EB8300D0E8AF0F01F01F01084100F00C
:106660000100704738B50446807AD8F7C1FA05466C
:10667000616951B1637A13F0010F04D1C36A1B68D9
:106680009B6820469847002363612146284609F00D
:1066900042FB38BD01F01F0201239340490900EB82
:1066A0008100D0E8EF2F42EA0301C0E8EC1FBCF103
:1066B000000FF6D1134214BF01200020704701F0F3
:1066C0001F0C012303FA0CF352B1490900EB8100BE
:1066D000D0E8EF2F1A43C0E8E12F0029F8D1704726
:1066E000490900EB8100DB43D0E8EF2F1A40C0E8F6
:1066F000E12F0029F8D17047B2F801C0034623F812
:1067000070CBD1F800C0C0F870C0B1F804C089796E
:10671000A3F804C09971B2F81730A0F88630B2F827
:106720001930A0F88C30B2F81B30A0F88E30D37836
:10673000C3700023037370472DE9F04104460E46F1
:1067400015469846171D3846FFF7EFFE78B13946D3
:106750003046FFF7DFFED5F81130C4F80130B5F848
:106760001530A4F8053001232370BDE8F0813946C7
:10677000404600F05BFA0368336082888379B28018
:10678000B3716B682360BA88BB79A280A371ECE710
:1067900070B5C468B4F80160237803B170BD0F21EF
:1067A0003046DFF79DFD054640B1E37803730121D4
:1067B000DFF756FC2846DFF709FCEFE7E1783046C3
:1067C000DAF768FFEAE701207047817670470288B0
:1067D00043889A4217D8052A17D9B3F5486F16D8B7
:1067E0008188B1F5FA7F14D2C088A0F10A0292B272
:1067F00040F6764C62450ED801FB0333B3EB800FB5
:106800000BD2012070470020704700207047002005
:1068100070470020704700207047002070472928EB
:106820001ED8DFE800F0201D1D1D1D1F151D1D1D9C
:106830001D1D1D1D1D1D1D1D1B1D1D1D1D1D191D8E
:106840001D1D1D1D1D1D1D1D1D1D1D1D1D1D1D177E
:1068500002207047052070470620704707207047C8
:10686000092070470120704710B50C46F2F790FEE2
:106870002046DBF757FF0446F2F7C4FE204610BD62
:1068800040F24130704708B5E6F78CF818B1C3897B
:106890001BB9002008BD0020FCE70120FAE770B515
:1068A00005460C460E2142F22000DBF7D9FDC0B1AF
:1068B00006460E210C30D8F76BFC002303604360C2
:1068C0008360838105802388438063888380A388D5
:1068D000C380E3880381314642F22000DBF770FF7A
:1068E00070BD6FF06800FBE700B583B0FFF77BFE7B
:1068F00048B90022114640F60340DCF78BF9034605
:1069000048B9DAF74FFF01AA002141F20300DCF792
:1069100081F9034618B1184603B05DF804FB0198ED
:10692000DAF722FF0198D8F703FB01AA002141F210
:106930000100DCF76FF903460028ECD10198DAF783
:10694000D9FE0198D8F7F4FA01AA002141F2020019
:10695000DCF760F903460028DDD10198DAF7EAFE9A
:106960000198D8F7E5FADEF715FA03460028D2D1E8
:10697000DCF76EFA0346CEE710B5DCF7CDFC044633
:1069800008B1204610BDE0F705FA04460028F8D10A
:10699000DBF7FEFEF5E770B505460C46032140F235
:1069A0000640DBF75DFD68B1064603210C30D8F7E1
:1069B000EFFB058084700022314640F20640DCF790
:1069C00029F970BD6FF06800FBE708B5DCF76EFDD4
:1069D00008BD08B5C068037813B9FFF7F6FF08BD16
:1069E0001846DBF755F8FAE738B50446022142F2BB
:1069F0001600DBF735FD68B1054602210C30D8F7EB
:106A0000C7FB238803800022294642F21600DCF7E8
:106A100001F938BD6FF06800FBE7F8B506460F4690
:106A20001446062142F22200DBF71AFD78B1054632
:106A300006210C30D8F7ACFB338803804780848074
:106A40000022294642F22200DCF7E4F8F8BD6FF09C
:106A50006800FBE72DE9F04107460E4615461C4647
:106A6000072142F23200DBF7FBFCA8B18046072188
:106A70000C30D8F78DFB3B8803808670C57004719D
:106A80009DF81830A0F805300022414642F232004D
:106A9000DCF7C0F8BDE8F0816FF06800FAE708B5F0
:106AA00000200021DCF79EF810B9DFF70DFD08BDCE
:106AB000DBF77EFEFBE74B0900EB8300D0E8AF0F6E
:106AC00001F01F01084100F00100704738B50D4684
:106AD00000F1100407212046FFF7EDFF00B938BD93
:106AE0000D212046FFF7E7FF0028F8D101232B7086
:106AF000F5E71030D0E8EF3F23F01003C0E8E23FA5
:106B0000002AF7D1704770B504460D4600F1100613
:106B100006213046FFF7CFFF00B170BD0D21304692
:106B2000FFF7C9FF0028F8D129462046FFF7E1FF0B
:106B3000F3E700B501F01F0201239340490900EB80
:106B40008100D943D0E8EF2F02EA010CC0E8EECF74
:106B5000BEF1000FF6D1134214BF012000205DF8F2
:106B600004FB10B504460F211030FFF7E2FF00B917
:106B700010BD0121204600F033FAF9E738B504468C
:106B800000F1100507212846FFF795FF58B1D5E819
:106B9000EF3F43F40043C5E8E23F002AF7D100216C
:106BA000204600F01DFA38BD08B5037A13F0040F33
:106BB00000D108BD0146024612F82A0B0131DCF76C
:106BC000D7FFF6E738B50446072142F22800DBF785
:106BD00047FC88B1054607210C30D8F7D9FA23685D
:106BE0000360A288A379828083710022294642F241
:106BF0002800DCF70FF838BD6FF06800FBE738B508
:106C00000446012142F22D00DBF72AFC58B105466B
:106C100021460C30FEF79AFE0022294642F22D0052
:106C2000DBF7F8FF38BD6FF06800FBE738B910B547
:106C30000C4631B1E5F74CFE28B1013010BD002003
:106C400070470846FAE72046F8E728B139B108B599
:106C50000846DCF7ABFE08BD6FF0150070476FF01B
:106C60001500704708B5DCF74FFFDCF75FFFDDF775
:106C70000DF908BD00B10120704708B5037A13F083
:106C8000010F03D113F0020F06D108BD23F0010359
:106C90000372DDF781F9F8E723F002030372DDF7F1
:106CA00033FAF2E70020704700238B4219D200B577
:106CB00002E001338B4211D200EBC30E30F833C037
:106CC00040F201129445F4D1DEF80420002AF0D0FD
:106CD000127812F0010FECD0012000E000205DF8E6
:106CE00004FB0020704700207047034610F4004F5B
:106CF0000BD1072013F4803F01D000F0FD0013F406
:106D0000003F01D000F0FB0070470620F2E74B097E
:106D100000EB8300D0E8AF0F01F01F01084100F045
:106D20000100704738B500F110040E212046FFF72E
:106D3000EEFF80B100250A212046FFF7E8FF08B1E9
:106D400045F001050D212046FFF7E1FF08B145F0B0
:106D50000405284638BD0225EDE72DE9F04182B053
:106D600007460D4616462021DBF77AFB00B3804626
:106D700020210C30D8F70CFA0446202200210AF01A
:106D8000F8FE009433462A461F21601CDDF774FC90
:106D9000044648B9002241463846DBF73BFF04462B
:106DA000204602B0BDE8F0814046D8F7C1F8F7E7C9
:106DB0006FF06804F4E708B542F20800FFF7CDFF72
:106DC00008BD08B542F20900FFF7C7FF08BD2DE96D
:106DD000F04F89B004460D4616461F46DDF8488040
:106DE0009DF84CA09DF850B09DF85490002304935A
:106DF000059306930793B9F1000F2FD1BAF1000F55
:106E000002D0BBF1000F0ED104950596B9F1010F28
:106E100052D0012204A92046FFF7CDFF0346C8B98E
:106E2000BBF1000F0CD00497CDF81480B9F1020F1C
:106E300048D0012204A92046FFF7C3FF034648B902
:106E40001034D4E8EF3F43F00403C4E8E23F002AE3
:106E5000F7D10023184609B0BDE8F08FDBF7A4FC9A
:106E6000019065B10022964207D915F83230083BEF
:106E7000DBB2012B0FD90132F5E7002343BB77B119
:106E80000022904509D917F83230083BDBB2012BBC
:106E900010D90132F5E70123F0E70023DBB90198AF
:106EA000C7F720F809238DF808308DF80900019BF9
:106EB0000393A3E70123F1E702AB069301230793B2
:106EC0000222A7E702AB0693012307930222B1E750
:106ED0006FF01503BEE76FF01503BBE708B5436815
:106EE00013F4806F07D1026912B113F0010F04D0BF
:106EF000DDF722FC08BD0020FCE70020FAE701F0E6
:106F00001F0C012303FA0CF352B1490900EB810075
:106F1000D0E8EF2F1A43C0E8E12F0029F8D17047DD
:106F2000490900EB8100DB43D0E8EF2F1A40C0E8AD
:106F3000E12F0029F8D1704700B501F01F020123AD
:106F40009340490900EB8100D943D0E8EF2F02EAD2
:106F5000010CC0E8EECFBEF1000FF6D1134214BF12
:106F6000012000205DF804FB436813F0080F0BD0EC
:106F700013F4802F0AD103F4C063B3F5806F01D0FE
:106F800002207047012070470020704701207047A1
:106F900070B586B005460C46012142F20A00DBF7C7
:106FA0005FFAD0B106469CB101210C30FEF7CEFC51
:106FB0000094072305F1100203A93046DBF73EFADF
:106FC0000022314642F20A00DBF724FE06B070BD13
:106FD00000210C30FEF7BAFCEAE76FF06800F5E735
:106FE00008B5FFF7D5FF08BD08B51830F1F718FB55
:106FF00008BD0023B3EB510F10D200B510F803C049
:10700000CA1A013A10F802E000F803E000F802C0E2
:107010000133B3EB510FF1D35DF804FB7047036804
:1070200013F4805F02D043F480630360036813F4B9
:10703000005F02D043F4006303607047036813F4F9
:10704000805F02D043F480630360036813F4005F41
:1070500002D043F40063036070470B4639B11168F6
:10706000196041688A4209D0002313607047136891
:10707000036041688A42F7D14360F5E74360F3E774
:1070800008B50A460368002101E019461B682BB1C8
:107090009342FAD1FFF7E1FF012000E0002008BD94
:1070A00000207047002070478078012814BF00201E
:1070B0000120704710B50446FFF7F6FF28B92046B7
:1070C000FFF7EEFF10B1012000E0012010BDD0F865
:1070D000B000003818BF01207047D0F8A4304BB181
:1070E000D0F8A83043B1D0F8AC300BB100207047D5
:1070F0000120704701207047012070470020704731
:10710000437A8372704708B52438DEF7EDFA08BD7C
:1071100000B501F01F0201239340490900EB8100F3
:10712000D943D0E8EF2F02EA010CC0E8EECFBEF160
:10713000000FF6D1134214BF012000205DF804FBBC
:107140004B0900EB8300D0E8AF0F01F01F010841AD
:1071500000F001007047437B072B0ED110B50446A9
:10716000D0F8AC30984708B9012010BDC034D4E83D
:10717000AF3F022BF9DC0020F7E70120704701F058
:107180001F0201239340490900EB8100D0E8EF2F53
:1071900042EA0301C0E8EC1FBCF1000FF6D1134234
:1071A00014BF01200020704701F01F0C012303FAD7
:1071B0000CF352B1490900EB8100D0E8EF2F1A43DC
:1071C000C0E8E12F0029F8D17047490900EB8100A0
:1071D000DB43D0E8EF2F1A40C0E8E12F0029F8D1B7
:1071E000704770B582B004460D46019200935AB1C3
:1071F0002846D7F79DFE019B23B16FF06D020099E1
:107200002046984702B070BD6B4601AAD0F8A8602E
:10721000B047EDE708B50C30FEF779FB052801D043
:10722000002008BD0120FCE7F8B507460D461446CE
:10723000032A22D8DFE802F002020302DAB9284664
:10724000FFF7E8FF0646042105F10C00D7F782FF9F
:107250003B8804F00304B60006F00406344343EA16
:10726000043303802B8A043B438010232B7628466B
:10727000DBF7F2F9F8BD0026E5E76FF01500F9E756
:1072800070B505460C46032A18D8DFE802F002154F
:1072900002150026042104F10C00D7F75BFF2B88B0
:1072A00043EA06330380238A043B43800423237686
:1072B0002046DBF7D1F970BD0126EBE76FF0150032
:1072C000F9E708B502F018FD08BD10B50446DEF771
:1072D0002BFB01462046DAF759F9DBF769FA10BDB6
:1072E00008B5DEF755FB8068B0FA80F0400908BDAC
:1072F00010B504460AE0DBF75BFA10BD2046DEF766
:107300002FFA2046DEF744FBF0F7A8FA616900295E
:10731000F1D00B686361A2698A42EFD1A361EDE706
:1073200010B50446006918B1D7F702FE00232361A7
:1073300010BD70B504460D4616460121DEF73AFC35
:10734000324629462046DEF79BFC70BDF8B506465E
:107350000D461746002403E06046DEF737FE013491
:10736000AC421BD2D02000FB0460DEF75BFD8446FC
:107370000028F4D0437B012B06D05AB2002AEBD070
:10738000073BDBB2012BE7D8BCF80030BB4201D190
:107390006046F8BD6046DEF719FEE0E74FF0000CEE
:1073A000F6E738B504460088FFF7F5FA054610B948
:1073B000637B072B01D0284638BD08212046DEF725
:1073C0004FFEF8E710B50446DEF726FA2046DFF751
:1073D000EDFD2046DEF7E4F810BD10B50446D0F808
:1073E000A03043B1E27882B9DB8913F0210F14BFDA
:1073F0000120002010BD00F17001007AE5F7D2FAFB
:1074000003460028EED10020F4E7DB8913F0240FB7
:1074100014BF01200020EDE70346C07A28B1D3F85D
:10742000A0300BB1187B70470020704738B5437B04
:10743000072B18D10446CA0901F07F0511F0800F0F
:1074400005D1437AAB4211D2837AAB4210D20F21DD
:10745000201DFFF7A9FEA5722046FFF732FF08B1F5
:10746000637AA37238BD6FF07F00FBE70020F9E775
:107470000020F7E7407A704738B5037A8B421ED177
:1074800004461546072200F1700128460AF03AFB2F
:10749000B8B1E3784BB1072204F1770128460AF02E
:1074A00031FBB0FA80F040090AE0072204F17E01C6
:1074B00028460AF027FBB0FA80F0400900E00020DF
:1074C00038BD0120FCE77030704770B505460C46AA
:1074D0000E2142F21300DAF7C3FFC8B106460E21AF
:1074E0000C30D7F755FE0022026042608260828134
:1074F0002B8803802388438063888380A388C3808C
:10750000E3880381314642F21300DBF783FB70BD51
:107510006FF06800FBE770B504460D46061D0B21B1
:107520003046FFF70DFEA8B92B88A4F888306B8889
:10753000A4F88A30AB88A4F89030EB88A4F8923095
:10754000D6E8EF3F43F40053C6E8E23F002AF7D104
:10755000002070BD29462046DFF75CFBF9E70B46AB
:1075600039B11168196041688A4209D0002313605B
:1075700070471368036041688A42F7D14360F5E7BA
:107580004360F3E708B50A460368002101E01946A5
:107590001B682BB19342FAD1FFF7E1FF012000E015
:1075A000002008BD006B003818BF01207047838C95
:1075B000403B9BB23F2B05D8008D0B8A984228BFD9
:1075C00018467047088A7047012070477047704717
:1075D00010B50C4643685B6998472046D7F7A8FC6E
:1075E00010BD10B50446014651F84C0BB030FFF702
:1075F000C9FF50340023D4E8EF2FC4E8E13F00294D
:10760000F9D110BD10B5D0F8B0406CB14C3C5CB1B4
:107610002046FFF7C7FF38B92046DFF7E9FBE46CE7
:10762000002CF4D04C3CF2E7204610BD0023C3648C
:1076300003654365704708B500F150030121D3E8A5
:10764000EF2FC3E8EC1FBCF1000FF8D152B903468D
:1076500053F84C2B0021C164D2F8B41031B10B6047
:10766000C2F8B4300068DEF703FC08BDC2F8B430DD
:10767000C2F8B030F6E738B5044645680368ABB1E8
:10768000FFF7AFFF07E004F1300000220023F0F71E
:1076900051F8D7F74DFC2046FFF784FF0028F2D1C0
:1076A0006B680BB12046984700232360E3680BB159
:1076B000204698472B6A0BB12046984738BD10B436
:1076C00001F1080300248C60846B34B12360836370
:1076D0000860CA605DF8044B704783634363F7E753
:1076E00010B5406B38B1083810F1080408D0846830
:1076F00034B1083C04E0044602E0234620461C4620
:1077000040B1FFF7B8FF002CF7D0A368002BF5D0ED
:10771000083BF3E710BD38B50D46406B38B108386B
:1077200010F1080408D0846834B1083C04E0044631
:1077300002E0234620461C4658B143689B680BB1C3
:1077400029469847002CF4D0A368002BF2D0083BC0
:10775000F0E738BD406B10B1083800E0184650B172
:10776000838C8B4207D010F10803F7D08068002883
:10777000F5D00838F3E7704702B1704708B589B211
:10778000FFF7E8FF18B14268926902B1904708BD5F
:1077900038B50C460521FFF7DDFF00231A462146C8
:1077A000DFF792FC054608B9284638BD2046D7F7D2
:1077B000BFFBF9E72DE9F843804617461C469DF8C4
:1077C0002060B21C0120DFF759FC88B1054600F1AA
:1077D0000C0902214846D7F7DBFC078024B132466A
:1077E00021464846FEF7A7F829464046FFF7D0FF56
:1077F000BDE8F883406B10B1083800E0184650B17E
:10780000838A8B4207D010F10803F7D080680028E4
:10781000F5D00838F3E7704770B506460C46DFF739
:10782000D9FA014608221220DFF728FC88B1054664
:1078300008210C30D7F7ACFC238803806388438091
:10784000A3888380E388C38029463046FFF7A0FFE2
:1078500070BD6FF00B00FBE770470B4639B1116844
:10786000196041688A4209D0002313607047136889
:10787000036041688A42F7D14360F5E74360F3E76C
:1078800008B50A460368002101E019461B682BB1C0
:107890009342FAD1FFF7E1FF012000E0002008BD8C
:1078A000002070470346408D5B8B984228BF1846E6
:1078B00070470346006820B102681A605968884220
:1078C00000D070475A60FCE720B119B1884206D851
:1078D000012070470AB1002313800020704702B1D5
:1078E00010800020704710F1FF0F01D20E2070476A
:1078F0004042C0B270470120704710B4D46823786A
:107900002BB90231217001205DF8044B7047023120
:107910008B4205D0038A023B038200201061F3E70B
:107920000120F1E7D06803781BB904310170012010
:10793000704704318B4206D091680B8A043B0B825E
:107940000020106170470120704701207047062019
:107950007047062070474068704738B50446807A03
:10796000D7F746F90546616951B1637A13F0010F03
:1079700004D1C36A1B689B68204698470023636153
:107980002146284608F0C7F938BD4B0900EB8300B3
:10799000D0E8AF0F01F01F01084100F0010070476F
:1079A00008B500220023EFF7C5FE08BD38B5044630
:1079B0000D46836A43B105F1B003A26AC5F8B02051
:1079C000A362E26A22B138BD0C3008F08BF9F2E70D
:1079D000E362F8E708B503680A8AC9681868E2F73D
:1079E000A3FF002008BD38B505460C4601F10C0088
:1079F000FDF785FF01462D68238AE268286801F0BB
:107A000022FD002038BD70B50668B36A53B1B03BA3
:107A100013F1B00403D0D3F8B04004B1B03C00225D
:107A2000114604E01C46FAE7254623462C468BB156
:107A3000834207D05D8DA94238BF29465B8B9A42AD
:107A400038BF1A46002CEFD0D4F8B050002DECD03F
:107A5000B03DEAE7438D8B4202D8448B944209D96A
:107A6000408B824238BF0246994238BF194630687F
:107A7000E2F7C6FF70BD08B5052908D00F2913D15C
:107A8000437A012B13D80221FFF7D0FC08BD437ABB
:107A9000012B05D9022B05D9032B0BD80421F3E7C1
:107AA0000221F1E70321EFE76FF01500EEE76FF039
:107AB0007700EBE76FF07700E8E72DE9F04182B05F
:107AC000064614464FF495720146206801F012FCF8
:107AD000207548BB0546276831463846FFF735FF15
:107AE00028B1237A33B1182B18D02B4603E0082392
:107AF00023751AE00223D6F808800193638A009365
:107B0000238AE26831463846C047002802DB238AD0
:107B1000984205D0FFF7E7FE207506E00423EAE768
:107B200000232375012500E00025284602B0BDE8AA
:107B3000F08101F01F0201239340490900EB81000D
:107B4000D0E8EF2F42EA0301C0E8EC1FBCF1000FC0
:107B5000F6D1134214BF0120002070472DE9F04FE9
:107B600085B080468946144602921D4641680391BD
:107B7000FFF798FE2346002202E0198A0A445B6858
:107B8000002BFAD1904204D80024204605B0BDE86D
:107B9000F08F0298D7F70CFA07464FF0000A86E0FC
:107BA000198A0A445B68002BFAD1841A07F10C0683
:107BB0003046FDF7B7FE844228D33046FDF7B2FECB
:107BC0000646002E2FD0D9F80440F9683A8A00956D
:107BD000B3B20A4449460398A047041E58DB0E9BE3
:107BE0002BB10F9A214638469847002865D0A34606
:107BF000214607F10C00D7F7CBFAA2442C44A5B2DA
:107C00004046FFF74FFE029B00224AE04046FFF746
:107C100049FE029B002202E0198A0A445B68002B9D
:107C2000FAD1861ACDE7029B987AD6F7E1FF0022B7
:107C30000023FDF74FFE074650B10146029C204647
:107C4000D7F7F8F94046FFF72DFE3246234604E009
:107C500054469AE7198A0A445B68002BFAD1841AC1
:107C600007F10C0B5846FDF75DFE844204D35846DD
:107C7000FDF758FE0646A6E74046FFF713FE029BB7
:107C800002E01A8A16445B68002BFAD1861B9AE739
:107C9000BAF1000F3FF479AF544676E7198A0A44E7
:107CA0005B68002BFAD1904207D9B34505D1404615
:107CB000FFF7F8FD029B002275E7544665E72DE9C2
:107CC000F04182B007461446D2F80080D8F804602C
:107CD0000023137395220146304601F00BFB2073FD
:107CE00040BB054639463046FFF705FED8B1404651
:107CF000FFF7D8FDA268138AC31A012B1BDD0221EE
:107D000002F10C00D7F744FA0646002301930093D2
:107D1000A388A26839464046FFF720FF002805DB0C
:107D20003080012507E00823237304E0FFF7DBFD23
:107D3000207300E00025284602B0BDE8F0812DE95F
:107D4000F04182B007461446D2F80080D8F80460AB
:107D50000023137395220146304601F0CBFA2073BD
:107D6000C8B9054639463046FFF7C5FD10B90823A6
:107D7000237311E0002301930093A388A26839467E
:107D80004046FFF7EBFE002801DB012504E0FFF78A
:107D9000AAFD207300E00025284602B0BDE8F0816E
:107DA0002DE9F84306460F461446D2F80080936842
:107DB0004BB1A3681D78012D13D0022D2ED00025C4
:107DC0002846BDE8F883506801210C30D7F7E0F968
:107DD000A06033681B7813B901230370E9E702231D
:107DE000FBE7336893F80090B9F1000F01D000254C
:107DF000E6E7606804210C30D7F7CAF9E060078035
:107E00003268E36852885A804046FFF74BFD63684A
:107E10001B8AC01A0428D3D84D46D1E733681B7893
:107E2000022B01D00025CBE7606812210C30D7F778
:107E3000AFF9E0600780E3683268D2F80150D2F809
:107E40000500D2F80910D2F80D20C3F80250C3F88B
:107E50000600C3F80A10C3F80E204046FFF722FDC3
:107E600063681B8AC01A122801D80025A8E70125DB
:107E7000A6E708B5DFF7F8FE08BDF8B505460C46DD
:107E8000FFF710FDA368002203E0B3F810C06244BE
:107E90005B68002BF9D1904219D32C66A668A360C9
:107EA000F1F776FB31462846FFF7E3FF074630B18E
:107EB000A66000232B66F1F7A5FB3846F8BD2846DF
:107EC000FFF7F0FC01462046E2F7F4FDF3E76FF020
:107ED0007907F2E770B5044608460021FFF755FD23
:107EE00028B1261F54F8043C0BB1E26D02B170BDFD
:107EF0005D68002DFBD02A685A6099688D420FD0CA
:107F000029463046DFF73AFF0028F0DA54F8043CFF
:107F10005A682A605D609A68002AE8D19D60E6E7A9
:107F20009A60EDE72DE9F8430746846A8CB3B03CCC
:107F300014F1B00503D0D4F8B05005B1B03D4FF006
:107F4000000846462AE096B12146381DFFF7B1FCED
:107F50000646E0B101462046DFF710FF002829DA87
:107F60007B6833607E60BB6873B1A0461AE0B8F1ED
:107F7000000FE9D02046FFF793FC81464046FFF70B
:107F80008FFC8145E0D10DE0BE60A0460AE0A0462E
:107F900008E02546D3E72B462C461D4654B1236EF8
:107FA000002BD0D0002DF6D0D5F8B030002BF3D078
:107FB000B03BF1E7BDE8F88370B504460D460146D5
:107FC0002846FFF7EDFC68B1064601462046FFF75C
:107FD00050FF044608B9204670BD3146284607F0D8
:107FE0009AFEF8E76FF00104F5E7F8B50446061FBE
:107FF00050F8045C00F15803D3E8EF1F21F00401AE
:10800000C3E8E21F002AF7D13DB1E36D33B104F1BB
:1080100060013046FFF7D0FFC0B9F8BD6F68002F90
:10802000F5D03B686B60AA68BA420DD0394630463D
:10803000FFF723FF0028F0DA6B683B606F60AB68E6
:10804000002BE4D1AF60E2E7AB60EFE705F10C0194
:108050003046FFF7B1FFE0E72DE9F8438146846A37
:1080600054B3B03C14F1B00503D0D4F8B05005B10E
:10807000B03D002637460EE009F10C012046FFF71F
:108080009BFF0646E0B1CDB1D5F8B03003B1B03BAF
:1080900027462C461D469CB116F1020FECD1002F4D
:1080A000EAD02046FFF7FCFB80463846FFF7F8FB96
:1080B0008045E1D13C46E6E72546DAE72B46E7E78F
:1080C000BDE8F88338B504460D46DFF7CDFD00B9AD
:1080D00038BD294604F1640007F011FEF8E730B519
:1080E00087B00546DFF79AFD8446EE4604460FCC7E
:1080F000AEE80F0094E803008EE803000023CCF8FC
:108100000030CCF80430CCF80830CCF80C30CCF887
:108110001030CCF814302846FFF71FFC9DF80430CF
:108120000BB907B030BD6846DFF780FEF9E738B518
:1081300005460C4601F10C00FDF7E1FB0146238AE0
:10814000E2682868006801F07EF900221E212846B6
:10815000DFF7B6FE18B101462846FFF7B3FF00204F
:1081600038BD01B970472DE9F041064615461C4659
:108170000F4604220121DFF7A3FE804658B10421F7
:108180000C30D7F705F80770A0F80150C4704146CD
:108190003046FFF797FFBDE8F08130B585B0054662
:1081A0000C4601F10C00FDF7AAFB0346E268218AA8
:1081B00002910192002100910A462846DFF760FFF4
:1081C00005B030BD30B585B005460C4601F10C0058
:1081D000FDF795FB0346E268218A02910192002295
:1081E0000092132212212846DFF74AFF05B030BD66
:1081F00070B5046EE368E3B105466269617CDFF740
:108200005FFE0646B8B1E368A2696169984730B974
:1082100031462846DFF728FD30B9002070BD3046D2
:10822000D6F786FE0E20F9E73046D6F781FE0E20FF
:10823000F4E70520F2E70E20F0E7F0B589B0054637
:1082400008460C7C043CE4B2022C01D0102C42D134
:1082500004210C30D6F762FF068847882246011DAC
:1082600001A8FEF713F9C8B30DF1160239463046DE
:10827000FFF72AFBF0B100238DF818304FF420539C
:10828000ADF81A3006A901A8FEF7E2F858B10023AC
:108290008DF81C3042F60103ADF81E3007A901A885
:1082A000FEF7D6F878B93B46324601A92846DFF7F3
:1082B000C9FF11E00123BDF8162010212846FFF761
:1082C00050FF002008E01023324619462846FFF7E9
:1082D00048FF002000E0042009B0F0BD0E20FBE7BD
:1082E00000B583B0CA681388528800920D220C2111
:1082F000E0F78AF803B05DF804FB00B583B0CB6803
:108300001B88002200920B220A21E0F77DF803B0BF
:108310005DF804FBF0B589B0054608460C7C043CCA
:10832000E4B2022C01D0102C52D104210C30D6F72B
:10833000F5FE068847882246011D01A8FEF7A6F82B
:10834000002847D00DF1160239463046FFF7BCFA37
:10835000C0B10121686801F088F858B900238DF890
:10836000183042F60203ADF81A3006A901A8FEF74C
:108370006FF880B93B46324601A92846E0F796F8E7
:1083800009B0F0BD0123BDF8162008212846FFF7EB
:10839000E8FE0020F4E700238DF81C3042F60303CA
:1083A000ADF81E3007A901A8FEF752F80028E1D069
:1083B000012E03D14FF6FF739F42DBD0032105F15D
:1083C0005C00FFF7B6FB08B91220D9E70020D7E719
:1083D0000420D5E70E20D3E72DE9F04387B0074608
:1083E0000C46062104F10C00D6F798FE0588468855
:1083F000B0F80480D4F80C900DF10E0231462846F6
:10840000FFF762FAD0B100238DF81030ADF812807A
:108410008DF814304FF42053ADF8163005A904A898
:10842000FEF716F898B9237C00934B46324629464E
:108430003846E0F781F807B0BDE8F0830123BDF8C6
:108440000E2006213846FFF78CFE0020F3E70A23B2
:108450002A4606213846FFF784FE0020EBE770B578
:1084600082B00446CB681D885E880DF10602314655
:108470002846FFF729FA30B1324629462046E0F770
:108480009FF802B070BD0123BDF8062004212046EC
:10849000FFF767FE0020F4E7F8B504460D46FFF746
:1084A000FFF950BBEB681E88B3B2162B27D9032106
:1084B0002046DFF793FE074618B302210C30D6F7AB
:1084C00067FE00256FF008030370457039462046AB
:1084D000FFF7F8FDF7236383668523681B68043381
:1084E000D3E8EF1F41F48031C3E8E21F002AF7D13F
:1084F0002046FFF788FA2846F8BD0620FCE704204E
:10850000FAE70E20F8E708B5E0F7D4FF08BD38B564
:10851000DFF72CF8F0B1806A48B1B03810F1B00440
:1085200003D0D0F8B04004B1B03C002504E00446CC
:10853000FBE7234620461C4668B1FFF7B3F9A84283
:1085400000D90546002CF4D0D4F8B030002BF1D07F
:10855000B03BEFE70025284638BD08B500230A8A5E
:10856000C968E0F799F808BD08B500230A8AC96808
:10857000E0F792F808BD08B500230A8AC968E0F759
:108580008BF808BD08B500230A8AC968E0F784F8AB
:1085900008BD08B500230A8AC968E0F77DF808BD60
:1085A00008B500230A8AC968E0F776F808BD08B55F
:1085B00000230A8AC968E0F76FF808BD08B50023F0
:1085C0000A8AC968E0F768F808BD08B500230A8A76
:1085D000C968E0F761F808BD08B500230A8AC968D0
:1085E000E0F75AF808BD08B500230A8AC968E0F721
:1085F00053F808BD70B50446CE6833889AB2162A7F
:108600000CD90D46F72242834385FFF7FCF900237E
:108610002A8A31462046E0F73FF870BD0423002245
:108620001146E0F739F8F8E708B500230A8AC96867
:10863000E0F732F808BD70B5054655F8046950F802
:10864000043C3BB1044669B1C36D1BB11B7C13F004
:10865000010F00D170BD0523002211462846E0F726
:108660001BF8F7E73046E2F7E7F9737A012BF1D010
:10867000E36D002BEED01B7C13F0010FEAD02846EF
:10868000FFF7B6FD03460028E4D000221146284635
:10869000E0F702F8DEE710B50446014651F8B00BEA
:1086A0002830FFF7EDF802E01846D6F741FC04F158
:1086B000640000220023EFF73DF803460028F3D1C1
:1086C000236E33B16FF06703002211462046DFF7B7
:1086D000E3FF002344F85C3BD4E8EF3F23F00103C1
:1086E000C4E8E23F002AF7D110BD38B5044650F87F
:1086F000045C25B10438FFF7CEFFAB6A03B138BD87
:108700002846E0F737F82068E2F7BCF9F7E758B3F6
:1087100070B50D4639B3DEF729FF064618B3806AF7
:1087200040B1B03810F1B00409D0D0F8B04034B145
:10873000B03C04E0044602E0234620461C4658B103
:108740002946E0F7D3F870B9002CF5D0D4F8B03052
:10875000002BF2D0B03BF0E72946301DFFF790F830
:108760002846DFF789FF70BD704710B50C46DEF76D
:10877000FDFE014600B3836A13B1B03B00E0B03B9D
:108780006BB1186E8269A24216D013F1B00204D008
:10879000D3F8B030002BF2D1F2E71346F0E7486887
:1087A00050B18369A34207D0034600680028F7D080
:1087B000002BF5D11846F3E710BD0120704708B52E
:1087C000DEF7D4FE98B1836A03B1B03B7BB103F10D
:1087D0005C02D2E8EF0F20F00800C2E8E10F0029A8
:1087E000F7D1D3F8B030002BF0D0B03BEEE708BDA6
:1087F00008B50421FEF7FEFF20B103215830FFF732
:10880000C4F808BD0020FCE770B50E4615461C46AE
:10881000DFF704FAC66005610123C380047570BDEB
:108820000B4621B1096851B111601A6070470368A5
:10883000136002604368002BF8D142607047002348
:108840001360436813B11A6042607047426002606F
:1088500070470B4639B11168196041688A4209D0E6
:108860000023136070471368036041688A42F7D1A0
:108870004360F5E74360F3E708B50A460368002163
:1088800001E019461B682BB19342FAD1FFF7E1FFD3
:10889000012000E0002008BD0023B3EB510F10D2EF
:1088A00000B510F803C0CA1A013A10F802E000F847
:1088B00003E000F802C00133B3EB510FF1D35DF8D0
:1088C00004FB7047036813F4805F02D043F48063B5
:1088D0000360036813F4005F02D043F40063036095
:1088E0007047B0F800C0624512D300B5B1F800E09F
:1088F000734508D9624500D202800A88934204D9A0
:108900000B80012002E0002000E001205DF804FB64
:10891000624500D202800A88934202D90B8001206E
:1089200070470120704710B5002301E001339BB26E
:10893000022B19D84FEAD30CB2EBD30F12D900EBAC
:108940000C04247A03F0070E24FA0EF414F0010F3D
:10895000ECD011F80C4024FA0EF414F0010FE5D11C
:10896000002016E0002300E00023934210D26BB9F0
:10897000C41894F808C011F803E00EF0070E4CEA92
:108980000E0C84F808C001339BB2EEE7012000E032
:10899000012010BD1060002070471060002070475B
:1089A000FF2801D8C0B270470E20704770B5049CF4
:1089B000A6683EB105460846FFF7F2FF024621468B
:1089C0002846B047A37D013BDBB2A375E26812B134
:1089D0000BB92046904770BD106091800020704711
:1089E0008068B0FA80F040097047407A8B7B9842EB
:1089F00034BF00200120704770B582B00446069D48
:108A0000084679B973B1009313462A4600212046DF
:108A10002E68B0472E68002100910B462A4620465A
:108A2000B04708E02E68FFF7BBFF01460023009324
:108A30002A462046B04702B070BDF8B50C4673B167
:108A4000054611461E4603F1140204F10800FFF723
:108A500000FF376800231A4631462846B8472046AB
:108A6000FFF7BEFF00B9F8BD2046E0F721F8FAE7AE
:108A7000F0B589B006683578002D66D107461446F2
:108A80007388B3F5245F1AD014D903F55643FF3326
:108A90009BB2042B5FD8ADF80A1002220DF10A0137
:108AA0002046E0F727F800283ED06FF01503C4F801
:108AB0002C324BE0A3F520539BB2032B49D8ADF8E1
:108AC0000A1002220DF10A012046E0F713F820B146
:108AD0006FF01503C4F82C3238E07388ADF80A3013
:108AE00002220DF10A012046E0F704F878B97E6809
:108AF00000200090132303AA3946B047021E0BDB67
:108B000003A92046DFF7F6FF48B901251EE06FF004
:108B10001503C4F82C3219E0C4F82C2216E06FF0CB
:108B20001503C4F82C3211E07388ADF80A30022224
:108B30000DF10A012046DFF7DDFF08B9012505E048
:108B40006FF01503C4F82C3200E00125284609B067
:108B5000F0BD0125FAE70125F8E700230360436033
:108B60008360704700238360704708B5E0F77AF8A8
:108B700008B1FFF7F2FF002008BD4B0900EB8300AE
:108B8000D0E8AF0F01F01F01084100F0010070476D
:108B900001F01F0201239340490900EB8100D0E856
:108BA000EF2F42EA0301C0E8EC1FBCF1000FF6D141
:108BB000134214BF0120002070474B7803B970475F
:108BC000036FC1F80130B0F8742090F87630A1F846
:108BD0000520CB71F3E700B501F01F02012393409C
:108BE000490900EB8100D943D0E8EF2F02EA010CDC
:108BF000C0E8EECFBEF1000FF6D1134214BF012042
:108C000000205DF804FB08B539B100210C30FFF7F6
:108C1000BFFF80F00100C0B208BD00210C30FFF79B
:108C2000DAFFF9E708B5FFF7EEFF08BD2DE9F041DF
:108C300080460E46069D05F11003D3E8EF1F21F094
:108C40000401C3E8E21F002AF7D18EB9AB8923B92A
:108C50002C681A4629464046A0473046FFF7A0FE3A
:108C600001466B6813B12A4640469847BDE8F0813B
:108C70004046E0F743F801460028F7D0836813B177
:108C80001C6800220AE01C46FBE72B464046FFF723
:108C9000D4FEE2E727461A4623463C46002BDCD0AA
:108CA00005F1140C6345F0D0002CF3D02768F2E7EF
:108CB00011F1680F07D010B582B0049C0094FFF743
:108CC000B5FF02B010BD704708B5022A03D0E0F727
:108CD000F7F8022008BD00231A4600F17001007A5F
:108CE000E0F766F8F5E72DE9F8430746E0F706F800
:108CF00000283DD080468468B4B3143C14F11405B8
:108D000002D0656905B1143D4FF000090DE0002364
:108D1000A38123464A4641463846FFF78EFE2DB3CF
:108D20006B6903B1143B2C461D460CB304F11006CD
:108D3000D6E8EF3F23F00803C6E8E23F002AF7D168
:108D400007F17001387AFDF79EFD0028DFD0002181
:108D50003046FFF712FF0028D9D141463846FFF7C9
:108D60002CFF04F11409DAE72546CDE72B46DAE7B4
:108D7000BDE8F88338B504461546FFF71EFD48B92F
:108D80003DB904F17001207ADFF76CFF08B1FFF7FD
:108D9000E9FE38BD2046DFF73FFF0028F0D0027A19
:108DA00012F0010FECD00121FFF73CFFE8E79942F8
:108DB00022D838B505460C4691421FD3049B23B1F7
:108DC00001681846FDF744FBD0B9059B2BB1EB6851
:108DD000059A934201D0012011E0069B1B88013BBC
:108DE000069A1380089A21462846079B9847069BB7
:108DF0001B8823B9002002E000207047012038BD05
:108E00000120FCE72DE9F04107460D4600263446D7
:108E100004E01046DDF7DAF846460134092C15D88F
:108E200004EB840305EB4301013115F81300DDF772
:108E3000B1FD02460028F0D004EB840305EB4303A8
:108E4000B3F80880B045E4D8B046E2E7B5F864303E
:108E50009E4206D0A5F86460AB6E13B13146384629
:108E60009847BDE8F081F8B506460F4614461D4602
:108E70004FF470200021DFF7D7FB844628B14574FA
:108E8000069B4361C460466087616046F8BD2DE97A
:108E9000F04383B00646084615461C469DF82880D8
:108EA0000B9F0097434622462946FFF7DCFF68B335
:108EB00081463A4641463046DFF750F98046B8B120
:108EC0009DF8303000221146FFF79EFCC9F808805B
:108ED0002A4639464046A047044678B949463046B6
:108EE000DFF748FD044668B9204603B0BDE8F083CB
:108EF0004846DFF7C1FB6FF00B04F5E74846DFF7A4
:108F0000BBFBF1E74846DFF7B7FBEDE76FF00B047B
:108F1000EAE710B5144602210C30D6F739F9238957
:108F20000380002010BD10B5144604210C30D6F784
:108F30002FF92389038063894380002010BDF0B599
:108F400087B006460C9D084609B9144653B92C68EB
:108F5000FFF726FD0146002300932A463046A0472E
:108F600007B0F0BD1A46214603A8FCF7B9FC0AE099
:108F70000094831C2A46002130462F68B8472146BA
:108F800003A8D6F7CBF8BDF81030012B0AD902217F
:108F900003A8D6F7C3F80388BDF81040A342E7D86A
:108FA0001C46E5E72C68002100910B462A46304616
:108FB000A047D5E770B506461546002408E0AB6823
:108FC00033F8141006F10C00FCF7C7FC0134E4B2CE
:108FD0006B689C42F3D3002070BD70B50646154601
:108FE000002408E0AB6833F8141006F10C00FCF71D
:108FF000B4FC0134E4B26B689C42F3D3002070BD32
:1090000038B5144600F10C0502212846D6F7C0F801
:1090100063890380A1892846FCF79FFC1034D4E8BB
:10902000EF3F43F00403C4E8E23F002AF7D10020F9
:1090300038BD38B5144600F10C0504212846D6F792
:10904000A7F82389038063894380E1680B782BB9F3
:1090500049882846FCF781FC002038BD10220131E8
:109060002846FCF768FCF7E770B50446DFF7D4FD47
:1090700050B1054604F170063146207AFDF703FC35
:1090800018B92846E0F700FA70BD236FC5F8013023
:10909000B288B379A5F80520EB71F5E710B586B075
:1090A0001824ADF810402824ADF812400024ADF883
:1090B00014402A24ADF816400824029404AC01940C
:1090C000BDF820400094E0F71FFA06B010BDF0B5DF
:1090D00087B004460D4616461F46FDF7D1FBADF896
:1090E0001600022302930DF116030193BDF83030F0
:1090F00000933B46324629462046E0F705FA07B082
:10910000F0BD2DE9F04184B004460D4616461F46D9
:10911000D9F74AFB8046C4F7E5FE80B20290CDF84D
:109120000480BDF8283000933B463246294620464D
:10913000E0F7EAF904B0BDE8F081F0B587B0044685
:109140000D4616461F4600238DF81430DFF764FDE8
:1091500010B1037A8DF814300123029305AB01930B
:10916000BDF8303000933B46324629462046E0F7B2
:10917000CBF907B0F0BD70B586B0BDF82850CC680B
:10918000267846B101341026029601940095E0F746
:10919000BBF906B070BD6488ADF816400224029495
:1091A0000DF1160401940095E0F7AEF9F1E7F0B582
:1091B00087B005460C4616461F46C968DFF776FDA0
:1091C00090B10389ADF81630022302930DF1160316
:1091D0000193BDF8303000933B4632462146284685
:1091E000E0F792F907B0F0BD0023ADF81630EBE7D9
:1091F000B8B110B582B0044600238DF8043042F6B1
:109200000303ADF8063001A90068FDF721F950B954
:10921000E368988840B92046E0F7A4F9013080B2AD
:1092200002E000207047002002B010BD2DE9F0419F
:109230008AB005460C4616461F46D1F80C8098F8B1
:1092400006308DF814300846FFF7D2FFADF8150050
:10925000D8F800100B7893B94B88ADF81730052378
:10926000029305AB0193BDF8403000933B46324674
:1092700021462846E0F748F90AB0BDE8F081D1F868
:1092800001C0D1F80500D1F80920D1F80D30CDF892
:1092900017C0CDF81B00CDF81F20CDF823301323C5
:1092A000DEE708B5E0F78EFA08BD10B586B0CC68E9
:1092B00094F800C08DF810C094F901C08DF811C069
:1092C000B4F802C0ADF812C094F804C08DF814C010
:1092D000E488ADF815400724029404AC0194BDF86D
:1092E00020400094E0F710F906B010BD08B5FFF774
:1092F0000EF908BD38B5054612F0010F05D04B8AAE
:1093000003F095037BB34B687BB312F0020F05D0DB
:109310004B8A03F4957353B38B6853B34C8AC4F3ED
:109320000E04144014F4DE7F25D0EB7A73B114F0F0
:10933000300F11D114F4C07F21D0D5F8A03003B381
:109340005B7B13F0100F1ED0002015E02846FEF7BF
:1093500044F890B10F200FE02846FEF78BF8022862
:10936000E8D8052008E0022006E0022004E00320FF
:1093700002E0032000E0002038BD0520FCE70020CB
:10938000FAE70520F8E70520F6E7F0B583B00546D3
:10939000089E0846B9B91C46ABB17368F3B1009496
:1093A00013463246002128463768B847A0B1338AB1
:1093B000013B9C4218DA3468002100910B4632468A
:1093C0002846A04708E03468FFF7EAFA0146002380
:1093D000009332462846A04703B0F0BD23463146ED
:1093E0002846E1F72DF9F7E773891C44748131466B
:1093F0002846E1F7D7F80028EEDA34680023009316
:1094000032460E212846A047E6E770B582B00446F2
:109410000D46F0F7BDF829462046FFF7A6F978B1CA
:10942000014646682046FFF772F9F0F7EBF82EB1D7
:10943000009500231A460E212046B04702B070BDA9
:10944000F0F7E0F8FAE7F0B583B007460C461546AA
:109450001E46DFF753FC30B1014600962B462246EC
:109460003846E1F71BFA03B0F0BD2DE9F04107469D
:109470000C46DFF7D1FB00283ED00646037A13F0F6
:10948000010F03D101252846BDE8F08100F10C0849
:1094900000214046FFF771FB05460028F3D10CB9C7
:1094A0002546F0E701214046FFF795FB0546D8B970
:1094B0003846FFF782F905460028E4D03846FFF722
:1094C00097F905460028DED0D8E8EF3F23F00203E5
:1094D000C8E8E23F002AF7D13846FFF770F90121CA
:1094E0003046FFF79FFBCEE73846FFF768F90121CA
:1094F0003046FFF797FBC6E70125C4E70120704718
:1095000001380E2815D8DFE800F008160A080C0A02
:109510000C140E1008080E0E1200012070470420D3
:1095200070470520704706207047072070470820C5
:1095300070470920704703207047431E082B0CD842
:10954000DFE803F00D09050D0E09070B09000220E5
:1095500070470A207047082070470020704703209A
:1095600070470346007D5B7B984228BF18467047D2
:1095700007280DD8DFE800F00F0E040C0C06080ACF
:109580000620704729207047182070471220704726
:109590001F2070470520704707207047072070473D
:1095A00007207047C07A00F001007047807C00F00F
:1095B0000100704770B506460C46FFF7F3FF0546FD
:1095C0003046FFF7F3FF2DB1002308B123B9022382
:1095D000637070BD0323F8E70123F9E707207047A4
:1095E00007207047D0E8EF3F43F48043C0E8E23FF4
:1095F000002AF7D1002070474B0900EB8300D0E828
:10960000AF0F01F01F01084100F00100704770B575
:1096100004460F210430FFF7EFFF90BB0546D4F856
:10962000A030DBB1D4F8A03063B3DA8912F0240F94
:1096300028D0A17A022903D9587B10F0010F21D03C
:10964000032921D9597B11F0010F1BD012F0200FF3
:1096500018D01B7B102B15D1012513E004F17006E7
:109660003246217A2020E3F7FFF8C4F8A000002852
:10967000D8D13246217A0420E3F7F6F8C4F8A000E6
:10968000D0E70025284670BD0125FBE701B3F8B5FA
:1096900005460C46CE8916F0240F1BD00F7BFFF732
:1096A00060FF874218D816F0200F0AD1637B13F0B1
:1096B000010301D02A7A8AB193B92B7A93B10120A0
:1096C00009E00521281DFFF797FF0028EED102E0F1
:1096D000012070470120F8BD0020FCE70020FAE7D8
:1096E0000120F8E70020F6E710B50446D0F8EC308A
:1096F0009B7A032B15D007D8013BDBB2012B01D895
:10970000002010BD0820FCE7042B0ED1FFF729FF35
:10971000102801D00620F4E70521201DFFF76CFF7B
:1097200028B1237A2BB10020EBE70820E9E70320DA
:10973000E7E70320E5E708B503210430FFF75CFF06
:1097400008BD38B50446031D0025D3E8EF2FC3E854
:10975000E15F0029F9D104F5A470EEF761FF2572ED
:10976000D4E8EF3FC4E8E25F002AF9D1D4E8EF3F44
:1097700043F00203C4E8E23F002AF7D138BD70B5D8
:1097800004460D4600F1700607220968304608F0CD
:10979000B9F900B170BD6B681A6822679A889B7925
:1097A000A4F8742084F87630F4E708B58C4619469E
:1097B00083F800C04FEA1C2C83F801C09A70120A8B
:1097C000DA7000234B608B60CB600A46DBF714FB3A
:1097D00008BD00B501F01F0201239340490900EBC9
:1097E0008100D943D0E8EF2F02EA010CC0E8EECFA8
:1097F000BEF1000FF6D1134214BF012000205DF826
:1098000004FB70B50E46041D04212046FFF7F4FE4C
:1098100070B10022002300210846DDF715FC054643
:1098200050B101210C30D5F7B3FC0670284670BD4D
:109830004FF470220023EEE7D4E8EF3F43F010032B
:10984000C4E8E23F002AF1D0F6E770B506460C46C0
:1098500010220D21FFF7D5FFB0B1054610210C30C5
:10986000D5F796FCD4F800C06168A268E368C0F838
:1098700000C041608260C36000231A46294630461A
:10988000E1F708FB002070BD0820FCE738B504466E
:1098900010220421FFF7B5FFC8B1054610210C3096
:1098A000D5F776FCD4F827C0D4F82B10D4F82F20A5
:1098B000D4F83330C0F800C041608260C360002338
:1098C0001A4629462046E1F7E5FA002038BD08206F
:1098D000FCE738B5044606220221FFF792FF90B15B
:1098E000054606210C30D5F753FCD4F8113003603F
:1098F000B4F81530838000231A4629462046E1F744
:10990000C9FA002038BD0820FCE700294ED038B540
:1099100004460B46051DD5E8EF2F22F08002C5E86E
:10992000E12F0029F7D1D3F800C058689968DA68A8
:10993000C4F897C0C4F89B00C4F89F10C4F8A320D3
:10994000D3F810C058699969DA69C4F8A7C0C4F897
:10995000AB00C4F8AF10C4F8B3200A212846FFF7C3
:109960004BFE58B910212846FFF746FE80B9092161
:109970002846FFF741FEA8B9002008E0D5E8EF3FF0
:1099800043F40073C5E8E23F002AF7D1002038BD58
:10999000D5E8EF3F43F40073C5E8E23F002AF7D172
:1099A0000020F4E72046E1F7A9FBF0E70B20704721
:1099B00038B5CA68D0F8EC30DB78012B01D0002034
:1099C00038BD0446051DD5E8EF3F23F48033C5E8D4
:1099D000E13F0029F7D1D2F800C050689168D36800
:1099E000C4F8B7C0C4F8BB00C4F8BF10C4F8C33093
:1099F00007212846FFF700FE70B90A212846FFF725
:109A0000FBFD98B1D5E8EF3F43F40073C5E8E23FB2
:109A1000002AF7D10020D3E7D5E8EF3F43F40073E5
:109A2000C5E8E23F002AF7D10020C9E72046E1F768
:109A300065FBC5E710B50446031DD3E8EF1F41F0F1
:109A40008001C3E8E21F002AF7D10820E1F7D8F827
:109A500008B1002010BD2046E1F750FCFAE710B530
:109A6000D0F8EC40D4F8A03063B1D4F8A0308BB17A
:109A7000DA8912F0240F0FD05B7B13F0020F0DD1A7
:109A8000002010BD04F17001207AE2F73BFEC4F81B
:109A9000A000EAE70120F4E70120F2E70120F0E767
:109AA000F8B50646E1F722F8002864D00446051D03
:109AB00004212846FFF7A0FD00285FD10321284696
:109AC000FFF79AFD00285CD101212846FFF794FD9D
:109AD000002859D12046E1F715F9A0B3D6F8A030F7
:109AE000CBB32046E1F7FEFC002850D101220B2128
:109AF0002046FFF786FE074600284BD001210C3098
:109B0000D5F746FB064609212046E1F74FF93070AC
:109B100000231A46394604F1EC00DDF7D5FA064673
:109B200028BBD5E8EF3F43F40043C5E8E23F002AF5
:109B3000F7D1D4E8EF3F43F00203C4E8E23F002A44
:109B4000F7D13046F8BD3046FFF761FD0028C5D19A
:109B50006FF01506F5E706F17001307AE2F7D2FDF5
:109B6000C6F8A0000028BCD16FF00B06E9E7384624
:109B7000D5F7DEF9E5E76FF07F06E2E76FF0040660
:109B8000DFE76FF00F06DCE76FF00F06D9E76FF045
:109B90006806D6E76FF06806D3E72DE9F04704467C
:109BA00091461E46BDF82080E0F7A0FF002800F097
:109BB00085800746B8F1000F02D159EA06031DD08F
:109BC000D4F8A030002B45D0B8F1000F09D159EAE4
:109BD000060306D1D4F8A01019B1CB8913F0200FD9
:109BE0004BD10F21381DFFF707FD002860D1384603
:109BF000FFF7A7FD00252846BDE8F08700F1040A1D
:109C000003215046FFF7F8FC0028D9D00121504627
:109C1000FFF7F2FC05460028D2D03846FFF7A1FC3A
:109C20000446024607F14701099807F07BFF0F2C15
:109C300008D9DAE8EF3F43F00203CAE8E23F002A1E
:109C4000D9D0F6E7C4F110020021099B181907F0DA
:109C500090FFEEE704F170052A46217A2020E2F712
:109C600003FEC4F8A0000028AED12A46217A0120C4
:109C7000E2F7FAFDC4F8A000A6E70C7B22461A31F1
:109C8000099807F04FFF0F2C0AD90437D7E8EF3FA8
:109C900043F00203C7E8E23F002AF7D10125AAE713
:109CA000C4F110020021099B181907F062FFECE7CC
:109CB000022206212046DCF7F9FD98E700259AE705
:109CC0006FF08500704730B585B004460D46002220
:109CD00000920192029203921022694607F012FF4D
:109CE00038B12B46002201212046FFF75EFD05B06A
:109CF00030BD6FF01500FAE708B5C378012B02D12B
:109D0000FFF7CEFE08BD6FF01500FBE738B504463F
:109D10000820E0F775FFA0B10546031DD3E8EF1F4B
:109D200021F48071C3E8E21F002AF7D121462846BA
:109D3000FFF7EBFD014620B12846E2F757F800E0B7
:109D400075B10720E0F75CFF044648B1E1F7D6FAA9
:109D500005460028F4D001462046E2F747F8EFE731
:109D600038BD2DE9F04104460E46A0F1EC08054649
:109D700055F8E87901212846FFF72BFD10B11EB9EF
:109D8000FB7ACBB9BDE8F08103212846FFF734FC0C
:109D90000028F7D03046FCF742FDFFF7CEFB014626
:109DA000D5E8EF3F43F00403C5E8E23F002AF7D1CE
:109DB0004046E1F789FFE5E703212846FFF71CFC51
:109DC000C0B305212846FFF717FCE8B114F8043C9E
:109DD00013F0080F0CD014F8033C13F0080F07D051
:109DE000D5E8EF3F43F40033C5E8E23F002AF7D15E
:109DF00014F8043C23F0080304F8043C14F8033C72
:109E000023F0080304F8033C14F8033C13F0010F9B
:109E100014D113F0020F31D113F0040F18D0A4F1B4
:109E2000EC03D3E8EF1F41F48061C3E8E21F002A8E
:109E30000ED0F6E74046FFF784FCA3E7A4F1EC035D
:109E4000D3E8EF1F41F04001C3E8E21F002AF7D139
:109E5000D5E8EF3F43F00403C5E8E23F002AF7D11D
:109E60004046E1F727FC00288CD134F8043C002B55
:109E700088D100214046E1F727FF83E7A4F1EC03F6
:109E8000D3E8EF1F41F48071C3E8E21F002ADFD05E
:109E9000F6E702B1704708B50221E2F7C9FA08BD3A
:109EA00070B50446A0F1EC0650F85C3BD3F8A05026
:109EB000EEF7B6FBE83C03212046FFF79DFB20B9F7
:109EC00001212046FFF798FBA0B108213046E1F7B9
:109ED000FBFE45B1EB891BB16B7B13F0020F02D087
:109EE0002846E2F7C9FD4FF4C0720021304607F062
:109EF00040FE70BD0F212046FFF77EFB0028E8D012
:109F0000E3E70023B3EB510F10D200B510F803C004
:109F1000CA1A013A10F802E000F803E000F802C0A3
:109F20000133B3EB510FF1D35DF804FB7047F0B58B
:109F300097B00E4614461D461C9F2022014601A8DC
:109F4000E2F7BAFD2022314609A8E2F7B5FD8DF807
:109F500044501022214612A8E2F7AEFD3B464122B2
:109F600001A912A8E2F774FE044610B1204617B00A
:109F7000F0BD10213846FFF7C4FFF7E72DE9F043A5
:109F800097B00746914698461F9E209C219D10221F
:109F900001A8E2F791FD1022494605A8E2F78CFDE1
:109FA0001022414609A8E2F787FD03221E990DA859
:109FB000E2F782FD314611F8013B8DF83730D6F8D3
:109FC00001000E908B88ADF83C3006220EA8E2F717
:109FD00073FD214611F8013B8DF83E30D4F8013075
:109FE000CDF83F308B88ADF8433006220DF13F00AD
:109FF000E2F762FD1022394612A8E2F75DFD2B461A
:10A00000412201A912A8E2F723FE044618B1204616
:10A0100017B0BDE8F08310212846FFF772FFF6E77E
:10A02000036813F4805F02D043F480630360036825
:10A0300013F4005F02D043F400630360704708B577
:10A04000E6F750FD08BD2038704793781B0203F4F3
:10A05000E06392F803C04FEA0C3C0CF4805C43EAE6
:10A060000C0392F804C04FEA0C4C0CF4E02C43EAC9
:10A070000C0392F800C00CF0030C43EA0C0392F8B6
:10A0800001C04FEA0C1C0CF0300C43EA0C0392F8B0
:10A0900005C04FEA0C5C0CF4801C43EA0C03927977
:10A0A000120602F08072134300EB0110C0F818355D
:10A0B000704738B505460C460321A047002806DB4B
:10A0C00001212846A047002800DB002038BD10F100
:10A0D000860FFBD1F4E74800704750B344F22802E2
:10A0E000904236D843F6FF72904235D3A0F57F53A5
:10A0F0003F3B292B33D8DFE803F0283232321532C8
:10A1000018323232321C323232322032323232247F
:10A11000323232323232323232323232323232321F
:10A120003232322800200870704701230B70002063
:10A13000704702230B700020704703230B70002030
:10A14000704704230B700020704705230B7000201C
:10A1500070476FF0150070476FF0150070476FF093
:10A160001500704708B5D0E8EF3F5A1CC0E8E12F52
:10A170000029F8D11BB16FF00F03036708BDE2F7A8
:10A18000DDFDFBE708B50838FFF7ECFF08BD08B5B3
:10A1900040304FF0FF324FF0FF33EDF7C3FB08BD07
:10A1A00010B5044658304FF0FF324FF0FF33EDF753
:10A1B000B9FB00B12067206F10BD38B584460D464D
:10A1C00000F1740E0C460FCCAEE80F002368CEF8F9
:10A1D00000300023CCF870302B6853B10CF18804A8
:10A1E0000FCB84E80F00CCF874400023ACF8983013
:10A1F00018B96046E2F7A2FD38BD0023DCE8EF2F76
:10A20000CCE8E13F0029F9D16046E2F72BFFF3E704
:10A2100008B5836C03B108BD4030EDF71FFBFAE7CA
:10A2200010B50446436F0BB30846D4F88C3043B1E5
:10A23000B4F8982004F17401984701280DD0022841
:10A240000ED0B4F89830B4F89420934213D201336E
:10A25000A4F8983000210B4604E00121002301E01E
:10A260000021012353B1D4F88830F3B904F1580028
:10A27000EDF7F4FA10BD00210123F3E72046E2F7E1
:10A280006FFDD4F888301BB92046E2F757FDF1E79F
:10A29000D4E8EF3F5A1EC4E8E12F0029F8D1012B82
:10A2A000E8DD2046E2F74AFDE4E704F1080006F0A5
:10A2B00012F8DBE703783E2B01D00020704783784B
:10A2C000022B01D0002070470120704708B51346CB
:10A2D0000A4601461846E3F795F908BD08B5006936
:10A2E0002430EDF7BBFA08BD08B50020D5F772F8A9
:10A2F000002008BD006901EB41018900803108445C
:10A300007047406801EB410100EB81007047006934
:10A3100000EB41107047EFF31182202383F3128882
:10A32000BFF36F8F036813F0C00301D08B4207D1D6
:10A3300001230360002082F31188BFF36F8F704701
:10A340004FF0FF30F7E7EFF31182202383F31288F9
:10A35000BFF36F8F036803F0C00C03F00703012BFA
:10A3600008D08C4509D04FF0FF3082F31188BFF33D
:10A370006F8F704701600020F7E76FF07700F4E718
:10A38000EFF31182202383F31288BFF36F8F0368EA
:10A3900003F0C00343F00203036082F31188BFF3AC
:10A3A0006F8F7047F8B506460C46FFF7A3FF0568A8
:10A3B0004768002340F8083BFFF7E2FF1DB13A462B
:10A3C00021463046A847F8BD2DE9F04106469046A3
:10A3D0001F46CDB22946FFF78DFF04460699083087
:10A3E000FFF7B1FF002809DBC4F800806760294649
:10A3F0003046FFF786FF036898470020BDE8F081EC
:10A4000010B582B080240094FFF7DEFF02B010BDCB
:10A4100010B51446C9B2FFF77AFF0021A04710BD5E
:10A4200008B50120E9F780FC08BD08B50320E9F76D
:10A430007BFC08BD08B50220E9F776FC08BD08B52D
:10A440000020E9F771FC08BD08B50120E9F70CFD13
:10A4500008BD08B50320E9F707FD08BD08B50220CF
:10A46000E9F702FD08BD08B50020E9F7FDFC08BDCD
:10A4700008B58022E3F7B0FA08BD08B520EAE0701D
:10A48000C117C90341EA5041C00340F2E733C01885
:10A490004FF47A724FF0000341F10001C3F7FEFC64
:10A4A000EFF752FA08BD08B51046EDF7D7F908BD29
:10A4B0000020704708B508461146D8F7D7FD08BDFB
:10A4C00008B5002211461046F2F71EFC00B908BD7F
:10A4D0006FF01500FBE7C3780F2B14D9CB6B190E67
:10A4E0001170C3F38930116860F311211160C3F357
:10A4F0000520917860F387019170D17863F30601AC
:10A50000D170002070476FF08500704770B582B041
:10A510000D4616461C46826800232360A3605369DB
:10A520006A4601A9984714E02068281AB0FBF2F0A7
:10A530001B68984228BF1846236800FB023323603B
:10A54000A3680344A360019B1A68824211D80833B0
:10A550000193009B5A1E00923BB1019B5A686260B6
:10A56000002DE1D1A068301AE2E76FF0150002B0CB
:10A5700070BD0020FBE708B513460022FFF7C6FFB9
:10A5800008BD2DE9F04786B08946904683685B692F
:10A5900001AA05A9984700242646A246019B5345D7
:10A5A00014D9059F07EBCA077B680393002503E0D6
:10A5B000039B1C44013601353B68AB4209D9029428
:10A5C0000496414602A8C8470028F1D106B0BDE86C
:10A5D000F0870AF1010AE1E74B6803444B600B681E
:10A5E00003440B608B681B1A8B60704710B50C46D8
:10A5F00003F02FFC002320606360184610BD38B5BF
:10A6000004460D4603F025FC002C06DBA04206D9CB
:10A61000001B854205D9002000E0002038BD002045
:10A62000FCE70120FAE738B5044603F016FC0546BE
:10A630006068EAF7A9F9A3685B1BA36062682A4413
:10A640006260002BF4D1002038BD00B585B0002336
:10A650000193029303930290039101A8FFF7E3FF94
:10A6600005B05DF804FB10B5044608E023681968DE
:10A670006068EAF7BBF921460420FFF7ADFFA36845
:10A68000032BF3D8E3F7BAFB002010BD00B585B06B
:10A6900001910290039201A8FFF7E5FF05B05DF874
:10A6A00004FB10B58C461346014651F8040B826832
:10A6B00014686246A04710BD10B50A46014651F81D
:10A6C000040B83681C680023A04710BD38B50546FD
:10A6D0000C460321A047002806DB01212846A0479D
:10A6E000002800DB002038BD10F1860FFBD1F4E715
:10A6F00043681C330B6001231360704743689B69F8
:10A7000000200B604860704708B500694FF0FF32C9
:10A710004FF0FF33EDF706F908BDF0B58DB0844674
:10A72000139C4068DCF8107002F0800600250A9542
:10A730008DF82C500AAD069501250795129D0895B8
:10A7400009948DF8281012F0010F1DD002F00201BB
:10A7500012F0040F06D139BB3A7F12F0010F25D158
:10A76000002500E001251A1202F47F4242EA13623A
:10A77000190201F47F010A4342EA03630193BDB168
:10A78000CDF829300523079306AB0493DCB10223EF
:10A79000059306AB029302230393B6B902AA04A958
:10A7A000FFF77FFF0DB0F0BD0025DCE70125DAE7FC
:10A7B000BDF805209DF80730ADF829208DF82B3025
:10A7C00004230793E0E70123E2E704A9FFF774FFFE
:10A7D000E8E770B582B0044645680E4681B10421B1
:10A7E00000230193009380222046FFF796FF95F8FF
:10A7F000343013F0200F01D000B91EB102B070BD8B
:10A800000621EDE700230193009380229821204642
:10A81000FFF783FFF2E700B585B0012301930DF147
:10A820000F03009300231A460521FFF776FF08B9AE
:10A830009DF80F0005B05DF804FB70B584B00446C8
:10A8400016461D4603E030462946EFF77DF8012104
:10A8500001910DF10F01009100231A4605212046B8
:10A86000FFF75BFF034620B99DF80FC01CF0010FF6
:10A87000E9D1184604B070BD10B584B004468DF817
:10A880000F1000230193009380220621FFF745FF5C
:10A89000034610B1184604B010BD012101910DF11D
:10A8A0000F030093002380222046FFF736FF034664
:10A8B0000028EFD1002200232046FFF7BEFF034609
:10A8C000E8E708B50069ECF7C9FF08BD2DE9F043DA
:10A8D00083B04368D3F818800E1EC0F28680054608
:10A8E0001446B318434500F28380C6F30B03002BD4
:10A8F00040F08180C2F30B03002B7FD1FFF704FFF0
:10A9000000212846FFF765FF814614E000230193EC
:10A9100000938022C7212846FFF7FFFE8146A4EB63
:10A920000804B9F1000F50D140F2676200232846B5
:10A93000FFF783FF8146002C47D0B9F1000F44D1C7
:10A94000002301930093802206212846FFF7E5FEAD
:10A950008146002839D1A045D8D028691D30002370
:10A960001F4602E00F460133DBB2032B19D800EB80
:10A9700043014A78002AF6D04FF0FF3C0CFA02FC63
:10A9800036EA0C0CEFD14FF0010C0CFA02FCA44596
:10A99000E9D8002FE6D097F801C06245E3D90F4609
:10A9A000E1E77FB139780023019300933346812298
:10A9B0002846FFF7B2FE81467A78012393401E4471
:10A9C000E41AAEE76FF01509ABE701212846FFF75F
:10A9D00000FF0446B9F1000F00D04C462846FFF7AF
:10A9E00070FF204603B0BDE8F0836FF01504F8E770
:10A9F0006FF01504F5E76FF01504F2E76FF015043A
:10AA0000EFE72DE9F04F83B091461F4643689A69FE
:10AA10000369DE8C0D1E52DB8046EB19934251D840
:10AA2000FFF772FE00214046FFF7D3FE8346002861
:10AA30003FD001214046FFF7CCFE0446BBF1000F9A
:10AA400000D05C464046FFF73CFF204603B0BDE81F
:10AA5000F08F3446AA4629190139B1FBF6F195FB6E
:10AA6000F6F3994202D006FB1354341B00230193E2
:10AA70000093802206214046FFF74FFE83460028C0
:10AA8000D7D10194CDF800902B4681220221404677
:10AA9000FFF743FE83460028CBD13F1BA1440AEBBE
:10AAA0000405012200234046FFF7C7FE8346002825
:10AAB000BFD1002FBDD0BE42CBD93C46CAE76FF014
:10AAC0001504C2E76FF01504BFE7F0B583B01E466A
:10AAD00043689B690D1E15DB04461746AA199A4266
:10AAE00013D8FFF711FE019600972B460122032190
:10AAF0002046FFF712FE05462046FFF7E2FE2846F5
:10AB000003B0F0BD6FF01505F9E76FF01505F6E736
:10AB100030B583B099B104460D46FFF7F5FD032328
:10AB20000193009500231A469F212046FFF7F5FD6B
:10AB300005462046FFF7C5FE284603B030BD6FF03E
:10AB40001505F9E730B583B04B1EDBB2FD2B28D8D5
:10AB500004460D4611F0030F25D0FFF7D5FD15F083
:10AB6000020F09D000230193009380220621204682
:10AB7000FFF7D3FD054670B90023019300938022AF
:10AB8000B7212046FFF7C9FD054620B92269137F8A
:10AB900043F0010313772046FFF793FE284603B0E6
:10ABA00030BD0025FAE76FF08505F7E708B505F039
:10ABB00017FB02464B0143EAD0634001801A63EB66
:10ABC00001039B0043EA90738000801843EB01036C
:10ABD000DB0043EA5073C0F3103040EA434008BD45
:10ABE00038B5446894F8343013F0020F00D138BD02
:10ABF0000569FFF7DBFFAB69C01AF8D4E38DC01A13
:10AC0000238EC21A002AF2DA1B1A590CDB0340F217
:10AC1000E73298184FF47A724FF0000341F10001C7
:10AC2000C3F73CF9EEF790FEE1E730B583B0456835
:10AC300095F8343013F0020F03D10024204603B0FE
:10AC400030BD0446FFF7CCFF95F8343013F0040F05
:10AC500001D00024F2E70023019300938022AB216E
:10AC60002046FFF75AFD04460028E7D195F8343016
:10AC700013F0020FE2D0688EC0034FF47A72002303
:10AC800000F2E7300021C3F709F9EEF75DFED5E7E2
:10AC9000436893F8343013F0020F00D1704710B5B9
:10ACA0000469FFF783FFA06110BD30B583B043682E
:10ACB00093F8343013F0020F03D10025284603B077
:10ACC00030BD04460023019300938022B921FFF791
:10ACD00024FD05460028F1D12046FFF7D9FFEDE716
:10ACE00010B50446006804F01BFF034620B1E0687D
:10ACF00010B104F015FF0346184610BD00B583B02F
:10AD0000436800220092019293F827208DF80320D7
:10AD10009A6A6946E3F772F903B05DF804FB38B547
:10AD2000044603292AD8DFE801F0050F021900259F
:10AD3000284638BDFFF7E8FC2046FFF7B6FF05467A
:10AD40002046FFF7BEFDF3E7FFF7DEFC2046FFF7E6
:10AD50006CFF05462046FFF7B4FDE9E7E3F734FA58
:10AD600005460028E4D12046FFF7CEFC2046FFF739
:10AD70009CFF05462046FFF7A4FDD9E76FF0570575
:10AD8000D6E70B4639B11168196041688A4209D08B
:10AD90000023136070471368036041688A42F7D14B
:10ADA0004360F5E74360F3E708B50A46036800210E
:10ADB00001E019461B682BB19342FAD1FFF7E1FF7E
:10ADC000012000E0002008BD43090AD0012B0BD16F
:10ADD0004FF6FF7300F01F0023FA00F000F00100AF
:10ADE00070474FF0FF33F5E70020704700690038E7
:10ADF00018BF0120704710F0100F04D110F0200F81
:10AE000003D10020704703207047012070470020C5
:10AE100070470020704743685B681B690B60002027
:10AE200070472DE9F04105460C4643685F6802EA29
:10AE3000010821EA0206FFF7ECFF002808DBC7F84B
:10AE40000880FE604FF4003221462846FFF7DFFFFE
:10AE5000BDE8F08170B504460D4643685E68FFF7B3
:10AE6000D8FF002806DBB5604FF4003229462046A3
:10AE7000FFF7CDFF70BD70B504460D4643685E68B0
:10AE8000FFF7C7FF002806DBF5604FF400322946C4
:10AE90002046FFF7BCFF70BD2DE9F04105460C468A
:10AEA00043685F687E6821EA06080E40FFF7B1FF3D
:10AEB000002808DBC7F80880FE604FF40032214606
:10AEC0002846FFF7A4FFBDE8F081B0F5800F07D05A
:10AED000B1F1C06F0DD0B1F1007F08D001207047F3
:10AEE000B1F1007F01D00520704704207047022097
:10AEF00070470320704708B500690430E3F7C2FAD1
:10AF000008BD00B583B0019001A8E3F7F5FA019BF5
:10AF1000803350F8230000F0010003B05DF804FB1B
:10AF20002DE9F04182B00190884615461C46089FE5
:10AF3000099E01A8E3F7E0FA019A02F1800350F8B4
:10AF40002310B8F1000F31D04FF0010C8DB3022364
:10AF50004CEA030C7CB30C234CEA030C6FB34FF4A4
:10AF600070634CEA030C56B34FF440334CEA030CC5
:10AF700021EA0C01B8F1000F23D098F8003015B386
:10AF80002D786D002B4304B32478A4002343F7B13C
:10AF90003C7824022343E6B13478240423430B4352
:10AFA000803240F8223002B0BDE8F0814FF0000C52
:10AFB000CCE70023CCE70023CEE70023D1E7002332
:10AFC000D4E70023DBE70025DCE70024DEE70024EC
:10AFD000E0E70024E2E710B500F01F044009E3F7C2
:10AFE00043FA30B1014600690122A2400430E3F780
:10AFF000B5FA10BD08B5002201210920D2F708FEDC
:10B0000008BD38B50446056901221146284604F0FA
:10B0100093FE05F118000122002104F08DFE204668
:10B02000E3F754FE38BD08B50069ECF77BFC08BDBA
:10B0300008B50069ECF712FC08BD38B505460C46AA
:10B040000321A047002806DB01212846A04700284D
:10B0500000DB002038BD10F1860FFBD1F4E710B5FE
:10B0600082B0044601AA00F035F8002805DB019BF8
:10B07000226819791868E4F765F802B010BD10B5B8
:10B08000446851B1012911D10021606AFFF7E7FF3F
:10B090002046EAF78FFD00200AE02046EAF7B4FDDB
:10B0A0000121606AFFF7DBFF002001E06FF08500FF
:10B0B00010BD00690F2906D840F82120103140F852
:10B0C0002130002070476FF0150070470020704756
:10B0D0001020704710B44368136001E00833136018
:10B0E000136890F808C0446804EBCC0C634505D2A3
:10B0F00093F805C08C45F1D1002001E06FF001000C
:10B100005DF8044B704743090AD0012B0BD14FF671
:10B11000FF7300F01F0023FA00F000F001007047F9
:10B120004FF0FF33F5E70020704700B583B0019082
:10B1300001A8E3F7B3FF019A01239340C36003B072
:10B140005DF804FB00B583B0019001A8E3F7A6FF0A
:10B15000019A01239340836003B05DF804FB08B5B6
:10B1600011B9FFF7E2FF08BDFFF7ECFFFBE738B5C9
:10B1700005460C460321A047002806DB012128468E
:10B18000A047002800DB002038BD10F1860FFBD15E
:10B19000F4E743681B68EFF31182202181F31288E2
:10B1A000BFF36F8FD3F8201131B10021C3F8201104
:10B1B000D3F820110121D96082F31188BFF36F8F7A
:10B1C000704770B50446436806691D68D5F80433B6
:10B1D00013F4807F02D0D5F82031FBB9D5F858217F
:10B1E0003368D3B15AB100221A613368DB7B1BB9D3
:10B1F0004FF48003C5F8083333689A7B8AB9D5F8D1
:10B20000243123B10023C5F82431D5F82431326824
:10B21000136813B151682046984770BDFFF7B9FF16
:10B22000DCE700229A73F8E743681B68D3F88004D0
:10B23000C3F88004704743681A685B6803F0010331
:10B24000D2F8581129B933B9D2F820312BB90020DE
:10B250007047012070470020704701207047426806
:10B2600013680821C3F80015117A51B9126AC3F89E
:10B2700034250122C3F83825C3F81011D3F8101172
:10B280001A60704743681B68C3F84415C3F8482523
:10B290000022C3F82021D3F82011C3F85821D3F895
:10B2A000582101229A60704742681368D3F8100150
:10B2B00050B1126A12780A700020C3F81001D3F856
:10B2C000102101221A6070474FF0FF30704740682C
:10B2D0000368002A0DDDD3F8102162B10022C3F803
:10B2E0001021D3F81021026A12780A700120186028
:10B2F0007047002070470020704743681968036951
:10B30000EFF31182202080F31288BFF36F8F18684B
:10B310004FF0000C80F80EC01B680120D8734FF46A
:10B320008003C1F8043382F31188BFF36F8F704735
:10B3300003691A68012191731B680022DA73704750
:10B3400010B443681C6803691A68D17B39B1D4F81A
:10B35000581141B1002111611B68988900E000205B
:10B360005DF8044B70470020FAE743681B68D3F888
:10B370001001003818BF0120704743681B68102275
:10B38000C3F80423704743681B681022C3F80823DE
:10B39000704743681B684FF40072C3F8042370477A
:10B3A00043681B684FF40072C3F80823704738B530
:10B3B000044643681D68D5F8043313F4800F06D1A2
:10B3C000D5F8043313F0100F07D1002038BDFFF774
:10B3D000B7FF0028F4D00120F8E72046FFF7C5FFAB
:10B3E0000028F3D00120F1E70120704703691868B5
:10B3F00001601B685A607047F8B5054606693368F6
:10B400009C899442A8BF144610330122D3E8EF0F61
:10B41000002803D1C3E8E72F002FF7D11FD13368ED
:10B420002246986806F07EFBEFF31187202383F312
:10B430001288BFF36F8F2846FFF7FDFE40B93368CF
:10B4400000241C6187F31188BFF36F8F2046F8BD7D
:10B450003368224699682846FFF714FFF2E7002474
:10B46000F4E708B520EAE070C117C90341EA50418A
:10B47000C00340F2E733C0184FF47A724FF0000374
:10B4800041F10001C2F70AFDEEF75EFA08BD70B5A2
:10B49000064612E075B1EFF31184202383F312887E
:10B4A000BFF36F8F3046FFF7C6FE98B984F311885B
:10B4B000BFF36F8F0120FFF7D4FF64243046FFF7FE
:10B4C000BAFE05460028E5D1012002F027F9013C2B
:10B4D000F4D1DFE7204670BD10B582B0044601AA62
:10B4E000FFF7F8FD002805DB019B22681979186831
:10B4F000E3F728FE02B010BD10B5044643680021F2
:10B50000D868FFF7E9FF2046FFF7A9FE10BD012923
:10B5100004D108B5FFF7F0FF002008BD6FF08500EB
:10B52000704738B545682C686B6813F0010F23D15C
:10B5300000220823C4F80035EB69C4F84435002321
:10B54000C4F848350123A36072B9D4F82031002B28
:10B55000FBD00023C4F82031D4F820310123E3606C
:10B560004FF48073C4F80433D4F85831002BFBD067
:10B570000020C4F8000538BD01692046E3F750FFFC
:10B580000028F8DB0122D4E710B50446002201218F
:10B590000820D2F73DFB0820FAF76AF8012120467F
:10B5A000E3F76AFF10BD38B505460C460321A047F6
:10B5B000002806DB01212846A047002800DB0020E8
:10B5C00038BD10F1860FFBD1F4E743090AD0012BF7
:10B5D0000BD14FF6FF7300F01F0023FA00F000F0CC
:10B5E000010070474FF0FF33F5E70020704730B49B
:10B5F00004E0083404600C68013C0C600C684CB139
:10B60000046865689D42F4D3B5FBF3F515600368E3
:10B61000186801E00020106030BC704770B5044627
:10B6200015461E460A4609B30B68636403B35368A4
:10B63000A364334604F1580204F1480104F14400C4
:10B64000FFF7D5FF6065ADB12B68E364A3B16B680C
:10B650002365334604F1600204F1500104F14C000B
:10B66000FFF7C5FFE0650023236470BD0B46DCE7F0
:10B670000023DDE72B46E8E70023E9E70368E3B1B1
:10B6800010B50446986870B171B91AB99A8812F465
:10B69000805F08D1186904F03DFA23680022197B05
:10B6A0009868E3F771FF10BD0122197BE3F76CFF87
:10B6B0002368186904F02EFAF5E77047006901B9AC
:10B6C000704708B500221146FFF7D8FF08BD00B546
:10B6D00083B0019001A8E3F779FF019A0123934019
:10B6E000C36003B05DF804FB00B583B0019001A80E
:10B6F000E3F76CFF019A01239340836003B05DF888
:10B7000004FB08B511B9FFF7E2FF08BDFFF7ECFF36
:10B71000FBE708B503468C4600681979DA8842EAE7
:10B720000C02E3F785FF08BD10B504460122002195
:10B73000FFF7A4FFA36903B110BD636004F110001B
:10B74000ECF78CF8F8E710B50446006903688B4203
:10B750000AD190F86C3053B9FFF7E6FF002120467C
:10B76000FFF7ACFF002010BD6FF01500FBE76FF096
:10B770000F00F8E738B504460569296405F128008B
:10B78000ECF76CF8002385F86C3001212046FFF7B8
:10B7900095FF38BD08B503689B8813F4005F00D09F
:10B7A00008BD002343601030ECF758F8F8E738B5CF
:10B7B0000446049DAB8813F4005F08D083694BB93D
:10B7C0004368AB4201D0002302E0012300E00023E4
:10B7D00013B138BD0023FBE704F110004FF0FF3236
:10B7E0004FF0FF33ECF79EF86560F2E710B584B0D8
:10B7F0000024029401940094E4F724FA04B010BDEC
:10B8000008B5002201210A20D2F702FA08BD10B5BE
:10B8100082B0044601AAFFF75DFC002805DB019B0E
:10B82000226819791868E3F78DFC02B010BD08B5DD
:10B8300043680021D86BFFF7EAFF002008BD01290B
:10B8400003D108B5FFF7F3FF08BD6FF0850070471F
:10B8500043090AD0012B0BD14FF6FF7300F01F00F4
:10B8600023FA00F000F0010070474FF0FF33F5E7D6
:10B870000020704700B583B00B4600210191009174
:10B880000A46E4F745FB03B05DF804FBF8B504464F
:10B890000F4602F0AFFA054600223946204602F074
:10B8A000A1FA03213846FFF7E5FF00F0B3F806469A
:10B8B00023685B593BB900F0ADF8831B062BF7D921
:10B8C0006FF0730500E000253946204602F08EFA3D
:10B8D00001213846FFF7CEFF2846F8BD00B5A2F596
:10B8E000807E4FEA9E0E4FF0010C0CFA0EFC1CEA13
:10B8F000010F0DD0815809B900200AE000218150C4
:10B9000082581BB11A684CEA02021A60012000E05A
:10B9100000205DF804FB70B582B006460D46002499
:10B92000019409E0A20001AB02F5A072294630465D
:10B93000FFF7D4FF0134E4B2032CF3D915F0010F63
:10B9400002D0D6F8003143B915F0020F02D0D6F874
:10B95000043163B9019802B070BD0023C6F800310C
:10B96000D6F80031019B43F001030193ECE700237B
:10B97000C6F80431D6F80431019B43F00203019369
:10B98000E8E7401A20F07F40704700F150039B0029
:10B990009BB203F1502303F580331868003818BFB9
:10B9A0000120704700F150039B009BB203F150232C
:10B9B00003F5803300221A601B68704720F07F4037
:10B9C0007047EFF31180202383F31288BFF36F8F4A
:10B9D000704780F31188BFF36F8F7047F0B585B063
:10B9E000044617461D46E4F79FFB06469DF8303097
:10B9F00002930B9B01930A9B00933A462B462046E9
:10BA0000E4F782FC054631462046E4F7D7FB28469A
:10BA100005B0F0BD08B5E4F7F9FB08BD08B5E4F7DB
:10BA20006BFD002008BD08B5F0F7E6FB00B908BDC6
:10BA3000002383F31188BFF36F8F0423184602DFBE
:10BA40006FF00400F3E708B500F006F8002008BD29
:10BA500008B5E4F739FE08BD08B5E4F703FF08BDF3
:10BA60000023036043604FF400330360704730B538
:10BA700083B004460D460023009301936846FFF708
:10BA8000EFFF2C44009884428CBF0020012003B0BB
:10BA900030BDF8B506460D4614461146FFF7E7FFE0
:10BAA000074608B93846F8BD224606F56021284603
:10BAB00006F038F8F6E7F8B504460D4602F0CDF981
:10BAC000064629462046FFF7D2FF074668B1B4FB79
:10BAD000F6F306FB134333B1002706E004F56020BC
:10BAE000E8F752FF3444AC42F8D33846F8BD70B59D
:10BAF0000446006A00F560262021FFF7B8FF0546DE
:10BB000008B9284670BD082221463046E8F7A4FF50
:10BB1000F7E738B50446FFF7EAFF054620B12822CB
:10BB20000021204606F025F8284638BD2DE9F04FC3
:10BB300083B080468A4617460023009301936846E7
:10BB4000FFF78EFF08EB0702009B9A4243D813F0E1
:10BB50001F0445D11F2B45D928F01F0918F01F0BD2
:10BB60001BD1A74235D93E1B202E28BF202608EB2B
:10BB700004094846E4F7B2FD054632460AEB0401E3
:10BB800005F0DDFF6B6A33446B62C5F82090E4F783
:10BB9000AFFD034600B32034E3E74846E4F79EFDDB
:10BBA0000646A9EB08052035BD4228BF3D462A467A
:10BBB0005146584405F0C3FF736A2B447362C6F8BC
:10BBC0002090E4F795FD034630B1A8447F1BAA44BA
:10BBD000C7E7012300E00023184603B0BDE8F08F5B
:10BBE0000023F9E70023F7E708B5FFF79FFF08BD3B
:10BBF0000B7801330B70704708B5F1F727F808BDD3
:10BC000008B5D0F7C5FED0F7D9FFFFF7F5FF08BD9F
:10BC1000012800D170470220FCE78068183820F026
:10BC200007001038704704280AD0052803D1481EA1
:10BC300018BF01207047884214BF002001207047C0
:10BC40000120704789B138B514460D460AB9002065
:10BC500038BDF8F76FF80023A34204D2EA5C8242B1
:10BC600005D10133F8E70120F2E7002070470020FA
:10BC7000EEE738B505460C46114601232246F7F794
:10BC8000EDFF00280FDB012221462846FFF7DAFFEF
:10BC900018B103232370002006E02078FFF7B8FFD7
:10BCA0002070002000E0012038BD08B58268183AF5
:10BCB00022F00702083AFFF7DCFF08BD2DE9F04348
:10BCC00083B006460F4690461D46F8F72AF82C1812
:10BCD000013CC0F1000C04EA0C04082C04D94FF01C
:10BCE000FF3003B0BDE8F0833046F8F723F8814613
:10BCF0002A464146684605F015FF621B49460DEB92
:10BD0000050005F036FF23466A4639463046F7F708
:10BD1000C0FF0028E5D00120E3E700B583B08DF82F
:10BD20000420012301AAFFF7C9FF03B05DF804FB5B
:10BD300008B581681839012221F00701FFF7EDFFEE
:10BD400008BD08B58268183A22F00702FFF791FF94
:10BD500008BD30B587B004460D468168102302AA9D
:10BD60001039F7F77BFF002839DB102202A92046A3
:10BD7000FFF768FF48B303232B702046FFF74DFF02
:10BD8000014601230DF107022046F7F767FF00285F
:10BD900028DB9DF8073003F00F026A701B092B7136
:10BDA00001220DF107012046FFF74CFF10B96B7817
:10BDB000042B03D901236B7000232B71A91C20468F
:10BDC000FFF773FF30B101200AE002A8E4F732FE6A
:10BDD0002870D2E7E91C2046FFF7B3FF00E00120FE
:10BDE00007B030BD0120FBE710B582B00C4601A9B9
:10BDF000C0B2CDF705FA18B10124204602B010BD3B
:10BE000021460198FFF7A5FF04460198F7F725FFA3
:10BE1000F3E730B583B0744601280DDD7D464868F0
:10BE200005F06CFE009048F20103ADF804306A465C
:10BE30002146284601F0AEF87846714601F09FF899
:10BE40004FF0E023D3F8043D13F0FF0F14BF01209F
:10BE5000002070474FF0E022D2F8243D23F47023F5
:10BE6000C2F8243D70474FF0E023D3F8F03D13F0C3
:10BE7000010F00D04DBE7047092802D83030C0B243
:10BE800070475730C0B2704710B50446E4F756FF0C
:10BE900070B103460268D0F804C08068D968226097
:10BEA000C4F804C0A060E1601A692261012010BDDD
:10BEB0000020FCE780B582B000AF78603960396857
:10BEC0007868E4F7CDFF00BF0837BD4680BD10B5E8
:10BED00096B05023019301A902A8E5F715F904468D
:10BEE00010B9204616B010BD019902A8FFF7E2FF75
:10BEF000F7E708B5FFF7EBFF0028FBD108BD0346C5
:10BF000000201860704700207047704710B584B05B
:10BF1000044601A903A8E5F729F8024640B13CB15F
:10BF20002346039943F8041B01A903C983E80300CE
:10BF3000104604B010BD08B5E5F702F808BD38B5E5
:10BF400005460C4609680068E5F7A8F923681B1A3E
:10BF500023602B6803442B602068B0FA80F040090E
:10BF600038BD08B5E5F7F8F908BD0346406820B1CB
:10BF70001A689B681344A3EB4000704710B5044651
:10BF8000E5F744FA03682046984710BD70B50446AB
:10BF90000D461646E5F73AFA4368324629462046EA
:10BFA000984770BD08B5E5F731FA8368984708BD32
:10BFB0000020704708B5E7F787F908BD08B5E7F72F
:10BFC0008FF908BD00F00700C90001F0080108431F
:10BFD000704738B504460D46E7F776F929462046FE
:10BFE000E5F76AFCE7F77CF938BD704700B583B028
:10BFF000012300930023E5F705FD03B05DF804FB82
:10C0000070B5A2B006460C461546E5F73FFC08B9E8
:10C0100022B070BD2B462246812101A8F4F7CEF84C
:10C02000031EF5DD1A46802B00D9802201A9304677
:10C03000FFF7DCFFECE70EB400B582B003AA52F8BC
:10C04000041B0192FFF7DCFF02B05DF804EB03B0C4
:10C05000704700B583B000230093E5F7D3FC03B02D
:10C060005DF804FBC0F38010704710B54468007A97
:10C07000FFF7F8FF10B9236801332360012010BDDA
:10C08000F8B504464768057A2846FFF7EBFF0646F1
:10C0900008B13046F8BD45F0400525722046E5F769
:10C0A0008FFC3B6B01333B633A689342F1D001262E
:10C0B000EFE738B5054696460068AA6800EB020C23
:10C0C0008C4517D30B440246884238BF0A469C452C
:10C0D00028BF9C46624510D2ACEB02046B68101A74
:10C0E000511A22467144184405F01CFDEB682344A4
:10C0F000EB6002E0012385F83D3038BD70B545683E
:10C1000095F82D30E3B90446007AFFF7ABFF0646F9
:10C1100008B1304670BD214605F11800E5F76AFD0B
:10C1200080F00103DBB295F82C20134385F82C3006
:10C130002B6B01332B632A689342EAD00126E8E790
:10C140000026E6E708B5114640681A46183000F0A8
:10C1500077FC08BD7047704748B110B50446E5F755
:10C16000C5FD00B910BD2046E5F7E8FDFAE700205F
:10C17000704730B587B005460C46CB68A3B10223A3
:10C1800001228DF804202288029262680392A2683C
:10C190000492059301A9284600F0FAF810B1E2686C
:10C1A00022B940B907B030BD0123E9E70421284690
:10C1B00000F059F8F5E7227C0521284600F053F8F5
:10C1C000F0E708B5FFF7D5FF08BDFEE710B5016839
:10C1D0004C6819461046A04710BD38B504461546B0
:10C1E00000F028FC08B9002038BD2946204600F0A0
:10C1F00021FC08B10120F7E70020F5E738B5044637
:10C20000154600F017FC08B9002038BD2946204625
:10C2100000F03BFC08B10120F7E70020F5E710B57E
:10C2200084B004460023009301930293039368466D
:10C23000E4F76CF9019A0A212046FFF7DFFF034675
:10C2400010B9184604B010BD029A09212046FFF724
:10C25000D5FF03460028F4D0039A06212046FFF7B5
:10C26000CDFF0346EDE738B50446154600F0E2FB86
:10C2700008B9002038BD2946204600F0DBFB08B194
:10C280000120F7E70020F5E738B50446154600F031
:10C29000D1FB08B9002038BD2946204600F0D4FB68
:10C2A00008B10120F7E70020F5E770B50446154610
:10C2B0001E4600F0BFFB08B9002070BD324629467B
:10C2C000204600F0C8FB08B10120F6E70020F4E7A3
:10C2D0002DE9F04186B004460F469046CAB1137866
:10C2E000012B18D0002601A8FFF7CEFD0546A6B108
:10C2F000052129440231204600F0E6FB3A4602219E
:10C300002046FFF76AFF034648B9184606B0BDE865
:10C31000F0810026E7E70126E5E70421E9E70122AD
:10C3200003212046FFF79FFF03460028EDD020465B
:10C33000FFF775FF03460028E7D015B95EB9012362
:10C34000E3E7062301AA0B212046FFF7AEFF0346D1
:10C350000028F3D1D9E7D8F8082001212046FFF7BB
:10C360003CFF08B90023D0E70123CEE730B585B004
:10C3700004460D466846FFF71BFE10B900238DF8F2
:10C3800000306A4629462046FFF7A2FF05B030BDBF
:10C3900070B506460C460221FFF7E8FF70B1A368AE
:10C3A0006BB10223E268002A18BF013322699D188D
:10C3B0000421304600F03EFB18B9002070BD012377
:10C3C000F0E72946304600F07FFB0028F5D0626890
:10C3D00021783046FFF747FF0028EFD0A2683AB92E
:10C3E000E268002AEAD003213046FFF73CFFE5E788
:10C3F00002213046FFF737FF0028DFD0F0E770B5A5
:10C4000004460D46164600F005FB31462046A84777
:10C41000204600F006FB70BDF0B587B006460C461E
:10C42000CD6815F0010718D13A4615F0020500D085
:10C43000013206238DF80430237802936368039356
:10C44000A3680493059201A93046FFF7A1FF10B13C
:10C450002FB900B14DB907B0F0BD0122E5E722695F
:10C4600007213046FFF710FFF3E7A369626908214F
:10C470003046FFF71AFFEEE708B42DE9F0419DB012
:10C4800007460E46154623AC54F8048B002108914C
:10C490004C2209A805F06DFB079423464246502123
:10C4A00008A8F3F78BFE041E1BDB4F2C28BF4F247C
:10C4B000002300930193029303930493059306933F
:10C4C0008DF80070019602950223039308AB059343
:10C4D00006946846E5F772FE1DB0BDE8F04101B074
:10C4E00070470024E4E72DE9F04F83B083460F4600
:10C4F000904600252E462EE0002405F10209B9459C
:10C5000034D21BF80920240204EB03441444032111
:10C510002046E5F76BFE08F80600B31C01930221E4
:10C520002046E5F763FE731C08F80300BA451FD2E6
:10C5300001212046E5F75AFE06F1030A019B08F89F
:10C540000300B94516D200212046E5F74FFE043618
:10C5500008F80A000335BD420ED21BF8053005F17C
:10C56000010ABA45C8D21BF80A40C6E70022CAE74A
:10C570003D20E1E73D20EAE703B0BDE8F08F4178D8
:10C58000CB01DBB202789201D2B243EA020009B9D0
:10C5900040F0080070470068033070472DE9F0470D
:10C5A00082B017461568082D39D9044689460069B6
:10C5B000002838D0237A002B6DD02368A3EB000825
:10C5C000A84528BFA846A5EB0805012D8CBF00256E
:10C5D00001250026B8F1000F0DD009EB060A6368AB
:10C5E000424651462069984742465146A08AE5F79F
:10C5F00009FEA08246443DB9A38A09F80630721CA0
:10C600001B0A09F8023002362369434423613A6861
:10C61000921B60D13E60284602B0BDE8F08700233F
:10C6200013600125F7E70131206800F003FB06469F
:10C630002046FFF7B0FF3B68834234BF0125002549
:10C6400003D2237AB3B1002300E000238DF8043035
:10C6500000238DF80530E06001A8FFF790FF89F80E
:10C6600000009DF804303BB13B689B1B03F1FF3891
:10C670000136AFE70123E9E7237A43B122683B683B
:10C6800003F1FF38904528BF90460126A2E7D4F871
:10C69000008001269EE7013100F0CCFA06462368AF
:10C6A0002269A3EB02083D682D1A013DA84528BF69
:10C6B000A846A5EB0805012D8CBF002501258DF8A6
:10C6C000045001238DF8053001A8FFF758FF89F8C1
:10C6D000000001367EE7BA2109EB060005F049FAB1
:10C6E00098E703692BB910B50446FFF754FFE060E3
:10C6F00010BD704782684068101A7047D8B32DE9A2
:10C70000F8430D4616461C468046B2B347688F4232
:10C7100035D3994208D2A3EB01094046FFF7EAFF5F
:10C72000484504D200202BE04FF00009F5E7D8F887
:10C7300000301F447F1BD8F80850B7FBF5F305FB0A
:10C740001377ED1BA54228BF2546D8F80C002A46D2
:10C750003146384405F0E6F97119621B06D1D8F864
:10C7600004304B44C8F80430012009E0D8F80C002C
:10C7700005F0D8F9F3E700207047002000E0002022
:10C78000BDE8F88390B170B50C461546064679B100
:10C790000AB9002070BD0021204605F0EAF9002307
:10C7A00033607360B560F4600120F3E700207047E8
:10C7B0000020EFE728B3F8B515461C46074612B32C
:10C7C0004268CB189A4201D20020F8BD03680B449E
:10C7D0008668B3FBF6F206FB1233F61AA64228BFB0
:10C7E0002646C16832461944284605F09BF9A81927
:10C7F000A21B01D10120E8E7F96805F093F90120B7
:10C80000E3E7002070470020DFE7E8B130B5864657
:10C81000E2B1EBB1406888421CD3DEF8004004EB83
:10C82000010CDEF80840BCFBF4F504FB15CC401A03
:10C83000A4EB0C04DEF80C1061441160A04228BF88
:10C8400020461860012030BD002070470020FAE724
:10C850000020F8E70020F6E72DE9F04F83B0DDF87F
:10C8600030B040B38846174699468246BBF1000F68
:10C8700023D04268CB199A4221D30023019300931D
:10C880003C46B4B13E1B6B4601AA08EB060150467C
:10C89000FFF7BBFF034698B1009DA54228BF254680
:10C8A0002B46019A31464846D847034640B1641B9F
:10C8B000E7E7012304E0002302E0002300E0002377
:10C8C000184603B0BDE8F08F90B103464068884237
:10C8D00010D310B41A680A449C68B2FBF4FC04FB41
:10C8E0001C221A60401A586001205DF8044B704702
:10C8F000002070470020704730B143688B4205D359
:10C900005B1A436001207047002070470020704789
:10C9100018B108B5FFF7EEFE08BD0020704708B556
:10C9200013460A460021FFF7E9FE08BD08B5FFF7E8
:10C93000E5FE08BD08B14068704700207047C2B1ED
:10C9400070B504461546007878B92669B218E368D0
:10C950009A4209D82B460A463146A0686668B04715
:10C9600023692B442361012070BD23691344236193
:10C97000FAE70120704700B583B04901C9B2172A10
:10C980000CD851FA82F28DF800200DF101026946AF
:10C99000521AFFF7D4FF03B05DF804FBFF2A07D853
:10C9A00018318DF800108DF801200DF10202EEE72C
:10C9B000B2F5803F0AD219318DF80010130A8DF8B4
:10C9C00001308DF802200DF10302E0E71A318DF8F5
:10C9D0000010130E8DF80130130C8DF80230130A7D
:10C9E0008DF803308DF804200DF10502CFE710B467
:10C9F000B1FA81FC4FEA5C1C00240460446084604E
:10CA0000C460046180F800C041608260C3605DF86A
:10CA1000044B704708B500231A461946FFF7E7FF95
:10CA200008BD0346006900221A605A609A60DA6005
:10CA30001A61704708B50A460021FFF79CFF08BD40
:10CA400008B5FFF77CFF08BD08B581EAE172C90FA0
:10CA5000FFF791FF08BD70B504460D46164602214A
:10CA6000FFF789FF08B9002070BD324629462046ED
:10CA7000FFF765FF08B10120F6E70020F4E708B5ED
:10CA80000A460221FFF777FF08BD70B504460D4640
:10CA90000846C1F727FA0646024603212046FFF75B
:10CAA0006AFF08B9002070BD324629462046FFF7CC
:10CAB00046FF08B10120F6E70020F4E708B50A4672
:10CAC0000321FFF758FF08BD08B50A460521FFF707
:10CAD00052FF08BD08B50A460421FFF74CFF08BD08
:10CAE00000B583B0F6238DF80430012201A9FFF7C9
:10CAF00026FF03B05DF804FB38B5044690F82050DB
:10CB0000C069012D1FD0616A00226260A260E260EC
:10CB10002261626101232371206161619D4214D011
:10CB2000606A4042611D00F093F8E060236862692A
:10CB3000104403442360012D09D0E36AA26A9B1AC2
:10CB4000E361626238BD0121DEE7606AEAE7E36A19
:10CB5000E36100236362F5E708B5FFF7CDFF08BD89
:10CB6000002963D02DE9F843044616460F46002AF3
:10CB70005ED0002545608560C56005614561D0F8DF
:10CB80002C801FE000231A4611B1237E4B4527D08D
:10CB90000023A36294F82030012B25D0022B2CD047
:10CBA000002B36D0A36A13B1626A934235D084F861
:10CBB0001890636A01336362E36A0133E3622379A5
:10CBC0007BBB0135B5422CD217F80590E16A0029EC
:10CBD000D8D0237E4B4501D00023D4E70123D2E7F0
:10CBE000A36A0133A362D5E71AB1022384F8203087
:10CBF000D8E72046FFF780FFF7E7002AD2D0A36AE4
:10CC0000012BCFD9626AD21A62622046FFF774FF05
:10CC1000C8E7022384F82030C4E7012384F82030D9
:10CC2000C5E7E06AA0EB0800BDE8F8830020704784
:10CC30001046F9E70346084604E063F07F0200F877
:10CC4000012BDB097F2BF8D800F8013B401A704715
:10CC500008B5C31783EA4000FFF7ECFF08BD03786F
:10CC6000042B01D00120704743681A684AB15A6802
:10CC70000A60002202709A6882600C3343600120CF
:10CC8000704700207047032801D001207047092019
:10CC900070472820704770B582B006460C4615468E
:10CCA0000023009301936846FEF7DAFE009B63B110
:10CCB0000C2231460020A847034638B134B102AAFD
:10CCC00012E9030084E8030000E00023184602B0E4
:10CCD00070BD08B50A460021FFF7DDFF08BD38B575
:10CCE0000D461446137A23B163682B446360012018
:10CCF00038BD0A4601466068FEF776FF0028F3D18A
:10CD00000123A372F4E7F0B585B00A9E9DF82C408C
:10CD1000002A45D00D461746002945D002F10C0CDB
:10CD2000326871688A4201D9511A00E00021327AD2
:10CD30004AB9614507D2012777720B2931D90C39DD
:10CD400031F003072DD000220192029203928DF858
:10CD500004000293039732460C2101A8FFF7BFFF9E
:10CD60000246F0B18CB117F003040ED1B4EB970F6B
:10CD700012D255F824300093324604216846FFF75A
:10CD8000AEFF024668B10134F0E732463946284624
:10CD9000FFF7A5FF024604E0727A82F0010200E08C
:10CDA0000122104605B0F0BD0122FAE710B582B0AD
:10CDB0001C46002301930094FFF7A5FF02B010BDAD
:10CDC00030B58BB0044606A8E3F7A0FB01A8FFF737
:10CDD0005BF8002840D1069D55B12846C1F782F87E
:10CDE0000246234629460220FFF7E0FF034680B3B0
:10CDF000089D55B12846C1F775F8024623462946D5
:10CE00000A20FFF7D3FF034618B3079D55B1284604
:10CE1000C1F768F80246234629460B20FFF7C6FFF4
:10CE20000346B0B1099D55B12846C1F75BF80246EB
:10CE3000234629460420FFF7B9FF034648B1FFF710
:10CE400028FF00902346042269460720FFF7AEFF23
:10CE5000034618460BB030BD2346142201A90C200E
:10CE6000FFF7A4FF03460028B5D1F2E700B583B071
:10CE70000346019104220DEB02010520FFF796FF06
:10CE800003B05DF804FB426812F0030200D1704762
:10CE900030B583B00546C2F104042246002101A842
:10CEA00004F067FE2B46224601A90620FFF77EFF0D
:10CEB00003B030BD2DE9F04186B005460F46164659
:10CEC000002400E00134B44229D22846FFF7DBFFFA
:10CED00004EB440307EB83030DF10C0C93E807000C
:10CEE0008CE80700029102A96046FFF7B8FE00280F
:10CEF000E8D09DF80C00012814BF4FF000084FF057
:10CF00000108FFF7C0FECDF804800095029B059A4A
:10CF10000499FFF7F8FE03460028D3D100E001236F
:10CF2000184606B0BDE8F081012070470120704727
:10CF300000B583B00023019301AA0121E5F7B4F9FC
:10CF4000019803B05DF804FB00B583B000210191A6
:10CF500001AAE5F7A9F903B05DF804FB30B583B089
:10CF600004460D460023009301936846FEF778FDC2
:10CF7000009B2B6000F021F8206003B030BD80B52D
:10CF800082B000AF7860396048F201023968786891
:10CF9000E5F7A6FA80B584B000AFF860B9607A60B2
:10CFA0007B689B881A46B968F868E5F799FAEFF349
:10CFB00009807047EFF30880704730B59DB009AC29
:10CFC0004C252A460021204604F0D3FD002304937B
:10CFD0000593069307930893049405954FF4004234
:10CFE000ADF818200194ADF80820039308A901A812
:10CFF000E6F7C4F9079004A8FFF79AFF1DB030BD0B
:10D00000704708B571467846FFF7B9FF08B5E4F7F1
:10D0100035FE002008BD08B5E3F7EAFE002008BD94
:10D0200008B513680A681A600121E5F729FB08BDF5
:10D030001368B3B100B585B00B6800930B798DF818
:10D040000430137A8DF8053013681B6802930B7C4B
:10D050008DF80C30036869464068984705B05DF864
:10D0600004FB002070470A7B03799A4201D001201B
:10D070007047036801330360F9E7081E18BF0120F9
:10D080007047814214BF00200120704770B584B002
:10D0900004461546002301930293039301AAE5F782
:10D0A000A5FB064610B1304604B070BD01AA294662
:10D0B0002046FFF7B5FFF6E7F8B50D46466833782A
:10D0C00013F001040ED109B12046F8BD00F033F988
:10D0D000336860F35F033360337843F001033370E8
:10D0E0000124F1E7074609B90024EDE700F023F930
:10D0F00020F000433268C2F35E0293420BD39B1AC6
:10D1000039680A681A440A60012D08D0336860F350
:10D110005F033360D8E79B1A03F10043F0E73368FD
:10D120006FF35F03336033786FF300033370CBE743
:10D1300030B585B00C46002301930293039301AAF6
:10D140000221E5F753FB054610B1284605B030BD76
:10D15000214601A8FFF7B0FF0028F6D16FF00305C4
:10D16000F3E708B50B79022B01D0012008BD02219D
:10D170001046FFF7A1FFF8E708B5E4F7B3FE08BDD6
:10D1800030B583B004460D46E6F79EF8019501AA36
:10D1900001212046FFF77AFF0446E6F7A1F8204672
:10D1A00003B030BD30B583B004460D46E6F78CF8C9
:10D1B000019501AA00212046FFF768FF0446E6F723
:10D1C0008FF8204603B030BD10B50446E6F77CF872
:10D1D00000212046FFF7ACFF0446E6F781F8204621
:10D1E00010BD10B50446E6F76FF801212046FFF7A1
:10D1F0009FFF0446E6F774F8204610BD38B5044694
:10D200000D46E6F761F829462046E5F70DFB054691
:10D2100018B1E6F765F8284638BD01212046E5F744
:10D220002FFAF6E708B5E5F78FFCE5F7CBFB00F042
:10D2300082F84FF47A720023C0F730FE01460A20CC
:10D24000FFF7B0FF08BD08B5E5F7FCFB08BD08B562
:10D250000020E5F709FC08BD08B5E5F7CDFB08BDE2
:10D2600008B50846E5F7C4FC08BD08B503460846FE
:10D27000517909B9197D29B1117931B101290DD03F
:10D28000002008BDFFF72CFCFBE71B7D1BB9916854
:10D29000FFF7D0FBF5E74FF0FF31F9E71B7D1BB936
:10D2A0009168FFF7D1FBECE74FF00041F9E710B5CB
:10D2B00004460A7B837D9A4202D00120607510BD2E
:10D2C0000B79022B0FD007D8012B13D80A46014641
:10D2D000FFF7CBFF60750DE0032B0BD18968FFF7DB
:10D2E000D4FB607506E0037D33B989682046FFF7FB
:10D2F000A1FB6075607DE2E74FF0FF31F6E708B50E
:10D300000020E5F75DFC08BD08B50021E5F7A2FCAB
:10D3100008BDF8B504460D4616461F46CBF7ACF9D6
:10D32000E6F712FAE5F766F83B463246294620460C
:10D33000D0F7B2FAF8BD08B502F052FF02464B0131
:10D3400043EAD0634001801A63EB01039B0043EA88
:10D3500090738000801843EB0101C90041EA5071CD
:10D36000C0F3103040EA4140C90B08BD08B5714612
:10D370007846FFF704FE70B57546064603F07DF863
:10D38000044602F0EBFD08B1204670BD324621464E
:10D390002846E4F7F3F9F7E710B5044602F0DEFD9E
:10D3A00018B1204603F060F810BD2046E4F726FAD5
:10D3B000F7E770B506460D460446E5F7C9FEA842F4
:10D3C0000CD1711900E001348C4202D22378AA2BCF
:10D3D000F9D0A01B03D14FF0FF3000E0002070BD5A
:10D3E00008B508461146E5F717F908BD08B508461F
:10D3F0001146FFF70BFE08BD08B500210220E4F737
:10D4000015FD00F0DCF808B508461146E3F77AFC94
:10D4100008BD08B508461146FEF7FBFC4FF0FF308B
:10D4200008BD08B508461146E3F75EFC4FF0FF3033
:10D4300008BD08B508461146E3F746FC4FF0FF303B
:10D4400008BD08B508461146E3F72CFC4FF0FF3045
:10D4500008BD08B508464FF0E02CDCF8143D43F455
:10D460008073CCF8143D1146E3F736FC4FF0FF30E3
:10D4700008BD08B508461146FFF7CDFD08BD08B543
:10D4800008461146E3F7E8FB08BD08B5FEF731FD95
:10D49000002008BD08B508461146E3F7F7FB08BDB4
:10D4A00070B514461E46049D29686B688A4276EB67
:10D4B000030306D2511A0139FFF774FE2C606E6027
:10D4C00070BD511AF8E77047012806D0022806D02F
:10D4D000032814BF0020012070470320704702205A
:10D4E000704770B505460C46164632B122462946AD
:10D4F0003078FEF7AEFD204670BDE4F761FDF5E73C
:10D5000001382B2817D8DFE800F02E191C1C16163E
:10D510001616161616161616161F1F1F1F1F1F2269
:10D5200022222222222225252528252525252B2BAE
:10D530002B2B2B2B2B2B4FF41440704748F20B0056
:10D54000704748F2080070474FF4124070474FF49C
:10D55000114070474FF41340704748F20B0070477A
:10D5600049F20240704749F20540704730B58BB030
:10D5700005460C46CBF780F8A36E226F12F0040F1D
:10D580001BD1E16E00911968019159680291996867
:10D590000391D968049119690591596906919969AE
:10D5A0000791DB69089309922846FFF7A9FF014616
:10D5B0006846E4F7A9FF0BB030BD196AE2E708B589
:10D5C0000020F8F751FA4FF47F03D3F83021D3F855
:10D5D0003431072A01D000207047023B002B04D8C9
:10D5E000DFE803F0010001207047002070474FF48E
:10D5F0007F03D3F83021D3F83431072A01D000203B
:10D600007047042B07D008D8023B012B01D801201A
:10D6100070470020704700207047002070474FF48B
:10D620007F03D3F83021D3F83431072A01D000200A
:10D630007047023B002B04D8DFE803F00100012013
:10D640007047002070474FF47F03D3F83021D3F8A0
:10D650003431072A01D000207047012070474FF471
:10D660007F03D3F83021D3F83431072A01D00020CA
:10D670007047023B002B04D8DFE803F001000120D3
:10D680007047002070474FF47F03D3F83021D3F860
:10D690003431072A01D000207047023B002B04D808
:10D6A000DFE803F0010001207047002070474FF4CD
:10D6B0007F03D3F83021D3F83431072A01D000207A
:10D6C0007047023B002B04D8DFE803F00100012083
:10D6D0007047002070474FF47F03D3F83021D3F810
:10D6E0003431072A01D000207047012070474FF4E1
:10D6F0007F03D3F83021D3F83431072A01D000203A
:10D700007047042B03D8022B03D30020704701205D
:10D7100070470120704708B5804708BD08B502F082
:10D72000F9F908BD38B504461546E6F7F7F9294674
:10D730002046E6F709FA38BD0120704708B50520F4
:10D74000D0F758FA00B108BD0520F7F791FFFAE7C6
:10D7500038B504460378022B06D0012B00D00023F5
:10D760001D461BB1284638BD0123F9E70020E6F726
:10D7700049FAFFF7E1FF2070F4E708B5E6F7E6FBAA
:10D7800008BD10B401F5A27150F8214024F44F34C3
:10D7900024F4407440F8214050F82140120202F471
:10D7A0007C521B0403F440331A43144340F82140D5
:10D7B0005DF8044B704710B401F5A27150F8214098
:10D7C00024F4991424F4F85440F8214050F82140EE
:10D7D000120202F47C521B0403F440331A439DF8F6
:10D7E00004301B0503F480131A43144340F821400E
:10D7F0005DF8044B704700B5A2F5807E4FEA9E0E9F
:10D800004FF0010C0CFA0EFC1CEA010F0DD08158F0
:10D8100009B900200AE00021815082581BB11A6822
:10D820004CEA02021A60012000E000205DF804FBCF
:10D8300043090AD0012B0BD14FF6FF7300F01F00F4
:10D8400023FA00F000F0010070474FF0FF33F5E7D6
:10D850000020704738B50D460079E6F7ABFB04466B
:10D860002846E6F79DFB083034F8100000F0010070
:10D8700038BD38B50D460079E6F79CFB04462846CE
:10D88000E6F78EFB083034F81000C0F3401038BDC6
:10D8900038B50D460079E6F78DFB04462846E6F7D5
:10D8A0007FFB083034F8100010F01C0018BF012076
:10D8B00038BD38B50D460079E6F77CFB04462846AE
:10D8C000E6F76EFB083034F81000C0F3400038BDB6
:10D8D00038B504460D46FFF7ECFF30B12946204627
:10D8E000FFF7C7FF18B1012000E0002038BD00207D
:10D8F000FCE708B5FFF7DDFF80F00100C0B208BD0E
:10D900007047704738B50D460079E6F753FB04467B
:10D910002846E6F745FB083034F81000400B38BDC8
:10D92000032894BF00200120704770B506460D46BD
:10D93000002404E04FF0FF33AB4211D001342F2C10
:10D940000CD83079E6F736FB04F1080330F81330D1
:10D9500013F4807FEED0C3F34323EDE7002000E013
:10D96000012070BDF8B506460F4615460024002C70
:10D9700003DD4FF0FF342046F8BD3079E6F71AFB9F
:10D9800050F83430BB4201D00134F0E700EBC4035F
:10D990005B68AB42F8D1EEE710B504460846E6F7FF
:10D9A000FFFA083034F8103013F4807F04D0C3F34A
:10D9B000432304EBC30010BD0020FCE770B5044610
:10D9C0000E4615460079E6F7F5FA86602079E6F707
:10D9D000F1FAC56070BD08B50079E6F7EBFA90F88A
:10D9E0008000003818BF012008BDF8B504460D4678
:10D9F0001646FFF7D1FF20B1076842683146284636
:10DA0000B847A3681BB1E268314628469847F8BD7D
:10DA100000B583B0019001A8E6F7F8FA0069019B10
:10DA2000D84000F0010003B05DF804FB38B50C46A7
:10DA30000079E6F7BFFA05462046E6F7B1FA083066
:10DA400035F81030C3F38203042B09D0052B01D124
:10DA5000022006E02046FFF7DBFF18B1032000E0BC
:10DA6000032038BD0220FCE72DE9F04182B001908F
:10DA7000884615461C46089F099E01A8E6F7C6FA87
:10DA8000019A02F1800350F82310B8F1000F31D051
:10DA90004FF0010C8DB302234CEA030C7CB30C2332
:10DAA0004CEA030C6FB34FF470634CEA030C56B3AB
:10DAB0004FF440334CEA030C21EA0C01B8F1000F9B
:10DAC00023D098F8003015B32D786D002B4304B3A4
:10DAD0002478A4002343F7B13C7824022343E6B121
:10DAE0003478240423430B43803240F8223002B0C0
:10DAF000BDE8F0814FF0000CCCE70023CCE7002319
:10DB0000CEE70023D1E70023D4E70023DBE700259D
:10DB1000DCE70024DEE70024E0E70024E2E700B5CC
:10DB200085B08DF80F100DF10F03019300210091C6
:10DB30000B460A46FFF798FF05B05DF804FB38B5C1
:10DB400004460D46FFF795FEB8B129462046FFF77B
:10DB5000D0FE90B129462046FFF7D4FE226801236B
:10DB60008340C2F80833226800F5A27052F82030D2
:10DB700023F0030342F8203003E000212846FFF79A
:10DB8000CEFF38BD00B583B0019001A8E6F73EFA9C
:10DB9000019B803350F82300C0F3014003B05DF8CF
:10DBA00004FBF8B507460E4614461D461046FFF71F
:10DBB000B7FE60B9022D1DD002213046FFF7AFFF3E
:10DBC000032C1BD0022D17D0032D1DD0F8BD2246EB
:10DBD00031463846FFF709FF3046FFF7D3FFA8422A
:10DBE000F4D100213046FFF79AFF29463046FFF76F
:10DBF00096FFEBE70321E0E7012CE5D12246314611
:10DC00003846FFF7F2FEE1E7022CDFD1F6E700B578
:10DC100083B0019001A8E6F7F9F90123019A934036
:10DC2000036203B05DF804FBF0B583B005460E4611
:10DC300017460024019409E0E0B2E6F7D9FA02465B
:10DC400001AB31462846FFF7D6FD0134BC42F3D381
:10DC500001AB4FF4BE7231462846FFF7CCFD019868
:10DC600003B0F0BD10B50C460079E6F7A3F92146E4
:10DC70007430E5F70FFF10BD70B504460D46FFF791
:10DC8000F8FD58B1266829462046FFF73BFE00F50F
:10DC9000A270002346F8203046F82030294620465E
:10DCA000E6F762FB2079E6F785F904462846E6F7B1
:10DCB00077F90830002324F8103070BD10B50C46F9
:10DCC0000079E6F777F921467430E5F703FF10BDD8
:10DCD0002DE9F04105460E469846069F002400E0D7
:10DCE0000134BC420DD2E0B2E6F782FAA0F58073AF
:10DCF0009B0801229A401642F2D000232B502B5849
:10DD0000EEE7002E04DA0023C5F87C31D5F87C312B
:10DD100045F30730F7F7ACFCB8F1000F01D0C5F8B8
:10DD20000463BDE8F081F8B506460F46144618E0D6
:10DD300094FAA4F3B3FA83F301229A4024EA02048A
:10DD400003F5A27356F82350C5F3052556F82300B2
:10DD5000C0F30140FFF7D4FD024629463846FFF7DD
:10DD600044FE002CE4D1F8BD70B505460E46D0F84F
:10DD70000413C9B2326F41F00041FFF755FF041E92
:10DD800005DB224631462846FFF7CDFF70BD314600
:10DD90002846E6F77BFC24F00044F2E708B5E6F7F6
:10DDA00067FB08BD08B5E6F763F908BD08B5FFF7DE
:10DDB00005FE08BD08B5E6F7EFF908BD08B5E6F7BA
:10DDC00029FC08BD08B5FFF706FE08BD08B5E6F753
:10DDD00007FC08BD08B5FFF771FF08BD08B5FFF7E0
:10DDE00041FF08BD08B5E6F71BFA08BD08B5FFF707
:10DDF000A6FE08BD08B5E6F76FFA08BD4FF48050DF
:10DE000070474FF48070704710B5FFF7F7FF044676
:10DE1000FFF7F7FF04FB00F010BD10B50446FFF755
:10DE2000EDFFB4FBF0F300FB1340B0FA80F04009C3
:10DE300010BDF8B507460E461546002406E056F814
:10DE4000241007EB8400E6F793FD0134AC42F6D3CF
:10DE5000F8BD08B5FFF7D8FF08BD08B5FFF7CEFF3E
:10DE600008BD08B5FFF7CDFF08BD003A18BF012275
:10DE7000022909D003290AD0012902D0C0F854256B
:10DE8000704742F00202F9E742F00402F6E742F07E
:10DE90000602F3E738B505460C4691F82430B3B9CD
:10DEA00009686268A368C0F80815C0F80C25C0F8B6
:10DEB0001035A369C0F86C35E16994F8202094F816
:10DEC0002130C0F81415C0F86825C0F86435237BEC
:10DED000C5F8C0352369C5F82435627D217D284603
:10DEE000FFF7C3FF94F82230C5F8603538BD70B431
:10DEF000034611F4002002D0D3F84C0138B911F0D8
:10DF0000020F15D0D3F804414CB9002411E00020D1
:10DF1000C3F84C01D3F84C014FF40020EFE7002484
:10DF2000C3F80441D3F8044140F00200012400E0AA
:10DF3000002411F0400F11D0D3F818510DB900256D
:10DF40000DE00025C3F81851D3F8185140F04000F7
:10DF50009AB1A4B1D3F83C55254600E0002511F054
:10DF6000100F02D0D3F810615EB911F4807F02D097
:10DF7000D3F82021AAB970BC70470025EFE701252E
:10DF8000EDE70026C3F81061D3F8106140F01000EF
:10DF9000002AEAD0002DE8D1002CE6D0D3F83C25A9
:10DFA000E3E70022C3F82021D3F8203140F4807049
:10DFB000E1E743090AD0012B0BD14FF6FF7300F0C4
:10DFC0001F0023FA00F000F0010070474FF0FF330C
:10DFD000F5E70020704700B583B0019001A8E6F78F
:10DFE00099FE019A01239340836003B05DF804FB1E
:10DFF00000B583B0019001A8E6F78CFE019A0123D9
:10E000009340C36003B05DF804FB08B50346006AA3
:10E01000B0F1FF3F06D09B7F13F0020F06D011B185
:10E02000FFF7D9FF08BDFFF7E3FFFBE711B1FFF7EB
:10E03000DFFFF7E7FFF7CFFFF4E7B0F1FF3F1CD0BA
:10E04000F0B583B004460D4616461F4601290AD096
:10E050000022002301930097334629462046E6F725
:10E060008BFE03B0F0BD089B1BB1FFF7B4FF2A463F
:10E07000EFE7FFF7BDFF2A46EBE77047B0F1FF3F40
:10E0800003D008B5E6F7E6FE08BD704770B5054653
:10E090000E46012343616424002202212846FFF733
:10E0A00026FF20B90120FFF739FB013CF4D1002302
:10E0B0007377C5F8003570BD38B505460C460021AC
:10E0C0002046FFF7A2FF637F3BB90023237220465F
:10E0D00050F8083B6168984738BD21462846FFF74D
:10E0E000D5FFF2E7034611F4802002D0D3F84801AF
:10E0F00020BB11F0020F02D0D3F8042132BB11F47F
:10E10000007F02D0D3F8242142BB11F4801F02D03B
:10E11000D3F8502152BB11F4002F02D0D3F84C2178
:10E1200062BB11F0807F02D0D3F8602172BB11F482
:10E13000000F02D0D3F85C2182BB70470022C3F8E5
:10E140004821D3F848214FF48020D2E70022C3F8B9
:10E150000421D3F8042140F00200D0E70022C3F8E4
:10E160002421D3F8242140F40070CEE70022C3F824
:10E170005021D3F8502140F48010CCE70022C3F89E
:10E180004C21D3F84C2140F40020CAE70022C3F808
:10E190006021D3F8602140F08070C8E70022C3F806
:10E1A0005C21D3F85C3140F40000C6E743090AD093
:10E1B000012B0BD14FF6FF7300F01F0023FA00F084
:10E1C00000F0010070474FF0FF33F5E70020704783
:10E1D000034691F82020032A38D8DFE802F02930DE
:10E1E00016028A6812F4802F04D0D3F84C250869EF
:10E1F00090420FD18A6812F4802F29D1D3F84C2590
:10E200008969914206D101207047D3F84C250869ED
:10E21000904206D00020C3F800050622C3F800256E
:10E220007047D3F83C2589699142F3D101207047AA
:10E23000D3F84C2509699142ECD101207047D3F8FD
:10E240003C2509699142E5D10120704701207047C2
:10E250000120704743090AD0012B0BD14FF6FF7301
:10E2600000F01F0023FA00F000F0010070474FF0AB
:10E27000FF33F5E70020704700B583B0019001A897
:10E28000E7F764FD019A01239340C36003B05DF892
:10E2900004FB00B583B0019001A8E7F757FD019A90
:10E2A00001239340836003B05DF804FB00B583B0A5
:10E2B000019001A8E7F74AFD0069019BD84000F0F2
:10E2C000010003B05DF804FB2DE9F04188B004467D
:10E2D000884617461E460E9D20220021684603F000
:10E2E00048FCC4F800806760A660E5601F2D12D965
:10E2F0004FF0FF3323610F9B6361109B83B1183490
:10E300009C46BCE80F000FC49CE80F0084E80F0097
:10E3100008B0BDE8F0810123AB40013B2361EAE78F
:10E3200018346D460FCD0FC495E80F0084E80F0038
:10E33000EEE730B583B00468B4F1FF3F32D08568B2
:10E34000A94232D211EB040C32D05C18AC4200D995
:10E350006B1A046A24B100930523A04703B030BDB3
:10E36000BFF35B8F194604E01CF8010B02F8010BA8
:10E37000013959B112F0030FF6D11CF0030FF3D19C
:10E3800004E05CF8040B42F8040B04390329F8DCC0
:10E3900004E01CF8010B02F8010B01390029F8D147
:10E3A0001846DBE76FF02100D8E76FF02100D5E7D2
:10E3B0006FF02100D2E730B583B00468B4F1FF3FBD
:10E3C00031D08568A94231D211EB040C31D05C18F0
:10E3D000AC4200D96B1A446A8CB100930523A04764
:10E3E00003B030BD12F8010B0CF8010B013969B113
:10E3F0001CF0030FF6D112F0030FF3D106E019461B
:10E40000F5E752F8040B4CF8040B04390329F8DC47
:10E4100029B112F8010B0CF8010B0139F8E7BFF331
:10E420005B8F1846DCE76FF02100D9E76FF0210021
:10E43000D6E76FF02100D3E730B583B00468B4F1BC
:10E44000FF3F34D01D468368994233D211EB040C50
:10E4500033D06C189C4200D95D1A846A2CB10095A7
:10E460000523A047284603B030BD1346012104E030
:10E47000C80002FA00F0034301310329F8D9294604
:10E4800049B11CF0030F06D00CF8012B0139F7E756
:10E490004CF8043B04390329FADC02E00CF8012BA8
:10E4A00001390029FAD1BFF35B8F2846DBE76FF013
:10E4B0002100D8E76FF02100D5E76FF02100D2E707
:10E4C00000207047C31C5B0003EB00130B44013BAF
:10E4D00049420B4003EBC0000630704710B5036B98
:10E4E0000BB1984710BDC3681F2B0CD821FA03F35A
:10E4F000426852B184688C420AD952F823300269CA
:10E500000A409818EEE70023F2E74FF0FF30E9E702
:10E510004FF0FF30E6E770B505460E46436B1BB182
:10E5200098470446204670BD0469B4F1FF3F0FD000
:10E530000C4021462846FFF7D1FFB042F2D02B69AC
:10E540001C440134AB68A342F3D84FF0FF34E9E731
:10E5500043681C680C1BECE710B50446FFF7DBFFB3
:10E560002368B3F1FF3F04D0A268904203D218445D
:10E5700010BD0020FCE70020FAE708B50368C91ABF
:10E580008368994202D2FFF7A9FF08BD4FF0FF311F
:10E59000F9E72DE9F84F83468946104698460B9FC8
:10E5A0000A9B1F44002501E00135E089BD4222DAC3
:10E5B0004FEA001A09EB001408EBC50658F83510AD
:10E5C000DBF82C00FFF7D9FF002349F80A0063604D
:10E5D0007268A260237363737B1EAB4203DD012369
:10E5E0002373002363730A9B9D42DDDBA38943F001
:10E5F0000203A381D8E7BDE8F88F10B5C46904EB26
:10E600000113B0F828E0CA1D00EBC202B2F804C042
:10E61000E644A0F828E00CF1FF3CA2F804C09A8977
:10E6200012F0040F0FD0028EDA81018610BDDB8953
:10E6300004EB0313CA1D00EBC202B2F804C00CF1D4
:10E64000FF3CA2F804C09A8912F0010FEFD1EAE76B
:10E6500010B444898461C16101EB0411016201EBD2
:10E6600044030433134401335242134043620368AA
:10E670009B69A3B15DF8044B7047C26902EB0312BA
:10E68000591CD1810B46621E9A42F6DCC26902EB2C
:10E69000031300229A736FF07F02DA73EAE7002314
:10E6A000F1E703681A6912F0005F27D09B691BB17C
:10E6B000012B12D000207047036A5A88438D416AAB
:10E6C000806901EBC0018988521A92B2013A92B274
:10E6D000934294BF002001207047436A5A88438DBB
:10E6E000016A806901EB40018988521A92B2013AAD
:10E6F00092B2934294BF0020012070479B691BB1E6
:10E70000012B08D000207047436A188880F0010070
:10E7100000F001007047036A188880F0010000F0E3
:10E720000100704708B5436903B1984708BD026A04
:10E73000B2F802C04389013B03EA0C0302EB430237
:10E740009180BFF35B8F026A538801335380438DFE
:10E7500001334385704710B5044604980460426055
:10E7600001811A8942810285029AC260039A42613C
:10E770005A681968FFF76CFF002010BDF0B583B030
:10E780000446D518068E06F1070C089F40F83C7029
:10E79000ADB200EBCC0CACF80450019300920B46E8
:10E7A0003246C169FFF7F5FE2086238D5B1B23856A
:10E7B00031462046FFF7BBFF002003B0F0BDF8B59F
:10E7C000044610B30B461746418E426A5088814278
:10E7D0001CD0481C60866689013E0E40BFF35B8FEB
:10E7E00002EBC6014D68A9B21BB102EBC6029268EA
:10E7F0001A602046FFF701FFADB2073554F8350027
:10E80000002344F8353007B13E80F8BD0020FCE716
:10E81000C36903EB01139868704708B5C369090120
:10E820005958C06AFFF798FE08BDF8B50D46164660
:10E83000BFF35B8F828E016A4B889A4214D00446E4
:10E84000531C83864389013B134001EB43018988B4
:10E85000298089B2FFF7E1FF074629882046FFF7A4
:10E86000D7FF30603846F8BD0027FBE703681A6918
:10E8700012F0005F1BD09B694BB9438E42899B1AF3
:10E880009BB2026A8169013B02EB410293800368FB
:10E890009B69012B00D07047838E42899B1A9BB2E3
:10E8A000426A8169013B02EBC102938070479B6918
:10E8B00023B9026A138843F00103138003689B693C
:10E8C000012BE8D1426A138843F001031380E2E789
:10E8D00010B50446BFF35B8FFFF7E3FE10B90023CA
:10E8E000638510BD2046FFF71DFFF8E7818E026AA1
:10E8F000538899420AD04389013B0B4002EB430203
:10E900009288C36903EB0213986870470020704730
:10E9100008B5BFF35B8FC36803B1984708BD8C4649
:10E920008B188B421AD910B4BCFBF2F302FB13C351
:10E930005C0950F8244003F01F0324FA03F313F09A
:10E94000010F04D00CF1010C8B186345ECD8BCFB13
:10E95000F2F002FB10C05DF8044B7047B1FBF2F01F
:10E9600002FB1010704738B504461546FFF7D7FF75
:10E9700085420ED9034600F580605D0954F82520D4
:10E9800003F01F03012101FA03F31A4344F8252081
:10E9900038BD4FF0FF30FBE7B2F580620ED48A42FB
:10E9A0000CDA4FEA521C50F82C3002F01F02012101
:10E9B00001FA02F223EA020340F82C30704708B54E
:10E9C0004FF0FF324FF0FF33E8F7ACFF08BD10B156
:10E9D000C36A0133C362704758B108B5C36A013BCB
:10E9E000C36213B9036B0BB1984708BD00230362E0
:10E9F000FBE7704770B50446066A06F164052846D1
:10EA0000FFF7DDFF626AB2F1FF3F0FD104F13C0373
:10EA1000E16B226C4A60E16B11602364E363204682
:10EA2000FFF7DAFF2846E8F719FF70BD802106F1ED
:10EA30005000FFF7B1FFE9E710B58CB004460B9129
:10EA4000436A0A9320230246194602A800F0F8FA06
:10EA5000012301932823009302AB3522616A2046EB
:10EA6000E7F7CEFB002800DB00200CB010BD40B162
:10EA700008B5006A20B119B1D0F8883003B19847C1
:10EA800008BD704740B108B5006A20B119B1D0F88F
:10EA90008C3003B1984708BD704708B530B1006AA3
:10EAA00020B121B1D0F890301BB1984708BD08467D
:10EAB000FCE70020FAE72DE9F84380460F461646AA
:10EAC0009946046803E0B6F1FF3F1AD02468A045D8
:10EAD0001CD0A4F13C05B6F1FF3F02D06A6AB242F5
:10EAE00015D0002FF2D020223946284603F071F9C4
:10EAF0000028EBD1B9F1FF3FE5D0AB6A4B45E2D13D
:10EB000005E0AB6AB3F1FF3FE0D100E00025284605
:10EB1000BDE8F88370B505460C461E46CAB12023F1
:10EB20001946204600F08CFA0123E3626662049BDA
:10EB3000A362059B6363069BA363079B63642562D3
:10EB400004F13C036A682264E5636B60226C136025
:10EB500070BD00230B70E7E7A0B110B50446036A4F
:10EB60005BB1027832B193F8A4301BB1436AB3F5BC
:10EB7000806F03D22046FFF73DFF10BD0121FFF754
:10EB80005BFFF7E7704730B108B5026A12B152680F
:10EB900002B1904708BD704750B110B50C4651B155
:10EBA000026A5AB1926862B190472070002010BD8D
:10EBB0006FF0150070476FF01500F8E76FF0050073
:10EBC000F5E76FF00500F2E738B108B5026A3AB12F
:10EBD000D26842B19047002008BD6FF01500704721
:10EBE0006FF00500F8E76FF00500F5E798B138B56C
:10EBF0000C46054691B1036A9BB11B69A3B19847C6
:10EC00002060AB69012B01D0002038BD00232861B2
:10EC10006B611846F9E76FF0150070476FF015004B
:10EC2000F3E76FF00500F0E76FF00500EDE710B5D2
:10EC300082B0044606E00021D4F8B400FFF7C4FF18
:10EC4000024678B90DF10701D4F8B400FFF7A4FF2C
:10EC5000024638B99DF8073013F0400FEBD113F09E
:10EC6000040FEFD0104602B010BD08B5D0F8B43094
:10EC70001A6B0B8903EB430302EBC302D0F8D030CD
:10EC800013B11169984708BD6FF4FB60FBE770474B
:10EC900008B54FF0FF324FF0FF33E8F743FE08BDF1
:10ECA000F8B506460C46A1F1100500F16407384698
:10ECB000FFF7EEFF2846E7F763FB80B154F8083C06
:10ECC00024F8083C06F1C802D6F8CC1044F80C1C15
:10ECD00044F8102CC6F8CC5054F80C2C156038466B
:10ECE000E8F7BCFD0020F8BD38B50D4600F164041E
:10ECF0002046FFF7CDFF55F8083C03F5803345F873
:10ED0000083C2046E8F7AAFD38BD2DE9F04389B05C
:10ED1000109DD5F8C000282A50D10C460168611A10
:10ED20008368994239D220236A46FFF702FBD4F860
:10ED3000209005F164084046FFF7AAFF4B464FF0CC
:10ED4000FF3269462846FFF7B6FE064650B3036B0E
:10ED500033B30127636A13F0010F29D016B14FF0C6
:10ED6000FF33B36207BB4046E8F778FD1EB1B36BD3
:10ED70000BB130469847D5F880301BB14A466946FA
:10ED800028469847D7B14046FFF782FF3046FFF745
:10ED900023FE4046E8F762FD10E04FF0FF31C2E786
:10EDA0000027D7E70027D5E73046FFF710FEDAE760
:10EDB00046B1C6F828904046E8F750FD002009B05B
:10EDC000BDE8F0834046E8F749FDEB6F002BF5D036
:10EDD0004A46694628469847F0E770B504460E460D
:10EDE0001546D0F8B4309B6933B10020D4F8B43064
:10EDF0009B69012B05D070BDD0F8B800FFF7DFFC90
:10EE0000F4E732462946D4F8B800FFF70EFDF2E7E2
:10EE100070B504460D468E68B6B23146D0F8B800DB
:10EE2000FFF7F6FC0246334629462046E7F71AFB71
:10EE3000012070BD70B50446A1F1100500F1640613
:10EE40003046FFF725FF2846E7F79AFA18B930460B
:10EE5000E8F704FD70BD29462046FFF7D9FFD4F836
:10EE6000B800FFF735FDF2E710B584B0D0F8B44034
:10EE7000A46924B1012C0DD0002004B010BD029172
:10EE8000039200910023012202A9D0F8BC00FFF7F1
:10EE900075FCF2E71946D0F8BC00E7F763F9ECE738
:10EEA000024670B171B143688B420DD310B4006853
:10EEB0009468A4EB030C60445B1A53605DF8044B48
:10EEC000704770470020704700207047F8B505462E
:10EED0000F46164600F1C803D0F8C840A3421ED022
:10EEE000ECB122686368536022681A606460246031
:10EEF00023893380D0F8B4309B6913B9D0F8A83097
:10EF00000B60D5F8B4309B69012B01D02046F8BDC9
:10EF10003188D5F8BC00FFF77BFC3860F6E7D5F800
:10EF2000B4309B691BB1012B1CD00024EEE73246A4
:10EF30003946D5F8BC00FFF742FC04460028E5D16D
:10EF4000D5F8BC301B8D002BE0D0D5F8A810D5F833
:10EF5000C400FFF7A5FF0446D5F8A8303B600023A6
:10EF60003380D3E73A463146D5F8BC00FFF75DFC65
:10EF70000446CBE72DE9F04182B0064688461746A5
:10EF80000DF10701D0F8B400FFF706FEC8BB9DF8ED
:10EF9000073013F0040F36D03FB143F6982704E052
:10EFA0004FF47A70E7F766FB013F06F164052846E7
:10EFB000FFF76EFE01AA41463046FFF787FF044681
:10EFC0002846E8F74BFC5CB957B1D6F8B810304684
:10EFD000FFF74BFE6FF4FB639842E1D00028E4D0CA
:10EFE0005CB1BDF80430A36003F58033A360D8F8AA
:10EFF0000030103BC8F800301034204602B0BDE8A5
:10F00000F0810024F9E70024F7E720B119B112B12B
:10F01000016082604260704710B5044618B90EE086
:10F020003C38FFF799FD20688442F9D10023C4F8E9
:10F03000B830C4F8BC30D4F8B400FFF7A4FD10BD5C
:10F040008B4228BF0B46C9B170B51E465C1C844676
:10F05000013C05D012F8015B0CF8015B002DF7D1E3
:10F06000B14204D8013900234354301B70BD8A1BC0
:10F0700022440021604602F07CFDF6E70846704716
:10F0800070B5036A9A685C68944204D30BB101229C
:10F09000DA60002070BD002202745A6801325A60A2
:10F0A000026A5368013B126803EBC30C034602EB90
:10F0B0008C0200F120061D685C68D3F808E0D3F8E4
:10F0C0000CC015605460C2F808E0C2F80CC01033E0
:10F0D0001032B342EFD11B68136081600120D9E781
:10F0E000F0B58BB004460D4616460DF1040C86466D
:10F0F000BEE80F00ACE80F00BEE80F00ACE80F0060
:10F10000DEF80030CCF80030226A5168002942D085
:10F11000013915F0010F24D015F0040F07D1136841
:10F1200001EBC10003EB80031B7C002B39D113687A
:10F1300001EBC10103EB8103204603F12007D3F863
:10F1400000E0D3F804C09968DA68C0F800E0C0F8BD
:10F1500004C08160C26010331030BB42EFD11B6825
:10F16000036015F0020F03D0226A5368013B53601D
:10F17000039BB3421AD815F0040F01D0019B236002
:10F1800015F0080F18D0143406AB93E8070084E894
:10F190000700012003E00AB10223D36000200BB076
:10F1A000F0BD0AB10F23D3600020F8E7236A0BB14A
:10F1B0000422DA600020F2E70120F0E710B40260D8
:10F1C0001A44C260019B836000230374037583614A
:10F1D0000362012917D901EBC1039B00243BC2182C
:10F1E00002620022C250036A8C1E9C60036A5A604D
:10F1F000036ADA60036A1A74036A5A74022902D92C
:10F20000036A243018605DF8044B7047182871F1C8
:10F21000000312D3B0F5807F71F100030FD3B0F576
:10F22000803F71F100030CD34FF0FF3383424FF066
:10F2300000038B4107D3052070470120704702204F
:10F24000704703207047092070470246002000E005
:10F250000130884202D2135C002BF9D17047172885
:10F260000BD9A0F11803DBB2032B01D90F20704793
:10F270001838012303FA00F0704700207047026835
:10F28000C3689A4201D201207047036A0BB1082279
:10F29000DA600020704738B504460D46FFF7EFFFEF
:10F2A00048B123681B78B5EB531F04D0236A0BB118
:10F2B0000A22DA60002038BD4368036083680133A6
:10F2C0008360036A03B1D9607047002308E0A2EBB2
:10F2D000030C0CF1FF3C11F80CC000F803C0013323
:10F2E0009342F4D3704708B5C36802689B1A8B42F7
:10F2F00001D3012008BD0821FFF7DEFF0020F9E758
:10F3000010B50446FFF7BBFF40B123681A78FF2A07
:10F3100005D0236A0BB10A22DA60002010BD013348
:10F320002360FBE72DE9F04F83B004466AB30D4636
:10F3300098461746082A31D8002835D0002939D0F8
:10F34000FFF79DFF064628B3A368002B38D0D4F8FA
:10F3500000A09AF800B00BF01F09B9F11F0F35D0CB
:10F360004846FFF77CFF8046B9F11B0F48D887421B
:10F370004CD3431C01939A44E3689A454CD9236AC1
:10F380000BB10822DA60002604E0036A0BB10E22FA
:10F39000DA600026304603B0BDE8F08F036A0BB197
:10F3A0000E22DA600026F5E7036A0BB10E22DA605E
:10F3B0000026EFE7036A0BB10E22DA600026E9E7C8
:10F3C000236A0BB10322DA600026E3E7B8F1000FED
:10F3D000C6D0236A0BB11A7C72B9012388F80030B9
:10F3E0004FF000082368636008F10108434423607C
:10F3F000A368013BA360CDE71522DA600026C9E7C8
:10F40000236A0BB10722DA600026C3E7236A0BB137
:10F410000522DA600026BDE73A460021284602F0C0
:10F42000A8FBB8F1000F02D185F80090DAE7216857
:10F43000424601312846FFF748FF236A002BD1D00E
:10F440001B7C002BCED00BF10703DBB2022BC9D9FA
:10F4500039462846C0F7E8F8019B8342C2D0236AA8
:10F460000BB11522DA60002694E738B505460C4644
:10F470001146FFF710FF00B938BD00230422A11880
:10F480002846FFF74FFF0028F6D02B682360F3E7EC
:10F4900038B504460D46FFF7E8FF08B9002038BD2F
:10F4A00069682046FFF71FFF0028F8D1F6E738B556
:10F4B00004460D46FFF7ECFF18B123686A68134451
:10F4C000236038BD10B582B0044600238DF80330A8
:10F4D000FFF7E1FE08B902B010BD0DF103030422ED
:10F4E0000DEB02012046FFF71DFF0028F3D09DF829
:10F4F000033043B901992046FFF7C2FD30B19DF8B2
:10F5000003302375E7E76FF00F01F4E763682360CA
:10F51000A3680133A360DEE710B50446037D3BB169
:10F52000FFF7EEFE48B1002323754FF0FF3200E0F5
:10F53000002207212046FFF7D3FD10BD70B5044619
:10F540000D4616460021FFF7A6FE00B970BD002348
:10F55000324629462046FFF7E5FEF7E708B50422C4
:10F56000FFF7ECFF08BD08B50422FFF7E7FF08BD71
:10F5700008B50222FFF79BFF08BD08B50322FFF77D
:10F5800096FF08BD38B504460521FFF79BFF40B143
:10F59000257D35B9A3686FF00042934202D25B002B
:10F5A000A36038BD05212046FFF786FE2846F8E710
:10F5B000037D1BB9836853B1002070470368C2689C
:10F5C000934206D21B78FF2B05D000207047012004
:10F5D0007047002070470120704708B5FFF79CFF77
:10F5E00008BD70B504460D460721FFF754FE50B123
:10F5F00023681E7806F01F06182E05D9236A0BB162
:10F600000A22DA60002070BD00230122294620462C
:10F61000FFF788FE0028F6D0182EF4D12B781F2B88
:10F62000F1D815212046FFF747FE0020EBE730B563
:10F6300083B005460C460DF10701FFF7D2FF58B124
:10F640009DF80730143BDBB28DF80730012B05D84D
:10F65000003B18BF0123237003B030BD0A212846A8
:10F66000FFF72AFE0020F7E738B504460D460621CD
:10F67000FFF711FE00B938BD0023042229462046B9
:10F68000FFF750FE0028F6D0A3680133A360F2E72D
:10F690002DE9F0418EB0054641B1036A0BB10E224F
:10F6A000DA60002738460EB0BDE8F0810E46FFF75D
:10F6B000E6FD07460028F5D02B681C786409002277
:10F6C0000023CDE90C23AC4603AF05F12008BE466C
:10F6D000DCF80000DCF80410DCF80820DCF80C3062
:10F6E000AEE80F000CF1100C7746C445EFD1DCF802
:10F6F0000000CEF8000001E01C786409062C0ED151
:10F7000001A903A8FFF7B0FF38B1039B069A934203
:10F71000F2D32B6A0BB10822DA600027C2E700237C
:10F720008DF80B30231FDBB2012B1FD93346082283
:10F730000CA903A8FFF7F6FD07460028B2D0042C59
:10F7400024D016D8023CE4B2012C09D80C992846E2
:10F75000FFF7C9FD002842D0039B0C9A1344039382
:10F76000039B2B60AB68013BAB609BE70DF10B0685
:10F77000DCE7052CF4D10C9B0D9AB3F1004F72F12C
:10F7800000011BD2DB1852410C930D929DF80B30F7
:10F7900023B16FF00F000021CDE90C010C9A059206
:10F7A0008DF8203003A8FFF703FF68B9002103A8F4
:10F7B000FFF76EFF0028F5D1074673E72B6A0BB100
:10F7C0000522DA6000276DE79DF80B30002BC7D0CB
:10F7D00003A8FFF795FD0028C2D1074662E7074658
:10F7E00060E710B584B0089C0294079C0194069CC5
:10F7F0000094FFF7E3FC04B010BD0238062805D8DA
:10F80000DFE800F01206080A0C0E10000020704716
:10F810000220704702207047032070470320704782
:10F8200003207047032070470120704738B108B5A6
:10F83000FFF7E3FF00F11801C9B2084608BD08460A
:10F84000704710B40368C468A3420DD21F2A11D8B0
:10F8500002F01F0242EA411119700368013303608C
:10F8600001205DF8044B7047036A0BB10822DA608F
:10F870000020F6E7036A0BB10E22DA600020F0E701
:10F88000F8B5054616461C460368621C1344C26858
:10F89000934205D9036A0BB10822DA600020F8BD53
:10F8A0000F4631782046FFF7C1FF02463946284609
:10F8B000FFF7C7FF30B9F2E7013C2B685A1C2A60FA
:10F8C000325D1A70002CF7D1AB680133AB60E6E70C
:10F8D00008B511461F22FFF7B4FF08BD08B51F2267
:10F8E0000721FFF7AEFF08BD70B504462BB9036AC8
:10F8F0000BB10E22DA60002070BD0E461546194687
:10F900001046BFF791FE431E2A4631462046FFF7B8
:10F91000B7FFF1E770B505460C4616460B6853B1C4
:10F9200004216018BFF780FE636818442B681844F0
:10F93000EB68984206D80423E21831462846FFF7C0
:10F94000D3FF70BD2B6A0BB10822DA600020F8E704
:10F9500070B504460D460168C368994209D26868CB
:10F960005B1A98420CD9236A0BB10822DA60002690
:10F9700004E0036A0BB10822DA600026304670BD4D
:10F9800029462046FFF7C6FF06460028F6D0206825
:10F990002968884202D06A6802F0D1F823686A6850
:10F9A00013442360EAE7082A0ED810B582B00C464B
:10F9B00013468A1812F9012C002A1BDB002122466B
:10F9C000FFF792FF02B010BD036A0BB10522DA60A7
:10F9D0000020704714F80CE06FEA0E0E0CF10802DC
:10F9E0006A4402F808EC0CF1010C9C45F2D36C4619
:10F9F0000121E4E74FF0000CF7E708B513460A468B
:10FA00000021FFF771FF08BD00B583B0019104220A
:10FA10000DEB0201FFF7C7FF03B05DF804FB00B573
:10FA200083B0019104220DEB0201FFF7E6FF03B062
:10FA30005DF804FB00B583B0019104220DEB0201D7
:10FA4000FFF7DBFF03B05DF804FB08B50222FFF708
:10FA50007FFF08BD08B50322FFF77AFF08BD00B598
:10FA600083B0009101926946FFF7F4FF03B05DF89F
:10FA700004FB38B505460C4611462046FFF7E5FB6A
:10FA8000024621462846FFF7EAFF38BD08B50422A2
:10FA9000FFF71EFF08BD08B50522FFF719FF08BDD7
:10FAA00008B50422FFF71AFF08BD08B50522FFF7C5
:10FAB00015FF08BD08B50B78183BDBB2072B05D83E
:10FAC000036A0BB11522DA60002008BD01230A4643
:10FAD0000721FFF709FFF8E700B583B08DF807109D
:10FAE0000DF10701FFF7E6FF03B05DF804FB08B571
:10FAF00019B11521FFF7F0FF08BD1421FAE710B581
:10FB000084B0002402940194069C0094FFF756FBF5
:10FB100004B010BD00B9704708B5F5F754FF08BD33
:10FB200060B1C3685A7812F0010F03D01B781BB183
:10FB30000020704700207047012070470020704768
:10FB400010B5446803688BB12046984730B100284F
:10FB50000ADBFF2800DDFF20E3681870E2685378B5
:10FB600043F00103537010BD4042F2E70020F5E777
:10FB700008B501F0FEFF08BD08B501F0D3FF08BDD0
:10FB8000704710B500F10C04C4600461C5F788FE2D
:10FB900010BD8169C36841EA030212F0030F10D15E
:10FBA000002202614269013A02FB013304E002696A
:10FBB0001A60036182699B1AC2689A42F7D90020D1
:10FBC00070476FF015007047C368C91A0CD482697A
:10FBD000436902FB03F38B4208D9B1FBF2F302FB4A
:10FBE000131129B100207047002070470020704792
:10FBF0000120704710B5044643618261C160002353
:10FC0000C3618360FFF7C5FF002801DB24606460E7
:10FC100010BD884200DA014611F17F0F01DB084672
:10FC200070476FF07E00704708B5806890F90E301D
:10FC30008B4201D1002008BDE9F7B0FBFBE703468A
:10FC400000209860D8601B605B6070470B6803F011
:10FC500003030B60426832B1136803F003030B43E4
:10FC600013604160704741600160704708B591B111
:10FC70008C460B6823F00301032B18D9136803F09B
:10FC800003030B431360DCF8003003F0030313435A
:10FC9000CCF8003008BD0168136803F003030B4380
:10FCA000136002604368002BF4D14260F2E7114612
:10FCB000FFF7CCFFEEE708B50022C0F8C020416195
:10FCC000E9F7F2F908BD60B1036813F0030F08D03B
:10FCD00010B5446809B9204610BDFDF75DFB20460C
:10FCE000FAE77047002303604360836000F10C0370
:10FCF000C360036100F1140343618361704700B581
:10FD000083B00A460123009300231946E7F778FCE5
:10FD100003B05DF804FB00B583B00A4600210091F2
:10FD20000B46E7F76DFC03B05DF804FB08B5002156
:10FD30000068FFF7C8FF08BD5AB18A420CD3816042
:10FD4000C2600060406000F1100303614361002065
:10FD500070476FF0150070476FF0150070470B4645
:10FD600021B1096851B111601A60704703681360CE
:10FD700002604368002BF8D1426070470023136093
:10FD8000436813B11A604260704742600260704776
:10FD90000B4639B11168196041688A4209D00023C5
:10FDA000136070471368036041688A42F7D143606B
:10FDB000F5E74360F3E708B50A460368002101E070
:10FDC00019461B682BB19342FAD1FFF7E1FF0120DE
:10FDD00000E0002008BD704708B5CB6823F004029E
:10FDE000CA6013F0040F00D108BD00F58470FFF75E
:10FDF000E2FFF9E710B50446C36813F0020F09D01B
:10FE0000E36813F01F0004D043F00202E26040F008
:10FE1000020010BD01468068FFF7DEFFF0E738B151
:10FE200008B50022114600F58870E9F761FF08BDAA
:10FE30000020704708B5EFF31180202383F3128868
:10FE4000BFF36F8FE9F78EFB08BD10B50246C4689B
:10FE500014F0020FC4F3400401D1204610BD08463F
:10FE60001146E7F715FFF8E708B5C36823F010035C
:10FE7000C3601030E7F7F2FC08BD08B5C36823F093
:10FE80000802C26013F0080F01D1002008BD103035
:10FE9000EAF77AFAB0FA80F04009F7E710B50446BD
:10FEA000FFF7EBFF2046FFF7A5FF10BD70B5054635
:10FEB0000E4614461046E8F761F8F36813F0040F95
:10FEC00008D1D5F808312360C5F80841D5F80C31C0
:10FED0003BB170BD2246314605F58470FFF73FFF08
:10FEE000F7E7C5F80C41F4E710B5E8F7B9F8041ED8
:10FEF00001DC204610BDFFF79DFFFAE710B50C4668
:10FF000011469C4228BF1C46224601F00BFE2046AB
:10FF100010BDF8B50546D31D23F007037F3323F04A
:10FF20003F0301F14007A3F140063F2B07D8002211
:10FF300082F31188BFF36F8F0422104602DFCC18C2
:10FF40003246AA21384601F014FEC5F8AC70C5F857
:10FF5000B0600023C5F8B4302046F8BDEFF305804B
:10FF6000003818BF012070478830704710B4002453
:10FF70008460037342738173C4738461C4615DF8E8
:10FF8000044B704710B400231C4601E001340133D8
:10FF90008B4204D210F803C0BCF1AA0FF6D0146053
:10FFA00000205DF8044B704708B50A46D0F8B01041
:10FFB000D0F8AC00FFF7E6FF08BD08B5EBF728F86E
:10FFC00008BD28B108B531B1EBF7DAF8002008BD5B
:10FFD0006FF0150070476FF01500F8E700282FD07C
:10FFE00030B587B004460025056045608560C56072
:10FFF0000561456115B1002007B030BD694628464E
:020000025000AC
:10000000EBF754F82368626800995B18019942EB9A
:10001000010223606260A368E26802995B18039999
:1000200042EB0102A360E2602369626904995B18F4
:10003000059942EB010223616261681CC5B2D9E7F0
:100040006FF0150070470020704738B504460D4624
:10005000E8F778FE637B43F00203637335B3A56072
:100060002B689D420DD100230BE05A68626023602B
:1000700014605C601AE01A4669688A420FD01B68F7
:100080007BB173B194F90E1093F90E209142F2D026
:10009000521A002AE9DC1A46002BEDD1F0E70023C2
:1000A000EEE76B68256063601C606C6038BD08B566
:1000B0001830EAF769F908BD38B505460468844286
:1000C00012D09CB12046E8F77BFD04F11800EAF756
:1000D0005BF90023C4F8C0302046E8F7B5FD2C6872
:1000E000A542EED10024ECE70024EAE738BD70B564
:1000F000044616461D46FFF7A8FF32462B4620460B
:10010000E8F732FF70BD08B501211838E9F74EF85D
:1001100008BD10B50446E9F709F804F11800EAF73C
:1001200033F910BD08B5EFF31180202383F3128853
:10013000BFF36F8FE9F716FA08BD38B505460468B6
:10014000844201D0002002E00024FBE7012054B1EA
:100150002046FFF7DEFF2046E8F7A6FF2C68A54201
:10016000F4D10024F2E738BD031D4360836070477B
:1001700010B50446EAF736F848B10246036941690A
:1001800020691B18606941EB0001136151616268CD
:10019000236813605A6000232360636010BD10B5AC
:1001A000EAF716F80446EAF729F87CB12369626990
:1001B0001B1A62EBE072B3F1004F72F1000108DA32
:1001C000002A01DB184610BD0023FBE76FF000405A
:1001D000F9E76FF00040F6E708B5EAF7D3F908BD94
:1001E00008B5EAF7CFF908BD70B50646B3F1FF3F91
:1001F00008BFB2F1FF3F09D015461C4653EA020181
:100200000CD100220023C0E9002305E04FF0FF32AB
:100210004FF0FF33C0E90023304670BD6FF001019D
:10022000891A4FF0FF3262EB0303002B02DB0160FF
:100230004360F1E7EAF7A6F92B462246012D74F157
:10024000000401DA01230022C01841EB02013060F2
:100250007160E1E7F8B50546B3F1FF3F08BFB2F1C1
:10026000FF3F0AD014461F4657EA02030CD1002272
:100270000023C0E900232846F8BD4FF0FF324FF0BD
:10028000FF33C0E90023F6E7EAF77CF903460A46A4
:10029000A042B94105D2E61A67EB02022E606A60FD
:1002A000E9E700263246F9E708B5EFF3118020238D
:1002B00083F31288BFF36F8FE9F754F908BD016229
:1002C00042620023036300F118028261C26103608D
:1002D00043604363704710B50446EAF755F860B9C8
:1002E000636A0BB12046984704F11800E9F710F84B
:1002F00018B1E8F7D9FEFFF7D7FF10BD08B1703885
:10030000704770472DE9F843074688460468A042C5
:1003100012D0154646687EB1B068FFF7EFFF814600
:100320002846FFF7EBFF99F90E3090F90E509D42E9
:1003300013D0EB1A002B10DD7B68C8F80070C8F8EA
:100340000430C3F80080C7F80480BDE8F883234672
:10035000B44219D0246804B1A3B1BCB1A068FFF7BE
:10036000CDFF90F90E30AB42F1D05B1B002BEEDDE0
:100370006368C8F80430C8F80040C3F80080C4F8C7
:100380000480E2E71C46E8E70024E6E7C8F80070CE
:10039000C8F80460C6F80080C7F80480D5E770B5D7
:1003A0008468237873B154F8045C5DB1A4F1140639
:1003B00004F11400E9F7E8FF0023E3623146284620
:1003C000E7F74EFE002070BD70B504460D46866806
:1003D000D6B17378012B0DD0022B12D000203070D3
:1003E0000023A360E368C3F386322A4362F39433A5
:1003F000E36070BDEAF716FC002333709842EFDA31
:10040000F7E7FFF7CCFFF7E70020E9E7006040607F
:1004100000238360704700238360704783680B600C
:10042000C36813607047C3691A7A72B110B48468E4
:10043000C268944206D018685A68091842F100024E
:1004400019605A605DF8044B70477047026B436B4C
:10045000891843F1000301634363704708B5FBF754
:10046000D9FA00B9012008BD30B108B5011F50F814
:10047000040CE6F72BFD08BD704708B501460420C3
:10048000EAF70AFF08BD00207047704710B5044620
:1004900008B1EBF753F92046EBF73EF910BD00F435
:1004A000E040B0F5805F06D0B0F5005F01D00020DD
:1004B00070470120704701207047036823F0031341
:1004C00023F47F430BB9002070476FF0860070471C
:1004D0000B8813B10288934206D14B883BB1428806
:1004E000934206D1002070476FF0860070470020CD
:1004F00070476FF086007047C16842880388002902
:1005000079D0002A79D003F44F41B1F5824F76D1EA
:10051000DBB2123B302B75D8DFE803F02274747421
:100520007419747474747474747474744474747416
:1005300074327474747474747474547474747474DD
:100540007474747474747474747474666600C02AF9
:100550005BD0E12A5BD0B2F5807F5AD10020704792
:10056000C02A59D0E02A59D0B2F5807F58D0B2F5D0
:10057000C07F57D040F209239A4255D100207047DE
:10058000E92A54D0EF2A54D040F21B139A4252D099
:1005900040F299139A4250D040F23B239A424ED1F6
:1005A00000207047E92A4DD040F21B139A424BD0ED
:1005B00040F299139A4249D040F23B239A4247D1E4
:1005C00000207047C02A46D0E02A46D0B2F5807F8E
:1005D00045D0B2F5A07F44D0B2F5C07F43D0B2F58C
:1005E000007F42D100207047FF2A41D0B2F5E07F62
:1005F00040D10020704700207047002070476FF006
:10060000850070476FF0850070470020704700201C
:1006100070476FF0860070470020704700207047D9
:1006200000207047002070476FF086007047002060
:1006300070470020704700207047002070476FF01F
:1006400086007047002070470020704700207047E8
:100650006FF0860070470020704700207047002030
:10066000704700207047002070476FF08600704789
:10067000002070476FF08600704700231A4604E0A0
:1006800010F803C04CEA020201338B42F8D30AB1DE
:10069000002070476FF086007047994211D870B5FE
:1006A0000C4616461D460A460146304601F03AFA07
:1006B0002A1B0021301901F05CFA049B1C60002009
:1006C00070BD6FF08900704752B108B5944601B112
:1006D0000023ACEB03022121184401F04AFA08BDC3
:1006E00070472DE9F041884614461F46EBF70EFF90
:1006F0000646F8B9D8F80050298801F4E043B3F56C
:10070000804F0CD0AB6834EA03030BD197B13A4663
:1007100005F10800EBF708FA064658B104E024F0AA
:100720000104EFE76FF084060023C8F80030284684
:10073000EBF722FF3046BDE8F08110B50C46FFF71D
:10074000D0FF18B9226853681B0A00D110BD1046AB
:10075000EBF712FF002323606FF08500F6E770B51A
:10076000044645684669284600F08BFC00B170BD20
:10077000284600F088FC0028F9D115F0FF0F0ED1B3
:10078000B6B904F10800FFF798FE0028EFD162889F
:100790004FF6F8739A42EAD96FF08500E7E7012136
:1007A000606900F03BFC0028EBD16FF08600DEE7CB
:1007B0006FF08600DBE72DE9F04389B00D46174660
:1007C0009846119EDDF84890139B00228DF81B205F
:1007D000E3B14FF480622B4607A9FFF782FF04467E
:1007E000B8B1C9F8006000238DF81B30D9F800308B
:1007F000324621461098FFF767FF0798EBF7BCFEDB
:1008000004B90446204609B0BDE8F0834FF4006205
:10081000E1E70DF11B0207992846EBF76BFA044656
:100820000028DED19DF81B30B34202D96FF0890455
:10083000D7E70798416A826ACDF810900393109B1E
:100840000293CDF8048000972B46EBF7C7FE0446D1
:100850000028CBD0C5E741F2062398420BD9B0F56A
:10086000105F25D1802926D0C02926D0B1F5807F00
:1008700025D100207047B0F5905F09D241F2010305
:1008800098420DD0B0F5885F0AD06FF085007047B0
:10089000A0F5905080B26923C34013F0010F04D03B
:1008A00011F0070F0ED1002070476FF085007047E0
:1008B0006FF08500704700207047002070476FF090
:1008C000860070476FF08600704738B504460D46C5
:1008D000FFF7E5FD20B129462046FFF7BCFF38BDF4
:1008E00024F0FF04B4F5E24FF9D06FF08500F6E78D
:1008F00038B5436A4BB904460D460120EAF704FFB8
:10090000606228B1A562002038BD6FF08A00FBE765
:100910006FF08C00F8E7F8B504460088BAB10E46CF
:100920001F461546FFF7BBFDA0B1E900089B196003
:100930002088FFF790FF044608B12046F8BD2A46FC
:100940003146384601F0EEF8079B1D60F5E76FF081
:100950008504F2E76FF08504EFE710B50446406ABE
:1009600010B1A16AFFF792FD00206062A06210BD85
:1009700038B50446FFF7F1FF0546237F012B0BD066
:100980005AB272B1023BDBB2012B0DD8236A012BA4
:100990000CD06FF0960509E0236A3BB16FF0960525
:1009A00004E06FF0960501E06FF096052C2200211F
:1009B000204601F0DEF8284638BDF0B583B00D467C
:1009C00016461F4604882046FFF769FDA8B924F49F
:1009D000405244F201039A420FD004F44F41B1F562
:1009E000824F0AD0B1F5884F07D0B1F58E4F04D0B1
:1009F00024F0FF04B4F5F04F09D1099B0093089B44
:100A00003A4631462846FFF748FE03B0F0BD6FF086
:100A10008500FAE7F0B585B0EAB10E461C461746E8
:100A200000232360012203A9FFF75BFE054610B1F6
:100A3000284605B0F0BD0398416A826A0194009788
:100A4000334600F077FB05460398EBF795FD002D44
:100A5000EED10546ECE76FF08905E9E700B583B014
:100A60008E4611461A46B0F800C00CF4E043B3F5C8
:100A7000804F04D06FF0850003B05DF804FB2CF4C8
:100A8000405044F2010398420DD00CF44F4CBCF599
:100A9000824F08D0BCF5844F05D0BCF5884F02D0FA
:100AA000BCF58E4FE6D1059B0093049B7046FFF783
:100AB000F4FDE1E7F0B585B012B30E461C461746CB
:100AC00000221A60134603A9FFF70BFE054658B92A
:100AD0000398038813F4804F09D16FF086050398BB
:100AE000EBF74AFD05B90546284605B0F0BD416A59
:100AF000826A01940097334600F02DFB0546EEE72D
:100B00006FF08905F0E72DE9F04188B01E4600231B
:100B1000079306930492B0F800C03360002A7BD09C
:100B200005460F461446B2F1005F78D22CF0FF0C58
:100B3000BCF5E24F4DD0BCF5824F4AD006AB07AAB8
:100B400029460020EBF796F9804600285CD1079BE8
:100B50009B6A93B96B681B0A08D004AB22463946DE
:100B6000284600F09BFA804600284DD1049907984A
:100B7000FFF7BEFE8046002846D1079A53880593AA
:100B8000536A05A9029102F128010191926A00922B
:100B900022463946284600F0A7FA8046A0BB079AAD
:100BA00053884BBBBDF814305380059A4FF6F87349
:100BB0009A4227D8079C29462046FFF789FC8046A1
:100BC00010BB324606992046EBF72AF88046F8B16A
:100BD0001AE02846FFF790FC8046C8B9214628460F
:100BE000EBF748F8804698B921463846FFF745FDAF
:100BF00080460028A2D00BE0059A9342D5D06FF032
:100C0000860801E06FF0850806990798EBF772F9FE
:100C1000404608B0BDE8F0816FF08608F8E76FF055
:100C20008508F5E703680BB90020704710B5044646
:100C300000F03EFB00232371627963F300026271CE
:100C4000236010BDF0B585B004461F460023039312
:100C5000036863BB08461646EFB14FF48062334623
:100C600003A9FFF73EFD054618BB221D0399304638
:100C7000EBF740F80546E0B9637967F30003637169
:100C800067B103994A6A8B6A00962046EBF7C8FC65
:100C900005468DB10DE04FF40062E0E703994A6A22
:100CA0008B6A00962046EBF7DBFC0546F1E76FF018
:100CB00088052046FFF7B6FF0398EBF75DFC05B902
:100CC0000546284605B0F0BD08B50123FFF7BAFF79
:100CD00008BD38B503686BB1044612B90025284633
:100CE00038BD00F0CFFA05460028F8D02046FFF7BF
:100CF00099FFF4E76FF08805F1E72DE9F04104462C
:100D0000884615461E46036883B1437913F0010FE8
:100D100022D002791AB3AA4202D96FF0890707E0FC
:100D2000334600F0BAFA074628B101E06FF08807B1
:100D3000356000232371B8F1000F05D033682A46CF
:100D400039464046FFF7C0FC2046FFF76BFF07B966
:100D500007463846BDE8F0816FF08807E8E76FF096
:100D60008807E5E710B584B001240394089C029439
:100D7000079C0194069C0094FFF71DFD04B010BD74
:100D80002DE9F04188B0044698460F9E0023079352
:100D900000F0FE43B3F1106F10D06FF086053146BE
:100DA0000E98EBF70FF9109B1E600798EBF7E4FB2A
:100DB00005B90546284608B0BDE8F0810846174643
:100DC00023464FF4804207A9FFF7B7FC05460028E9
:100DD000E5D10798416A826A109B049303960E9BA3
:100DE0000293CDF804800097234600F06BFA054685
:100DF0000028DAD0D3E738B50C4615460088FFF74F
:100E00004EFB20B129462046EBF7DCF838BD6FF0E9
:100E10008500FBE72DE9F04385B0002203920292A2
:100E200003880A604288002A00F0E98004460E46E2
:100E3000028802F4E042B2F5804F00F0E38023F034
:100E4000FF03B3F5E24F5CD0B3F5824F59D002AB4C
:100E500003AA21460120EBF70DF80546002872D1C0
:100E6000039B9B6A002B5DD163681F0A40F0BB8027
:100E7000B4F80080B4F8029049464046FFF725FDDB
:100E80000546002860D108F4E043B3F5805F3FD009
:100E9000B3F5005F3CD008F44F43B3F5844F5BD00B
:100EA00047F2010290455BD044F20102904560D0C8
:100EB00047F20202904561D044F20202904564D0AC
:100EC00028F0FF02B2F5E84F66D0B2F5884F68D03F
:100ED000B2F5EE4F00F08580B2F58E4F68D0B3F5D5
:100EE000824F69D0B3F5824F6ED0B2F5E24F74D025
:100EF000B2F5824F0FD109F10703DB085B005F1CDD
:100F000009E02046FFF7F8FA054600289FD01FE0C9
:100F100009F10703DF08019701990398FFF7E8FC3F
:100F2000054688B9039901F128038A6A496A20466F
:100F300000F0BEF8054600285DD1324602990398BC
:100F4000EAF76EFE05461DB102990398EAF7D2FF53
:100F5000284605B0BDE8F08309F10703DF08DAE7AA
:100F60004FEA59030133DB0803EBC30303F13B07EB
:100F7000D1E74FEAD90303F11007CCE74FEAD903D1
:100F800003EB430303F15A07C5E74FEAD90303EB29
:100F9000430303F14A07BEE709F10703DB085F00DB
:100FA000B9E709F10703DB0803EB43035F1CB2E772
:100FB00009F10703DF08AEE75FFA88F1422991D112
:100FC00009F10803DF08A6E75FFA88F8B8F1410FD6
:100FD0008BD109F10703DF089DE709F10703DF085B
:100FE00099E7202797E701A9204600F05CF805461D
:100FF000002891D0A8E70398FFF7AFFCA4E76FF0B3
:101000008605A5E76FF08605A2E70023036043602D
:101010008360C3600361436183617047421E6FF068
:1010200040439A4207D341B1B0F1804F07D3002823
:1010300007DA0020704701207047084670470020FB
:10104000704701207047A0B108B50246017F8B1E92
:10105000DBB2012B0FD8032905D0136A73B1013B12
:101060001362002008BD036A012BF6D1FFF780FC54
:10107000F8E7002070476FF09600F3E76FF09600F6
:10108000F0E70020704710F0FF0F01D100207047FB
:101090006FF08500704700207047704700221A608B
:1010A0006FF08600704700230B606FF0860070477A
:1010B000F8B51F4643681B0A13D104460D46164671
:1010C000038813F4804F05D03B4600F069F910F116
:1010D000860F05D13B46324629462046FFF78BFE58
:1010E000F8BD6FF08600FBE72DE9F04784B09A4623
:1010F0000C9C0D9D0E9E43681B0A18D1074688461E
:101100009146029601950094534600F027F910F19C
:10111000860F02D004B0BDE8F087029601950094D6
:1011200053464A4641463846FFF7F5FBF2E76FF073
:101130008600EFE710B582B044685FEA142C07D14F
:10114000059C0194049C0094FFF737FC02B010BD8D
:101150006FF08600FAE72DE9F04383B099460A9CC8
:101160000B9D43681B0A16D106460F469046019513
:1011700000944B4600F0D4F810F1860F02D003B073
:10118000BDE8F083019500944B464246394630460F
:10119000FFF764FCF3E76FF08600F0E710B588B066
:1011A00044685FEA142C11D1109C06940F9C05949E
:1011B0000E9C04940D9C03940C9C02940B9C019433
:1011C0000A9C0094EBF74CFC08B010BD6FF0860051
:1011D000FAE710B582B004464868000A0BD10498BB
:1011E000009004F1080000F097FA08B102B010BDB9
:1011F0001C232360FAE76FF08600F7E710B582B092
:1012000004681C2C08D1059C0194049C00940830AF
:10121000EBF700FC02B010BD6FF08600FAE738B5BE
:1012200003681C2B02D00025284638BD00F10804B5
:10123000204600F07BFA05464FF490712046EAF70D
:101240007DFAF1E708B503681C2B03D10830EBF7F2
:1012500065FC08BD6FF08800FBE710B504681C2C26
:1012600003D10830EBF770FC10BD6FF08800FBE78E
:1012700008B503681C2B01D0002008BD083000F021
:101280005DFAFAE708B503681C2B03D1083000F0BB
:101290000CFA08BD6FF08600FBE710B504681C2C43
:1012A00003D1083000F011FA10BD6FF08600FBE7A3
:1012B00008B503681C2B01D0002008BD083000F0E1
:1012C00016FAFAE710B586B044685FEA142C0DD11F
:1012D0000C9C04940B9C03940A9C0294099C01941A
:1012E000089C009400F032FA06B010BD6FF0860042
:1012F000FAE70020704710B582B0144601AB002019
:10130000EBF732FD20B9019BA34204D102B010BD1E
:101310006FF09200FAE76FF09300F7E70020704754
:1013200010B582B0B0F800C00CF44F4CBCF5824F41
:101330000AD0BCF5884F0ED1059C0194049C009402
:1013400000F085FB02B010BD059C0194049C009444
:1013500000F02CFAF6E76FF08500F3E710B584B0E3
:10136000B0F800C00CF44F4CBCF5824F0CD0BCF56B
:10137000884F12D1089C0294079C0194069C00940B
:1013800000F0E6FA04B010BD089C0294079C01949A
:10139000069C009400F045FAF4E76FF08500F1E751
:1013A000B0F800C02CF0FF0CBCF5E24F03D108B53B
:1013B00000F0A0FA08BD6FF0850070470378DB09E4
:1013C00003EBC303C3EB03130F2205E0815C83EA45
:1013D000410383541B0A013A002AF7DA704708B523
:1013E000FFF730FF08BD2DE9F04184B0002A5BD043
:1013F00007460D461646D0F848419CB1C4F1100886
:10140000424527D9B8F1000F33D107F5947103ABEA
:101410000193102200920B463846FFF7EFFE044678
:1014200000283DD1102E30D907F5947410232A4698
:101430002146204600F0ACF903AB01931022009244
:10144000234621463846FFF7D9FE044640BB1035F7
:10145000103EE7E700F59470204413460A46014623
:1014600000F096F9D7F848313344C7F848310024E2
:101470001BE000F59470204443460A46014600F004
:1014800087F94544103C2644BFE707F5947033467E
:101490002A46014600F07CF9C7F84861002404E0C0
:1014A0003846FFF7BCFE00E00024204604B0BDE84B
:1014B000F0812DE9F04385B00446884616461F4664
:1014C000D0F84851102D26D0054495F8283183F0E6
:1014D000800385F8283100F59C752846FFF76EFFDC
:1014E00004F5947010232A46014600F051F904F5E2
:1014F000947503AB0193102200922B462946204697
:10150000FFF77CFE814678B12046FFF788FE48460B
:1015100005B0BDE8F08300F59470102304F59C72CB
:10152000014600F035F9E2E732462946404600F030
:10153000F9FA3E60E8E7F0B5D5B004460D46164628
:101540001F464FF4A672002101A800F012FB33469B
:101550002A46214601A8EBF765F9044628B101A8FF
:10156000FFF75DFE204655B0F0BD5A9A394601A8F6
:10157000FFF739FF04460028F1D15D9B5C9A5B9927
:1015800001A8FFF796FF0446ECE72DE9F04383B08E
:1015900004460F4615461E4600F5DA7801AB2022B8
:1015A0004146FFF75AFE8146B8B94FF0000C09E0FA
:1015B00004EB0C0393F8D4E18EF06A0E83F8D4E1C7
:1015C0000CF1010C94F814326345F1D8D4F8B01141
:1015D0002046EAF7F1FF814630B12046FFF748FE8A
:1015E000484603B0BDE8F08394F8142204F5EA718C
:1015F0002046FFF727FE81460028EED1019A41469A
:101600002046FFF71FFE81460028E6D1019BAB4232
:101610000FD001AB202241462046FFF71EFE814637
:101620000028DAD12A464146384600F07BFA356078
:10163000D3E733462A4639462046FFF70EFE814659
:10164000CEE7F0B5ADF5077D04460D4616461F46BC
:101650004FF406720021684600F08BFA33462A46A2
:1016600021466846EBF71CF8044630B16846FFF7A0
:10167000FFFD20460DF5077DF0BD8C9A3946684682
:10168000FFF7ADFE04460028F0D18F9B8E9A8D990E
:101690006846FFF77AFF0446EBE710B582B0049C7A
:1016A0000094EBF7E7F802B010BD08B590F81832D7
:1016B000012B04D0022B05D06FF0880008BDFFF786
:1016C0008EFEFBE7FFF78FFEF8E708B590F818C22B
:1016D000BCF1010F05D0BCF1020F05D06FF08800FE
:1016E00008BDFFF752FFFBE7FFF7E3FEF8E710B591
:1016F000044690F81832012B04D0022B0AD1FFF7D0
:101700008EFD01E0FFF7B4FD4FF408720021204682
:1017100000F02FFA002010BD10B582B00024019413
:10172000049C0094EBF740F902B010BD08B54FF4EB
:101730009072002100F01DFA002008BD08B54FF49A
:10174000D472002100F015FA002008BDB0F800C0E6
:101750000CF44F4CBCF5824F0FD110B586B00C9CE9
:1017600004940B9C03940A9C0294099C0194089C89
:101770000094EBF717FA06B010BD6FF085007047C4
:10178000024600201378013218430139FAD170471C
:1017900010B591F800E00131147801328EEA040EA0
:1017A00080F800E00130013BF3D110BD10B5844654
:1017B00014461846BCF802E0BCF8003003F4E042DE
:1017C000B2F5804F14D047F2121293421DD164003B
:1017D0000134029B9C421BD8039B1C6004230370B2
:1017E000BEF5807F17D10130EFF76CFAB0B910BDAC
:1017F000029B9C4206D8224600F094F9039B1C6091
:101800000020F4E76FF08900F1E76FF08500EEE764
:101810006FF08900EBE76FF08500E8E76FF0860076
:10182000E5E72DE9F0410D4614469846089E4788A5
:10183000038844F21212934225D047F212129342C7
:1018400037D107B9E700B7F5807F35D1202C36D1E5
:1018500020212846FFF794FFA0B32846EFF71EFA91
:1018600098BB33680BB1BB423ED1069B9C423ED82D
:1018700022462946404600F055F9079B1C60376018
:101880000020BDE8F08127B914F0010F20D06708CF
:10189000FF00B7F5807F1ED1412C1FD12B78042B80
:1018A0001FD1681CEFF704FA0028DAD06FF0860029
:1018B000E7E76FF08500E4E76FF08500E1E76FF0A0
:1018C0008600DEE76FF08600DBE76FF08600D8E782
:1018D0006FF08600D5E76FF08500D2E76FF08600E5
:1018E000CFE76FF08600CCE76FF08600C9E76FF0B6
:1018F0008900C6E7F8B50D461E464788018847F2BD
:10190000121399421AD1FC1DE40894421AD82146B8
:101910002846EAF757FB024690B921462846FFF7CA
:101920002FFF0028F3D0B7F5807F0ED12846EFF7C0
:10193000B5F902460028EAD1346001E06FF0850273
:101940001046F8BD6FF08902FAE76FF08502F7E7FD
:10195000F8B50C4615461E464188028844F2124CE2
:10196000624531D047F2124C624549D1402D4AD1EF
:1019700011B1B1F5807F49D120212046FFF700FF4A
:10198000002846D02046EFF789F9002844D104F119
:10199000200720213846FFF7F3FE00283FD03846C5
:1019A000EFF77CF900283DD1069B9D424CD82A4692
:1019B0002146304600F0B6F8079B1D60089B4FF4A7
:1019C00080721A600020F8BD612D2ED111B1B1F5E1
:1019D000807F2DD120212046FFF7D2FE58B320462C
:1019E000EFF75CF950BB94F82030042B29D104F1B7
:1019F0002100EFF75DF90028D6D06FF08600E2E70E
:101A00006FF08500DFE76FF08500DCE76FF08600A0
:101A1000D9E76FF08600D6E76FF08600D3E76FF066
:101A20008600D0E76FF08600CDE76FF08500CAE74B
:101A30006FF08600C7E76FF08600C4E76FF086009E
:101A4000C1E76FF08600BEE76FF08900BBE710B515
:101A500014464288008800F4E04CBCF5804F30D03A
:101A600047F2124C60453AD1B2F5807F3AD1402C12
:101A70003BD1029A602A3BD9D1F800E0D1F804C0EA
:101A80008868CA68C3F800E0C3F804C09860DA60E8
:101A9000D1F810E0D1F814C08869CA69C3F810E021
:101AA000C3F814C09861DA61042283F82020203141
:101AB00003F12100EFF706F9E8B96123039A1360F7
:101AC00010BD029A944207D82246184600F02AF820
:101AD000039B1C600020F3E76FF08900F0E76FF0D4
:101AE0008500EDE76FF08500EAE76FF08600E7E735
:101AF0006FF08900E4E76FF08600E1E70A22002139
:101B0000EEF7D6BA0139024410B5904201D1002057
:101B100005E0037811F8014FA34201D0181B10BD56
:101B20000130F2E70A44431E914200D1704710B5DC
:101B300011F8014B914203F8014FF9D110BD8842D1
:101B400010B501EB020402D98442234607D8431E94
:101B5000A14208D011F8012B03F8012FF8E7024445
:101B600001468A4200D110BD13F8014D02F8014D23
:101B7000F7E702440346934200D1704703F8011B84
:101B8000F9E72DE9F04F85B00C469046194657EC21
:101B9000106B002F3B46DDE90E9BBCBF07F10043F5
:101BA00032462BF0200AAFBF00231F4616462D23D6
:101BB000BAF1460F0B7005D0BAF1450F00D10134D0
:101BC000022100E0032103AB2246019302AB47EC64
:101BD000106B00934B46BDF7BFFDBBF1670F054689
:101BE00019D118F0010F0ED005EB040800220023D4
:101BF00030463946BCF742F808B1CDF80C803022A7
:101C0000039B434521D3039B2846109A5B1B13601B
:101C100005B0BDE8F08FBBF1470FE2D0BAF1460F37
:101C200000EB0408E2D10378302B0AD10022002314
:101C300030463946BCF722F818B9C4F10104C9F896
:101C40000040D9F800309844D0E7591C03911A702D
:101C5000D6E7F7B500290270BABF49422D232B23DE
:101C60000929437028DD0DF107030A271D461A468E
:101C7000013BB1FBF7F607FB1614303402F8014CB8
:101C80000C463146632CF2DC3031941E03F8011C03
:101C9000411C2346AB420AD30DF109039B1AAC4207
:101CA00088BF002302330344181A03B0F0BD13F8B1
:101CB000016B01F8016FEDE7302330318370031DB4
:101CC000C170F1E72DE9F047164698468A68074645
:101CD0000B690C46DDF820909342B8BF1346336081
:101CE00091F843200AB1013333602368990642BF5B
:101CF000336802333360256815F0060506D104F118
:101D0000190AE36832689B1AAB422BDC94F8433023
:101D10002268003B18BF0123920630D404F143022D
:101D200041463846C847013023D023681A3454F856
:101D30000A2C03F00603042B0ABF54F80E5C00259E
:101D400033684FF0000608BFED1A54F8123C08BF84
:101D500025EAE5759342C4BF9B1AED18B5421AD126
:101D6000002008E00123524641463846C84701306A
:101D700003D14FF0FF30BDE8F0870135C1E7E1182E
:101D80005A1C30200233224481F8430094F8451055
:101D900082F84310C2E70123224641463846C8472D
:101DA0000130E6D00136D9E7C9B20346184613F828
:101DB000012B12B18A42F9D17047002918BF0020C7
:101DC0007047034611F8012B03F8012B002AF9D1C3
:101DD000704710B56AB10139841810F8012B11F859
:101DE000013F9A4203D1A04201D0002AF5D1D01A76
:101DF00010BD1046FCE70139034610B532B111F8A9
:101E0000014F013A03F8014B002CF7D11A4400218D
:101E1000934200D110BD03F8011BF9E70A7870B5B1
:101E20006AB970BD9A4209D10C46054614F8013FC3
:101E3000002BF6D015F8016F9E42F7D001300378E1
:101E4000002BEFD11846ECE730B514469BB00546A1
:101E50001A46002C05DA8B2303604FF0FF301BB0CD
:101E600030BD4FF40273009104916946ADF80C3017
:101E700014BF04F1FF332346029305934FF6FF731B
:101E8000ADF80E301E9BEEF7D7FC431CBCBF8B2376
:101E90002B60002CE3D0009B00221A70DFE72DE9B5
:101EA000F74F036907460C69A342C0F28380013CE7
:101EB00000F1140501F11408A30055F8242008EBE3
:101EC0008409009305EB8403019358F8243001330F
:101ED0009A42B2FBF3F631D34FF0000AC446AE4645
:101EE000D3465CF8043B98B2E1454FEA134306FB46
:101EF00000A04FEA104280B206FB0323DEF8002068
:101F000092B24FEA134AA2EB00029BB2DEF8000045
:101F10005A44C3EB224392B203EB104342EA03421A
:101F20004FEA234B4EF8042BDBD2009BEB582BB926
:101F3000019B043B9D421A4630D33C61384600F079
:101F400098F8002826DB2946002058F8042BD1F801
:101F500000C01FFA82FEC1451FFA8CF34FEA1242FD
:101F6000A3EB0E030344C2EB23429BB202EB1C42E1
:101F700043EA02434FEA224041F8043BE5D255F8D8
:101F8000242005EB840322B9043B9D421A460BD35F
:101F90003C610136304603B0BDE8F08F1268043B67
:101FA000002ACAD1013CC5E71268043B002AEFD1E0
:101FB000013CEAE70020EEE7C9B20346024410B54F
:101FC0009342184601D1002003E0047801338C428B
:101FD000F6D110BDB0F5803F034636BF03040020A4
:101FE0001020B3F1807F3CBF1B020830B3F1805F4B
:101FF0003CBF1B010430B3F1804F03D3002B0ADB3D
:10200000013070479B0001D5023070475B0001D55D
:1020100003307047202070470368024613F0070022
:102020000BD0D90721D4980747BF5B0801209B0834
:1020300002204CBF13601360704799B209B91B0CA2
:102040001020D9B209B908301B0A190704BF1B09AF
:102050000430990704BF9B080230D90703D45B08FA
:1020600000F1010003D0136070470020704720206A
:10207000704703460A690069801A30B50ED11433DF
:10208000143103EB820401EB820154F8045D51F832
:10209000042D954203D005D24FF0FF3030BDA3424E
:1020A000F3D3FBE70120F9E738B502FB01F5294638
:1020B000EDF780FB044618B12A460021FFF759FDD1
:1020C000204638BD2DE9F0471F468E6882460C46F3
:1020D000BE4290460B682DD8B1F90C2012F4906FD7
:1020E00026D06569096905EB4505A3EB01097B1C51
:1020F00005EBD5754B446D109D4238BF1D46530509
:1021000027D52946EDF756FB064660B34A462169B6
:10211000FFF708FDA38923F4906343F08003A381B4
:1021200026614E446561A5EB090526603E46A56023
:10213000BE4200D93E46324641462068FFF7FFFCCA
:10214000A36800209B1BA360236833442360BDE881
:10215000F0872A4600F023F806460028E0D12169DE
:102160005046EDF7DDFA0C234FF0FF30CAF800308F
:10217000A38943F04003A381E9E782B001B901A933
:1021800042B14BB113780B601278101E18BF0120BA
:1021900002B070471046FBE76FF00100F8E7F8B5B2
:1021A000074615460C4621B91146BDE8F840EDF743
:1021B00001BB22B9EDF7B4FA00242046F8BD00F0C7
:1021C00020F8A842F9D229463846EDF7F3FA064638
:1021D0000028F1D021462A46FFF7A4FC21463846C4
:1021E0003446EDF79DFAE8E70346084641B1FF2A79
:1021F00004D98A224FF0FF301A60704701200A701C
:10220000704751F8043C181F002BBCBF0B58C01876
:082210007047B1EEC00A7047EF
:08221800DCBCFB7F01000000AB
:10222000D5F20100000000008DF301000000000065
:10223000017C010000000000E5DB020050230500E6
:10224000556D030000000000916F030000000000C6
:1022500079E802008023050079E802006823050080
:10226000F9BB040000000000B1A40400982305009D
:10227000C1A40400B023050089B50400C8230500EB
:102280000DDD020000000000AD03030000000000AF
:102290009512020000000000C5830100000000004C
:1022A000B75904000000000039E5010000000000FB
:1022B00071F00200E023050001BC040000000000F2
:1022C000C17A030000000000D9360400F82305009D
:1022D0000000000028240500E1D1020010240500C0
:1022E000CDDF02004024050003B00400582405009F
:1022F0001DFE020070240500C11302000000000052
:102300001DBA04000000000027BA0400000000000D
:1023100049E402008824050089A1010000000000B2
:102320006D3003000000000059370300000000007A
:10233000253E04000000000061F4010000000000E0
:10234000AD0B02000000000047BA040000000000CE
:1023500000B6050058B6050070270500EF2E0020D6
:102360000C7D00204CB6050078BA0500ACBA05001B
:102370000C270500F92E0020087E0020A0BA0500D9
:102380008CBA0500D0BA05000C270500FB2E0020F2
:10239000147E0020C4BA050088B6050000000000C5
:1023A000D4260500F12E002000000000A0B6050094
:1023B000DCB605000000000004B70500F32E002085
:1023C00000000000F8B6050074BE0500A4BE0500BC
:1023D0008C270500012F0020D02A002098BE050080
:1023E00010BE0500C82A002048270500FF2E002047
:1023F000647E002038BE0500F85C0500F025002052
:102400000C5D0500E92E002038360020005D050037
:102410001CB2050000000000C8260500EB2E0020BD
:10242000000000003CB2050000B5050000000000FF
:1024300064270500ED2E0020882A002028B505001D
:1024400098B7050000000000DC260500F52E0020EE
:1024500000000000D0B70500B4BB0500F4BB0500C8
:1024600030270500FD2E0020207E0020E4BB050063
:10247000BCC00500ECC005005C270500032F002050
:10248000F42A0020E0C0050064B9050090B90500F9
:10249000F4260500F72E0020E07D002084B9050019
:1024A000000000008556040000000000855604006E
:1024B000000000008556040000000000855604005E
:1024C00000000000855604009D3E030017D704005D
:1024D000000000008556040000000000855604003E
:1024E000C8230500C3B10400395D030017D70400F9
:1024F0007153030017D70400000000008556040044
:1025000000000000855604005147030017D704005F
:10251000102405002DD202000000000085560400A2
:1025200000000000855604000000000085560400ED
:1025300000000000855604000000000085560400DD
:10254000000000008556040000000000C9020300DE
:1025500000000000855604000000000085560400BD
:1025600000000000855604000000000085560400AD
:10257000000000008556040000000000855604009D
:10258000000000008556040000000000855604008D
:10259000000000008556040000000000855604007D
:1025A000000000008556040000000000855604006D
:1025B000000000008556040000000000855604005D
:1025C000000000008556040000000000855604004D
:1025D000000000008556040000000000855604003D
:1025E000000000008556040000000000855604002D
:1025F000E948030017D704000000000085560400D6
:10260000000000008556040000000000855604000C
:1026100000000000855604000000000085560400FC
:1026200000000000855604000000000085560400EC
:1026300000000000855604000000000085560400DC
:1026400000000000855604000000000085560400CC
:1026500000000000855604000000000085560400BC
:1026600000000000855604000000000085560400AC
:10267000000000008556040000000000855604009C
:10268000000000008556040000000000855604008C
:10269000000000008556040000000000855604007C
:1026A000000000008556040000000000855604006C
:1026B000000000008556040000000000855604005C
:0826C000000000008556040033
:0C26C800E1CD0200B5D102005802000074
:0826D400B5A4040000000000A1
:1026DC0079DF0200D5DE020029DE020021DE0200D5
:1026EC00EDA5040011DE0200CBAA040003AA04002D
:1026FC00CDA80400F5DF0200FDA60400F1A604003D
:10270C009DE6020017AE040023AE040055AE040093
:10271C0077AE040099AE0400BDE50200F7AE0400EC
:04272C0000000000A9
:10273000D1EB0200000000000DE9020000000000E3
:082740000000000091EB020013
:10274800F5EE0200B3B00400CDB00400D1B004002F
:042758002DEE020060
:08275C00EDB7040047B70400CB
:0C2764005DD602001DD7020095D20200D5
:10277000A9DB020071A4040001A404000000000011
:0C278000A9D902000000000000000000C9
:10278C00A9B20400B9F3020029B20400F9B30400A1
:10279C00CFB20400FBB2040031B3040041B3040017
:1027AC007BB3040087B3040041B304006BB3040093
:1027BC0093B30400A1B30400AFB30400E9B3040065
:0427CC00EDB3040065
:1027D000050000008D6E02000000000006000000F1
:1027E00021AB020000000000040000002577020079
:0427F00000000000E5
:1027F400AD070300F907030000000000000000001B
:1028040000000000000000000000000000000000C4
:102814003D2C0100692901000000000000000000B7
:1028240000000000000000000000000000000000A4
:102834000000000059C90100000000000000000071
:102844000000000000000000000000000000000084
:102854002B630400F90C02000000000000000000DB
:102864000000000000000000000000000000000064
:1028740010AA050008000000E0AA050007000000F7
:102884001063050005000000886105000F000000CA
:10289400BC480500120000008C7D05000C000000FF
:1028A40034610500020000002CB2050002000000A3
:1028B4009863050002000000584B05000400000066
:1028C400B055050004000000E49A05000200000071
:1028D40054A60500020000002C8F05000200000031
:1028E400E0A005000200000094B005000200000012
:1028F400348F050002000000806105000200000022
:102904004C9D05000200000008AA0500020000001A
:10291400589605000200000018B5050002000000EA
:1029240068B5050002000000B49B05000200000029
:10293400389A0500020000007CB005000200000087
:10294400E8A2050002000000948E050002000000C9
:1029540044B0050002000000245B050002000000F2
:102964003CB605000200000094C10500020000000E
:102974001C7B050002000000C4B705000200000033
:102984006087050002000000D0BB050002000000C3
:10299400D4BB050002000000E05C0500020000005A
:1029A400E85D0500020000001C5E05000200000056
:1029B4009C4405000300000028BE0500020000003E
:1029C400BCB0050004000000E0C4050002000000E3
:1029D400248C050002000000048D050002000000A4
:1029E4006C8D050002000000747F050002000000E9
:1029F400CCC105000200000028C20500020000004E
:102A04003CDC050003000000F8D1050002000000D2
:102A14004C860500020000009C87050002000000AF
:102A2400D087050002000000185A050004000000C9
:102A340054E2050002000000706D05000200000071
:102A4400906D0500020000001888050002000000D7
:102A54007CB9050002000000D0C00500020000009F
:102A6400405C05000200000088BE05000200000072
:102A740044DC05005C90002030DC0500010000000F
:102A8400DC7105008C6B00209C6D050000000000CB
:102A9400040000000F000000010000000800000016
:102AA4003000000074000000840000000D000000ED
:102AB4000C0000000E000000600000008800000010
:102AC400BC00000008000000FFFFFFFF49000000F9
:042AD400FFFFFFFF02
:0C2AD800F9FF010051060200FD11020090
:102AE400846D0500142700200C680020E4260020D3
:102AF40002000000B06D050008680020C46D0500E8
:102B04001C300020906D0500884B002080D30020ED
:102B140050780500B8690500C86C05004C710500C3
:102B240028780500B4630500D0D90500E4DD05006C
:102B34006478050014780500007805003C780500E9
:102B44000000000000000000000000000000000081
:102B540000000000E0630500E863050000000000D9
:102B6400DD95010000000000A8650500B0650500C2
:102B740000000000499601000000000030660500D6
:102B84003C66050000000000A5960100030000005B
:102B94005C660500646605009C660500253F04002C
:102BA400000000001864050054CC0500000000007B
:102BB400F9950100020000003C440500DC660500B4
:102BC400F82B05000000000000000000AC640500C4
:102BD400B46405000000000079F400000101000065
:102BE400106505001865050000000000319601001D
:102BF40000000000000000000000000000000000D1
:102C0400000000000000000020680500286805009E
:102C1400000000002597010000000000186905006D
:102C240020690500000000008598010000000000F4
:102C34000000000000000000000000000000000090
:042C4400000000008C
:102C5000280801002D600300060000001B5B4A00ED
:102C6000000000001B5B4800000000001B5B324AB4
:102C7000000000001B3700001B5B4A000000000042
:102C80001B3800001B5B6D00000000001B5B480050
:102C9000000000001B5B324A000000001B370000F0
:102CA0001B3800001B5B3F336C000000023684BD04
:102CB0004E2F7271A30740A5F605002254000000B4
:102CC000050001000600090000002A001800280085
:102CD00000002A001800280000002A00010300005C
:102CE0000062746C6500000000000000000000003D
:102CF00000000000000000000000000000000000D4
:102D000000000000000000000000000000000000C3
:102D1000000000010000000055736167653A202241
:102D2000637261736822206F72202263726173681C
:102D3000203C6E3E22207768657265206E206973A4
:102D400020302E2E340000004E6F20636F726564B9
:102D5000756D702070726573656E742100000000DF
:102D600048617320636F726564756D702077697454
:102D7000682073697A653A2025640000496E76619F
:102D80006C69646174696E6720636F726564756DE8
:102D900070000000436F726564756D702073697A0E
:102DA000653A2025642C2063617061636974793A07
:102DB0002025640030000000574553545F544F50A5
:102DC0004449522F6D6F64756C65732F6C69622F67
:102DD0006D656D6661756C742D6669726D77617273
:102DE000652D73646B2F636F6D706F6E656E74739A
:102DF0002F64656D6F2F7372632F70616E696373DB
:102E00002F6D656D6661756C745F64656D6F5F7065
:102E1000616E6963732E630055736167653A206C58
:102E20006F616461646472203C616464723E00009E
:102E300052656164203078253038782066726F6D75
:102E40002030782530387800257300004D433A0053
:102E5000010000000200000000940000FFFFFFFFDF
:102E6000FFFFFFFFFFFFFFFF010000000000000069
:102E70009C2B002010000000000000006882002051
:102E80000002000000000000108A00208000000006
:102E900000000000908A0020800000000000000078
:102EA00080640020480000000025845000288450E1
:102EB00000020000000200000000000038E30500EE
:102EC0000001000000000000000000000000000001
:102ED0000338FDD8704700000080E03779C34143D4
:102EE000176E05B5B5B89346F5F93FE9034F384D70
:102EF000321D30F94877825A3CBF737FDD4F15751C
:102F0000000000000000F03F00000000000024402E
:102F100000000000000059400000000000408F4009
:102F2000000000000088C34000000000006AF84074
:102F30000000000080842E4100000000D012634198
:102F40000000000084D797410000000065CDCD410E
:102F5000000000205FA00242000000E876483742EF
:102F6000000000A2941A6D42000040E59C30A2428D
:102F70000000901EC4BCD64200003426F56B0C4302
:102F80000080E03779C3414300A0D88557347643A9
:102F900000C84E676DC1AB43003D9160E458E1430A
:102FA000408CB5781DAF154450EFE2D6E41A4B447F
:102FB00092D54D06CFF08044F64AE1C7022DB544C4
:102FC000B49DD9794378EA44574553545F544F50E0
:102FD0004449522F7A65706879722F696E636C75F7
:102FE00064652F7A65706879722F6472697665728C
:102FF000732F6770696F2E680000000041535345BE
:103000005254494F4E204641494C20402025733AA6
:1030100025640A0041444320646576696365206E37
:103020006F742072656164790A0000006164635FF7
:103030006368616E6E656C5F73657475702063683C
:1030400030206661696C65643A2025640A000000DE
:103050006164635F6368616E6E656C5F73657475F0
:103060007020636831206661696C65643A2025646C
:103070000A000000F09F8EAF205A65726F2D706FAE
:10308000696E742063616C6962726174696F6E202D
:103090007265717565737465642076696120424C50
:1030A0004500000052657365742072657175657323
:1030B0007465642076696120424C450053656E73E7
:1030C0006F722063616C6962726174696F6E2072E5
:1030D00065717565737465642076696120424C453D
:1030E00000000000E296A000E296A100F09F938A03
:1030F0002043616C6962726174696F6E2053746100
:103100007475733A00000000202053797374656D64
:103110003A20205B2573257325735D2025642F33AA
:103120000000000020204779726F3A202020205BA9
:103130002573257325735D2025642F33000000005F
:103140002020416363656C3A2020205B2573257342
:1031500025735D2025642F330000000020204D6181
:10316000673A20202020205B2D2D2D5D2028756EB4
:103170007573656420696E20494D55206D6F6465D7
:10318000290000002020E29AA0EFB88F2020477984
:10319000726F3A204B6565702064657669636520BF
:1031A000434F4D504C4554454C59205354494C4C79
:1031B00020666F722033207365636F6E6473000046
:1031C0002020E29AA0EFB88F2020416363656C3A1B
:1031D00020506C6163652064657669636520696E63
:1031E0002036206F7269656E746174696F6E73202A
:1031F00028C2B1582C20C2B1592C20C2B15A290082
:10320000202020202020486F6C64206561636820A6
:10321000706F736974696F6E20666F7220322D3320
:10322000207365636F6E6473000000002020E29AD3
:10323000A0EFB88F202053797374656D2063616CA3
:103240006962726174696F6E20696E737566666912
:103250006369656E74000000F09F948420424D45C0
:103260002F7072657373757265207468726561641E
:10327000207374617274656400000000626D6533D0
:1032800038305F726561645F74656D705F63656C33
:1032900073697573206572726F723A2028256429EC
:1032A00000000000626D653338305F726561645FF5
:1032B00068756D6964697479206572726F723A20FD
:1032C00028256429000000006164635F7265616401
:1032D000206572726F723A20282564290000000070
:1032E0003E3E3E20E5B7A6E4BEA7E6A380E6B58B4A
:1032F000E588B0E7A3A8E78999EFBC8128E7ACACE3
:103300002564E6ACA129203C3C3C00003E3E3E202A
:10331000E5B7A6E4BEA7E7A3A8E78999E5819CE6FF
:10332000ADA2202D20E68C81E7BBAD3A2025642E8E
:1033300025303364E7A7922028E7B4AFE8AEA13A7E
:103340002025642E25303364E7A79229203C3C3C9D
:10335000000000003E3E3E20E58FB3E4BEA7E6A39A
:1033600080E6B58BE588B0E7A3A8E78999EFBC8133
:1033700028E7ACAC2564E6ACA129203C3C3C00002D
:103380003E3E3E20E58FB3E4BEA7E7A3A8E78999B8
:10339000E5819CE6ADA2202D20E68C81E7BBAD3A0D
:1033A0002025642E25303364E7A7922028E7B4AFA8
:1033B000E8AEA13A2025642E25303364E7A7922990
:1033C000203C3C3C00000000E29594E29590E295A0
:1033D00090E29590E29590E29590E29590E295903A
:1033E000E29590E29590E29590E29590E29590E2D8
:1033F0009590E29590E29590E29590E29590E29515
:1034000090E29590E29590E29590E29590E2959009
:10341000E29590E29590E29590E29590E29590E2A7
:103420009590E29590E29590E29590E29590E295E4
:1034300090E29590E29590E29590E29590E29590D9
:10344000E29590E295970000E295912020536D61FE
:1034500072742052657461696E657220496E697478
:1034600069616C697A6174696F6E20202020202068
:10347000202020E295910000E295912020494D55B1
:10348000204D6F64652028416363656C202B2047C5
:1034900079726F204F6E6C79292020202020202007
:1034A000202020E295910000E2959AE29590E29525
:1034B00090E29590E29590E29590E29590E2959059
:1034C000E29590E29590E29590E29590E29590E2F7
:1034D0009590E29590E29590E29590E29590E29534
:1034E00090E29590E29590E29590E29590E2959029
:1034F000E29590E29590E29590E29590E29590E2C7
:103500009590E29590E29590E29590E29590E29503
:1035100090E29590E29590E29590E29590E29590F8
:10352000E29590E2959D00004C454420696E6974D7
:10353000206661696C65643A202564005B312F3632
:103540005D20E29C85204C454420696E6974696168
:103550006C697A6564000000427574746F6E20694E
:103560006E6974206661696C65643A2025640000A8
:10357000427574746F6E20696E74657272757074C2
:1035800020636F6E666967206661696C65643A20C6
:10359000256400005B322F365D20E29C8520427559
:1035A00074746F6E20696E697469616C697A6564A0
:1035B0000000000020202020202020E280A22053B4
:1035C000686F72742070726573733A20536574204B
:1035D0007A65726F20706F696E7400002020202061
:1035E000202020E280A2204C6F6E672070726573ED
:1035F0007320283273293A20536176652063616C09
:103600006962726174696F6E000000005B332F366F
:103610005D20E29C85204F7269656E746174696FEC
:103620006E206F66667365742073797374656D20A0
:10363000696E697469616C697A656400E29D8C20C9
:10364000424E4F30353520696E6974206661696C71
:1036500065643A20256400005B342F365D20E29CCF
:103660008520424E4F30353520696E697469616C32
:10367000697A656420696E20494D55206D6F6465D7
:103680000000000020202020202020E280A22055E1
:1036900073696E673A20416363656C65726F6D652F
:1036A000746572202B204779726F73636F706500A9
:1036B00020202020202020E280A2204E6F206D615B
:1036C000676E65746F6D6574657220286E6F206D0E
:1036D00061676E6574696320696E74657266657290
:1036E000656E6365290000005B352F365D20E29C26
:1036F00085204C6F61646564207361766564206326
:10370000616C6962726174696F6E2070726F666954
:103710006C6500005B352F365D20E28FB3204E6F65
:103720002073617665642063616C6962726174699B
:103730006F6E2C207374617274696E67206175748A
:103740006F2D63616C6962726174696F6E00000055
:1037500020202020202020506C6561736520666F3A
:103760006C6C6F772063616C6962726174696F6EF3
:1037700020696E737472756374696F6E733A0000BA
:1037800020202020202020312E204B6565702064D1
:103790006576696365205354494C4C20666F7220EE
:1037A00033207365636F6E647320284779726F29C5
:1037B0000000000020202020202020322E20506CED
:1037C00061636520696E2036206F7269656E746171
:1037D00074696F6E732C20327320656163682028D2
:1037E000416363656C2900002020202020202020D8
:1037F0002020C2B15820286C6566742F72696768F2
:1038000074292C20C2B159202866726F6E742F6201
:1038100061636B292C20C2B15A202875702F646F08
:10382000776E290020202020202020E29C85204C3B
:103830006F61646564207361766564207A65726F78
:103840002D706F696E74206F66667365740000007A
:1038500020202020202020E284B9EFB88F20204EA5
:103860006F207361766564207A65726F2D706F6961
:103870006E74202875736520627574746F6E207481
:103880006F20736574290000E29D8C20424C452016
:10389000696E6974206661696C65643A202564000C
:1038A000E29AA0EFB88F2020436F6E74696E75693D
:1038B0006E6720776974686F757420424C452E2EB0
:1038C0002E0000005B362F365D20E29C8520424CA6
:1038D00045207365727669636520696E69746961F4
:1038E0006C697A656400000020202020202020E2FE
:1038F00080A220424C4520636F6E74726F6C20630F
:10390000616C6C6261636B20726567697374657268
:1039100065640000E295912020E29C8520494E4993
:103920005449414C495A4154494F4E20434F4D5000
:103930004C455445202020202020202020202020DD
:1039400020E2959100000000E295A0E29590E295BA
:1039500090E29590E29590E29590E29590E29590B4
:10396000E29590E29590E29590E29590E29590E252
:103970009590E29590E29590E29590E29590E2958F
:1039800090E29590E29590E29590E29590E2959084
:10399000E29590E29590E29590E29590E29590E222
:1039A0009590E29590E29590E29590E29590E2955F
:1039B00090E29590E29590E29590E29590E2959054
:1039C000E29590E295A30000E295912020F09F926D
:1039D000A120555341474520494E53545255435415
:1039E000494F4E533A202020202020202020202004
:1039F0002020202020E2959100000000E2959120F7
:103A00002020E280A220576561722072657461698E
:103A10006E657220636F6D666F727461626C79207F
:103A2000202020202020202020E29591000000006E
:103A3000E29591202020E280A2204C6F6F6B2073D2
:103A40007472616967687420616865616420202010
:103A500020202020202020202020202020E29591BE
:103A600000000000E29591202020E280A220507208
:103A700065737320627574746F6E20746F20736544
:103A800074207A65726F20706F696E742020202018
:103A900020E2959100000000E29591202020E28034
:103AA000A2204C6F6E6720707265737320746F2054
:103AB000736176652063616C6962726174696F6EAF
:103AC0002020202020E2959100000000E295912026
:103AD0002020E280A22055736520424C4520617071
:103AE0007020666F722072656D6F746520636F6EF3
:103AF00074726F6C2020202020E29591000000005D
:103B000043616E6E6F742073617665202D2073653E
:103B10006E736F72206E6F742066756C6C792063A3
:103B2000616C696272617465640000004661696C71
:103B3000656420746F20736176652063616C6962CF
:103B4000726174696F6E3A2025640000F09F92BE26
:103B50002053656E736F722063616C696272617469
:103B6000696F6E2073617665642073756363657336
:103B70007366756C6C790000E29AA0EFB88F202014
:103B800043414C4942524154494F4E2044454752CB
:103B90004144454421000000F09F92A12054495027
:103BA0003A204D6F766520746F206F70656E2061CE
:103BB00072656120616E6420726563616C69627216
:103BC0006174653A00000000202020312E204B65F2
:103BD000657020646576696365207374696C6C2018
:103BE000284779726F290000202020322E20506C47
:103BF00061636520696E2036206F7269656E74613D
:103C000074696F6E732028416363656C290000003E
:103C1000E29C852043616C6962726174696F6E20F9
:103C20007265636F7665726564210000E29594E2C7
:103C30009590E29590E29590E29590E29590E295CC
:103C400090E29590E29590E29590E29590E29590C1
:103C5000E29590E29590E29590E29590E29590E25F
:103C60009590E29590E29590E29590E29590E2959C
:103C700090E29590E29590E29590E29590E2959091
:103C8000E29590E29590E29590E29590E29590E22F
:103C90009590E29590E29590E29590E29590E2956C
:103CA00090E2959700000000E2959120202020F0FE
:103CB0009F8EAF205A45524F2D504F494E542043AE
:103CC000414C4942524154494F4E2020202020204F
:103CD000202020E295910000E295A0E29590E295E7
:103CE00090E29590E29590E29590E29590E2959021
:103CF000E29590E29590E29590E29590E29590E2BF
:103D00009590E29590E29590E29590E29590E295FB
:103D100090E29590E29590E29590E29590E29590F0
:103D2000E29590E29590E29590E29590E29590E28E
:103D30009590E29590E29590E29590E29590E295CB
:103D400090E29590E29590E29590E29590E295A3AD
:103D500000000000E2959120F09F938B20496E7344
:103D60007472756374696F6E733A2020202020206E
:103D7000202020202020202020202020202020E281
:103D800095910000E29591202020312E2057656109
:103D900072207468652072657461696E6572206353
:103DA0006F6D666F727461626C79202020E295916C
:103DB00000000000E29591202020322E204C6F6FF1
:103DC0006B207374726169676874206168656164EF
:103DD0002061742073637265656E202020E29591E6
:103DE00000000000E29591202020332E204B6565D5
:103DF0007020796F75722068656164205354494C56
:103E00004C202020202020202020202020E29591DE
:103E100000000000E29591202020342E20436F6C9A
:103E20006C656374696E67202532642073616D7000
:103E30006C65732E2E2E2020202020202020E2953D
:103E400091000000E2959AE29590E29590E29590BB
:103E5000E29590E29590E29590E29590E29590E25D
:103E60009590E29590E29590E29590E29590E2959A
:103E700090E29590E29590E29590E29590E295908F
:103E8000E29590E29590E29590E29590E29590E22D
:103E90009590E29590E29590E29590E29590E2956A
:103EA00090E29590E29590E29590E29590E295905F
:103EB000E29590E29590E29590E2959D00000000D9
:103EC0004661696C656420746F207265616420735B
:103ED000616D706C652025643A2025640000000047
:103EE00050726F67726573733A205B257325732573
:103EF0007325735D2025642F2564000053616D7068
:103F00006C652025642072656A6563746564202889
:103F10006E6F726D3D252E3466290000496E7375F3
:103F20006666696369656E742076616C6964207386
:103F3000616D706C6573202825642F25642900004D
:103F4000E29D8C205A65726F2D706F696E742063CC
:103F5000616C6962726174696F6E204641494C45BB
:103F6000440000004661696C656420746F207365CD
:103F700074207A65726F206F66667365743A2025C7
:103F800064000000E29C85205A45524F2D504F4955
:103F90004E5420534554205355434345535346559F
:103FA0004C4C59210000000020202056616C6964AF
:103FB0002073616D706C65733A2025642F25640051
:103FC00020202043757272656E74206F7269656E71
:103FD000746174696F6E206973206E6F77205A4523
:103FE000524F207265666572656E63650000000061
:103FF0004661696C656420746F2073617665206F1B
:10400000666673657420746F2073746F7261676580
:104010003A20256400000000F09F92BE205A65728D
:104020006F2D706F696E7420736176656420746F94
:104030002070657273697374656E742073746F7227
:10404000616765005A45524F4544000052454C4156
:104050005449564500000000F09F948420494D5576
:1040600020746872656164207374617274656400A1
:104070004661696C656420746F20726561642042DA
:104080004E4F3035353A2025640000004661696C9A
:10409000656420746F2073656E6420617474697444
:1040A0007564653A20256400F09F939020523D2569
:1040B0002E3166C2B020503D252E3166C2B0205947
:1040C0003D252E3166C2B0207C20515B252E336603
:1040D0002C252E33662C252E33662C252E33665D3B
:1040E000207C2043616C5B53256447256441256433
:1040F0005D207C20257300003D3D3D205379737485
:10410000656D2053746174697374696373203D3DF8
:104110003D0000002020557074696D653A20256CC3
:1041200075207365636F6E64730000002020546F08
:1041300074616C2073616D706C65733A20256C75C9
:1041400000000000202056616C69642073616D706E
:104150006C65733A20256C752028252E316625253F
:104160002900000020204D6178206E6F726D206460
:104170006576696174696F6E3A20252E3666000097
:104180002020447269667420636F7272656374697B
:104190006F6E733A20256C7500000000202043618B
:1041A0006C6962726174696F6E207761726E696E9C
:1041B00067733A20256C7500E29AA0EFB88F202033
:1041C00053656E736F72206E6F742066756C6C79B8
:1041D0002063616C69627261746564210000000093
:1041E000F09F92BE204C6F6E6720707265737320D3
:1041F0006465746563746564202D20736176696EEF
:10420000672063616C6962726174696F6E0000009F
:10421000F09F8EAF205A65726F2D706F696E74209B
:1042200063616C6962726174696F6E207265717529
:1042300065737465642100003D3D3D3D3D3D3D3D60
:104240003D3D3D3D3D3D3D3D3D3D3D3D3D3D3D3D9E
:104250003D3D3D3D3D3D3D3D3D3D3D3D3D3D3D3D8E
:104260000A0000002020536D617274205265746151
:10427000696E6572204170706C69636174696F6EFC
:104280000A000000202053444B3A206E524620433F
:104290006F6E6E6563742053444B2076332E302E40
:1042A000320A0000496E697469616C697A696E67E7
:1042B0002E2E2E0A000000003D3D3D3D3D3D3D3D82
:1042C0003D3D3D3D3D3D3D3D3D3D3D3D3D3D3D3D1E
:1042D0003D3D3D3D3D3D3D3D3D3D3D3D3D3D3D3D0E
:1042E0000000000020204170706C69636174696F88
:1042F0006E205374617274696E6700004C6F67675B
:10430000696E672073797374656D20726561647975
:1043100000000000424D452F707265737375726521
:1043200020746872656164207374617274696E6769
:104330000000000050726F62696E6720424D453385
:1043400038302E2E2E0A00004932432F424D452090
:104350006E6F7420726561647920282564290000DD
:1043600054656D702063616C6962207265616420C0
:104370006661696C202825642900000048756D6914
:10438000646974792063616C69622072656164207C
:104390006661696C20282564290000006374726CD2
:1043A0005F6D6561732068756D206661696C20289A
:1043B000256429006374726C5F6D656173206661AA
:1043C000696C20282564290041444320696E697482
:1043D000206661696C65643A202825642900000024
:1043E000E29D8C2053797374656D20696E697469E0
:1043F000616C697A6174696F6E206661696C65646D
:104400003A20256400000000F09F948D20506572D2
:10441000666F726D696E672073656E736F7220735D
:10442000656C662D746573742E2E2E00696D755F34
:104430007468726561640000626D655F74687265BE
:1044400061640000E29C8520536D617274205265A6
:104450007461696E6572207374617274656420732F
:1044600075636365737366756C6C7900F09F9484F3
:104470002053797374656D20726561647920666F6D
:1044800072206F7065726174696F6E006823050039
:104490000800110068230500060000006D61696EC8
:1044A0000000000058240500770000005265636595
:1044B0006976656420535441525420636F6D6D6179
:1044C0006E64000052656365697665642053544FDD
:1044D0005020636F6D6D616E64000000526563650E
:1044E0006976656420524553455420636F6D6D6154
:1044F0006E64000052656365697665642043414CD3
:1045000049425241544520636F6D6D616E640000F5
:10451000F09F8EAF205265636569766564205345D0
:1045200054205A45524F20504F494E5420636F6DCE
:104530006D616E6400000000556E6B6E6F776E20CB
:10454000636F6E74726F6C20636F6D6D616E643A31
:10455000203078253032780064697361626C65645C
:104560000000000045756C6572206E6F74696669A5
:10457000636174696F6E73202573000051756174F7
:1045800065726E696F6E206E6F74696669636174BF
:10459000696F6E73202573007075626C696300002B
:1045A00072616E646F6D0000253032583A253032EA
:1045B000583A253032583A253032583A2530325858
:1045C0003A25303258202825732900007075626C16
:1045D00069632D696400000072616E646F6D2D69FE
:1045E00064000000424C4520446973636F6E6E6541
:1045F000637465642066726F6D2025732C2072656C
:1046000061736F6E3A2030782530327800000000F8
:10461000417474656D7074696E6720746F20726583
:104620007374617274206164766572746973696E03
:10463000672E2E2E0000000025733A2053746F70F1
:10464000206164766572746973696E67207265743F
:1046500075726E65643A20256420286D6179206248
:104660006520616C72656164792073746F70706528
:1046700064290000E29C9320424C452061647665E9
:1046800072746973696E67207265737461727465A0
:1046900064207375636365737366756C6C79000071
:1046A0004164766572746973696E6720616C7265C6
:1046B000616479206163746976652C2073746F700E
:1046C00070696E672066697273742E2E2E0000006A
:1046D0004164766572746973696E6720726573747C
:1046E00061727420617474656D7074202564206635
:1046F00061696C65643A2025640000004661696C5C
:10470000656420746F2072657374617274206164D3
:10471000766572746973696E67206166746572206C
:104720003320617474656D7074733A2025640000E1
:10473000576F726B71756575653A20526573746158
:104740007274696E67206164766572746973696EEC
:104750006720616674657220646973636F6E6E654D
:1047600063742E2E2E000000436F6E6E65637469B5
:104770006F6E206661696C65643A202564000000F4
:10478000E29C9320424C4520436F6E6E65637465D6
:1047900064000000496E697469616C697A696E67CA
:1047A00020424C4520494D552073657276696365FA
:1047B00000000000426C7565746F6F746820696E4C
:1047C0006974206661696C65643A202564000000A4
:1047D000426C7565746F6F746820696E6974696185
:1047E0006C697A656400000041647665727469736F
:1047F000696E67206661696C656420746F207374EC
:104800006172743A20256400424C452061647665EB
:1048100072746973696E6720737461727465640081
:10482000573D252E33662C20583D252E33662C20EF
:10483000593D252E33662C205A3D252E3366000027
:10484000526F6C6C3D252E31662C20506974636864
:104850003D252E31662C205961773D252E3166008D
:10486000543D252E3266000052483D252E3266000A
:104870006C6566743D25642C72696768743D2564B7
:1048800000000000436F6E74726F6C20636F6D6D7B
:10489000616E642063616C6C6261636B207265673A
:1048A0006973746572656400726573746172745FB4
:1048B0006164766572746973696E6700544B0500B4
:1048C0007791040000000000404B0500000001004B
:1048D0003C4B05002D9204000000000090250020B4
:1048E00000000100144B0500000000000000000063
:1048F0000000000000000000104B0500AF91040014
:10490000E99002001C250020000003000C4B05006C
:104910002D9204000000000014250020000001007A
:10492000E44A050000000000000000000000000054
:1049300000000000E04A0500AF910400E990020089
:10494000A024002000000300DC4A05002D92040092
:10495000000000009824002000000100B44A050077
:104960000000000000000000000000000000000047
:10497000B04A0500AF910400E99002002424002011
:1049800000000300AC4A05002D9204000000000066
:104990001C24002000000100844A050000000000E3
:1049A000000000000000000000000000804A050038
:1049B000AF910400E9900200A8230020000003004A
:1049C0007C4A05002D92040000000000A023002076
:1049D00000000100544A0500000000000000000033
:1049E0000000000000000000504A0500AF910400E4
:1049F000E99002002C230020000003004C4A05002F
:104A00002D9204000000000024230020000001007B
:104A1000244A050000000000F92501000000000004
:104A20000000020002F6DEBC9A7856341278563442
:104A3000127856341200000002F6DEBC9A78563422
:104A40001278563412785634120000000000032801
:104A50000000022902F5DEBC9A78563412785634EA
:104A6000127856341200000002F5DEBC9A785634F3
:104A700012785634127856341200000000000328D1
:104A80000000022902F4DEBC9A78563412785634BB
:104A9000127856341200000002F4DEBC9A785634C4
:104AA00012785634127856341200000000000328A1
:104AB0000000022902F3DEBC9A785634127856348C
:104AC000127856341200000002F3DEBC9A78563495
:104AD0001278563412785634120000000000032871
:104AE0000000022902F2DEBC9A785634127856345D
:104AF000127856341200000002F2DEBC9A78563466
:104B00001278563412785634120000000000032840
:104B10000000022902F1DEBC9A785634127856342D
:104B2000127856341200000002F1DEBC9A78563436
:104B30001278563412785634120000000000032810
:104B400002F0DEBC9A785634127856341278563415
:104B50001200000000000028626C655F73657276C9
:104B60006963650052657472696576656420636186
:104B70006C6962726174696F6E206F6666736574CA
:104B800073207375636365737366756C6C7900006D
:104B9000E29C85204170706C6965642063616C697A
:104BA00062726174696F6E206F66667365747320DC
:104BB0007375636365737366756C6C7900000000D0
:104BC000424E4F303535206D6F646520736574201B
:104BD000746F203078253032580000004661696CCF
:104BE000656420746F20726561642045756C657220
:104BF0003A20256400000000E29AA0EFB88F202040
:104C000043616C6962726174696F6E20696E73755D
:104C10006666696369656E743A205379733D2564ED
:104C2000204779726F3D256420416363656C3D25A3
:104C300064204D61673D2564000000004661696C99
:104C4000656420746F20726561642071756174659C
:104C5000726E696F6E3A202564000000496E7661BD
:104C60006C6964207175617465726E696F6E206E17
:104C70006F726D3A2025660025733A205175617474
:104C800065726E696F6E206E6F726D616C697A61AC
:104C900074696F6E2069737375653A20252E3466CA
:104CA000000000004F74686572000000494D5520F7
:104CB00028416363656C202B204779726F290000BF
:104CC0004E444F46202846756C6C20467573696FBC
:104CD0006E290000496E697469616C697A696E6752
:104CE00020424E4F30353520647269766572202837
:104CF000456E68616E6365642076657273696F6E78
:104D00002900000049324320646576696365206E9E
:104D10006F7420726561647900000000493243209D
:104D20006465766963652072656164792C206164CD
:104D300064726573733A2030782530325800000071
:104D40004661696C656420746F20726561642063DC
:104D50006869702049443A2025640000496E7661F4
:104D60006C696420636869702049443A2030782572
:104D70003032582028657870656374656420307817
:104D80002530325829000000E29C8520424E4F30E9
:104D900035352064657465637465642028436869EB
:104DA000702049443A2030782530325829000000DC
:104DB000526573657474696E6720424E4F303535A5
:104DC0002E2E2E004661696C656420746F2072651A
:104DD0007365743A202564004661696C65642074CB
:104DE0006F207665726966792063686970206166F4
:104DF0007465722072657365740000004661696CA9
:104E0000656420746F20656E74657220636F6E66D2
:104E10006967206D6F64653A202564004661696C9E
:104E2000656420746F2073657420756E6974733ABD
:104E3000202564004661696C656420746F20656E8E
:104E400061626C652065787465726E616C20637256
:104E5000797374616C3A202564000000E29C85201F
:104E600045787465726E616C206372797374616CDD
:104E7000206F7363696C6C61746F7220656E616220
:104E80006C6564004661696C656420746F207365AD
:104E90007420706F776572206D6F64653A202564A9
:104EA000000000004661696C656420746F207365C2
:104EB00074206D6F64653A20256400005379737423
:104EC000656D205374617475733A203078253032E3
:104ED000582C204572726F723A2030782530325843
:104EE00000000000E29AA0EFB88F2020537973747D
:104EF000656D206572726F72206465746563746598
:104F0000643A20307825303258000000E29C852039
:104F1000424E4F30353520696E697469616C697A2B
:104F20006174696F6E20636F6D706C6574650000ED
:104F30002020204D6F64653A2025730043616E6E1A
:104F40006F7420736176652063616C69627261744D
:104F5000696F6E202D2073656E736F72206E6F7493
:104F60002066756C6C792063616C6962726174652E
:104F700064000000F09F92BE2043616C6962726120
:104F800074696F6E2070726F66696C6520736176EC
:104F9000656420746F206D656D6F7279000000008C
:104FA00025733A204E6F2073617665642063616CCF
:104FB0006962726174696F6E2070726F66696C6588
:104FC00020617661696C61626C6500004175746F87
:104FD0002063616C6962726174696F6E20736176BF
:104FE000653A202573000000E29D8C00E29C85005C
:104FF000E29AA0EFB88F0000424E4F303535206E58
:105000006F7420696E697469616C697A6564000007
:10501000E29591202020202020424E4F303535202F
:1050200053656C662D546573742020202020202049
:105030002020202020202020202020E29591000008
:105040004661696C656420746F20676574207379AC
:105050007374656D207374617475733A20256400F0
:1050600053797374656D205374617475733A20308D
:10507000782530325800000053797374656D2045EF
:1050800072726F723A20307825303258000000007A
:10509000E29AA0EFB88F202053797374656D206574
:1050A00072726F72206465746563746564210000B8
:1050B0005065726970686572616C20696E697469A7
:1050C000616C697A6174696F6E206572726F7200CB
:1050D00053797374656D20696E697469616C697A5E
:1050E0006174696F6E206572726F720053656C66D1
:1050F0002074657374206661696C6564000000004B
:105100005265676973746572206D61702076616C99
:105110007565206F7574206F662072616E6765001B
:105120005265676973746572206D61702061646493
:1051300072657373206F7574206F662072616E677D
:10514000650000005265676973746572206D617057
:10515000207772697465206572726F7200000000BA
:105160004C6F7720706F776572206D6F6465206E6D
:105170006F7420617661696C61626C65000000008B
:10518000416363656C65726F6D6574657220706FE5
:10519000776572206D6F6465206E6F742061766133
:1051A000696C61626C650000467573696F6E20639F
:1051B0006F6E666967206572726F720053656E73F9
:1051C0006F7220636F6E666967206572726F72001E
:1051D000556E6B6E6F776E206572726F7200000095
:1051E0004661696C656420746F2067657420636133
:1051F0006C6962726174696F6E3A20256400000008
:105200000AF09F938A2043616C6962726174696FCE
:105210006E205374617475733A0000002020537936
:105220007374656D3A2025642F33202573000000C8
:1052300020204779726F3A20202025642F332025C3
:10524000730000002020416363656C3A20202564D0
:105250002F3320257300000020204D61673A202065
:10526000202025642F3320257300000020204D616D
:10527000673A202020202D2D2D20286E6F74207558
:1052800073656420696E20494D55206D6F646529F2
:10529000000000004661696C656420746F207265CF
:1052A00061642073656E736F7220646174613A206B
:1052B000256400000AF09F94842051756174657222
:1052C0006E696F6E20286E6F726D616C697A6564AD
:1052D000293A00002020773D252E34662C20783D89
:1052E000252E34662C20793D252E34662C207A3DDF
:1052F000252E34660000000020204E6F726D3A208B
:10530000252E3666202873686F756C6420626520D0
:10531000312E3029000000000AF09F93902045753F
:105320006C657220416E676C65733A002020486599
:105330006164696E673A20252E3266C2B0000000B3
:105340002020526F6C6C3A20202020252E3266C21D
:10535000B0000000202050697463683A20202025A6
:105360002E3266C2B00000000AE2AC86EFB88F2091
:1053700020416363656C65726F6D6574657220288A
:105380006D2F73C2B2293A002020583D252E326677
:105390002C20593D252E32662C205A3D252E326672
:1053A0000000000020204D61676E69747564653AE5
:1053B00020252E3266206D2F73C2B22028677261BD
:1053C00076697479207E392E382900000AF09F947E
:1053D00084204779726F73636F70652028726164EF
:1053E0002F73206F72206465672F73293A000000C5
:1053F0002020583D252E33662C20593D252E33661E
:105400002C205A3D252E3366000000000AF09FA78D
:10541000AD204D61676E65746F6D6574657220288F
:10542000C2B554293A00000020204669656C64200A
:10543000737472656E6774683A20252E326620C2D6
:10544000B55400000AE29594E29590E29590E295B9
:1054500090E29590E29590E29590E29590E2959099
:10546000E29590E29590E29590E29590E29590E237
:105470009590E29590E29590E29590E29590E29574
:1054800090E29590E29590E29590E29590E2959069
:10549000E29590E29590E29590E29590E29590E207
:1054A0009590E29590E29590E29590E29590E29544
:1054B00090E29590E29590E29590E29590E2959039
:1054C000E2959700E295912020E29C852053656C3F
:1054D000662D5465737420436F6D706C6574652020
:1054E00020202020202020202020202020202020BC
:1054F00020E2959100000000E2959AE29590E295F5
:1055000090E29590E29590E29590E29590E29590E8
:10551000E29590E29590E29590E29590E29590E286
:105520009590E29590E29590E29590E29590E295C3
:1055300090E29590E29590E29590E29590E29590B8
:10554000E29590E29590E29590E29590E29590E256
:105550009590E29590E29590E29590E29590E29593
:1055600090E29590E29590E29590E29590E2959088
:10557000E29590E2959D0A00626E6F3035355F6C62
:105580006F61645F63616C6962726174696F6E5FA1
:1055900070726F66696C6500626E6F3035355F7270
:1055A0006561645F7175617465726E696F6E00002C
:1055B000626E6F3035355F64726976657200000027
:1055C0005175617465726E696F6E20636F6E746180
:1055D000696E7320696E76616C69642076616C75A2
:1055E000657320284E614E2F496E66290000000029
:1055F0005175617465726E696F6E206E6F726D2089
:105600006F7574206F662072616E67653A20252E73
:10561000346600005175617465726E696F6E206E3C
:105620006F726D20746F6F20736D616C6C2C2072C3
:105630006573657474696E6720746F206964656E44
:1056400074697479000000005175617465726E6947
:105650006F6E206D756C7469706C69636174696FCD
:105660006E20726573756C74656420696E207A654E
:10567000726F206E6F726D210000000025733A205A
:105680004E6F726D20646576696174696F6E3A2041
:10569000252E3666000000004F7269656E746174D5
:1056A000696F6E206F6666736574207265736574CA
:1056B00020746F206964656E74697479000000005D
:1056C0004E554C4C20706F696E74657220696E2067
:1056D0006F7269656E746174696F6E5F6F66667311
:1056E00065745F6170706C7900000000496E7661CE
:1056F0006C696420726177207175617465726E697E
:105700006F6E2C207573696E67206964656E7469AD
:10571000747900004472696674206465746563740A
:1057200065642028646576696174696F6E3A202526
:105730002E36662C20636F756E743A20256C7529A1
:1057400000000000437269746963616C20647269CF
:1057500066742064657465637465642120526573A2
:10576000657474696E67206F7269656E74617469BF
:105770006F6E2073797374656D00000025733A2095
:105780004472696674206465746563746564202876
:10579000646576696174696F6E3A20252E366629D4
:1057A0002C206170706C79696E6720636F7272650E
:1057B0006374696F6E0000004170706C69656420ED
:1057C000257520647269667420636F7272656374F4
:1057D000696F6E73000000004E5653206E6F742088
:1057E000636F6E666967757265642C2063616E6EA7
:1057F0006F742073617665206F6666736574000050
:10580000496E76616C6964207175617465726E6948
:105810006F6E2070726F766964656420666F7220A7
:105820007A65726F2D706F696E7400005A65726FC1
:10583000206F7269656E746174696F6E2073657430
:105840003A000000202043757272656E743A20772A
:105850003D252E34662C20783D252E34662C20796B
:105860003D252E34662C207A3D252E34660000001E
:1058700020204F66667365743A2020773D252E34CC
:10588000662C20783D252E34662C20793D252E343B
:10589000662C207A3D252E346600000043616E6E32
:1058A0006F7420736574207A65726F20706F696EF3
:1058B000743A20696E73756666696369656E7420F3
:1058C00063616C6962726174696F6E00536B6970B9
:1058D00070696E6720696E76616C69642073616DB2
:1058E000706C6520256400004176657261676564AF
:1058F000207A65726F2D706F696E742066726F6D9D
:105900002025642073616D706C657300417665724B
:1059100061676564207175617465726E696F6E2070
:1059200068617320706F6F72207175616C69747932
:1059300020286E6F726D3D252E3466290000000010
:1059400025733A204E5653206E6F7420636F6E6637
:105950006967757265642C2063616E6E6F74206C6C
:105960006F6164206F666673657400004F726965CD
:105970006E746174696F6E206F66667365742073F0
:10598000797374656D20696E697469616C697A6593
:10599000642028456E68616E636564207665727365
:1059A000696F6E29000000004C6F616465642073AC
:1059B00061766564206F7269656E746174696F6E7B
:1059C000206F6666736574006F7269656E746174CA
:1059D000696F6E5F6F66667365745F6C6F6164009C
:1059E0007175617465726E696F6E5F6D756C7469E7
:1059F000706C795F70726563697365006F72696559
:105A00006E746174696F6E5F6F66667365745F61F3
:105A100070706C79000000006F7269656E7461745B
:105A2000696F6E5F6F666673657400005745535407
:105A30005F544F504449522F7A65706879722F6CC9
:105A400069622F686561702F686561702E63000060
:105A5000574553545F544F504449522F7A657068EC
:105A600079722F6C69622F6F732F63627072696E27
:105A700074665F7061636B616765642E630000002C
:105A800028756E7369676E6564292063686172208A
:105A90002A207573656420666F7220252570206149
:105AA0007267756D656E742E204974277320726558
:105AB000636F6D6D656E64656420746F20636173E0
:105AC0007420697420746F20766F6964202A2062C4
:105AD000656361757365206974206D617920636108
:105AE000757365206D69736265686176696F722090
:105AF000696E206365727461696E20636F6E66699A
:105B00006775726174696F6E732E20537472696E5B
:105B1000673A2225732220617267756D656E743A4B
:105B20002564000063627072696E74665F70616301
:105B30006B61676500000000286E696C2900000039
:105B4000574553545F544F504449522F7A657068FB
:105B500079722F6C69622F6F732F6D7073635F7032
:105B60006275662E63000000574553545F544F50D2
:105B70004449522F7A65706879722F696E636C752B
:105B800064652F7A65706879722F7370696E6C6FB7
:105B9000636B2E68000000004661696C65642074C8
:105BA0006F207265626F6F743A207370696E6E69F0
:105BB0006E6720656E646C6573736C792E2E2E0A89
:105BC00000000000574553545F544F504449522F32
:105BD0007A65706879722F6C69622F7574696C735D
:105BE0002F6F6E6F66662E6300000000574553549A
:105BF0005F544F504449522F7A65706879722F6C08
:105C000069622F7574696C732F6E6F746966792E73
:105C100063000000574553545F544F504449522F7E
:105C20007A65706879722F6C69622F7574696C730C
:105C30002F72696E675F6275666665722E6300001B
:105C40007468726561645F616E616C797A65720017
:105C5000496E76616C696420696E7374616E636508
:105C600000000000496E76616C6964206261636BBC
:105C7000656E6420636F6E66696775726174696FC3
:105C80006E000000496E76616C696420696E737401
:105C9000616E63652C20656E64706F696E74206F31
:105CA0007220636F6E66696775726174696F6E00EA
:105CB000496E76616C696420656E64706F696E749C
:105CC00000000000456E64706F696E74206E6F7422
:105CD00020726567697374657265640A000000006C
:105CE0006970635F73657276696365006D626F7872
:105CF0005F77712023256400697063300000000025
:105D0000045D050001000000F85C05008D7D0100C8
:105D10007D350400957C0100D7340400BD7B010073
:105D20003D320400AD3204004532040077320400F5
:105D3000613204004B32040000000000000000004B
:105D40005537040047370400513704004537040035
:105D50000000000000000000000000000000000043
:105D600033370400574553545F544F504449522F22
:105D70007A65706879722F696E636C7564652F7AC5
:105D800065706879722F6C6F6767696E672F6C6FCB
:105D9000675F6261636B656E642E6800574553549C
:105DA0005F544F504449522F7A65706879722F734F
:105DB00075627379732F6C6F6767696E672F6C6F8D
:105DC000675F636F72652E63000000006C6F67672A
:105DD000696E6700483B002000040000C1380400E1
:105DE00009380400020000006C6F670057455354E7
:105DF0005F544F504449522F7A65706879722F73FF
:105E000075627379732F6C6F6767696E672F6C6F3C
:105E1000675F6D676D742E63000000006C6F675FD5
:105E20006D676D74000000004D65737361676520D8
:105E30002822257322292064726F707065642062A5
:105E40006563617573652069742065786365656451
:105E5000732073697A65206C696D69746174696F08
:105E60006E20282575290000574553545F544F5024
:105E70004449522F7A65706879722F73756273790D
:105E8000732F6C6F6767696E672F6C6F675F6D73D9
:105E9000672E6300574553545F544F504449522F67
:105EA0007A65706879722F7375627379732F6C6F6E
:105EB0006767696E672F6C6F675F6F757470757455
:105EC0002E6300005B2530386C755D2000000000FB
:105ED0005B253032753A253032753A253032752ED1
:105EE000253033752C253033755D20001B5B306DFC
:105EF0000000000025732E0025733A2000000000EA
:105F00003C25733E2000000025732F0025732000E0
:105F10002530327820000000202020007C00000086
:105F2000206D657373616765732064726F7070654F
:105F300064202D2D2D0D0A1B5B306D001B5B313B4A
:105F400033316D2D2D2D20001B5B313B33316D0026
:105F50001B5B313B33336D006572720077726E00EC
:105F6000696E66006462670000000000485F05001B
:105F7000505F05000000000000000000000000006D
:105F8000585F05005C5F0500605F0500645F050009
:105F90004275666665722073697A6520697320624E
:105FA0006967676572207468616E2070616765005B
:105FB000446576696365207365656D7320746F2031
:105FC0006861766520302073697A65005265717565
:105FD00065737465642072616E6765206F766572A3
:105FE000666C6F7773206465766963652073697A80
:105FF000650000004F6666736574206F7574206FCE
:10600000662064657369676E617465642072616E91
:10601000676500004572726F722025642077686999
:106020006C652067657474696E67207061676520B0
:10603000696E666F000000004572726F7220256401
:10604000207768696C652065726173696E6720707E
:106050006167650073747265616D5F666C6173681A
:106060005F65726173655F7061676520657272203C
:106070002564206F66667365743D30782530387A04
:1060800078000000666C6173685F777269746520E0
:106090006572726F72202564206F66667365743D49
:1060A00030782530387A7800666C617368207265C4
:1060B0006164206661696C65643A202564000000B3
:1060C00063616C6C6261636B206661696C65643AE4
:1060D000202564004275666665722073697A6520C2
:1060E0006973206E6F7420616C69676E65642074DB
:1060F0006F206D696E696D616C2077726974652DB2
:10610000626C6F636B2D73697A650000496E636F13
:10611000727265637420706172616D65746572007E
:1061200053697A6520697320696E636F7272656363
:106130007400000053545245414D5F464C41534852
:10614000000000006E726635333430004D616E75AC
:10615000666163747572657200000000536D617250
:10616000745061746368303031000000302E302E7E
:10617000330000006E726637303032646B0000000E
:1061800062745F64697300000C630500779104001A
:106190000000000008630500000001000463050022
:1061A0002D92040000000000502600200000010095
:1061B000FC620500EB3D04000000000044610500A6
:1061C00000000100F86205002D92040000000000AC
:1061D0004826002000000100F0620500EB3D0400AD
:1061E000000000004C61050000000100EC620500A9
:1061F0002D92040000000000402600200000010055
:10620000E46205009595010000000000582600207A
:1062100000000100E06205002D9204000000000073
:106220003826002000000100D8620500EB3D040084
:10623000000000005C61050000000100D462050060
:106240002D92040000000000302600200000010014
:10625000CC620500EB3D0400000000006C6105000D
:1062600000000100C86205002D920400000000003B
:106270002826002000000100C0620500EB3D04005C
:10628000000000007461050000000100BC62050010
:106290002D920400000000002026002000000100D4
:1062A000B4620500EB3D0400000000009C440500C2
:1062B000000001000000282A0000282A000003280E
:1062C0000000272A0000272A000003280000262AB1
:1062D0000000262A000003280000252A0000252AA5
:1062E000000003280000502A0000502A0000032864
:1062F0000000292A0000292A000003280000242A7F
:106300000000242A0000032800000A1800000028CA
:106310008C6305007791040000000000886305008D
:1063200000000100846305002D92040000000000BD
:10633000D4260020000001007C630500B595010013
:10634000000000000000000000000100786305006C
:10635000AF910400E99002006026002000000300D5
:1063600074630500AB920400000000009063050018
:106370000000010000000429000002290000192A81
:106380000000192A0000032800000F180000002850
:106390000400AD2701000601626173006B65726E37
:1063A000656C00004B65726E656C20636F6D6D618E
:1063B0006E6473009C630500A4630500442B050014
:1063C00000000000000000006379636C65733A20F0
:1063D0002575206877206379636C65730A00000077
:1063E0006379636C657300004B65726E656C206346
:1063F00079636C65732E0000556E61626C65207464
:106400006F20706172736520696E707574202865E5
:106410007272202564290A00736C656570000000A3
:10642000557074696D653A20256C6C75206D730A22
:10643000000000002D7000002D2D707265747479BD
:1064400000000000556E737570706F727465642083
:106450006F7074696F6E3A2025730A0075707469E5
:106460006D653A20256C6C7520646179732C20254C
:106470006C6C7520686F7572732C20256C6C7520A0
:106480006D696E757465732C20256C6C7520736551
:10649000636F6E64732C20256C6C75206D696C6C59
:1064A000697365636F6E64730A00000075707469C8
:1064B0006D6500004B65726E656C20757074696D5A
:1064C000652E2043616E2062652063616C6C65649B
:1064D000207769746820746865202D70206F7220A1
:1064E0002D2D707265747479206F7074696F6E737E
:1064F00000000000342E302E393900005A657068D3
:1065000079722076657273696F6E2025730A0000B8
:1065100076657273696F6E004B65726E656C20767E
:10652000657273696F6E2E004661696C65642074D4
:106530006F2072656164206B65726E656C20737983
:106540007374656D2068656170207374617469731C
:10655000746963732028657272202564290A00001B
:10656000667265653A2020202020202020202020EF
:10657000257A750A00000000616C6C6F63617465B8
:10658000643A202020202020257A750A000000008F
:106590006D61782E20616C6C6F63617465643A2064
:1065A000257A750A0000000068656170000000002F
:1065B00053797374656D20686561702075736167C8
:1065C0006520737461746973746963732E000000CD
:1065D000556E61626C6520746F2070617273652006
:1065E0006C6F6720736576657269747920286572AF
:1065F00072202564290A0000496E76616C69642066
:106600006C6F67206C6576656C3A2025640A000023
:10661000556E61626C6520746F2066696E64206CD3
:106620006F6720736F757263653A2025730A0000E7
:106630006C6F675F6C6576656C0000003C6D6F6425
:10664000756C65206E616D653E203C736576657284
:106650006974792028302D34293E00007265626FFC
:106660006F7400005265626F6F742E00636F6C640C
:1066700000000000436F6C64207265626F6F742EBF
:10668000000000007761726D000000005761726DBC
:10669000207265626F6F742E00000000A066050016
:1066A0006C6605007466050000000000253F0400CC
:1066B00000000000846605008C66050000000000F4
:1066C0002D3F04000000000000000000000000005A
:1066D0000000000000000000000000004B65726E2A
:1066E000656C20746872656164732E00536368651D
:1066F00064756C65723A2025752073696E63652038
:106700006C6173742063616C6C0A0000546872657C
:106710006164733A0A00000009546F74616C20656B
:106720007865637574696F6E206379636C65733A1D
:1067300020257520282575202525290A0000000020
:1067400009546F74616C20657865637574696F6E48
:10675000206379636C65733A203F20283F2025250C
:10676000290A00004E4100002573257020252D3197
:1067700030730A00096F7074696F6E733A20307855
:1067800025782C207072696F726974793A202564BB
:106790002074696D656F75743A20256C6C640A000D
:1067A0000973746174653A2025732C20656E7472C8
:1067B000793A2025700A0000556E61626C6520747C
:1067C0006F2064657465726D696E6520756E757392
:1067D000656420737461636B2073697A6520282572
:1067E00064290A0A0000000009737461636B207356
:1067F000697A6520257A752C20756E75736564201D
:10680000257A752C20757361676520257A75202F90
:1068100020257A7520282575202525290A0A0000BB
:106820006C697374000000004C697374206B6572AE
:106830006E656C20746872656164732E00000000E0
:10684000574553545F544F504449522F7A657068EE
:1068500079722F7375627379732F7368656C6C2FFF
:106860006D6F64756C65732F6B65726E656C5F73AD
:106870006572766963652F7468726561642F7374DD
:1068800061636B732E6300002570204952512025EF
:10689000303264202573287265616C2073697A65D3
:1068A0002025347A75293A09756E7573656420253B
:1068B000347A750975736167652025347A75202FE0
:1068C0002025347A75202825327A75202525290A35
:1068D00000000000257020252D33327320287265BA
:1068E000616C2073697A652025347A75293A0975B7
:1068F0006E757365642025347A75097573616765F3
:106900002025347A75202F2025347A7520282532C9
:1069100075202525290A0000737461636B730000DC
:106920004C69737420746872656164732073746158
:10693000636B2075736167652E0000005B25705DD9
:1069400000000000524541445900000044495341B1
:10695000424C454400000000646576696365733A03
:106960000A0000002D202573000000002028257358
:10697000290A000020204454206E6F6465206C6159
:1069800062656C733A0000006465766963650000B7
:1069900044657669636520636F6D6D616E64730035
:1069A0004C69737420636F6E6669677572656420E5
:1069B0006465766963657300886905009069050000
:1069C000CC6905000000000000000000D06905004F
:1069D00020680500A069050000000000B5990100CD
:1069E00000000000000000000000000000000000A7
:1069F0000000000000000000496E636F7272656362
:106A00007420646174612077696474680A0000000E
:106A1000526561642076616C756520307825780A4E
:106A2000000000005573696E67206461746120770F
:106A3000696474682025640A000000005772697454
:106A4000696E672076616C756520307825780A005C
:106A50006465766D656D206C6F6164207375707010
:106A60006F7274732073657474696E6720627970D5
:106A7000617373206F6E20612073696E676C65208F
:106A8000696E7374616E63652E0A00004C6F6164F9
:106A9000696E672E2E2E0A7072657373206374728E
:106AA0006C2D78206374726C2D7120746F20657367
:106AB000636170650A0000002D2D00002D65000047
:106AC000556E6B6E6F776E206F7074696F6E2022DB
:106AD0002573220A000000004E756D626572206FFA
:106AE0006620627974657320726561643A2025645A
:106AF0000A000000696E76616C69642061646472EA
:106B000020272573270A0000696E76616C6964206E
:106B100073697A6520272573270A0000696E7661FC
:106B20006C696420776964746820272573270A00DC
:106B3000613A733A773A0000272D61203C61646422
:106B4000726573733E27206973206D616E64617492
:106B50006F72790A00000000272D73203C73697A58
:106B6000653E27206973206D616E6461746F727970
:106B70000A0000006465766D656D00005265616411
:106B80002F777269746520706879736963616C200E
:106B90006D656D6F72790A55736167653A0A526562
:106BA0006164206D656D6F72792061742061646429
:106BB000726573732077697468206F7074696F6E83
:106BC000616C2077696474683A0A6465766D656DF6
:106BD000203C616464726573733E205B3C7769643A
:106BE00074683E5D0A5772697465206D656D6F72D9
:106BF00079206174206164647265737320776974AD
:106C000068206D616E6461746F7279207769647455
:106C10006820616E642076616C75653A0A646576F9
:106C20006D656D203C616464726573733E203C77D2
:106C3000696474683E203C76616C75653E000000B6
:106C400055736167653A0A6465766D656D20647594
:106C50006D70202D61203C616464726573733E2009
:106C60002D73203C73697A653E205B2D77203C773D
:106C7000696474683E5D0A006C6F61640000000026
:106C800055736167653A0A6465766D656D206C6F52
:106C90006164205B6F7074696F6E735D205B61640B
:106CA00064726573735D0A4F7074696F6E733A0A2C
:106CB0002D65096C6974746C652D656E6469616E0F
:106CC0002070617273650000746B05007C6B0500B9
:106CD000DC6C0500F19A010002020000E06C050086
:106CE00050D60500406C050000000000D99E010050
:106CF00005020000786C0500806C050000000000B3
:106D0000C59B01000201000000000000000000001F
:106D10000000000000000000000000005745535430
:106D20005F544F504449522F7A65706879722F73BF
:106D300075627379732F7368656C6C2F6261636B16
:106D4000656E64732F7368656C6C5F756172742E09
:106D50006300000052582072696E67206275666693
:106D600065722066756C6C2E000000003A00000011
:106D70007368656C6C2E7368656C6C5F756172749A
:106D800000000000756172743A7E2420000000004B
:106D90007368656C6C5F7561727400007368656C14
:106DA0006C5F756172745F6261636B656E64000035
:106DB000946B00201E000000634B0400E42A0500D1
:106DC000DC260020842A0500F06D0500786B002089
:106DD00064000000DC6D0500346B0020904C002046
:106DE0008000000000000000353F040002000000A9
:106DF000494F0400806B0020946B00201E000000AF
:106E0000B73F040087400400CB3F04005B40040010
:106E10002340040000000000574553545F544F5076
:106E20004449522F7A65706879722F73756273794D
:106E3000732F7368656C6C2F7368656C6C2E6300C0
:106E40005741524E494E473A2041207072696E7444
:106E50002072657175657374207761732064657441
:106E60006563746564206F6E206E6F742061637457
:106E7000697665207368656C6C206261636B656E12
:106E8000642E0A00537562636F6D6D616E64733AB0
:106E90000A00000025733A2077726F6E67207061D8
:106EA00072616D6574657220636F756E740A00009F
:106EB000506C6561736520737065636966792061E4
:106EC00020737562636F6D6D616E642E0A00000041
:106ED0004572726F723A207265717565737465647C
:106EE000206D756C7469706C652066756E6374696D
:106EF0006F6E20657865637574696F6E730A000044
:106F00006E6F74207465726D696E617465643A2089
:106F100025630A00257325730A0000003A20636F79
:106F20006D6D616E64206E6F7420666F756E6400A7
:106F3000546F6F206D616E7920617267756D656E3B
:106F4000747320696E2074686520636F6D6D616E67
:106F5000642E0A000A257325730000005368656CCF
:106F60006C20746872656164206572726F723A2079
:106F700025640000506C65617365207072657373E1
:106F800020746865203C5461623E20627574746FA1
:106F90006E20746F2073656520616C6C2061766172
:106FA000696C61626C6520636F6D6D616E64732ED8
:106FB0000A000000596F752063616E20616C736F69
:106FC0002075736520746865203C5461623E2062C0
:106FD0007574746F6E20746F2070726F6D70742092
:106FE0006F72206175746F2D636F6D706C65746561
:106FF00020616C6C20636F6D6D616E6473206F72C5
:107000002069747320737562636F6D6D616E647354
:107010002E0A0000596F752063616E20747279200A
:10702000746F2063616C6C20636F6D6D616E64734F
:107030002077697468203C2D683E206F72203C2DBB
:107040002D68656C703E20706172616D657465724B
:1070500020666F72206D6F726520696E666F726D4B
:107060006174696F6E2E0A000A5368656C6C207338
:107070007570706F72747320666F6C6C6F77696E69
:1070800067206D6574612D6B6579733A0A20204322
:1070900074726C202B202861206B65792066726FDA
:1070A0006D3A206162636465666B6C6E70757729FA
:1070B0000A2020416C7420202B202861206B6579E8
:1070C0002066726F6D3A206266290A506C656173A2
:1070D0006520726566657220746F207368656C6CDC
:1070E00020646F63756D656E746174696F6E206680
:1070F0006F72206D6F72652064657461696C732EA8
:107100000A0000000A417661696C61626C65206367
:107110006F6D6D616E64733A0A0000002530385857
:107120003A2000007C0A000068656C7000000000D6
:107130005072696E7473207468652068656C702085
:107140006D6573736167652E00000000287105008E
:107150003071050000000000F5B0010001000000E2
:10716000574553545F544F504449522F7A657068C5
:1071700079722F7375627379732F7368656C6C2FD6
:107180007368656C6C5F7574696C732E63000000C6
:107190001B5B34303325646D000000001B5B2564ED
:1071A00025630000574553545F544F504449522FB4
:1071B0007A65706879722F7375627379732F73684B
:1071C000656C6C2F7368656C6C5F6F70732E6300F9
:1071D0001B5B313B3325646D00000000E14E040071
:1071E0004D4E0400994F0400000000000000000014
:1071F000000000000000000025732573000000005F
:107200002D6800002D2D68656C700000202D200079
:10721000202000004C6F7374206C6F67733A202538
:107220006C750A006F66660020756E6B6E6F776E08
:1072300020706172616D657465723A200000000013
:1072400025733A257325730A000000004563686FB3
:10725000207374617475733A2025730A000000006E
:10726000416374697665207368656C6C2062616344
:107270006B656E64733A0A0020202532642E203A32
:10728000257320282573290A000000005745535410
:107290005F544F504449522F7A65706879722F734A
:1072A00075627379732F7368656C6C2F7368656C86
:1072B0006C5F636D64732E63000000005B253364B4
:1072C0005D2025730A0000004E6F20726573706F99
:1072D0006E73652066726F6D2074686520746572C8
:1072E0006D696E616C2C20617373756D65642038F7
:1072F000307832342073637265656E2073697A6505
:107300000A0000001B5B366E000000007265747698
:10731000616C00005072696E742072657475726ED3
:107320002076616C7565206F66206D6F73742072B6
:107330006563656E7420636F6D6D616E640000003F
:10734000726573697A650000436F6E736F6C6520B8
:1073500067657473207465726D696E616C20736308
:107360007265656E2073697A65206F722061737330
:10737000756D65732064656661756C7420696E2037
:10738000636173652074686520726561646F7574EC
:10739000206661696C732E204974206D75737420AA
:1073A00062652065786563757465642061667465DF
:1073B000722065616368207465726D696E616C200E
:1073C0007769647468206368616E676520746F20F4
:1073D000656E7375726520636F7272656374207475
:1073E00065787420646973706C61792E0000000008
:1073F000686973746F727900436F6D6D616E64209C
:10740000686973746F72792E000000007368656C90
:107410006C00000055736566756C2C206E6F7420CF
:10742000556E69782D6C696B65207368656C6C208E
:10743000636F6D6D616E64732E000000636C656137
:1074400072000000436C6561722073637265656E43
:107450002E00000072656D0049676E6F7265206CCA
:10746000696E657320626567696E6E696E67207705
:10747000697468202772656D202700006465666165
:10748000756C7400417373756D65203830206368C6
:107490006172732073637265656E207769647468C6
:1074A00020616E642073656E642074686973207354
:1074B000657474696E6720746F20746865207465E4
:1074C000726D696E616C2E006261636B656E6473D0
:1074D000000000004C697374206163746976652054
:1074E0007368656C6C206261636B656E64732E0AF1
:1074F000000000006261636B73706163655F6D6FB4
:1075000064650000546F67676C65206261636B732C
:1075100070616365206B6579206D6F64652E0A5319
:107520006F6D65207465726D696E616C7320617238
:1075300065206E6F742073656E64696E6720736575
:107540007061726174652065736361706520636F3B
:10755000646520666F72206261636B73706163653E
:1075600020616E642064656C657465206275747456
:107570006F6E2E205468697320636F6D6D616E6449
:1075800020666F72636573207368656C6C20746F1E
:1075900020696E746572707265742064656C6574C0
:1075A00065206B6579206173206261636B73706124
:1075B00063652E00636F6C6F72730000546F6767B2
:1075C0006C6520636F6C6F7265642073796E746193
:1075D000782E00007674313030000000546F6767F9
:1075E0006C6520767431303020636F6D6D616E6430
:1075F000732E000070726F6D70740000546F6767B7
:107600006C652070726F6D70742E00006563686F1A
:1076100000000000546F67676C65207368656C6CD0
:10762000206563686F2E000073746174730000003E
:107630005368656C6C2073746174697374696373E7
:107640002E0000006261636B73706163650000006F
:1076500053657420646966666572656E742065732F
:107660006361706520636F646520666F722062617C
:10767000636B737061636520616E642064656C6523
:107680007465206B65792E0064656C657465000017
:10769000536574207468652073616D65206573633C
:1076A00061706520636F646520666F72206261633C
:1076B0006B737061636520616E642064656C6574D2
:1076C00065206B65792E00005265736574207368C0
:1076D000656C6C207374617469737469637320667C
:1076E0006F7220746865204C6F67676572206D6FDC
:1076F00064756C652E00000073686F7700000000F1
:10770000476574207368656C6C2073746174697369
:107710007469637320666F7220746865204C6F67AC
:10772000676572206D6F64756C652E0044697361C6
:10773000626C65207368656C6C206563686F2E20D1
:1077400045646974696E67206B65797320616E6446
:10775000206D6574612D6B65797320617265206E93
:107760006F742068616E646C65640000456E6162D0
:107770006C65207368656C6C206563686F2E000013
:1077800044697361626C652070726F6D70742E0055
:10779000456E61626C652070726F6D70742E0000B2
:1077A00044697361626C6520767431303020636F98
:1077B0006D6D616E64732E00456E61626C6520763E
:1077C0007431303020636F6D6D616E64732E000014
:1077D00044697361626C6520636F6C6F72656420CD
:1077E00073796E7461782E00456E61626C652063FA
:1077F0006F6C6F7265642073796E7461782E00000F
:107800000C730500147305000000000015C301008F
:1078100001000000407305004873050078780500FA
:10782000C5C2010001010000F0730500F8730500F6
:107830000000000031C10100010000000C740500CF
:1078400014740500A478050000000000000000008A
:107850003C7405004474050000000000A9BF01004D
:107860000100000054740500587405000000000079
:10787000DD500400000000007C7805007C740500E9
:10788000847405000000000025C001000100000014
:1078900000000000000000000000000000000000E8
:1078A00000000000A8780500C8740500D474050025
:1078B00000000000C9C0010001000000F4740500D0
:1078C0000475050048790500000000000000000074
:1078D000B4750500BC750500887A0500000000003D
:1078E00000000000D4750500DC750500487A05002D
:1078F0000000000000000000F4750500FC750500A4
:10790000087A050000000000000000000C76050069
:1079100014760500C879050069C001000101000066
:107920002876050030760500887905000000000003
:107930000000000000000000000000000000000047
:1079400000000000000000004C79050044760500AE
:1079500050760500000000001952040001000000EC
:107960008876050090760500000000000D520400A6
:107970000100000000000000000000000000000006
:1079800000000000000000008C790500F44D0500A7
:10799000C876050000000000E1500400010000006E
:1079A000F8760500007705000000000055C00100D2
:1079B00001000000000000000000000000000000C6
:1079C0000000000000000000CC79050024720500D2
:1079D0002C77050000000000415104000100000068
:1079E000BCA805006C7705000000000035510400BC
:1079F0000100000000000000000000000000000086
:107A000000000000000000000C7A05002472050050
:107A10008077050000000000B9C0010001000000EF
:107A2000BCA8050090770500000000002552040066
:107A30000100000000000000000000000000000045
:107A400000000000000000004C7A050024720500D0
:107A5000A07705000000000089510400010000002B
:107A6000BCA80500B8770500000000007D510400A7
:107A70000100000000000000000000000000000005
:107A800000000000000000008C7A05002472050050
:107A9000D077050000000000D15104000100000073
:107AA000BCA80500E877050000000000C5510400EF
:107AB00001000000000000000000000000000000C5
:107AC0000000000000000000436F6D6D616E6420D7
:107AD00062756666657220697320746F6F207368C3
:107AE0006F727420746F20657870616E6420616CB1
:107AF0006C20636F6D6D616E6473206D617463687B
:107B0000696E672077696C64636172642070617468
:107B10007465726E3A2025730A000000666C61730A
:107B2000680000002A2A2A20426F6F74696E67205D
:107B30006E524620436F6E6E6563742053444B2033
:107B400076332E302E322D3839626131323934613C
:107B5000633962202A2A2A0A000000002A2A2A20E1
:107B60005573696E67205A6570687972204F53208B
:107B700076342E302E39392D6637393163343966F3
:107B800034393263202A2A2A0A0000005745535408
:107B90005F544F504449522F6E72662F7375627353
:107BA00079732F626C7565746F6F74682F7365726B
:107BB00076696365732F6D64732E63004D54552091
:107BC00076616C756520746F6F206C6F773A202535
:107BD00064206F72206C696E6B2069732064697316
:107BE000636F6E6E656374656400000043616E6E62
:107BF0006F7420616C6C6F6361746520706C61637D
:107C00006520666F72206D656D6661756C742063AA
:107C100068756E6B20646174610000004661696C78
:107C2000656420746F2073656E64204D656D6661B8
:107C3000756C7420646961676E6F73746963206327
:107C400068756E6B2C206572722025640000000040
:107C50004D656D6661756C74204461746120457872
:107C6000706F7274206368617261637465726973A6
:107C700074696320697320616C7265616479207333
:107C80007562736372696265640000004D4453203D
:107C900044617461204578706F727420696E7661FA
:107CA0006C6964207772697465206F6666736574A9
:107CB000000000004D4453204461746120457870F9
:107CC0006F727420696E76616C696420617474727D
:107CD0006962757465206C656E67746800000000E9
:107CE0004D44532044617461204578706F72742054
:107CF0006368617261637465726973746963207724
:107D00007269746520696E76616C69642076616C55
:107D1000756500004D656D6661756C742D50726FF0
:107D20006A6563742D4B65793A414B6857456A6AB9
:107D3000507047366A6747485A4851426234714E1C
:107D40004B356E36564F385A33000000546F6F2053
:107D50006C6F6E67205552490000000068747470A3
:107D6000733A2F2F6368756E6B732D6E72662E6D6E
:107D7000656D6661756C742E636F6D2F6170692F10
:107D800076302F6368756E6B732F0000707F05006F
:107D900077910400000000005C7F050000000100F6
:107DA000587F05002D920400000000003C270020B1
:107DB00000000100307F0500C9C80100000000007C
:107DC00000000000000004002C7F05002D9204003C
:107DD000000000003427002000000100047F05009F
:107DE000C9C80100000000000100000000000400FC
:107DF000007F05002D920400000000002C270020C9
:107E000000000100D87E0500C9C801000000000084
:107E10000200000000000400D47E05002D92040042
:107E2000000000002427002000000100AC7E0500B7
:107E3000C9C80100000000000300000000000400A9
:107E4000A87E05002D920400000000001C270020E1
:107E500000000100807E05000000000035C7010021
:107E600000000000000008007C7E0500AF910400C7
:107E7000E99002004427002000000C0000000229C5
:107E8000023684BD4E2F7271A30740A5F60500226D
:107E900054000000023684BD4E2F7271A30740A526
:107EA000F60500225400000000000328023684BDBD
:107EB0004E2F7271A30740A5F60400225400000063
:107EC000023684BD4E2F7271A30740A5F60400222E
:107ED0005400000000000328023684BD4E2F72714A
:107EE000A30740A5F603002254000000023684BD1B
:107EF0004E2F7271A30740A5F60300225400000024
:107F000000000328023684BD4E2F7271A30740A5DE
:107F1000F602002254000000023684BD4E2F72711A
:107F2000A30740A5F6020022540000000000032829
:107F3000023684BD4E2F7271A30740A5F6010022C0
:107F400054000000023684BD4E2F7271A30740A575
:107F5000F60100225400000000000328023684BD10
:107F60004E2F7271A30740A5F600002254000000B6
:107F7000000000286D64730000000000F355040049
:107F80006D757465785F696E69742063616C6C658A
:107F9000642077697468204E554C4C207061726182
:107FA0006D65746572000000436F756C64206E6FC0
:107FB0007420616C6C6F63617465206D7574657895
:107FC000206265666F726520696E697469616C69AB
:107FD0007A696E6700000000FC270020F42700206B
:107FE000EC27002000000000E427002035CB010032
:107FF000D9CA01005DCA0100F1C9010009000000F1
:10800000000000000000000000C000004024050047
:10801000020000000000000000400D008824050060
:108020000300000000C00000000200004024050022
:108030000400000000C0000000400D0040240500C6
:108040000500000000C20000003E0D0040240500B5
:108050000600000000C20000003E0D0040240500A4
:108060000800000000400D00000004008824050006
:108070000900000000000E0000000200402405007E
:108080000A0000000040110000C06E0088240500B6
:1080900072302F61313A2020307825303878202016
:1080A00072312F61323A2020307825303878202004
:1080B00072322F61333A2020307825303878000032
:1080C00072332F61343A202030782530387820728E
:1080D00031322F69703A202030782530387820727C
:1080E00031342F6C723A20203078253038780000F7
:1080F00020787073723A202030782530387800006C
:10810000735B2532645D3A20203078253038782042
:1081100020735B2532645D3A202030782530387832
:108120002020735B2532645D3A202030782530387A
:10813000782020735B2532645D3A2020307825302A
:108140003878000066707363723A202030782530EA
:108150003878000072342F76313A2020307825307C
:108160003878202072352F76323A2020307825302A
:108170003878202072362F76333A20203078253018
:108180003878000072372F76343A20203078253046
:108190003878202072382F76353A202030782530F4
:1081A0003878202072392F76363A202030782530E2
:1081B000387800007231302F76373A203078253009
:1081C000387820207231312F76383A2030782530B7
:1081D0003878202020207073703A202030782530A5
:1081E000387800004558435F52455455524E3A2066
:1081F00030782530780000004661756C74696E67D0
:1082000020696E737472756374696F6E2061646443
:108210007265737320287231352F7063293A2030CC
:108220007825303878000000556E68616E646C65A2
:1082300064204952516E3A20256400005350534542
:108240004C20696E20746872656164206D6F64658E
:1082500020646F6573206E6F7420696E646963615A
:1082600074652050535000002A2A2A2A2A20555388
:10827000414745204641554C54202A2A2A2A2A00A3
:1082800020204469766973696F6E206279207A656F
:10829000726F00002020556E616C69676E65642006
:1082A0006D656D6F727920616363657373000000A3
:1082B0002020537461636B206F766572666C6F77F4
:1082C0002028636F6E746578742061726561206E1A
:1082D0006F742076616C69642900000020204E6F65
:1082E00020636F70726F636573736F7220696E7352
:1082F0007472756374696F6E730000002020496C9E
:108300006C6567616C206C6F6164206F66204558F6
:10831000435F52455455524E20696E746F2050434E
:10832000000000002020496C6C6567616C2075734B
:1083300065206F6620746865204550535200000028
:108340002020417474656D707420746F20657865A9
:108350006375746520756E646566696E6564206911
:108360006E737472756374696F6E00002A2A2A2A0C
:108370002A204465627567206D6F6E69746F722084
:10838000657863657074696F6E202A2A2A2A2A002C
:1083900052657365727665642045786365707469AB
:1083A0006F6E20280000000053707572696F75733E
:1083B00020696E746572727570742028495251205C
:1083C000000000002A2A2A2A2A2025732025642951
:1083D000202A2A2A2A2A00002A2A2A2A2A20425522
:1083E00053204641554C54202A2A2A2A2A000000AC
:1083F0002020537461636B696E67206572726F72BF
:10840000000000002020556E737461636B696E6715
:10841000206572726F72000020205072656369736C
:1084200065206461746120627573206572726F7279
:1084300000000000202042464152204164647265E1
:1084400073733A2030782578000000002020496DB1
:10845000707265636973652064617461206275730D
:10846000206572726F7200002020496E73747275FD
:108470006374696F6E20627573206572726F72002B
:108480002020466C6F6174696E672D706F696E7421
:10849000206C617A792073746174652070726573E1
:1084A0006572766174696F6E206572726F7200001A
:1084B0002A2A2A2A2A204D5055204641554C54201C
:1084C0002A2A2A2A2A0000002020537461636B693B
:1084D0006E67206572726F722028636F6E746578A4
:1084E000742061726561206D69676874206265201F
:1084F0006E6F742076616C696429000020204461ED
:108500007461204163636573732056696F6C617495
:10851000696F6E0020204D4D4641522041646472C7
:108520006573733A20307825780000002020496E6A
:10853000737472756374696F6E20416363657373DE
:108540002056696F6C6174696F6E00005745535413
:108550005F544F504449522F7A65706879722F6189
:108560007263682F61726D2F636F72652F636F7214
:108570007465785F6D2F6661756C742E6300000002
:108580002A2A2A2A2A2048415244204641554C543E
:10859000202A2A2A2A2A0000202042757320666198
:1085A000756C74206F6E20766563746F72207461D1
:1085B000626C6520726561640000000020204465E3
:1085C000627567206576656E740000002020466144
:1085D000756C7420657363616C6174696F6E2028BB
:1085E0007365652062656C6F7729000041524348CE
:1085F0005F4558434550542077697468207265611F
:10860000736F6E2025780A00574553545F544F50BE
:108610004449522F7A65706879722F617263682FAE
:1086200061726D2F636F72652F636F727465785F0F
:108630006D2F6972715F6D616E6167652E630000F9
:108640000020002000000000060001006D70750091
:108650004661696C656420746F20616C6C6F636146
:108660007465206E6577204D505520726567696F7F
:108670006E2025750A000000506172746974696F7C
:108680006E2025753A2073616E6974792063686580
:10869000636B206661696C65642E0000496E7661CB
:1086A0006C696420756E6465726C79696E6720729E
:1086B0006567696F6E20696E6465782025750000B6
:1086C000574553545F544F504449522F7A65706850
:1086D00079722F617263682F61726D2F636F72659B
:1086E0002F6D70752F61726D5F6D70752E63000058
:1086F0000200000008870500464C4153485F3000E7
:108700005352414D5F30000000000000F886050024
:1087100002000000E0FF0F0000200020008705009D
:1087200021000000E0FF0620574553545F544F508E
:108730004449522F7A65706879722F6C69622F6C88
:108740006962632F6E65776C69622F6C6962632D55
:10875000686F6F6B732E6300657869740A000000A0
:108760006765746F70740000574553545F544F50E1
:108770004449522F7A65706879722F6C69622F6E46
:1087800065745F6275662F6275662E630000000077
:10879000B3580400000000003B5804006E65745F8D
:1087A00062756600574553545F544F504449522FE9
:1087B0007A65706879722F6C69622F6E65745F627A
:1087C00075662F6275665F73696D706C652E6300E8
:1087D0006E65745F6275665F73696D706C650000CD
:1087E000574553545F544F504449522F6D6F647531
:1087F0006C65732F68616C2F6E6F726469632F6E86
:108800007266782F68616C2F6E72665F6770696F31
:108810002E68000021202524736F630057455354B0
:108820005F544F504449522F7A65706879722F69AE
:108830006E636C7564652F7A65706879722F7379D1
:10884000732F6E6F746966792E6800005745535414
:108850005F544F504449522F7A65706879722F7374
:108860006F632F6E6F726469632F6E726635332F7C
:108870006E726635335F6370756E65745F6D676DBC
:10888000742E6300515A0400F759040000000000E0
:10889000574553545F544F504449522F7A6570687E
:1088A00079722F7375627379732F6D676D742F6D85
:1088B00063756D67722F6D676D742F7372632F6DA3
:1088C000676D742E630000007263000067726F753D
:1088D00070000000574553545F544F504449522F85
:1088E0007A65706879722F7375627379732F6D670B
:1088F0006D742F6D63756D67722F6772702F696D60
:10890000675F6D676D742F696E636C7564652F6D3D
:10891000676D742F6D63756D67722F6772702F6945
:108920006D675F6D676D742F696D675F6D676D74DF
:108930005F707269762E680066612D3E66615F73B6
:10894000697A6520252034203D3D2030000000005C
:10895000574553545F544F504449522F7A657068BD
:1089600079722F7375627379732F6D676D742F6DC4
:1089700063756D67722F6772702F696D675F6D67C2
:108980006D742F7372632F7A65706879725F696D89
:10899000675F6D676D742E63000000004661696C4F
:1089A000656420746F207265616420646174612065
:1089B00066726F6D20666C61736820617265613AE2
:1089C000202564004661696C656420746F206F70B7
:1089D000656E20666C617368206172656120494430
:1089E0002025753A202564004661696C6564207411
:1089F0006F20657261736520666C617368206172B7
:108A000065613A20256400004661696C65642074E4
:108A10006F207265616420646174612066726F6D9D
:108A200020666C6173683A202564000055706C6F95
:108A3000616420746F6F206C6172676520666F726D
:108A400020736C6F743A202575203E202575000038
:108A5000696D675F6D676D745F666C6173685F6396
:108A60006865636B5F656D7074795F696E6E657262
:108A700000000000696D616765000000736C6F7431
:108A8000000000003C3F3F3F3E000000686173680B
:108A900000000000626F6F7461626C65000000008E
:108AA00070656E64696E6700636F6E6669726D658E
:108AB0006400000061637469766500007065726D22
:108AC000616E656E7400000046616C656420626FC3
:108AD0006F745F7365745F6E65787420776974680E
:108AE00020636F64652025642C20666F7220736C90
:108AF0006F742025642C2077697468206163746921
:108B0000766520736C6F7420256420616E64206329
:108B10006F6E6669726D202564000000696D616783
:108B20006573000073706C697453746174757300BD
:108B3000636F6E6669726D002568752E2568752EE7
:108B4000256875002E257500736C6F747300000026
:108B50004661696C656420746F206F70656E207368
:108B60006C6F7420256420666F7220696E666F7268
:108B70006D6174696F6E206665746368696E673ACB
:108B80002025640075706C6F61645F696D61676555
:108B90005F69640073686100757067726164650085
:108BA000496D6167652075706C6F616420696E73D3
:108BB00070656374206661696C65643A20256400A1
:108BC00049727265636F76657261626C6520657269
:108BD000726F723A20666C6173682077726974658F
:108BE000206661696C65643A2025640009FD010016
:108BF00035FE01000000000021040200000000001A
:108C00000000000000000000000000000000000064
:108C10000000000000000000910302006500020057
:108C2000000000006D63756D67725F696D675F6757
:108C3000727000007175657279000000626F6F7468
:108C40006C6F6164657200004D4355626F6F740014
:108C50002025732573257300257325732573000064
:108C6000666F726D617400005A65706879720000F9
:108C700076342E302E39392D6E6373312D3200004B
:108C800061726D00636F727465782D6D333300000F
:108C900025735A6570687972000000006F757470F2
:108CA000757400006275665F73697A650000000084
:108CB0006275665F636F756E74000000490B020099
:108CC000490B02000000000000000000000000004E
:108CD0000000000000000000000000000000000094
:108CE0000000000000000000310B0200E10A020059
:108CF00000000000490702000000000061060200B9
:108D0000000000006D63756D67725F6F735F67725F
:108D100070000000574553545F544F504449522F40
:108D20007A65706879722F7375627379732F6D67C6
:108D30006D742F6D63756D67722F7472616E7370D1
:108D40006F72742F7372632F736D702E6300000047
:108D5000908705005C8D0500AB09000058120220C9
:108D60006D63756D677220736D7000006D63756D56
:108D700067725F736D700000608D05000000000079
:108D80004E756C6C20637064206F626A656374203A
:108D9000666F7220636F6E6E656374696F6E2025F7
:108DA00070000000574553545F544F504449522FB0
:108DB0007A65706879722F7375627379732F6D6736
:108DC0006D742F6D63756D67722F7472616E737041
:108DD0006F72742F7372632F736D705F62742E6382
:108DE00000000000426C7565746F6F746820534D0D
:108DF00050207472616E73706F727420726567694F
:108E000073746572206661696C656420286572728E
:108E100020256429000000000000022902487C99F6
:108E20007411269EAE014ECEFB28782EDA0000008B
:108E300002487C997411269EAE014ECEFB28782EF6
:108E4000DA000000000003280284AA6074528A8BB2
:108E500086D34CB71D1DDC538D0000000000002898
:108E600000FFFFFFFFFFFF00000000000000000008
:108E7000FFFFFFFFFFFF00000000000000000000F8
:108E80003031323334353637383961626364656680
:108E90000000000062745F72706100004254204C58
:108EA000572057510000000002FB349B5F800000F8
:108EB00080001000000000000000000057455354DF
:108EC0005F544F504449522F7A65706879722F73FE
:108ED00075627379732F626C7565746F6F74682F28
:108EE000686F73742F6275662E63000090870500AB
:108EF000F88E0500470000008439022090870500A5
:108F0000088F050000010000643D022090870500E5
:108F1000188F05002E0000002444022090870500D1
:108F2000288F0500020100000445022062745F6280
:108F30007566000062745F6461746100446174610D
:108F400020627566666572206F766572666C6F77F3
:108F500020286C696E6B207479706520307825301C
:108F600032782900546F6F20736D616C6C20282556
:108F70007520627974657329206576656E7420307A
:108F800078253032780000004E6F20636F6D6D6180
:108F90006E642073656E7420666F7220636D64204A
:108FA000636F6D706C65746520307825303478009F
:108FB0004F70436F64652030782530347820636FBC
:108FC0006D706C6574656420696E7374656164208E
:108FD0006F6620657870656374656420307825302D
:108FE00034780000574553545F544F504449522F32
:108FF0007A65706879722F7375627379732F626CFA
:109000007565746F6F74682F686F73742F68636908
:109010005F636F72652E63004E6F2070656E6469CA
:109020006E67207065726970686572616C20636F2D
:109030006E6E656374696F6E00000000556E657832
:10904000706563746564207374617475732030781F
:109050002530327820257300556E61626C6520746E
:109060006F206C6F6F6B20757020636F6E6E207752
:109070006974682068616E646C6520257500000065
:10908000556E61626C6520746F206C6F6F6B7570CC
:1090900020636F6E6E20666F722068616E646C650F
:1090A00020257500657674206E756D5F68616E644D
:1090B0006C657320283D25752920746F6F206C61C5
:1090C00072676520282575203E202575290000003F
:1090D0004E6F20636F6E6E656374696F6E20666F8E
:1090E000722068616E646C65202575007061636B29
:1090F00065747320636F756E74206D69736D617430
:1091000063680000486172647761726520657272FD
:109110006F722C20686172647761726520636F647E
:10912000653A202564000000556E68616E646C65C8
:1091300064206576656E7420307825303278206C36
:10914000656E2025753A202573000000496E766112
:109150006C696420484349206576656E74207369A4
:109160007A65202825752900556E68616E646C65E6
:10917000642076656E646F722D73706563696669CD
:1091800063206576656E7420307825303278206CE7
:10919000656E2025753A202573000000436F756CBD
:1091A00064206E6F74207375626D69742072785FCD
:1091B000776F726B3A20256400000000496E76617B
:1091C0006C6964204843492041434C207061636BC3
:1091D00065742073697A65202825752900000000D0
:1091E00041434C2064617461206C656E6774682033
:1091F0006D69736D617463682028257520213D2099
:1092000025752900556E61626C6520746F20666952
:109210006E6420636F6E6E20666F722068616E648C
:109220006C65202575000000556E6B6E6F776E20A3
:10923000627566207479706520257500696E7465A5
:109240007276616C20657863656564732074686507
:109250002076616C69642072616E676520307825C4
:10926000303478006C6174656E637920657863656D
:10927000656473207468652076616C69642072612E
:109280006E6765203078253034780000737570760D
:109290005F74696D656F7574206578636565647367
:1092A000207468652076616C69642072616E676500
:1092B00020307825303478004661696C656420740C
:1092C0006F207365742072657175697265642073AF
:1092D00065637572697479206C6576656C00000051
:1092E0004E6F206368616E676520746F20656E63E2
:1092F00072797074696F6E2073746174652028656B
:109300006E637279707420307825303278290000CD
:10931000496E76616C696420627566207479706547
:1093200020257500536D61727452657461696E65B4
:109330007250617463680000556E61626C652074E0
:109340006F2073656E6420746F2064726976657235
:10935000202865727220256429000000556E616224
:109360006C6520746F206C6F6F6B20757020636F5D
:109370006E6E207769746820696E64657820307835
:1093800025303278000000004E6F74207265706FD7
:109390007274696E67207061636B657420666F72AA
:1093A000206E6F6E2D636F6E6E65637465642063EF
:1093B0006F6E6E004F7574206F6620636F6D6D6108
:1093C0006E6420627566666572730000556E616238
:1093D0006C6520746F20616C6C6F636174652062D2
:1093E0007566666572000000556E636C6561726536
:1093F000642070656E64696E672073656E745F6368
:109400006D6400006F70636F6465203078253034C0
:109410007820737461747573203078253032782029
:1094200025730000436F6E74726F6C6C65722074EC
:109430006F20686F737420666C6F7720636F6E7433
:10944000726F6C206E6F7420737570706F727465BC
:109450006400000056656E646F72204843492065C1
:109460007874656E73696F6E73206E6F74206176A9
:1094700061696C61626C65004661696C6564207449
:109480006F207265616420737570706F72746564AB
:109490002076656E646F7220636F6D6D616E6473AC
:1094A000000000004661696C656420746F2072657D
:1094B000616420737570706F727465642076656E78
:1094C000646F7220666561747572657300000000D8
:1094D0004661696C656420746F2072656164204424
:1094E0004C45206D61782064617461206C656E006C
:1094F00074785F6F63746574732065786365656401
:1095000073207468652076616C69642072616E678F
:10951000652025750000000074785F74696D652012
:1095200065786365656473207468652076616C692D
:10953000642072616E676520257500004E6F6E2D88
:109540004C452063617061626C6520636F6E74725C
:109550006F6C6C657220646574656374656421006A
:1095600041434C2042522F45445220627566666545
:109570007273206E6F7420696E697469616C697AA8
:109580006564000048434920647269766572206909
:1095900073206E6F742072656164790042542052AA
:1095A00058205751000000004843492064726976F2
:1095B0006572206F70656E206661696C6564202835
:1095C000256429004E6F2070656E64696E672063A4
:1095D0006F6E6E20666F7220706565722025730055
:1095E000556E657870656374656420484F53545FA9
:1095F0004E554D5F434F4D504C455445445F50418F
:10960000434B4554532C2073746174757320307828
:109610002530327820257300312E306200000000A2
:10962000312E3100312E3200322E3000322E3100F8
:10963000332E3000342E3000342E3100342E3200E0
:10964000352E3000352E3100352E3200352E3300C8
:10965000352E3400362E300062745F6863695F63B4
:109660006F7265000E0300008D3702000F040000CA
:10967000613702001A0100001918020005040000F9
:109680009167040013010000A51C0200FF01000007
:10969000212102003E010000092002000504000013
:1096A000791B020008040000852502003003000039
:1096B000E124020010010000611E020001120000FE
:1096C000DD3602000A1E0000D36904000309000011
:1096D000C9220200040B0000411C0200060A00001F
:1096E0008D2A0200070A0000091C02000C05000078
:1096F000D11B0200050C0000DD2902009087050047
:10970000089705004700000024460220574553549F
:109710005F544F504449522F7A65706879722F73A5
:1097200075627379732F626C7565746F6F74682FCF
:10973000686F73742F69642E63000000636D64208A
:10974000646973616C6C6F776564000053657420A5
:1097500070726976616379206D6F646520636F6DE7
:109760006D616E64206973206E6F74207375707004
:109770006F727465640000004661696C65642074F2
:109780006F2072656164206964656E746974792004
:10979000726F6F7400000000526561642053746141
:1097A0007469632041646472657373657320636FC9
:1097B0006D6D616E64206E6F7420617661696C619D
:1097C000626C65004661696C656420746F20726527
:1097D0006164207374617469632061646472657389
:1097E000736573004E6F20737461746963206164E4
:1097F000647265737365732073746F726564206936
:109800006E20636F6E74726F6C6C65720000000086
:109810004661696C656420746F207570646174655D
:10982000205250412061646472657373202825645E
:10983000290000004E525041206E6F7420737570E5
:10984000706F72746564207768656E2042545F5053
:109850005249564143593D79000000004661696C08
:10986000656420746F2064697361626C6520616453
:109870006472657373207265736F6C7574696F6E53
:10988000000000005265736F6C76696E67206C692A
:1098900073742073697A65206578636565646564AF
:1098A0002E20537769746368696E6720746F20682F
:1098B0006F73742E000000004661696C656420744B
:1098C0006F20636C656172207265736F6C7574696B
:1098D0006F6E206C697374004661696C65642074F6
:1098E0006F206164642049524B20746F20636F6E57
:1098F00074726F6C6C6572004661696C656420748B
:109900006F207365742070726976616379206D6F62
:109910006465000044697361626C696E672061640C
:109920006472657373207265736F6C7574696F6EA2
:10993000206661696C65642028657272202564293F
:10994000000000004661696C656420746F207265D8
:109950006D6F76652049524B2066726F6D20636F84
:109960006E74726F6C6C6572000000004F6E6C79E3
:109970002072616E646F6D20737461746963206915
:1099800064656E74697479206164647265737320B0
:10999000737570706F72746564000000496E766153
:1099A0006C696420696E70757420706172616D6598
:1099B00074657273000000004661696C6564207410
:1099C0006F2072656164207075626C6963206164E8
:1099D000647265737300000043616E2774207365C1
:1099E0007420626F7468204944454E54495459208C
:1099F00026204E5250410000556E61626C65207405
:109A00006F20736574206964656E74697479206170
:109A10006464726573730000556E61626C652074D6
:109A20006F207365742072616E646F6D2061646471
:109A3000726573730000000062745F696400000067
:109A4000546F6F2062696720616476657274697310
:109A5000696E672064617461000000004661696C92
:109A6000656420746F20737461727420616476651C
:109A700072746973657200004E6F2076616C696460
:109A8000206C656761637920616476004661696C6A
:109A9000656420746F2073746F70206164766572E2
:109AA000746973696E673A2025640000436F6E74B1
:109AB000726F6C6C65722063616E6E6F742072657C
:109AC00073756D6520636F6E6E65637461626C653E
:109AD000206164766572746973696E6720282564F5
:109AE0002900000062745F6164760000574553549A
:109AF0005F544F504449522F7A65706879722F69CC
:109B00006E636C7564652F7A65706879722F7379EE
:109B1000732F627974656F726465722E680000003D
:109B20007073615F63727970746F5F696E697428B6
:109B300029206661696C6564202564007073615F2B
:109B400067656E65726174655F72616E646F6D28C2
:109B500029206661696C6564202564004661696C32
:109B6000656420746F20696D706F72742041455375
:109B7000206B65792025640041455320656E637232
:109B8000797074696F6E206661696C656420256404
:109B9000000000004661696C656420746F20646594
:109BA0007374726F7920414553206B657920256469
:109BB0000000000062745F686F73745F6372797095
:109BC000746F00004661696C656420746F2067657E
:109BD0006E657261746520454343206B657920256D
:109BE000640000004661696C656420746F206578CC
:109BF000706F727420454343207075626C696320F6
:109C00006B657920256400004661696C6564207489
:109C10006F206578706F72742045434320707269BD
:109C200076617465206B6579202564004661696CF6
:109C3000656420746F2064657374726F7920454386
:109C400043206B6579204944202564004661696C96
:109C5000656420746F20696D706F7274207468651C
:109C60002070726976617465206B657920666F7209
:109C7000206B65792061677265656D656E7420255E
:109C800064000000526177206B657920616772651E
:109C9000656D656E74206661696C6564202564007D
:109CA0004661696C656420746F2064657374726FBB
:109CB0007920746865206B657920256400000000B8
:109CC0007073615F696D706F72745F6B657928295D
:109CD0002072657475726E65642073746174757337
:109CE000202564004275737920706572666F726D0D
:109CF000696E6720616E6F746865722045434448E1
:109D0000206F7065726174696F6E0000E69D350E9C
:109D1000480103CCDBFDF4AC1191F4EFB9A5F9E9EE
:109D2000A7832C5E2CBE97F2D203B0208BD289156C
:109D3000D08E1C742430ED8FC24563765C15525A68
:109D4000BF9A32636DEB2A65499C80DC62745F6563
:109D500063630000646973636F6E6E65637465644A
:109D600000000000646973636F6E6E6563742D6339
:109D70006F6D706C657465007363616E2D626566EE
:109D80006F72652D696E6974696174696E67000030
:109D9000696E6974696174696E672D66696C746552
:109DA000722D6C69737400006164762D636F6E6E42
:109DB00065637461626C65006164762D6469722DFF
:109DC000636F6E6E65637461626C65006469736372
:109DD0006F6E6E656374696E6700000028756E6B48
:109DE0006E6F776E29000000574553545F544F50F3
:109DF0004449522F7A65706879722F73756273794E
:109E0000732F626C7565746F6F74682F686F7374ED
:109E10002F636F6E6E2E63004661696C65642072FD
:109E20006561642072656D6F746520666561747527
:109E30007265732028256429000000004661696C62
:109E40006564204C452053657420504859202825CE
:109E5000642900004661696C656420746F20736535
:109E6000742064617461206C656E2028256429006B
:109E7000556E657870656374656420666972737485
:109E8000204C32434150206672616D650000000035
:109E9000556E6578706563746564204C324341503B
:109EA00020636F6E74696E756174696F6E00000077
:109EB0004E6F7420656E6F756768206275666665A3
:109EC0007220737061636520666F72204C3243416B
:109ED0005020646174610000556E6578706563742C
:109EE00065642041434C20666C616773202830789C
:109EF000253032782900000041434C206C656E20EB
:109F00006D69736D6174636820282575203E202576
:109F1000752900006E6F207472616E736974696FC9
:109F20006E20257300000000496E76616C69642024
:109F300028257529206F6C64207374617465000096
:109F4000636F6E6E202570206661696C6564207495
:109F50006F2065737461626C6973682E20524620AD
:109F60006E6F6973653F00006E6F2076616C696487
:109F7000202825752920737461746520776173200A
:109F800073657400696E636F6D70617469626C658E
:109F90002068616E646C65202575000054696D65EC
:109FA0006F7574206469736361726465642E204EFA
:109FB0006F20626C6F636B696E6720696E207379C6
:109FC0007377712E00000000556E61626C6520741D
:109FD0006F20616C6C6F6361746520627566666585
:109FE000722077697468696E2074696D656F757425
:109FF00000000000636F6E6E2025703A206E6F7453
:10A0000020636F6E6E656374656400004661746101
:10A010006C206572726F7220282564292E20446995
:10A0200073636F6E6E656374696E672025700000E0
:10A03000466F756E642076616C696420636F6E6E26
:10A04000656374696F6E20282570292077697468AC
:10A05000206164647265737320257320696E202506
:10A0600073207374617465200000000053656E6492
:10A07000204C4520706172616D207570646174655B
:10A08000206661696C6564202865727220256429E8
:10A090000000000053656E64206175746F204C45AC
:10A0A00020706172616D20757064617465206661F5
:10A0B000696C65642028657272202564290000009F
:10A0C00090870500CCA0050000000000044A022093
:10A0D00090870500DCA0050000010000CC4A0220AA
:10A0E00062745F636F6E6E00574553545F544F50F8
:10A0F0004449522F7A65706879722F73756273794B
:10A10000732F626C7565746F6F74682F686F7374EA
:10A110002F6C326361702E6300000000546F6F205B
:10A12000736D616C6C204C4520636F6E6E207061A6
:10A1300072616D20727370004E6F20617661696C80
:10A1400061626C65204C3243415020636F6E7465D0
:10A15000787420666F7220636F6E6E202570000029
:10A16000556E61626C6520746F20616C6C6F636109
:10A170007465204C32434150206368616E6E656C9B
:10A1800020494400556E61626C6520746F20616CDB
:10A190006C6F636174652062756666657220666FB8
:10A1A00072206F70203078253032780045787065E5
:10A1B0006374696E6720757020746F202564207247
:10A1C0006566732C20676F7420256400616C72656E
:10A1D00061647920686176652076696577206F6EA5
:10A1E00020257000546F6F20736D616C6C204C32B1
:10A1F000434150207369676E616C696E67205044FB
:10A20000550000004C32434150206C656E67746805
:10A21000206D69736D617463682028257520213D68
:10A220002025752900000000496E76616C69642064
:10A230006964656E742076616C756520696E204C6A
:10A2400032434150205044550000000052656A6579
:10A250006374696E6720756E6B6E6F776E204C321B
:10A260004341502050445520636F64652030782569
:10A2700030327800546F6F20736D616C6C204C32FB
:10A28000434150205044552072656365697665648A
:10A290000000000049676E6F72696E672064617428
:10A2A0006120666F7220756E6B6E6F776E206368CB
:10A2B000616E6E656C20494420307825303478001A
:10A2C000CD750400CF750400000000000000000000
:10A2D00000000000F9720200000000000000000011
:10A2E000000000000000000062745F6C3263617067
:10A2F00000000000415454206368616E6E656C205C
:10A300006E6F7420636F6E6E656374656400000029
:10A310004E6F7420636F6E6E656374656400000039
:10A32000556E61626C6520746F2066696E642041B1
:10A330005454206368616E6E656C00004E6F20613E
:10A340007661696C61626C65204154542063686178
:10A350006E6E656C20666F7220636F6E6E20257066
:10A36000000000004E6F20617661696C61626C656F
:10A370002041545420636F6E7465787420666F7248
:10A3800020636F6E6E20257000000000556E6162C4
:10A390006C6520746F206372656174652055554942
:10A3A000443A2073697A652025750000556E616214
:10A3B0006C6520746F206372656174652055554922
:10A3C000443A2073697A6520256400005745535448
:10A3D0005F544F504449522F7A65706879722F73D9
:10A3E00075627379732F626C7565746F6F74682F03
:10A3F000686F73742F6174742E6300004572726FFE
:10A4000072207369676E696E672064617461000011
:10A4100052616E206F7574206F66205458206275EB
:10A420006666657273206F7220636F6E74657874F0
:10A43000732E0000476F74206572722025642C20F3
:10A440006E6F742063616C6C696E67204154542098
:10A4500063620000415454204D5455206578636573
:10A46000656465642C206D61782025752C207761EA
:10A470006E74656420257A7500000000546F6F20AB
:10A48000736D616C6C2041545420504455207265AA
:10A490006365697665640000556E68616E646C651D
:10A4A000642041545420636F646520307825303235
:10A4B00078000000496E76616C6964206C656E20DE
:10A4C000257520666F7220636F64652030782530B3
:10A4D000327800004E6F20415454206368616E6EE4
:10A4E000656C20666F72204D545520257A750000EA
:10A4F0004E6F2070656E64696E67204154542072FF
:10A5000065717565737400004154542054696D651C
:10A510006F757420666F72206465766963652025A7
:10A52000732E20446973636F6E6E656374696E6722
:10A530002E2E2E00446973636F6E6E656374696EB0
:10A5400067206661696C65642028657272202564E5
:10A5500029000000020201009984040004040100A3
:10A560005F84040006060100D9830400080401008A
:10A57000158304000A020100FB8204000C040100A0
:10A58000E18204000E04010069830200200401003E
:10A59000C9820200100401003B8204001202010083
:10A5A000C5810400160401004F7904001801010060
:10A5B000537904001E0004002986040052020000A2
:10A5C0009B810400010402001D87020003020200B7
:10A5D000F585040005010200E78504000704020078
:10A5E000D985040009010200CB8504000B0002009C
:10A5F000BD8504000D000200AF8504000F000200BD
:10A60000A1850400210202009385040011010200CB
:10A6100085850400130002007785040017040200FA
:10A6200069850400190002005B8504001B02030019
:10A63000E77904001D0205002F81040023040300B4
:10A64000D57904009087050050A60500020100009E
:10A65000AC58022062745F61747400005745535413
:10A660005F544F504449522F7A65706879722F7346
:10A6700075627379732F626C7565746F6F74682F70
:10A68000686F73742F676174742E6300434D414388
:10A6900020757064617465206661696C656420254D
:10A6A00064000000556E61626C6520746F20696DF6
:10A6B000706F727420746865206B657920666F72A4
:10A6C0002041455320434D414320256400000000B4
:10A6D000434D4143206F7065726174696F6E2069EC
:10A6E0006E6974206661696C6564202564000000F1
:10A6F000434D41432066696E697368206661696CE9
:10A700006564202564000000756E61626C652074CC
:10A710006F20736176652053433A206E6F20636625
:10A7200067206C65667400004E6F2073706163650E
:10A7300020746F2073746F726520436C69656E744A
:10A7400020537570706F727465642046656174750E
:10A75000726573004661696C656420746F20636C78
:10A760006561722053432025640000004E6F207302
:10A770007061636520746F2073746F72652043434A
:10A780004320636667000000636F6E6E20257020B3
:10A79000706172616D73202570207265737562201F
:10A7A0006661696C656420286572722025642900E1
:10A7B00076616C75655F6C656E206F66202575200F
:10A7C00070726F766964656420666F72204E554CB6
:10A7D0004C2076616C756500556E61626C65207405
:10A7E0006F2072656769737465722068616E646C4E
:10A7F00065203078253034780000000052656164AF
:10A80000206D6574686F64206E6F742073657400CA
:10A810004661696C656420746F20726561642061B3
:10A82000747472696275746520257020286572726F
:10A8300020257A6429000000496E76616C696420E5
:10A8400072656164206C656E6774683A20257A646D
:10A85000000000004C696E6B206973206E6F7420DD
:10A86000656E637279707465640000004465766992
:10A870006365206973206E6F7420737562736372F1
:10A880006962656420746F206368617261637465D6
:10A8900072697374696300004E6F20627566666545
:10A8A0007220617661696C61626C6520746F2073DF
:10A8B000656E6420696E6469636174696F6E00001F
:10A8C000534320726573746F726520696E646963A7
:10A8D0006174696F6E206661696C656400000000D8
:10A8E000434343202570206E6F7420777269746132
:10A8F000626C65004E6F20627566666572206176D7
:10A9000061696C61626C6520746F2073656E642090
:10A910006E6F74696669636174696F6E0000000030
:10A92000496E76616C69642068616E646C650000D4
:10A9300042616420706565723A204154542072650A
:10A9400061642D62792D75756964207273703A2087
:10A9500048616E646C6520307825303478206973E6
:10A96000206F7574736964652072657175657374A1
:10A9700065642072616E6765203078253034782DEB
:10A980003078253034782E2041626F7274696E679A
:10A9900020726561642E00004661696C65642074F4
:10A9A0006F20756E737562736372696265202865C6
:10A9B0007272202564290000496E76616C696420FA
:10A9C00064617461206C656E202575203E202575BC
:10A9D000000000004661696C656420746F20736537
:10A9E0007420736563757269747920666F72206272
:10A9F0006F6E646564207065657220282564290087
:10AA000062742F636363000062745F676174740033
:10AA1000DCAA05007791040000000000D8AA050018
:10AA200000000100D4AA05002D92040000000000DF
:10AA3000D029002000000100CCAA05000000000081
:10AA4000000000000000000000000000C8AA05008F
:10AA5000AF910400E9900200D82900200000030013
:10AA6000C4AA05002D92040000000000C82900209F
:10AA700000000100BCAA05003B9104002D8E0200DD
:10AA80000000000000000300B8AA05002D92040099
:10AA900000000000C029002000000100B0AA05004D
:10AAA0003D970200000000000000000000000100CF
:10AAB00000002A2B00002A2B000003280000292B6D
:10AAC0000000292B00000328000002290000052AAD
:10AAD0000000052A000003280000011800000028DB
:10AAE00094AB0500779104000000000090AB0500D6
:10AAF000000001008CAB05002D9204000000000056
:10AB00005C2A00200000010084AB050003910400D2
:10AB100000000000000000000000010080AB050004
:10AB20002D92040000000000542A002000000100C3
:10AB300078AB0500CF90040000000000000000008A
:10AB40000000010074AB05002D920400000000001D
:10AB50004C2A0020000001006CAB05009D90040011
:10AB60000000000000000000000001000000042AB6
:10AB70000000042A000003280000012A0000012A26
:10AB8000000003280000002A0000002A000003281B
:10AB90000000001800000028556E61626C6520748A
:10ABA0006F2066696E6420534D50206368616E6E3D
:10ABB000656C00004E6F20617661696C61626C6546
:10ABC00020534D5020636F6E7465787420666F72E9
:10ABD00020636F6E6E20257000000000556E6B6E56
:10ABE0006F776E2070616972696E67206D65746839
:10ABF0006F6420282575290043616C63756C61744E
:10AC00006520636F6E6669726D206661696C65644C
:10AC100000000000574553545F544F504449522F91
:10AC20007A65706879722F7375627379732F626CAD
:10AC30007565746F6F74682F686F73742F736D70A0
:10AC40002E63000043616C63756C617465204C5425
:10AC50004B206661696C65640000000043616C63B1
:10AC6000756C617465206C6F63616C2044484B6542
:10AC70007920636865636B206661696C65640000B8
:10AC800043616C63756C6174652072656D6F74658A
:10AC90002044484B657920636865636B2066616971
:10ACA0006C6564004661696C656420746F2067653B
:10ACB0006E65726174652044484B65790000000040
:10ACC00052656D6F7465207075626C6963206B6589
:10ACD000792072656A656374656400004E6F206B4D
:10ACE00065797320737061636520666F72202573C8
:10ACF00000000000556E61626C6520746F20616C0D
:10AD00006C6F63617465204964656E7420496E667A
:10AD10006F2062756666657200000000556E6162A4
:10AD20006C6520746F20616C6C6F63617465204981
:10AD300064656E74204164647220496E666F20629F
:10AD400075666665720000005265636569766564C4
:10AD500020696E76616C6964207075626C6963202D
:10AD60006B657900556E61626C6520746F20676554
:10AD700074206B65797320666F7220257300000064
:10AD80005265667573696E67206E657720706169BC
:10AD900072696E672E20546865206F6C6420626F44
:10ADA0006E64206D75737420626520756E706169C4
:10ADB0007265642066697273742E000054686520A1
:10ADC000696E2D70726F677265737320706169723E
:10ADD000696E6720686173206265656E2064656CCA
:10ADE0006574656421000000534D5020646F6573E5
:10ADF000206E6F7420616C6C6F77206120706169C8
:10AE000072696E67206661696C7572652061742075
:10AE10007468697320706F696E742E204B6E6F7743
:10AE20006E2069737375652E20446973636F6E6E4F
:10AE3000656374696E6720696E73746561642E0062
:10AE40005075626C6963206B6579206E6F74206148
:10AE50007661696C61626C6500000000546F6F2060
:10AE6000736D616C6C20534D5020504455207265B9
:10AE70006365697665640000534D5020636F6D6DA6
:10AE8000616E642028636F646520307825303278E5
:10AE900029207265636569766564206166746572F0
:10AEA0002074696D656F75740000000052656365FC
:10AEB0006976656420726573657276656420534DAA
:10AEC0005020636F646520307825303278000000B0
:10AED000556E68616E646C656420534D5020636FDD
:10AEE000646520307825303278000000556E657832
:10AEF00070656374656420534D5020636F646520F2
:10AF00003078253032780000496E76616C696420B3
:10AF10006964656E746974792025730020666F72A8
:10AF20002025730070616972696E67206661696CC3
:10AF3000656420287065657220726561736F6E208C
:10AF40003078257829000000534D502054696D65F4
:10AF50006F75740053432050616972204F6E6C7995
:10AF6000204D6F64652073656C6563746564206251
:10AF70007574204C45205343206E6F742073757098
:10AF8000706F72746564000085BC0200A19E0400AD
:10AF9000639D040000000000000000000DBF0200DF
:10AFA00000000000000000000000000000000000A1
:10AFB000000000000000000025B5020006000000AF
:10AFC000A195040006000000B9AF020010000000C7
:10AFD000EDBA020010000000C9C302000100000029
:10AFE00099950400100000009D9504000A000000DF
:10AFF0004DB902001000000059C002000700000017
:10B00000DD95040010000000E1950400010000003F
:10B0100059B8020040000000B1990400100000007F
:10B02000E59504000100000000000100010003019B
:10B030000003020201000200000000000203010000
:10B040000300000062745F736D7000005745535435
:10B050005F544F504449522F7A65706879722F734C
:10B0600075627379732F626C7565746F6F74682F76
:10B07000686F73742F6B6579732E630062745F6BF6
:10B08000657973006C888391AAF5A53860370BDB6E
:10B090005A6083BE62745F63727970746F000000DF
:10B0A0004661696C656420746F20636F6D707574A0
:10B0B00065204D4143202564000000006D637562EA
:10B0C0006F6F745F6466750053656C656374656467
:10B0D00020414443206761696E206973206E6F745C
:10B0E0002076616C6964000053656C656374656407
:10B0F00020414443207265666572656E6365206910
:10B1000073206E6F742076616C69640053656C65A2
:10B110006374656420414443206163717569736998
:10B1200074696F6E2074696D65206973206E6F7429
:10B130002076616C69640000414443207265736F3E
:10B140006C7574696F6E2076616C7565202564205E
:10B150006973206E6F742076616C69640000000072
:10B160004F76657273616D706C696E6720697320CC
:10B17000737570706F7274656420666F7220736986
:10B180006E676C65206368616E6E656C206F6E6CB7
:10B19000790000004F76657273616D706C696E673F
:10B1A0002076616C7565202564206973206E6F744C
:10B1B0002076616C6964000050726F766964656422
:10B1C0002062756666657220697320746F6F2073E4
:10B1D0006D616C6C202825752F25752900000000F5
:10B1E000496E76616C69642073656C656374696F20
:10B1F0006E206F66206368616E6E656C7300000080
:10B200004368616E6E656C202575206E6F742063D7
:10B210006F6E666967757265640000006164634003
:10B220006530303000000000616463006164635F7A
:10B230006E7266785F7361616463000040B20500FE
:10B240000100000028B20500556E6B6E6F776E200E
:10B2500074797065202575004661696C6564207499
:10B260006F2073656E642028657272202564290042
:10B270004E6F7420656E6F7567682064617461201D
:10B28000666F72206576656E7420686561646572AC
:10B29000000000004576656E74207061796C6F6106
:10B2A00064206C656E677468206973206E6F74200B
:10B2B000636F727265637400436F756C646E27749C
:10B2C00020616C6C6F6361746520612062756666D5
:10B2D00065722061667465722077616974696E6752
:10B2E000203130207365636F6E64732E00000000A0
:10B2F0004E6F7420656E6F7567682073706163654B
:10B3000020696E2062756666657220257A752F2524
:10B310007A7500004E6F7420656E6F7567682064E3
:10B3200061746120666F722041434C2068656164DE
:10B33000657200004E6F20617661696C61626C65B8
:10B340002041434C206275666665727321000000DF
:10B3500041434C207061796C6F6164206C656E674D
:10B360007468206973206E6F7420636F72726563F6
:10B37000740000004E6F7420656E6F7567682064FE
:10B3800061746120666F722049534F206865616463
:10B39000657200004E6F20617661696C61626C6558
:10B3A0002049534F20627566666572732028257A9E
:10B3B0007529210049534F207061796C6F616420B9
:10B3C0006C656E677468206973206E6F7420636F9C
:10B3D0007272656374000000556E6B6E6F776E203D
:10B3E00048434920747970652025750048434920F9
:10B3F0007472616E73706F727420736574757020EF
:10B400006661696C656420776974683A2025640A0E
:10B41000000000004950432073657276696365201F
:10B42000696E7374616E636520696E697469616CBD
:10B43000697A6174696F6E206661696C65643A202F
:10B4400025640A005265676973746572696E6720C6
:10B45000656E64706F696E74206661696C656420E6
:10B460007769746820256400456E64706F696E7436
:10B470002062696E64696E67206661696C6564202C
:10B480007769746820256400446572656769737420
:10B490006572696E672048434920656E64706F6904
:10B4A0006E74206661696C656420776974683A20FF
:10B4B00025640000436C6F73696E67204950432018
:10B4C00073657276696365206661696C656420776F
:10B4D0006974683A20256400484349207472616E9B
:10B4E00073706F72742074656172646F776E20661A
:10B4F00061696C656420776974683A20256400008E
:10B5000062745F6863695F69706330006E72665F62
:10B5100062745F686369000062745F6863695F6496
:10B5200072697665720000002CB50500010000000C
:10B5300000B50500574553545F544F504449522FAE
:10B540006D6F64756C65732F68616C2F6E6F7264BC
:10B5500069632F6E7266782F68616C2F6E72665FFA
:10B560007370752E6800000062745F6863695F6EB7
:10B57000726635335F737570706F7274000000000F
:10B58000574553545F544F504449522F6D6F647563
:10B590006C65732F68616C2F6E6F726469632F6EB8
:10B5A0007266782F68616C2F6E72665F636C6F6372
:10B5B0006B2E6800574553545F544F504449522FE7
:10B5C0007A65706879722F647269766572732F6319
:10B5D0006C6F636B5F636F6E74726F6C2F636C6FF5
:10B5E000636B5F636F6E74726F6C5F6E72662E63F7
:10B5F000000000001DD8020029DA0200000000004F
:10B60000636C6F636B40353030300000636C6F6388
:10B610006B0000006866636C6B0000006C66636C16
:10B620006B0000006866636C6B3139326D0000009E
:10B630006866636C6B617564696F0000636C6F634F
:10B640006B5F636F6E74726F6C00000050B6050024
:10B65000010000000CB6050039D9020051D80200E3
:10B6600014B605003FA4040067A404001CB605003E
:10B6700035A404005DA4040024B605002BA4040036
:10B6800053A4040030B60500656E74726F70795F64
:10B6900062745F6863690000726E675F6863690067
:10B6A000A4B605000100000098B6050057455354A4
:10B6B0005F544F504449522F6E72662F6472697600
:10B6C0006572732F656E74726F70792F656E747208
:10B6D0006F70795F63633378782E6300637279707B
:10B6E000746F4035303834343030300063727970E4
:10B6F000746F63656C6C0000FCB60500010000000F
:10B70000ECB6050029DD0200000000005745535447
:10B710005F544F504449522F7A65706879722F6494
:10B720007269766572732F666C6173682F6A6573D0
:10B73000643231362E630000756E616C69676E6528
:10B740006420616464726573733A20307825303800
:10B750006C783A257A750000696E76616C696420B0
:10B76000616464726573733A2030782530386C7880
:10B770003A257A75000000006E6F7420776F72644E
:10B780002D616C69676E65643A2030782530386CBD
:10B79000783A257A75000000666C6173682D636FD6
:10B7A0006E74726F6C6C65724033393030300000EB
:10B7B000666C6173685F636F6E74726F6C6C6572D8
:10B7C00000000000666C6173685F6E7266000000C6
:10B7D000D4B7050001000000B0B705000400000068
:10B7E00000FF000042465020666C61736820736958
:10B7F0007A65206D69736D61746368207769746818
:10B80000206465766963657472656500556E616272
:10B810006C6520746F20656E74657220342D6279BA
:10B820007465206D6F64653A2025640A000000008D
:10B830006465766963652073697A65202575206D76
:10B8400069736D6174636820257A75202A20257AD2
:10B850007520427920706167657300004661696CEC
:10B86000656420746F2065786974204450442028F2
:10B870002564290057616974696E6720756E746963
:10B880006C20666C617368206973207265616479ED
:10B89000000000004661696C656420746F20776168
:10B8A000697420756E74696C20666C6173682069B8
:10B8B00073207265616479202825642900000000E6
:10B8C0004A454445432049442072656164206661CD
:10B8D000696C65643A20256400000000446576695F
:10B8E0006365206964202530327820253032782045
:10B8F0002530327820646F6573206E6F74206D611F
:10B9000074636820636F6E66696720253032782023
:10B9100025303278202530327800000042502063F4
:10B920006C656172206661696C65643A2025640A01
:10B930000000000053464450207265616420666137
:10B94000696C65643A202564000000006C61796FC1
:10B950007574207365747570206661696C65643AEE
:10B96000202564006D7832357236343335664030C8
:10B97000000000006D783235723634007370695FF4
:10B980006E6F720088B905000100000074B90500EF
:10B9900070240500408AF7010001000080230500A3
:10B9A0000B00010000000000000080000008000003
:10B9B00000100000C2281710C8B9050000000100DF
:10B9C0000000010002000000E520F1FFFFFFFF037F
:10B9D00044EB086B083B04BBEEFFFFFFFFFF00FFDB
:10B9E000FFFF00FF0C200F5210D800FF2372F5005C
:10B9F00082ED04CC4483684430B030B0F7C4D55CE9
:10BA000000BE29FFF0D0FFFF0100000000FF000092
:10BA1000574553545F544F504449522F7A657068CC
:10BA200079722F696E636C7564652F7A65706879B9
:10BA3000722F647269766572732F6770696F2F67F2
:10BA400070696F5F7574696C732E68005745535445
:10BA50005F544F504449522F7A65706879722F6451
:10BA60007269766572732F6770696F2F6770696F7F
:10BA70005F6E7266782E63006770696F403834328B
:10BA8000383030006770696F310000006770696F8F
:10BA900040383432353030006770696F3000000054
:10BAA000A4BA05000100000084BA0500FFFF0000F1
:10BAB00000288450000000000100000000D0005069
:10BAC00000000000C8BA05000100000098BA050097
:10BAD000FFFFFFFF00258450000000000000000071
:10BAE00000D00050000000004E65656420746F2097
:10BAF0007573652074686520696E7465726E616C1B
:10BB0000206472697665722062756666657220626D
:10BB10007574206974732073697A6520697320696C
:10BB20006E73756666696369656E74202825752075
:10BB30002B202575203E202575292E2041646A750D
:10BB4000737420746865207A65706879722C636FED
:10BB50006E6361742D6275662D73697A65206F72EC
:10BB6000207A65706879722C666C6173682D6275D5
:10BB7000662D6D61782D73697A652070726F7065BE
:10BB80007274792028746865206F6E6520776974F7
:10BB90006820677265617465722076616C756529CD
:10BBA00020696E207468652022257322206E6F64E0
:10BBB000652E0000693263403930303000000000EB
:10BBC000693263310000000061726475696E6F5FF5
:10BBD000693263006932635F6E7266785F74776999
:10BBE0006D000000E8BB050002000000C0BB0500BE
:10BBF000C8BB0500009000500000000000000000DD
:10BC0000000000000000400600000101CDE8020035
:10BC100010000000F5AF040024BC0500547E002095
:10BC2000FFFF00000090005030BC05000100000044
:10BC300038BC0500020000002E06000B2F06000C89
:10BC4000756E737570706F7274656420737065655E
:10BC500064000000547279696E6720746F207472FA
:10BC6000616E73666572206D6F7265207468616EB7
:10BC700020746865206D6178696D756D2073697ACF
:10BC80006520666F722074686973206465766963E5
:10BC9000653A202564203E20256400004661696CD9
:10BCA000656420746F20696E697469616C697A6576
:10BCB000206465766963653A2025730057455354BF
:10BCC0005F544F504449522F6D6F64756C65732FEC
:10BCD00068616C2F6E6F726469632F6E7266782F65
:10BCE00068616C2F6E72665F6970632E6800000079
:10BCF000574553545F544F504449522F6D6F6475EC
:10BD00006C65732F68616C2F6E6F726469632F6E40
:10BD10007266782F647269766572732F696E636CD0
:10BD20007564652F6E7266785F6970632E680000B7
:10BD3000456E61626C696E67206368616E6E656CEA
:10BD400020776974686F7574206120726567697304
:10BD500074657265642063616C6C6261636B0A0078
:10BD600053656E64696E672064617461206E6F74E0
:10BD700020737570706F727465640000525820658E
:10BD800076656E74206F6E20696C6C6567616C20DF
:10BD90006368616E6E656C005258206576656E74DE
:10BDA000206F6E2064697361626C656420636861F2
:10BDB0006E6E656C0000000074785F6D61736B20BF
:10BDC000746F6F2062696720286F72204950435F4B
:10BDD000434F4E465F4E554D20746F6F20736D611B
:10BDE0006C6C290072785F6D61736B20746F6F20CB
:10BDF00062696720286F72204950435F434F4E4667
:10BE00005F4E554D20746F6F20736D616C6C29000F
:10BE10006D626F7840326130303000006D626F7853
:10BE200000000000697063006D626F785F6E72667B
:10BE3000785F6970630000003CBE050002000000EE
:10BE40001CBE050024BE0500000102030405060710
:10BE50000B0000004661696C656420746F20616CA2
:10BE60006C6F6361746520505049204368616E6E49
:10BE7000656C00007561727440383030300000002D
:10BE80007561727430000000756172745F6E726665
:10BE9000785F7561727465009CBE0500010000004A
:10BEA00080BE05000080005001000000000000007E
:10BEB000C8BE05000000D601000000000000000020
:10BEC0006BA200206AA2002000800050D4BE0500B2
:10BED00001000000DCBE05000400000014000000AA
:10BEE00013000002160600011506000354696D6573
:10BEF0006F75742077616974696E6720666F722050
:10BF00007472616E7366657220636F6D706C6574B8
:10BF10006500000048616C662D6475706C65782062
:10BF20006E6F7420737570706F72746564000000BA
:10BF3000536C617665206D6F6465206973206E6F48
:10BF40007420737570706F72746564206F6E202535
:10BF5000730000004C6F6F706261636B206D6F64E3
:10BF600065206973206E6F7420737570706F7274C2
:10BF700065640000576F72642073697A6573206F7F
:10BF800074686572207468616E2038206269747309
:10BF900020617265206E6F7420737570706F72749B
:10BFA000656400004672657175656E63696573202E
:10BFB0006C6F776572207468616E20313235206B4A
:10BFC000487A20617265206E6F7420737570706F8F
:10BFD00072746564000000004661696C65642074D9
:10BFE0006F20696E697469616C697A65206E72662A
:10BFF00078206472697665723A20253038780000BE
:10C000005570646174652065786365656473206349
:10C01000757272656E7420627566666572000000E6
:10C0200057616974696E6720666F722057414B458E
:10C030002061636B6E6F776C6564676D656E7420ED
:10C0400074696D6564206F75740000004353204768
:10C0500050494F20706F72742025732070696E20D4
:10C060002564206973206E6F7420726561647900A5
:10C070004661696C656420746F20616C6C6F6361EC
:10C080007465204750494F5445206368616E6E6562
:10C090006C20666F722057414B4500004661696C09
:10C0A000656420746F20636F6E66696775726520C2
:10C0B00057414B452070696E000000007370694065
:10C0C00061303030000000007370693400000000FF
:10C0D0007370695F6E7266785F7370696D000000DF
:10C0E000E4C0050001000000C8C0050000A0005029
:10C0F000000000000048E80100000000000000000F
:10C1000000000000FFFFFFFF0000FF000000000034
:10C1100000000000FFFFFFFF02000001010000001F
:10C1200001B80400FFFF000038C10500FFFFFFFF5A
:10C13000000000000000000000A0005044C1050005
:10C14000010000004CC105000300000008000004CD
:10C150000A00000609000005802305000B0001000D
:10C16000574553545F544F504449522F6D6F647577
:10C170006C65732F68616C2F6E6F726469632F6ECC
:10C180007266782F68616C2F6E72665F7274632EB0
:10C1900068000000646B5F627574746F6E735F613A
:10C1A0006E645F6C65647300414B6857456A6A5002
:10C1B0007047366A6747485A4851426234714E4B5D
:10C1C000356E36564F385A33000000006D656D6687
:10C1D00061756C745F6E63730000000020252D3262
:10C1E00030733A20756E61626C6520746F206765EC
:10C1F0007420737461636B207370616365202825FC
:10C20000642900004661696C656420746F20736561
:10C210007420756E7573656420737461636B206D33
:10C2200065747269637300006D656D6661756C7429
:10C230005F6E63735F6D6574726963730000000005
:10C24000556E61626C6520746F206F70656E20633F
:10C250006F726564756D702073746F726167653A93
:10C260002030782578000000556E61626C6520747E
:10C270006F20636C6561722073746F726167653AD9
:10C2800020307825780000004661696C6564207470
:10C290006F207374617274206D656D6661756C7466
:10C2A000206E63735F62745F636F6E6E6563746943
:10C2B0006F6E5F74696D655F6D732074696D657213
:10C2C0002C206572723A20256400000057455354B3
:10C2D0005F544F504449522F6E72662F6D6F6475D4
:10C2E0006C65732F6D656D6661756C742D66697212
:10C2F0006D776172652D73646B2F6D656D66617509
:10C300006C745F62745F6D6574726963732E630031
:10C310004661696C656420746F2073746F70206D62
:10C32000656D6661756C74206E63735F62745F63C4
:10C330006F6E6E656374696F6E5F74696D655F6D56
:10C34000732074696D65722C206572723A202564C1
:10C35000000000004661696C656420746F206164B0
:10C3600064207468726561643A20257320666F7278
:10C3700020737461636B20756E7573656420706CD7
:10C38000616365206D6561737572656D656E742C92
:10C39000206572723A202564000000004661696CD5
:10C3A000656420746F2073657420746865206E6303
:10C3B000735F62745F626F6E645F636F756E74202B
:10C3C0006D65747269632C206572723A2025640071
:10C3D0004661696C656420746F20736574206E63B8
:10C3E000735F62745F636F6E6E656374696F6E5FB7
:10C3F000636F756E74206D6574726963732C20654C
:10C4000072723A2025640000425420525800000005
:10C41000425420545800000028696D6167655F6EC2
:10C42000756D29203C203078460000005745535454
:10C430005F544F504449522F626F6F746C6F616448
:10C4400065722F6D6375626F6F742F626F6F742FDB
:10C45000626F6F747574696C2F7372632F626F6F84
:10C46000747574696C5F7075626C69632E6300002B
:10C4700028737761705F7479706529203C2030786B
:10C4800046000000626F6F745F7365745F6E65785D
:10C490007400000004000000020000000100000021
:10C4A00008000000626F6F745F77726974655F7374
:10C4B0007761705F696E666F00000000040104031D
:10C4C0000402040104010403010403040104000044
:10C4D00077C295F360D2EF7F3552500F2CB679803A
:10C4E0006D6375626F6F745F7574696C0000000036
:10C4F0006E637300332E302E32000000020C0600F3
:10C5000028FF050001120000F0C40500F4C4050076
:10C51000474E55004D656D6661756C7400000000F6
:10C520004E6F204275696C642049442061766169D0
:10C530006C61626C650000002573204275696C6453
:10C540002049443A202573003C4E554C4C3E000097
:10C55000532F4E3A20257300535720747970653A53
:10C560002025730053572076657273696F6E3A20E9
:10C570002573000048572076657273696F6E3A2004
:10C580002573000052656164206174206F666673D4
:10C5900065742030782578202825642062797465B8
:10C5A000732920666F7220736F75726365207479CA
:10C5B0007065202564206661696C65640000000078
:10C5C00025733A204E554C4C20696E70757420616D
:10C5D0007267756D656E7473000000004275666663
:10C5E0006572206F662025642062797465732074FB
:10C5F0006F6F20736D616C6C20746F207061636B62
:10C600006574697A6520646174610000556E6578AF
:10C61000706563746564207061636B6574697A65C5
:10C6200072207374617475733A20256400000000F1
:10C630006D656D6661756C745F7061636B6574695F
:10C640007A65725F626567696E0000006D656D6690
:10C6500061756C745F7061636B6574697A65725F34
:10C660006765745F6E65787400000000010100006A
:10C6700030CA050002000000C0C60500030000002B
:10C68000CCC60500040000008CC60500FFBE0400F7
:10C6900007BF04000BBF04006912030063BF04005E
:10C6A0007D1103003116030031140300FD15030052
:10C6B000A9150300791503002D15030015140300B7
:10C6C0007DBF04008DBF0400A5BF0400411C030012
:10C6D000A11B03001D1B030025733A204E6F20721F
:10C6E0006573657420696E666F20636F6C6C65633B
:10C6F000746564004576656E742073746F7261674B
:10C7000065202825642920736D616C6C6572207426
:10C7100068616E206C617267657374207265736501
:10C720007420726561736F6E2028256429000000F3
:10C730006D656D6661756C745F7265626F6F745F55
:10C74000747261636B696E675F636F6C6C65637451
:10C750005F72657365745F696E666F004153534520
:10C76000525421204C523A203078257800000000A5
:10C770004576656E742073746F72616765206675A7
:10C780006C6C00004576656E74207361766564207C
:10C790007375636365737366756C6C792061667419
:10C7A00065722025642064726F7073004576656E33
:10C7B000742073746F726167652028256429207363
:10C7C0006D616C6C6572207468616E206C6172675B
:10C7D000657374202573206576656E742028256442
:10C7E0002900000074726163650000004142434407
:10C7F00045464748494A4B4C4D4E4F505152535471
:10C8000055565758595A6162636465666768696A24
:10C810006B6C6D6E6F707172737475767778797AF0
:10C82000303132333435363738392B2F00000000A1
:10C8300000002110422063308440A550C660E7709C
:10C84000088129914AA16BB18CC1ADD1CEE1EFF144
:10C850003112100273325222B5529442F772D662EC
:10C86000399318837BB35AA3BDD39CC3FFF3DEE394
:10C870006224433420040114E664C774A44485543C
:10C880006AA54BB528850995EEE5CFF5ACC58DD5E4
:10C890005336722611163006D776F6669556B4468C
:10C8A0005BB77AA719973887DFF7FEE79DD7BCC734
:10C8B000C448E5588668A7784008611802282338DC
:10C8C000CCC9EDD98EE9AFF9488969990AA92BB984
:10C8D000F55AD44AB77A966A711A500A333A122A2C
:10C8E000FDDBDCCBBFFB9EEB799B588B3BBB1AABD4
:10C8F000A66C877CE44CC55C222C033C600C411C7C
:10C90000AEED8FFDECCDCDDD2AAD0BBD688D499D23
:10C91000977EB66ED55EF44E133E322E511E700ECB
:10C920009FFFBEEFDDDFFCCF1BBF3AAF599F788F73
:10C930008891A981CAB1EBA10CD12DC14EF16FE153
:10C940008010A100C230E32004502540467067608B
:10C95000B9839893FBA3DAB33DC31CD37FE35EF3A3
:10C96000B1029012F322D2323542145277625672DB
:10C97000EAB5CBA5A89589856EF54FE52CD50DC5F3
:10C98000E234C324A014810466744764245405442B
:10C99000DBA7FAB79987B8975FE77EF71DC73CD743
:10C9A000D326F2369106B01657667676154634567B
:10C9B0004CD96DC90EF92FE9C899E9898AB9ABA993
:10C9C0004458654806782768C018E1088238A328CB
:10C9D0007DCB5CDB3FEB1EFBF98BD89BBBAB9ABBE3
:10C9E000754A545A376A167AF10AD01AB32A923A1B
:10C9F0002EFD0FED6CDD4DCDAABD8BADE89DC98D33
:10CA0000267C076C645C454CA23C832CE01CC10C6A
:10CA10001FEF3EFF5DCF7CDF9BAFBABFD98FF89F82
:10CA2000176E367E554E745E932EB23ED10EF01EBA
:10CA300055220300350703005907030004000000D6
:10CA40001C850020280000000100000018ED00E017
:10CA50000C0000000100000004E000E010000000F5
:10CA60000100000004ED00E00800000001000000EB
:10CA7000FCED00E0040000000100000000E100E027
:10CA8000040000000100000000E200E004000000DB
:10CA90000100000000E300E00400000001000000CD
:10CAA00000E400E020000000526177206C6F6721F5
:10CAB000000000004465627567206C6F672100000C
:10CAC000496E666F206C6F67210000005761726EBF
:10CAD000696E67206C6F6721000000004572726FFD
:10CAE00072206C6F672100004D6574726963206964
:10CAF0006E646578202575206578636565647320AC
:10CB00006578706563746564206172726179206212
:10CB10006F756E64732025640A000000496E7661AB
:10CB20006C696420747970652028257520767320DF
:10CB300025752920666F72206B65793A202564007F
:10CB400043616E206F6E6C792061646420746F2085
:10CB50006E756D62657220747970657320286B65DF
:10CB6000793A202564290000202025733A20257574
:10CB700000000000202025733A206E756C6C0000C8
:10CB8000202025733A20256900000000202025730D
:10CB90003A20222573220000202025733A203C757C
:10CBA0006E6B6E6F776E20747970653E00000000CA
:10CBB0004D657472696373206B6579732F76616C50
:10CBC0007565733A000000006D65747269637300E7
:10CBD0004D656D6661756C7453646B4D65747269F7
:10CBE000635F496E74657276616C4D73000000007E
:10CBF0004D656D6661756C7453646B4D65747269D7
:10CC0000635F556E65787065637465645265626FC5
:10CC10006F74436F756E740073796E635F737563C1
:10CC20006365737366756C0073796E635F666169C3
:10CC30006C75726500000000636F6E6E65637469E9
:10CC4000766974795F636F6E6E65637465645F7433
:10CC5000696D655F6D730000636F6E6E6563746907
:10CC6000766974795F65787065637465645F74690B
:10CC70006D655F6D730000006F7065726174696F40
:10CC80006E616C5F686F7572730000006F70657223
:10CC90006174696F6E616C5F6372617368667265FF
:10CCA000655F686F757273004D656D6661756C7454
:10CCB00053444B4D65747269635F6C6F675F647258
:10CCC0006F707065645F6C696E6573004D656D664D
:10CCD00061756C7453444B4D65747269635F6C6F1E
:10CCE000675F7265636F726465645F6C696E6573BC
:10CCF00000000000757074696D655F7300000000CE
:10CD000054696D65725461736B46726565537461E5
:10CD1000636B000054696D65725461736B43707589
:10CD20005573616765000000416C6C5461736B73EF
:10CD30004370755573616765000000006D656D6F28
:10CD400072795F7063745F6D61780000486561702F
:10CD50005F42797465734672656500006E63735F48
:10CD6000636F6E6E656374696F6E5F706F6C6C5F1E
:10CD7000756E757365645F737461636B00000000AA
:10CD80006E63735F62745F72785F756E75736564EE
:10CD90005F737461636B00006E63735F62745F74D2
:10CDA000785F756E757365645F737461636B0000A3
:10CDB0006E63735F62745F636F6E6E656374696FD9
:10CDC0006E5F74696D655F6D730000006E63735F05
:10CDD00062745F636F6E6E656374696F6E5F636FBD
:10CDE000756E74006E63735F62745F626F6E645F12
:10CDF000636F756E74000000707265737375726591
:10CE00005F6C65667400000070726573737572659F
:10CE10005F7269676874000074656D706572617433
:10CE20007572655F63656C736975735F7831300027
:10CE300068756D69646974795F7063745F783130A7
:10CE4000000000006772696E64696E675F746F74DA
:10CE5000616C0000D0CB0500F0CB050018CC0500BC
:10CE600028CC050038CC050058CC050078CC05004E
:10CE70008CCC0500A8CC0500CCCC0500F4CC05007A
:10CE800000CD050014CD050028CD05003CCD0500E2
:10CE90004CCD05005CCD050080CD050098CD05008A
:10CEA000B0CD0500CCCD0500E4CD0500F8CD0500E2
:10CEB00008CE050018CE050030CE050044CE050092
:10CEC00000000000FFFFFFFFFFFFFFFFFFFFFFFF6E
:10CED0000100000002000000FFFFFFFFFFFFFFFF57
:10CEE000FFFFFFFFFFFFFFFFFFFFFFFFFFFFFFFF52
:10CEF000FFFFFFFFFFFFFFFFFFFFFFFFFFFFFFFF42
:10CF0000FFFFFFFFFFFFFFFFFFFFFFFF030000002A
:10CF1000FFFFFFFFFFFFFFFFFFFFFFFFFFFFFFFF21
:10CF2000FFFFFFFFFFFFFFFFFFFFFFFF000000000D
:10CF300000000000000000000000000000000000F1
:10CF400000000000000000000000000000010203DB
:10CF50000405060708090A0B0C0D0E0F1011121319
:10CF60001415161718191A0000000000020000001E
:10CF700000000000000000000000000001000000B0
:10CF800001000000000000000000000000000000A0
:10CF9000000000000100000002000000000000008E
:10CFA0000000000000000000000000000100000080
:10CFB000030000000000000000000000000000006E
:10CFC000000000000100000004000000020000005A
:10CFD0000000000000000000000000000100000050
:10CFE000050000000200000000000000000000003A
:10CFF000000000000100000006000000000000002A
:10D00000000000000000000000000000010000001F
:10D010000700000000000000000000000000000009
:10D0200000000000010000000800000000000000F7
:10D0300000000000000000000000000001000000EF
:10D0400009000000000000000000000000000000D7
:10D0500000000000010000000A00000000000000C5
:10D0600000000000000000000000000001000000BF
:10D070000B000000000000000000000000000000A5
:10D0800000000000010000000C0000000000000093
:10D09000000000000000000000000000010000008F
:10D0A0000D00000000000000000000000000000073
:10D0B00000000000010000000E0000000000000061
:10D0C00000000000000000000000000064000000FC
:10D0D0000F00000000000000000000000000000041
:10D0E000000000000100000010000000000000002F
:10D0F000000000000000000000000000010000002F
:10D10000110000000000000000000000000000000E
:10D1100000000000010000001200000000000000FC
:10D1200000000000000000000000000001000000FE
:10D1300013000000020000000000000000000000DA
:10D1400000000000010000001400000000000000CA
:10D1500000000000000000000000000001000000CE
:10D1600015000000000000000000000000000000AA
:10D170000000000001000000160000000000000098
:10D18000000000000000000000000000010000009E
:10D190001700000000000000000000000000000078
:10D1A0000000000001000000180000000100000065
:10D1B0000000000000000000000000000A00000065
:10D1C0001900000001000000000000000000000045
:10D1D000000000000A0000001A000000000000002B
:10D1E000000000000000000000000000010000003E
:10D1F0003F3F3F20257300006D666C745F73797349
:10D2000074696D65000000004E756D206172677372
:10D210003A20256400000000547261636520457661
:10D22000656E742047656E657261746564210000E7
:10D230004E6F207761746368646F6720636F6E66FA
:10D240006967757265642C20746869732077696CEE
:10D250006C2068616E6720666F72657665720A0081
:10D26000434F4E4649475F4D454D4641554C545FEF
:10D27000485454505F454E41424C45206E6F7420D7
:10D28000656E61626C65640A00000000557365207C
:10D29000276D666C745F6E726620666F74612720FE
:10D2A000696E73746561642E2053656520687474BB
:10D2B00070733A2F2F6D666C742E696F2F6E7266C5
:10D2C0002D666F74612D736574757020666F7220A2
:10D2D0006D6F72652064657461696C730A0000008B
:10D2E00054726967676572696E6720486561727418
:10D2F000626561740A000000446F75626C652066A7
:10D300007265652073686F756C642068617665204E
:10D310006372617368656420746865206170702150
:10D3200020F09FA4AF204D616B652073757265205E
:10D33000434F4E4649475F4153534552543D790A46
:10D3400000000000537461636B206F766572666C39
:10D350006F772074657374206661696C65642C2036
:10D36000737461636B206F766572666C6F7720777C
:10D370006173206E6F74207472696767657265648B
:10D380002100000041626F757420746F2063726128
:10D39000736820696E20257321000000574553549F
:10D3A0005F544F504449522F6D6F64756C65732FF5
:10D3B0006C69622F6D656D6661756C742D6669723E
:10D3C0006D776172652D73646B2F706F7274732F3C
:10D3D0007A65706879722F636F6D6D6F6E2F6D65F2
:10D3E0006D6661756C745F64656D6F5F636C692EEB
:10D3F0006300000073657373696F6E730000000053
:10D40000686561727462656174000000556E6B6ED0
:10D410006F776E206F7074696F6E2E20456E746525
:10D4200072202768656172746265617427206F726B
:10D43000202773657373696F6E73270A00000000FD
:10D44000636F726564756D702073746F7261676568
:10D450002063617061636974793A20257A75420AA4
:10D4600000000000636F726564756D702073697AE7
:10D47000652072657175697265643A20257A754216
:10D480000A0000007072765F7A65706879725F6179
:10D4900073736572745F6578616D706C6500000010
:10D4A0004D656D6661756C74205465737420436FAF
:10D4B0006D6D616E64730000636C6561725F636FB4
:10D4C00072650000636C65617220636F72656475DC
:10D4D0006D7020636F6C6C656374656400000000A0
:10D4E0006578706F7274000064756D702063687584
:10D4F0006E6B7320636F6C6C656374656420627916
:10D50000204D656D6661756C742053444B207573B6
:10D51000696E672068747470733A2F2F6D666C742F
:10D520002E696F2F6368756E6B2D646174612D6554
:10D5300078706F72740000006765745F636F726566
:10D5400000000000636865636B20696620636F728A
:10D550006564756D702069732073746F72656420E3
:10D56000616E642070726573656E74006765745FC8
:10D570006465766963655F696E666F006469737080
:10D580006C61792064657669636520696E666F7287
:10D590006D6174696F6E00006765745F6C617465BE
:10D5A00073745F75726C000067657473206C6174CE
:10D5B0006573742072656C656173652055524C000B
:10D5C0006765745F6C61746573745F72656C6561C7
:10D5D00073650000706572666F726D7320616E20F6
:10D5E0004F544120757064617465207573696E676E
:10D5F000204D656D6661756C7420636C69656E7431
:10D6000000000000636F726564756D705F73697A06
:10D61000650000007072696E7420636F72656475D6
:10D620006D7020636F6D70757465642073697A65C1
:10D6300020616E642073746F72616765206361702E
:10D6400061636974790000006D6574726963735F6A
:10D6500064756D700000000064756D7020637572F4
:10D6600072656E7420686561727462656174206FA2
:10D67000722073657373696F6E206D657472696370
:10D6800073000000706F73745F6368756E6B730076
:10D69000506F7374204D656D6661756C74206461A4
:10D6A000746120746F20636C6F75640074657374AB
:10D6B00000000000636F6D6D616E647320746F20F5
:10D6C000766572696679206D656D6661756C74202A
:10D6D0006461746120636F6C6C656374696F6E2044
:10D6E0002868747470733A2F2F6D666C742E696F8E
:10D6F0002F6D63752D746573742D636F6D6D616E21
:10D70000647329006275736661756C7400000000B3
:10D7100074726967676572206120627573666175EE
:10D720006C740000686172646661756C740000005E
:10D7300074726967676572206120686172646661EE
:10D74000756C74006D656D6D616E616765000000DC
:10D75000747269676765722061206D656D6F72799B
:10D76000206D616E6167656D656E74206661756CB4
:10D770007400000075736167656661756C74000004
:10D7800074726967676572206120757361676520CF
:10D790006661756C7400000068616E6700000000CF
:10D7A0007472696767657220612068616E67000046
:10D7B0007A61737365727400747269676765722049
:10D7C00061207A6570687972206173736572740084
:10D7D000737461636B5F6F766572666C6F77000060
:10D7E00074726967676572206120737461636B206E
:10D7F0006F766572666C6F77000000006173736509
:10D800007274000074726967676572206D656D6679
:10D8100061756C7420617373657274006C6F616400
:10D8200061646472000000007465737420612033C9
:10D830003220626974206C6F61642066726F6D20A3
:10D84000616E20616464726573730000646F756259
:10D850006C655F66726565007472696767657220E2
:10D860006120646F75626C65206672656520657203
:10D87000726F720074726967676572206661756C99
:10D8800074207669612073746F726520746F2061F3
:10D89000206261642061646472657373000000003B
:10D8A0006973725F62616470747200007472696798
:10D8B000676572206661756C742076696120737487
:10D8C0006F726520746F20612062616420616464FE
:10D8D000726573732066726F6D20616E20495352BA
:10D8E00000000000747269676765722061207265CC
:10D8F000626F6F7420616E64207265636F72642062
:10D900006974207573696E67206D656D6661756CED
:10D91000740000007472696767657220616E206927
:10D920006D6D65646961746520636170747572659D
:10D93000206F6620616C6C2068656172746265613D
:10D9400074206D6574726963730000006C6F675FAB
:10D9500063617074757265007472696767657220BF
:10D9600063617074757265206F662063757272658D
:10D970006E74206C6F672062756666657220636FD7
:10D980006E74656E747300006C6F67730000000046
:10D990007772697465732074657374206C6F677334
:10D9A00020746F206C6F6720627566666572000078
:10D9B0006361707475726520616E206578616D7049
:10D9C0006C65207472616365206576656E74000015
:10D9D0003CDC0500A0D40500E4D9050000000000EF
:10D9E00000000000E8D90500B8D40500C4D4050043
:10D9F0000000000095D4040000000000E0D4050001
:10DA0000E8D40500000000008BD4040000000000F2
:10DA100038D5050044D50500000000007FD404007F
:10DA2000000000006CD505007CD50500000000005A
:10DA300073D404000000000098D50500A8D50500A7
:10DA4000000000001534030000000000C0D50500F0
:10DA5000D4D50500000000000534030000000000DC
:10DA600004D6050014D6050000000000413503006F
:10DA70000000000048D6050058D605000000000050
:10DA8000F13403000000000084D6050090D60500A4
:10DA900000000000F533030000000000ACD60500D4
:10DAA000B4D60500C4DA0500000000000000000044
:10DAB0000000000000000000000000000000000066
:10DAC00000000000C8DA050004D7050010D70500E3
:10DAD0000000000053D404000000000024D705001B
:10DAE00030D705000000000043D40400000000000F
:10DAF00044D7050050D705000000000033D40400CF
:10DB00000000000074D7050080D705000000000069
:10DB100023D404000000000098D70500A0D705001A
:10DB200000000000E533030000000000B0D705004E
:10DB3000B8D7050000000000C13403000000000059
:10DB4000D0D70500E0D705000000000081340300B5
:10DB500000000000FCD7050004D80500000000000C
:10DB600013D40400000000001CD8050028D80500CC
:10DB70000000000007D40400000000004CD805009D
:10DB800058D80500000000005934030000000000D0
:10DB9000A4D8050074D805000000000095330300E8
:10DBA00000000000A0D80500ACD80500000000006F
:10DBB00039340300000000005C660500E4D805006D
:10DBC00000000000F9D304000000000000D40500AC
:10DBD00014D90500000000002534030000000000F7
:10DBE0004CD9050058D9050000000000EDD3040011
:10DBF0000000000088D9050090D905000000000051
:10DC0000E1D3040000000000E4C70500B0D905001E
:10DC100000000000B9330300000000000000000015
:10DC200000000000000000000000000000000000F4
:10DC30006C6F675F6261636B656E645F6D666C7469
:10DC400000000000E9360300D9360300C7D4040001
:10DC5000BD360300000000000000000000000000CE
:10DC6000E3D404006890002074900020800000003D
:10DC70002050696E205265736574000020576174EE
:10DC80006368646F6720300020446562756767656C
:10DC90007200000020536F667477617265000000A7
:10DCA000204C6F636B757000204750494F205761BF
:10DCB0006B65757000000000204C50434F4D5020A4
:10DCC00057616B6575700000204465627567204977
:10DCD0006E746572666163652057616B657570006F
:10DCE00020564255532057616B6575700000000047
:10DCF000205761746368646F67203100204E46438B
:10DD00002057616B6575700020506F776572206FCA
:10DD10006E2052657365740020556E6B6E6F776E62
:10DD200000000000526573657420526561736F6E68
:10DD30002C205245534554524541533D3078257867
:10DD4000000000005265736574204361757365734C
:10DD50003A200000434F4E4649475F4D454D4641EE
:10DD6000554C545F464F54415F434C495F434D44CB
:10DD7000206E6F7420656E61626C65640A0000003D
:10DD80006D666C745F6E7266000000004D656D66B6
:10DD900061756C74206E524620436F6E6E656374BD
:10DDA0002053444B205465737420436F6D6D616E36
:10DDB00064730000666F7461000000005065726655
:10DDC0006F726D206120464F5441207573696E67F4
:10DDD000204D656D6661756C7420636C69656E7449
:10DDE0000000000080DD05008CDD0500F8DD050089
:10DDF0000000000000000000FCDD0500B4DD0500AF
:10DE0000BCDD050000000000CD380300000000006C
:10DE10000000000000000000000000000000000002
:10DE200000000000574553545F544F504449522F4F
:10DE30006D6F64756C65732F68616C2F6E6F7264A3
:10DE400069632F6E7266782F68616C2F6E72665FE1
:10DE5000647070692E680000574553545F544F50EA
:10DE60004449522F6D6F64756C65732F68616C2F18
:10DE70006E6F726469632F6E7266782F68656C705E
:10DE80006572732F6E7266785F677070695F647019
:10DE900070692E6300000000574553545F544F5083
:10DEA0004449522F6D6F64756C65732F68616C2FD8
:10DEB0006E6F726469632F6E7266782F6472697612
:10DEC0006572732F7372632F6E7266785F636C6F07
:10DED000636B2E6300000000574553545F544F504E
:10DEE0004449522F6D6F64756C65732F68616C2F98
:10DEF0006E6F726469632F6E7266782F64726976D2
:10DF00006572732F7372632F6E7266785F677069C4
:10DF10006F74652E63000000574553545F544F5093
:10DF20004449522F6D6F64756C65732F68616C2F57
:10DF30006E6F726469632F6E7266782F68616C2FE2
:10DF40006E72665F6770696F74652E68000000000E
:10DF50000020303030303030303030303030303001
:10DF60000001000000010000574553545F544F501A
:10DF70004449522F6D6F64756C65732F68616C2F07
:10DF80006E6F726469632F6E7266782F6472697641
:10DF90006572732F7372632F6E7266785F69706338
:10DFA0002E630000574553545F544F504449522F3D
:10DFB0006D6F64756C65732F68616C2F6E6F726422
:10DFC00069632F6E7266782F647269766572732F3B
:10DFD0007372632F6E7266785F6E766D632E630068
:10DFE000574553545F544F504449522F6D6F6475D9
:10DFF0006C65732F68616C2F6E6F726469632F6E2E
:10E000007266782F647269766572732F7372632FEC
:10E010006E7266785F7370696D2E63005745535456
:10E020005F544F504449522F6D6F64756C65732F68
:10E0300068616C2F6E6F726469632F6E7266782FE1
:10E04000647269766572732F7372632F6E7266786D
:10E050005F7477696D2E6300756E7265676973749E
:10E0600065726564202573206275730A00000000E4
:10E0700072656769737465726564202573206275C3
:10E08000730A000067656E65726963006D6574618F
:10E090006C3A20656D657267656E63793A200000A1
:10E0A0006D6574616C3A20616C6572743A20202051
:10E0B000202000006D6574616C3A20637269746998
:10E0C00063616C3A202000006D6574616C3A2065D4
:10E0D00072726F723A202020202000006D657461FA
:10E0E0006C3A207761726E696E673A2020200000DA
:10E0F0006D6574616C3A206E6F746963653A2020B7
:10E10000202000006D6574616C3A20696E666F3A7C
:10E1100020202020202000006D6574616C3A20646E
:10E12000656275673A202020202000008CE0050001
:10E13000A0E00500B4E00500C8E00500DCE0050053
:10E14000F0E0050004E1050018E1050025733A2020
:10E1500066726565696E67206E6F6E2D656D707491
:10E1600079207669727471756575650D0A00000015
:10E17000756E657870656374656420627566666542
:10E18000722068656C6420636F756E7465720D0A29
:10E1900000000000574553545F544F504449522FDC
:10E1A0006D6F64756C65732F6C69622F6F70656E2F
:10E1B0002D616D702F6F70656E2D616D702F6C69A4
:10E1C000622F72706D73672F72706D73675F7669FF
:10E1D0007274696F2E63000072785F7671000000C0
:10E1E00074785F76710000004E5300005745535419
:10E1F0005F544F504449522F7A65706879722F6B83
:10E2000065726E656C2F6465766963652E630000C8
:10E2100069646C6500000000574553545F544F50CB
:10E220004449522F7A65706879722F6B65726E65FA
:10E230006C2F696E69742E630000000020220500B7
:10E2400020220500882205009822050020230500D1
:10E25000502305006F730000574553545F544F50CF
:10E260004449522F7A65706879722F6B65726E65BA
:10E270006C2F6B686561702E630000005745535426
:10E280005F544F504449522F7A65706879722F6BF2
:10E2900065726E656C2F696E636C7564652F6B7348
:10E2A000636865642E680000574553545F544F50AF
:10E2B0004449522F7A65706879722F6B65726E656A
:10E2C0006C2F6D656D5F736C61622E6300000000E2
:10E2D000574553545F544F504449522F7A657068E4
:10E2E00079722F6B65726E656C2F69646C652E6335
:10E2F00000000000574553545F544F504449522F7B
:10E300007A65706879722F6B65726E656C2F6D75AA
:10E310007465782E63000000574553545F544F5086
:10E320004449522F7A65706879722F6B65726E65F9
:10E330006C2F73656D2E6300737973776F726B71D9
:10E3400000000000574553545F544F504449522F2A
:10E350007A65706879722F6B65726E656C2F776F56
:10E36000726B2E63000000002B00000057455354D1
:10E370005F544F504449522F7A65706879722F6B01
:10E3800065726E656C2F7468726561642E6300003F
:10E3900064756D6D79000000736C656570696E67FA
:10E3A0000000000064656164000000007375737014
:10E3B000656E64656400000061626F7274696E6707
:10E3C0000000000073757370656E64696E6700000D
:10E3D000717565756564000090E305000100050036
:10E3E000A08A05000200070098E305000400080069
:10E3F000A4E3050008000400ACE3050010000900D8
:10E40000B8E3050020000800C4E3050040000A004E
:10E41000D0E3050080000600574553545F544F5029
:10E420004449522F7A65706879722F6B65726E65F8
:10E430006C2F73636865642E630000005745535466
:10E440005F544F504449522F7A65706879722F6B30
:10E4500065726E656C2F696E636C7564652F6B7485
:10E4600068726561642E6800574553545F544F507D
:10E470004449522F7A65706879722F6B65726E65A8
:10E480006C2F74696D65736C6963696E672E6300C8
:10E49000574553545F544F504449522F7A65706822
:10E4A00079722F6B65726E656C2F7468726561642A
:10E4B0005F6D6F6E69746F722E6300005745535421
:10E4C0005F544F504449522F7A65706879722F6BB0
:10E4D00065726E656C2F74696D656F75742E63005F
:10E4E000574553545F544F504449522F7A657068D2
:10E4F00079722F6B65726E656C2F706F6C6C2E630A
:10E5000000000000574553545F544F504449522F68
:10E510007A65706879722F6B65726E656C2F6D65A8
:10E520006D706F6F6C2E6300FF8FFFFFFF8FFFFF1B
:10E53000FE8FFFFFFE8FFFFFFD8FFFFFFC8FFFFFB2
:10E54000FC8FFFFFFB8FFFFF6D757465785F667250
:10E5500065652063616C6C65642077697468204E22
:10E56000554C4C20706172616D65746572000000DD
:10E5700043616E277420696E697469616C697A659C
:10E58000206D757465782C20776173204E554C4C46
:10E590000D0A00004661696C20746F20616371751B
:10E5A000697265206D757465780A00004661696C52
:10E5B00020746F20696E63726561736520504D2011
:10E5C000636F756E7465720A000000004661696CC5
:10E5D00020746F20646563726561736520504D20FF
:10E5E000636F756E7465720A000000004661696CA5
:10E5F00020746F2072656C65617365206D7574653C
:10E60000780A0000436F756C64206E6F74206C6F25
:10E61000636B20706F7765722073617665206D750E
:10E62000746578004661696C20746F20756E6C6F3C
:10E63000636B206D757465780A0000006374782040
:10E6400063616E6E6F74206265204E554C4C000005
:10E650000A637478206973204E554C4C0A00000000
:10E6600067E6096A85AE67BB72F36E3C3AF54FA563
:10E670007F520E518C68059BABD9831F19CDE05B8F
:10E68000D89E05C107D57C3617DD703039590EF795
:10E69000310BC0FF11155868A78FF964A44FFABE5B
:10E6A0000123456789ABCDEFFEDCBA987654321072
:10E6B000F0E1D2C3182D0020050000001900000071
:10E6C0007D000000512563FCC2CAB9F3849E17A7E0
:10E6D000ADFAE6BCFFFFFFFFFFFFFFFF00000000F9
:10E6E000FFFFFFFF982F8A4291443771CFFBC0B5DF
:10E6F000A5DBB5E95BC25639F111F159A4823F920D
:10E70000D55E1CAB98AA07D8015B8312BE85312465
:10E71000C37D0C55745DBE72FEB1DE80A706DC9B26
:10E7200074F19BC1C1699BE48647BEEFC69DC10FD2
:10E73000CCA10C246F2CE92DAA84744ADCA9B05C0E
:10E74000DA88F97652513E986DC631A8C82703B0D1
:10E75000C77F59BFF30BE0C64791A7D55163CA06DF
:10E7600067292914850AB72738211B2EFC6D2C4DEB
:10E77000130D385354730A65BB0A6A762EC9C281D9
:10E78000852C7292A1E8BFA24B661AA8708B4BC26F
:10E79000A3516CC719E892D1240699D685350EF499
:10E7A00070A06A1016C1A419086C371E4C77482750
:10E7B000B5BCB034B30C1C394AAAD84E4FCA9C5BC6
:10E7C000F36F2E68EE828F746F63A5781478C88417
:10E7D0000802C78CFAFFBE90EB6C50A4F7A3F9BEF9
:10E7E000F27871C6AAAAAAAAAAAAAAAAAAAAAAAA90
:10E7F000555555555555555555555555000000001D
:10E8000055555555522563FCC2CAB9F3849E17A7C6
:10E81000ADFAE6BCFFFFFFFFFFFFFFFF00000000B7
:10E82000FFFFFFFF512563FCC2CAB9F3849E17A7FF
:10E83000ADFAE6BCFFFFFFFFFFFFFFFF0000000097
:10E84000FFFFFFFF96C298D84539A1F4A033EB2D06
:10E85000817D0377F240A463E5E6BCF847422CE1F2
:10E86000F2D1176BF551BF376840B6CBCE5E316B36
:10E870005733CE2B169E0F7C4AEBE78E9B7F1AFEFA
:10E88000E242E34F4B60D2273E3CCE3BF6B053CC46
:10E89000B0061D65BC86987655BDEBB3E7933AAAE2
:10E8A000D835C65AFCFFFFFFFFFFFFFFFFFFFFFF4A
:10E8B0000000000000000000000000000100000057
:10E8C000FFFFFFFF00002020202020202020202804
:10E8D0002828282820202020202020202020202018
:10E8E0002020202020208810101010101010101050
:10E8F0001010101010100404040404040404040490
:10E90000101010101010104141414141410101010E
:10E9100001010101010101010101010101010101E7
:10E9200001101010101010424242424242020202F4
:10E9300002020202020202020202020202020202B7
:10E940000210101010200000000000000000000065
:10E9500000000000000000000000000000000000B7
:10E9600000000000000000000000000000000000A7
:10E970000000000000000000000000000000000097
:10E980000000000000000000000000000000000087
:10E990000000000000000000000000000000000077
:10E9A0000000000000000000000000000000000067
:10E9B0000000000000000000000000000000000057
:10E9C000000000000000494E4600696E66004E419E
:10E9D0004E006E616E0030003031323334353637E0
:10E9E00038394142434445460030313233343536BC
:10E9F00037383961626364656600496E66696E69BD
:10EA00007479004E614E005245454E54206D616C44
:10EA10006C6F6320737563636565646564002F566E
:10EA20006F6C756D65732F576F726B737061636573
:10EA30002F6275696C642F2E6275696C642F484F64
:10EA400053542D7838365F36342D6170706C652DD7
:10EA500064617277696E2F61726D2D7A6570687965
:10EA6000722D656162692F7372632F6E65776C69B1
:10EA7000622D6E616E6F2F6E65776C69622F6C69A7
:10EA800062632F7374646C69622F64746F612E63A8
:10EA90000042616C6C6F63207375636365656465C8
:10EAA00064002F566F6C756D65732F576F726B73A3
:10EAB000706163652F6275696C642F2E6275696C75
:10EAC000642F484F53542D7838365F36342D61709B
:10EAD000706C652D64617277696E2F61726D2D7A2D
:10EAE00065706879722D656162692F7372632F6E2C
:10EAF00065776C69622D6E616E6F2F6E65776C69DC
:10EB0000622F6C6962632F7374646C69622F6D701D
:10EB10007265632E6300232D302B2000686C4C003F
:10EB2000656667454647004300504F534958002EDD
:04EB300000000000E1
:10EB340000000000152C010000000000000100008E
:10EB440000000000000000000000000000000000C1
:10EB540000000000000000000000000000000000B1
:10EB640000000000D5C50100000000000001000005
:10EB74000000000000000000000000000000000091
:10EB84000000000000000000000000000000000081
:10EB9400000000004F6104000000000000010000BC
:10EBA4000000000000000000000000000000000061
:10EBB4000000000000000000000000000000000051
:10EBC4000000000000000000000000000000000041
:10EBD4000000000000000000000000000000000031
:10EBE4000000000000000000000000000000000021
:10EBF4000000000000000000000000000000000011
:10EC04000000000000000000000000000000000000
:10EC140000000000000000000000000000000000F0
:10EC240000000000000000000000000000000000E0
:10EC340000000000000000000000000000000000D0
:10EC440000000000000000000000000000000000C0
:10EC540000000000000000000000000000000000B0
:10EC640000000000000000000000000000000000A0
:10EC74000000000000000000000000000000000090
:10EC840000000000000000009133020000000000BA
:10EC94000000000000000000000000000000000070
:10ECA4000000000000000000000000000000000060
:10ECB4000000000000000000000000000000000050
:10ECC4000000000000000000000000000000000040
:10ECD4000000000000000000000000000000000030
:10ECE4000000000000000000000000000000000020
:10ECF4000000000000000000000000000000000010
:10ED040000000000000000000000000000000000FF
:10ED140000000000000000000000000000000000EF
:10ED240000000000000000000000000000000000DF
:10ED3400282405000000000000000000000000007E
:10ED440000000000000000000000000000000000BF
:10ED540000000000000000000000000000000000AF
:10ED6400000000000000000000000000000000009F
:10ED74000000000000000000840300000000000008
:10ED8400000000000000000000000000000000007F
:10ED940011A60300000000000000000000000000B5
:10EDA400702200207022002085A1040000000000D1
:10EDB400000000000000000000000000000000004F
:10EDC400902200209022002000000000010000009A
:10EDD400A0220020A0220020A8220020A822002097
:10EDE4000000000001000000B8220020B82200202A
:10EDF400000000000000000000000000000000000F
:10EE040000000000000000000000000000000000FE
:10EE140000000000000000000000000000000000EE
:10EE240000000000000000000000000000000000DE
:10EE340000000000030000004867002004000000F8
:10EE44000C00000000040A400102000000040A4013
:10EE540000010000384A050000000800000000001E
:10EE6400000000000000000000000000000000009E
:10EE7400000000000000000000000000000000008E
:10EE8400000000000000000000000000000000007E
:10EE9400000000000000000000000000000000006E
:10EEA400000000000000000000000000000000005E
:10EEB400000000000000000000000000000000004E
:10EEC40000000000E5250100000000000000000033
:10EED400684A050000001000000000000000000067
:10EEE400000000000000000000000000000000001E
:10EEF400000000000000000000000000000000000E
:10EF040000000000000000000000000000000000FD
:10EF140000000000000000000000000000000000ED
:10EF240000000000000000000000000000000000DD
:10EF340000000000000000000000000000000000CD
:10EF4400E52501000000000000000000984A0500CB
:10EF5400000010000000000000000000000000009D
:10EF6400000000000000000000000000000000009D
:10EF7400000000000000000000000000000000008D
:10EF8400000000000000000000000000000000007D
:10EF9400000000000000000000000000000000006D
:10EFA400000000000000000000000000000000005D
:10EFB400000000000000000000000000E525010042
:10EFC4000000000000000000C84A05000000100016
:10EFD400000000000000000000000000000000002D
:10EFE400000000000000000000000000000000001D
:10EFF400000000000000000000000000000000000D
:10F0040000000000000000000000000000000000FC
:10F0140000000000000000000000000000000000EC
:10F0240000000000000000000000000000000000DC
:10F034000000000000000000F126010000000000B4
:10F0440000000000F84A0500000010000000000065
:10F0540000000000000000000000000000000000AC
:10F06400000000000000000000000000000000009C
:10F07400000000000000000000000000000000008C
:10F08400000000000000000000000000000000007C
:10F09400000000000000000000000000000000006C
:10F0A400000000000000000000000000000000005C
:10F0B40000000000D927010000000000000000004B
:10F0C400284B05000000100001010000B8250020B5
:10F0D40007100000A8250020F0DEBC9A78563412F0
:10F0E40078563412785634120600000000000000EE
:10F0F4000B000000A0000000F00000000000000071
:10F104000000000088130000010000000000803FA0
:10F114000000000000000000000000007727040049
:10F12400000000000000072000000100E0230500AB
:10F1340000000000E02305000100000002000000C0
:10F144000000000000000000000200002938040054
:10F15400B862050000000200C4620500000002005D
:10F16400D062050000000200DC620500000002001D
:10F17400E862050000000200F462050000000200DD
:10F18400006305000000020001000000000100000F
:10F19400000000000000000000000000000000006B
:10F1A400000000000000000000000000000000005B
:10F1B400000000000000000000000000000000004B
:10F1C400000000000000000000000000000000003B
:10F1D400000000000000000000000000000000002B
:10F1E400000000000000000000000000000000001B
:10F1F4000000000000000000233E040000000000A6
:10F204000000000080630500000012000000000000
:10F2140001000000F42600200000000000000000AF
:10F224000000000058100220000000000000000050
:10F2340000000000000000000000000000000000CA
:10F2440000020000006E0500904E0020947E050030
:10F2540000001800C07E050000000200EC7E0500DE
:10F2640000000200187F050000000200447F050032
:10F274000000020000000000000000000000000088
:10F28400000000000000000000000000000000007A
:10F29400000000000000000000000000000000006A
:10F2A400000000000000000000000000000000005A
:10F2B400000000000000000000000000000000004A
:10F2C400000000000000000000000000000000003A
:10F2D400000000000000000000000000775504005A
:10F2E40061C60100000000000000000000000000F2
:10F2F4000200000000000000000000008431002033
:10F304003A000000703100203A000000483100202B
:10F314003A0000005C3100203A00000098310020DF
:10F324003A000000343100203A000000C0310020CF
:10F334003A0000000080050001D10100EF570400ED
:10F3440001000000010000000000000000000000B7
:10F3540000000000E4670500010000000100000057
:10F3640000000000EC8B0500070001008DFF010088
:10F3740000000000BC8C0500090000002B610400A3
:10F384005C28002004000000000000005C8E0500E2
:10F394007791040000000000488E05000000010081
:10F3A400448E05002D920400000000002029002056
:10F3B400000001001C8E050000000000F90E020090
:10F3C4000000000000000200188E0500AF91040048
:10F3D400E9900200AC2800200000030000000000B7
:10F3E4000000000000000000000000000000000019
:10F3F4000000000000000000000000000000000009
:10F4040000000000000000000000000000000000F8
:10F4140000000000000000000000000000000000E8
:10F4240000000000000000000000000000000000D8
:10F4340000000000000000000000000000000000C8
:10F44400000000007D0E020000000000000000002B
:10F45400308E050000001400000000009F6A0400C4
:10F464000000000000000000000000004122020033
:10F47400000000000000000000000000195102001C
:10F48400000000000000000000000000954F020092
:10F494000000000000000000000000007163020092
:10F4A400000000000000000000000000F55702000A
:10F4B40000000000000000008829002088290020A6
:10F4C4000000000000000000417B0200EB86040005
:10F4D400378604000000000000000000817F020065
:10F4E400EB7F0400D57E04001978020000000000C0
:10F4F400B4AA050000000200C0AA050000000A002A
:10F50400D0AA050000002000000000000000000058
:10F5140000000000000000000000000000000000E7
:10F5240000000000000000000000000000000000D7
:10F5340000000000000000000000000000000000C7
:10F5440000000000000000000000000000000000B7
:10F5540000000000000000000000000000000000A7
:10F564000000000000000000000000000000000097
:10F5740000000000C98C04000000000070AB05000E
:10F58400000002007CAB05000000020088AB05000F
:10F5940000000200642A0020642A00200000000009
:10F5A400000000000E000000782A0020782A0020C5
:10F5B400A1BE0200000000000000000000000000E6
:10F5C400000000000CB5050000000000DDA20400EE
:10F5D400CDA204000000000028240500AC2A00206D
:10F5E400AC2A00200000000001000000BC2A00201A
:10F5F400BC2A0020F8230500FFFF0000FFFF0000E5
:10F60400E02A0020000000000000000000000000CC
:10F614000000000000000000EC7E0020200000003C
:10F6240000000000000000000000000058C10500B8
:10F6340001000000042B0020042B00200000000027
:10F6440001000000142B0020142B00201C2B002090
:10F654001C2B002000000000010000002C2B0020C7
:10F664002C2B00200000000000000000000000001F
:10F674000000000000000000000000000000000086
:10F6840000000000000000007024050000000000DD
:10F6940000000000147F00200C7F0020536D617275
:10F6A40074506174636830303100000008C4050090
:10F6B400110000000000000010C40500120000004A
:10F6C40000000000358100201E0000000200000040
:10F6D4000000000000000000FFFF00000000000028
:10F6E4008135030000000000000000000090D003FA
:10F6F4000070015000000000FFFFFFFF3F0000000A
:10F70400FFFFFFFF3F0000000000000000000000BA
:10F7140000000000000000000000000000000000E5
:10F7240000000000000000000000000000000000D5
:10F7340000000000000000000000000000000000C5
:10F7440000000000000000000000000000000000B5
:10F7540000000000000000000000000000000000A5
:10F764000000000000000000000000000000000095
:10F77400000000000000000008000000FF0000007E
:10F7840000000000030000000000000084E0050009
:10F7940000000000615E03000000000000000000A3
:10F7A4000000000000000000000000000000000055
:10F7B4000000000000000000882C0020882C00209D
:10F7C400902C0020902C00208B0405008704050059
:10F7D400731B050041CC030035CC030029CC030086
:10F7E4000000000091CC0300F42C0020EC2C00203D
:10F7F400E42C002000000000DC2C002061CE03007B
:10F80400ADCD0300E1CD030029CE030030990020E3
:10F814003A00003A349900203A00003A389900201E
:10F824003A00003A3C9900203A00003A849E0020B5
:10F83400082D0020C82C0020C02C0020BC2C002047
:10F84400B82C0020182D002000000000000000004B
:10F8540000000000000000000000000000000000A4
:10F864000000000000000000000000000000000094
:10F874000000000000000000000000000000000084
:10F884000000000000000000000000000000000074
:10F894000000000000000000000000000000000064
:10F8A4000000000000000000430000000000000011
:10F8B4000000000000000000000000000000000044
:10F8C40000000000000000004300000000000000F1
:10F8D4000000000000000000000000000000000024
:10F8E40000000000000000004300000000000000D1
:10F8F4000000000000000000000000000000000004
:10F9040000000000000000004300000000000000B0
:10F9140000000000000000000000000000000000E3
:10F924000000000000000000430000000000000090
:10F9340000000000000000000000000000000000C3
:10F944000000000000000000430000000000000070
:10F9540000000000000000000000000000000000A3
:10F964000000000000000000430000000000000050
:10F974000000000000000000000000000000000083
:10F984000000000000000000E92105007B210500C3
:10F9940000000000C5E805002FEB05001BEB050087
:10F9A4001BEB05001BEB05001BEB05001BEB050027
:10F9B4001BEB05001BEB05001BEB05001BEB050017
:10F9C400FFFFFFFFFFFFFFFFFFFFFFFFFFFF000041
:10F9D40001004153434949000000000000000000B9
:10F9E4000000000000000000000000000000000013
:10F9F400000041534349490000000000000000009A
:10FA040000000000000000000000000000000000F2
:09FA1400000000000C286401FF51
:10FA1D0000000000000000000000000000000000D9
:0CFA2D00000000000000000000000000CD
:10FA3C0000000000000000000000000000000000BA
:10FA4C0000000000000000000000000000000000AA
:10FA5C00000000000000000000000000000000009A
:10FA6C00000000000000000000000000000000008A
:04FA7C000000000086
:04FA80000000000082
:10FA84000000000000000000000000000000000072
:10FA94000000000000000000000000000000000062
:10FAA4000000000000000000000000000000000052
:10FAB4000000000000000000000000000000000042
:10FAC4000000000000000000000000000000000032
:10FAD4000000000000000000000000000000000022
:10FAE4000000000000000000000000000000000012
:10FAF4000000000000000000000000000000000002
:10FB040000000000000000000000000000000000F1
:10FB140000000000000000000000000000000000E1
:10FB240000000000000000000000000000000000D1
:10FB340000000000000000000000000000000000C1
:10FB440000000000000000000000000000000000B1
:10FB540000000000000000000000000000000000A1
:08FB6400000000000000000099
:10FB6C00000000000000000011A6030000000000CF
:10FB7C000000000000000000503000205030002039
:10FB8C00A93303000000000000000000000000008A
:10FB9C000000000000000000000000000000000059
:10FBAC0011A603000000000000000000000000008F
:10FBBC008830002088300020E5350300000000006C
:10FBCC000000000000000000000000000000000029
:10FBDC00A8300020A830002000000000A4660220FD
:10FBEC0000000000050000003000000000000000D4
:10FBFC00C8300020C830002000000000C08C01205C
:10FC0C000000000005000000B8000000000000002B
:10FC1C00E8300020E830002000000000946702204B
:10FC2C00000000000C0000001C00000000000000A0
:10FC3C00000000005890012000800000000000002F
:08FC4C000000000000000000B0
:10FC540020310020203100200000000000000000BE
:10FC64000E00000034310020343100200000000078
:10FC7400000000000E000000483100204831002040
:10FC840000000000000000000E0000005C310020B5
:10FC94005C31002000000000000000000E000000A5
:10FCA40070310020703100200000000000000000CE
:10FCB4000E00000084310020843100200000000088
:10FCC400000000000E000000983100209831002050
:10FCD40000000000000000000E000000AC31002015
:10FCE400AC31002000000000000000000E00000005
:10FCF400C0310020C03100200000000000000000DE
:04FD04000E000000ED
:10FD0800D4310020D43100200000000001000000A0
:10FD1800E4310020E4310020EC310020EC310020F7
:10FD280000000000FFFFFFFFFC310020FC31002035
:10FD38000000000000000000000000001032002059
:0CFD480010320020183200201832002079
:10FD54000000000000000000000000002C32002021
:10FD64002C32002034320020343200200000000005
:10FD7400060006000600000033650400FC8E050042
:10FD840064430220000000000000000000000000A6
:10FD94006032002060320020683200206832002087
:10FDA400000000000C000C00100000000000000027
:10FDB400D0A00500CC560220000000000000000086
:10FDC4000000000094320020943200209C32002075
:10FDD4009C320020000000000C000C001000000009
:10FDE400DF80040044A60500C46402200000000073
:10FDF4000000000000000000C8320020C8320020CB
:10FE0400D0320020D03200200000000003000300A4
:10FE140001000000000000000C8F0500B044022027
:10FE2400000000000000000000000000FC32002080
:10FE3400FC320020043300200433002000000000C2
:10FE44000A000A000100000071650400EC8E050040
:10FE54004C3C0220000000000000000000000000F4
:10FE64003033002030330020383300203833002072
:10FE7400000000000500050010000000CB72040023
:10FE8400C0A00500044A0220000000000000000099
:10FE94000000000064330020643300206C33002031
:10FEA4006C330020000000000A000A00010000007A
:10FEB40000000000FC960500EC4802200000000051
:10FEC4000000000000000000983300209833002058
:10FED400A0330020A0330020000000000400040030
:10FEE4000800000000000000508D050004390220C5
:10FEF400000000000000000000000000CC330020DF
:10FF0400CC330020D4330020D43300200000000080
:10FF14000100010001000000000000001C8F05002A
:04FF24000846022069
:10FF2800040000001400000003000000474E5500C4
:10FF38000A9BE10780FCF1EED387C38D93B72005B8
:04FF4800130CDC2C8E
:04FF4C0015E015E0C7
:040000031000D97D93
:00000001FF
