:020000040100F9
:1088000020620021F1700201F7080301DD7002010E
:10881000DD700201DD700201DD7002010000000068
:10882000000000000000000000000000557202017E
:10883000DD70020100000000ED710201DD70020137
:108840000D7402010D7402010D7402010D74020118
:108850000D7402010D7402010D7402010D74020108
:108860000B0E03010D7402010D7402010D7402015F
:10887000D70D03010D7402010D7402010D74020184
:108880000D740201F10D03010D7402010D7402015A
:108890000D7402010D7402010D7402010D740201C8
:1088A0000D7402010D7402010D7402010D740201B8
:1088B0000D7402010D7402010000000000000000B0
:1088C00000000000000000000000000000000000A8
:1088D0000000000000000000000000000000000098
:1088E0000000000000000000000000000000000088
:1088F0000000000000000000000000000000000078
:108900000000000000000000000000000000000067
:108910000000000000000000000000000000000057
:108920000000000000000000000000000000000047
:108930000000000000000000000000000000000037
:108940000000000000000000000000000000000027
:108950000000000000000000000000000000000017
:108960000000000000000000000000000000000007
:1089700000000000000000000000000000000000F7
:1089800000000000000000000000000000000000E7
:1089900000000000000000000000000000000000D7
:1089A00000000000000000000000000000000000C7
:1089B00000000000000000000000000000000000B7
:1089C00000000000000000000000000000000000A7
:1089D0000000000000000000000000000000000097
:1089E0000000000000000000000000000000000087
:1089F0000000000000000000000000000000000077
:108A0000DEE61E284CBBCE8F023500003C00000085
:108A100090D70200010000000088000100880001DA
:108A2000FFFF0291000000000000000000000000B5
:108A3000000000000000000000000000084B1B7850
:108A4000002B4FF00003836018BF0222036008BFB1
:108A50000122044B4360FF23C2710372704700BFC1
:108A6000180A002128010800064A074B9B7802607B
:108A70004FF41272C3710023828008220372827144
:108A8000704700BF433A0201180A0021064A074B0B
:108A9000DB7802604FF43272C371002382800822B7
:108AA00003728271704700BF59380201180A002111
:108AB000064A074B1B7902604FF4B472C371FF235F
:108AC0008280082203728271704700BF1334020152
:108AD000180A00212DE9F341C41D0028064624F0A0
:108AE00007040CBF0020204600F040FD071E04DAFA
:108AF0006FF00B0002B0BDE8F0810EB9FC42F7D474
:108B0000364D6989288903316B7B03302A7B89B212
:108B100080B217F013F80028EADB3C44A978EB7820
:108B2000002E04F10304194424F0030400FB01F1B6
:108B30000CBF0020204600F0A3FE20440EB9002800
:108B4000D6DB2B790446B3B1697D19446B7919449E
:108B5000FF29CDDC0330002E2A8AC9B220F003049D
:108B60000CBF0020204600F0FBFE0028C0DB0444C0
:108B70000EB9002CBCDB012000F0EEFCC8B1A97BD3
:108B8000B9B195F82C300734002B24F0070415BF39
:108B9000402325234FF481722822002E14BF204643
:108BA000002006F03DFC0028A2DB04440EB9002C96
:108BB0009EDBAB7CDBB12B7993B10734002EA97C13
:108BC00024F007040CBF002020460CF0C5FF00284D
:108BD0008EDB04445EB9002C09DA89E7180A00210B
:108BE000012000F0B9FC10B1AB7B002BE5D1724B3A
:108BF0001B6893B1A97981B10334002EEA7C24F07B
:108C000003040CBF0020204698470028FFF670AFF1
:108C1000044416B9002CFFF66BAF684B1B688BB190
:108C2000297D79B10334002E24F003040CBF002009
:108C3000204698470028FFF65BAF044416B9002C85
:108C4000FFF656AF5E4B1F68B7B1697DA1B1033423
:108C5000002E2B7E24F0030408BF0020009318BFD1
:108C60002046EB7DAA7DB8470028FFF641AF0444BB
:108C700016B9002CFFF63CAF072000F06DFC98B150
:108C8000A97989B10334002EAA7E24F003040CBF15
:108C90000020204600F052FF0028FFF629AF0444D0
:108CA00016B9002CFFF624AFB6FA86F795F8250022
:108CB0007F09A0B10334EB7F297F24F00704194416
:108CC0003B4644F00404C9B2224600F079FF002874
:108CD000FFF60EAF044416B9002CFFF609AF95F865
:108CE0002610002959D00734002E2A8D24F00708B9
:108CF0000CBF0020404616F036FF041EFFF6F8AE0B
:108D0000444416B9002CFFF6F3AE1EB1298D40463F
:108D100012F0DCF995F82010002940D095F82430A5
:108D2000002B3CD06A8C0734002E24F0070802F197
:108D300024020CBF0020404692B216F014FF041E1D
:108D4000FFF6D6AE444416B9002CFFF6D1AE03347C
:108D5000AB7F297F24F0070495F8240019443B4693
:108D600044F00404C9B2224600F01CFF0028FFF6BC
:108D7000BFAE044416B9002CFFF6BAAE3EB16A8C01
:108D8000404695F82010083292B212F0A5F92B6BEC
:108D90005BB176B12C630020ACE68846B5E7002EC7
:108DA000F5D0002211461046EFE7002EF3D1204601
:108DB000A0E62834FBD59BE6580000216000002186
:108DC0005C0000211FB572B6194B5D6BE5B9BFF3AE
:108DD0004F8F1849184BCA6802F4E0621343CB6006
:108DE000BFF34F8F00BFFDE7B4FBF6F4D3B20132FF
:108DF000002CF9D103F110026A4402F80C4C0A224B
:108E000033B901A8A847E2E7044600220A26EDE7A5
:108E1000013BDBB203F110040DEB0406B0FBF2F4EE
:108E200002FB1400303006F80C0C2046E8E700BFC7
:108E3000180A002100ED00E00400FA0513B5114CFA
:108E40006846637B8DF80130237B8DF800306389A1
:108E5000ADF804302389ADF802300AF0F1FB18B107
:108E6000DB210320FFF7AEFF207E0AF04DFC08B1A6
:108E7000DE21F6E7E07D0AF041FC08B1DF21F0E7F2
:108E800002B010BD180A002138B5054600283ED0B2
:108E900015F06AFB10B94FF0FF3038BD12F094FCAA
:108EA000B0F5FA7FF7D81C4C1C486563002500F02C
:108EB000CFFA2A222946A01C84F83850257084F85D
:108EC0002C50256315F062FE1B2240F20113228113
:108ED000628140F2032263800123A2810322237175
:108EE000A2731F22A376F72322824FF402726384B7
:108EF000FB23628244F601122385E282EFF31084A1
:108F000072B600F06DFE2CB962B62046C5E76FF070
:108F10001500C2E72846C0E7180A00213D8E00016F
:108F200038B51446002840F0B9805E4D95F83830C9
:108F3000032B00F0B080B1B112B96FF0150038BD4D
:108F40000139142900F2AA80DFE801F00B1C1F345C
:108F50005E67853A6A6D7F404654598B8E9C9FA20E
:108F600094001378AB700020FFF7B4FD0028B7BF62
:108F7000012302236FF00B0085F83830A8BF85F875
:108F80003830DCE71378EB70EDE71379002BD4D0A1
:108F90005379002BD1D01288FB2ACED81A2A6388A5
:108FA000CBD91B3BE02BC8D82368A288AB603E4BD3
:108FB0009A80D8E713786A799342BED32B71D2E7AF
:108FC00013782A799342B8D86B71CCE713782A7951
:108FD0009342B2D86B75C6E71378002BADD05378A7
:108FE000013BDBB2F82BA8D813889278EB822F4B89
:108FF0009A70B8E71078687610F02CFAB3E7137817
:10900000002B9AD0AB76AEE7012000F0A5FA2378CA
:1090100008B1012B91D9AB73A5E713882B82A2E786
:109020001378AB719FE7072000F096FA10B9237808
:10903000012B82D9072000F08FFA18B12378002B7A
:109040003FF47BAF2378EB748DE71378082B3FF662
:1090500074AF2B7587E71388FF2B3FF66EAFAB74A9
:1090600081E71378EB767EE713780E2B3FF665AF3A
:109070002B7778E723680E4A2B6263685360238955
:10908000138170E713786B776DE71378EB776AE7F6
:109090001378AB7767E74FF0FF3050E76FF02C00A5
:1090A0004DE700BF180A0021200A00212E0A0021E6
:1090B000380A0021F8B50D46064630B329B311F041
:1090C000070422D1124F97F83830012B02D16FF0EC
:1090D0000B00F8BD032B02D14FF0FF30F9E700F091
:1090E000E7F80028F8D02846FFF7F4FC0028EEDB6C
:1090F00010F0B6F93046396B0AF0DEFBFFF79EFE42
:109100000323204687F83830E3E76FF01500E0E7E7
:10911000180A002110B5074C94F83830032B03D1FE
:109120000AF0E6FB0BF03AFD16F065FE002084F82D
:10913000380010BD180A002150B1074B03F114028A
:1091400053F8041B934240F8041BF9D100207047E8
:109150006FF01500704700BF4A550301074B10B56B
:1091600093F838403CB90AF039FB0320044900F079
:10917000EBF9204610BD4FF0FF30FBE7180A002145
:10918000B18A0001074B10B593F838403CB90AF09A
:1091900039FB0220044900F0D7F9204610BD4FF0FA
:1091A000FF30FBE7180A00218D8A000108B50C4B3F
:1091B00093F838208AB993F82C305BB10AF060FB41
:1091C0000849012000F0C0F90020074900F0BCF96F
:1091D000002008BD0AF038FBF2E74FF0FF30F8E757
:1091E000180A00213D8A0001698A0001054B10B56B
:1091F00093F838401CB90AF0A3FA204610BD4FF08E
:10920000FF30FBE7180A0021054B10B593F83840F2
:109210001CB90AF087FA204610BD4FF0FF30FBE77B
:10922000180A0021054B10B593F838401CB917F007
:109230004DFF204610BD4FF0FF30FBE7180A00211C
:10924000054B10B593F838401CB917F042FF204683
:1092500010BD4FF0FF30FBE7180A0021054B10B599
:1092600093F838401CB917F037FF204610BD4FF077
:10927000FF30FBE7180A0021054B10B593F8384082
:109280001CB917F02BFF204610BD4FF0FF30FBE755
:10929000180A002102680020014B1A60704700BFC5
:1092A000540A0021014B1B68184700BF540A0021D3
:1092B000024B1868003818BF01207047540A00217B
:1092C000F7B504462D4E071D2C4837600BF086FC81
:1092D0000228054606D12949204615F0B8FD284642
:1092E00003B0F0BD042842D13378092B0AD0262BD5
:1092F0001ED03146204615F024FEB0F5817F2DD3D7
:10930000722112E005213E2015F074FD0028F0D1F5
:10931000F37801A93279684643EA0223ADF80030B8
:1093200016F0CCF90028CFD053210820FFF74AFDD2
:109330001A213E2015F05EFD0028DAD173686946D7
:1093400001A8C3F30F23ADF8043011238DF80630C4
:1093500016F0D6F90028B7D06521E6E70028B3D08B
:10936000A178207815F046FD0028B8D1ACE7082890
:10937000B5D10249204615F0A2FDB0E7580A0021F8
:10938000074B4FF0FF3141F6FF72C3E90012054968
:109390000022C1E900221F21C3E90212704700BF69
:1093A000000000215C0B00213F280CD801380B4B3A
:1093B000C0F3421200F01F0053F8223023FA00F0ED
:1093C00000F001007047FF2806D04038044BC0F37E
:1093D000421200F01F00EFE701207047000000215B
:1093E0005C0B0021074B0146006849681A4603C21E
:1093F00040F48C221A6041F0107242F4FF625A600D
:10940000704700BF000000210246024B006851680F
:1094100003C370475C0B00210246024B0068516891
:1094200003C3704708000021FD28084B16BF00F158
:10943000FF303F20C0B2420900F01F0003EB82035F
:109440009B6823FA00F000F0010070470000002143
:10945000014B1860704700BF640B002110B5FFF787
:109460008FFF17F049F8034B04461B6803B1984778
:10947000204610BD640B002170B50C88C27CA6B2DA
:10948000C4F30E04931C058804F118021D44825A8B
:10949000ADB21A4443882A44013AB2FBF5F202FB0A
:1094A000054292B29342044B8BBF3340B343134304
:1094B0009BB20B8070BD00BF0080FFFF4A1E062AD2
:1094C00008B50346084604D84FF4D1711520FFF7BC
:1094D00079FC094A914202D940F2A311F6E711B989
:1094E00003B1196008BD2BB11B680022C3E901213B
:1094F0001A1D1A600430F5E7FAFFFF7F10B5114B13
:1095000000EB41041A786389B3FBF2F303FB0223F7
:10951000013A1A44B2F5706F027928BF00231A4449
:109520008378B2FBF3F0194403FB1020091AB1FB56
:10953000F3F003FB101313446FEA43436FEA534302
:10954000638110BD680B0021024B03EB800359605F
:10955000704700BF680B0021034B03EB8003586882
:10956000003818BF01207047680B00212DE9F04F2B
:1095700010F0070A85B0054604D040F261111720AB
:10958000FFF720FC544F04464FF0010B07F1400653
:10959000B146B04657F8043B8DF80BA03BB101A88B
:1095A00098479DF80A30082B01D9E821E7E79DF894
:1095B0000B1081BB05B13160B94506F10406E9D154
:1095C0002DB30023DFF814E10F221E468EF8003081
:1095D00058F82200013A60B190F804A08178BAF1FD
:1095E000FF0F64D14FF000078E4207713CBFCEB22F
:1095F0000123511CECD10BB18EF800600F2640F610
:10960000FF6A58F82670002F63D1013EF9D2601B23
:1096100005B0BDE8F08F9DF80AC04A1DBCF1020FED
:10962000E64604EB420438BF4FF0020E53000EF141
:10963000FF300444CEF100002040BDF808406444EF
:10964000CCF1000C013C04EA0C04B4F5803F01D3DA
:10965000F82194E775B1C31A336099701C8083F8C0
:1096600003B09DF80C201A71019A4FEA124C1A812E
:10967000A3F806C004FB01049EE758F82C90B9F14A
:10968000000F06D099F804B0D34504BF99F80290B2
:109690004F440CF1FF3CBCF1000FEEDA3944FF29D6
:1096A000A2D90BB18EF8006040F2271167E794460B
:1096B0000027F0E707EB410309F101093846A3F859
:1096C0000AA0FFF71BFF5FFA89F1BB788B42F1D844
:1096D0009BE74FF00009F6E76C0B0021680B0021B7
:1096E000F8B54FF6FF7305460380184B03EB810373
:1096F000586CB8B186780379B3FBF6F206FB1233E7
:10970000DBB219460A1D00EB4202B2F9027054881E
:10971000002F09DB0131B1FBF6F206FB1211C9B2D1
:109720008B42EFD10020F8BDFF29FBD0C4F30E031C
:10973000C4782B8024B94FF4D5711720FFF742FB72
:109740005380BDE8F84016F0D8B900BF680B00217F
:109750001D4B03EB810370B55C6C054644B30304F9
:1097600004D54FF4DC711720FFF72CFB014620468F
:1097700016F0A6F9FF28014604D02046BDE8704047
:1097800016F0BBB9A078B5FBF0F300FB1353DBB2C6
:1097900019460A1D04EB4206B6F90260002E09DBE9
:1097A0000131B1FBF0F200FB1211C9B28B42F0D1D2
:1097B000002070BDFF29FBD08B4204EB42021CBF8E
:1097C0000023E3705580D8E7680B0021094B03EBB9
:1097D0008103014610B55C6C204616F071F9FF2834
:1097E000014604D02046BDE8104016F086B900209E
:1097F00010BD00BF680B0021F8B5104B074603EB06
:10980000810301465C6C204616F05AF9FF28054694
:1098100011D0E688238953EA064606D00146204641
:1098200016F06BF901463846B04720462946FFF747
:1098300065FE0020F8BD0520FCE700BF680B002195
:1098400038B50E4B0446827903EB8203586C08B995
:10985000052038BD8278E1799142F9D24B1CE37141
:1098600000EB41035D89B3F90A30002BF3DBA580DF
:1098700016F043F920600020EBE700BF680B0021E1
:1098800070B5044610F003000E4603D04F21182097
:10989000FFF798FAFFF712FE054624B10348314658
:1098A0000460FFF70BFE284670BD00BFEC0B0021E3
:1098B0002DE9F14FDFF870B01E4607460D46DBF884
:1098C000003090469DF828A09DF82C901BB961218E
:1098D0001820FFF777FA52460921404615F061FF3C
:1098E0004A4684B20921304615F05BFF81B2DBF8AD
:1098F0000000214416F0B9F8386018B9286001B0AA
:10990000BDE8F08F04445346414609222C60386874
:1099100015F000FF4B4609223146286801B0BDE82A
:10992000F04F15F0F7BE00BFEC0B002170B50E46EE
:10993000044615F049FF0546304615F045FF044B37
:109940002A1821461868BDE8704016F0B2B800BF6A
:10995000EC0B0021014B186816F07BB8EC0B0021D2
:109960001F2AF8B5044613460ED89200033222F09F
:109970000303B3F5803F2DD2184DACB1A00710D032
:109980005F210920FFF71EFAFF2B4FEA420204D99C
:10999000FF339A42A8BF1A46E8E77C2AB8BF7C2268
:1099A000E4E729706C602B8122F003022823012751
:1099B000120403FB01F06B680025120CEEB28E421C
:1099C00000D3F8BD14B126181F705E601044013535
:1099D0002833F3E74FF0FF30F3E700BFF00B00212F
:1099E000144A002138B553681478C8B2844203D8A9
:1099F000AB210920FFF7E6F9184601312833057835
:109A0000002DF2D000218170012412898161051D91
:109A100044709208C16100F12001446821F8022BD2
:109A2000994245F8044B1444F8D100234361037074
:109A300038BD00BFF00B00210A4B1B89B3F5FF7F37
:109A40004FEA930006D25A089B1A9BB2984238BF3D
:109A500018467047B3F5EE6F01D8FF22F4E740F2E5
:109A60007263F3E7F00B00212DE9F8434B78804651
:109A70000C4602F0040602F0FB07D3B1DFB12E4B17
:109A8000D4F804901D89B7BB0123AD084A46211DB7
:109A9000637004F1280004F12003A761E76123F853
:109AA000025B984241F8042B2A44F8D100236361F9
:109AB00001E0002FE3D0FF23A370002E18BF022681
:109AC000A3191B7D032B03D1022F1CBF0136F6B255
:109AD000A31901221A7506F10C02002304EB860675
:109AE00024F812307268A3704046C8F80020A8F825
:109AF0000430BDE8F883002114226170A01815F02D
:109B000045F8B5F5FF7F0FD26B08ED1AADB209EB42
:109B10000502C4F804902584A2606384C4F80C9004
:109B2000A5842261E384C6E7B5F5EE6F4FF0FF032D
:109B3000EBD940F27265EAE7F00B00212DE9F8431A
:109B400005460C46F7200521914615F02AFE061E13
:109B500022DB1DB906FB04F0BDE8F88315F003070E
:109B600003D098211920FFF72DF9DFF83480C8F8C9
:109B70001050A5B2A8F81460BBB29D42EAD9B8F85B
:109B800014C04B46D8F810000522F72107FB0C0043
:109B9000013715F0BFFDEFE74FF0FF30DCE700BF06
:109BA000040C002107B5CDE900230B46034902460A
:109BB000081D16F0FAF803B05DF804FB1C0C002138
:109BC00013B5064CCDE900230B46024604F108010B
:109BD00004F10C0016F0E9F802B010BD1C0C0021D5
:109BE000144B012200214FF0FF309A60C3F800129D
:109BF000C3F80803C3F80015C3F804259A60C3F836
:109C000008034FF48040C3F80015C3F8042503F59A
:109C1000805341F6F8720849C3F80825C1F880005E
:109C2000BFF34F8FBFF36F8FC1F88001C3F80825D2
:109C3000704700BF00E0004100E100E08C463222A6
:109C4000064B00B50CF8032B8E4607CBCEF803006D
:109C5000CCF80410CCF808205DF804FB380C002187
:109C600010B5154C10F084FC0FF0A4FD0021636AC0
:109C7000608C9847237E9BB9104B628C93E803005D
:109C80000BF0F4FFE36A18880BF01AFF636B94F88B
:109C9000301094F831009847002384F8383010BD14
:109CA00094E8070004F10C0383E80700044904F179
:109CB000190018F02AFBDFE72C0C0021540C0021BE
:109CC0003D9C0001034B93F8383003B97047FFF710
:109CD000C7BF00BF2C0C002140F26741062008B529
:109CE000FFF770F808B5094B93F83820022A07D11E
:109CF000DA7A42F00102DA72BDE80840FFF7B0BF3D
:109D000040F22D212720FFF75DF800BF2C0C002129
:109D100038B5364D044695F828300BB1C2071FD42C
:109D2000012924D82B6C2046984700B395F83000C1
:109D3000E8B995F82820E2B18CB995F84430D806F6
:109D4000C3F300142ED4EB6C23B30123AAB16A8FA2
:109D5000910713D5EB6BD878023818BF012038BDB6
:109D60006B8F1B07DCD5EB6BDB78022BD8D1012086
:109D700038BD002CE1D1204638BD6A8F002AF6D1CB
:109D80006A6D107803EA10102043C0F1010000F062
:109D9000010038BDB5F85030B3FA83F35B09002AEF
:109DA000EBD0D4E7E96B0B7803F00303032B02D16C
:109DB000CB78022B18D0A86C15F08EFD48B9EB6B50
:109DC0001B7803F00303032B06D195F828200446E3
:109DD000B9E795F82820B6E709F0A6FF80F0010062
:109DE00095F82820C4B2AEE70024ACE72C0C002183
:109DF00070B5234C0646E56A636D95F88C2094F89F
:109E00005C00A3650AB1031DD8B2FF2895F86D1058
:109E100004D11EB995F86C308B4203D010F062F873
:109E200095F88C2032B3206E10F0BAFC94F82830EC
:109E3000D5F8E820003B216E626718BF0123D5F8F2
:109E4000EC20A06D84F87C30A2670FF051FC46B97D
:109E500095F86D30033B012B94BF2820002010F0B3
:109E60003DFD95F86C10002010F09CFD022384F855
:109E7000383070BDA06D10F093FC0FF09BFCE6E74E
:109E80002C0C00212DE9F0413D4C82B094F8383083
:109E9000E56A012B6CD15FFA83F895F87C300646B1
:109EA0000F4673B1638F0021042043F0040385F84B
:109EB0007C106387636A984794F828300BB185F863
:109EC0007E80E16B0B7803F00303032B37D04B78D4
:109ED0008BB3022385F8823095F88C30F3B1E36AB6
:109EE00094F8282093F86D30003A03F1FF3318BF3F
:109EF0000122DBB284F87C20D5F8E820032B6267CE
:109F0000D5F8EC20A26794F85C2036D81D490020D3
:109F1000CB5C009001201C490FF080FB012F05D184
:109F200026B931463046FFF7F3FEE0B102B0BDE896
:109F3000F041FFF795BE012385F88230CCE795F814
:109F4000823063B9638F022043F002036387636A40
:109F50009847E16B0B7803F00303032BB7D103237E
:109F600085F88230B8E702B0BDE8F041FFF740BFA6
:109F700040F29D412720FEF725FFFFF7ADFE00BF11
:109F80002C0C0021D4220301900C002170B5804CD0
:109F9000002282B0E56A8DF8052095F88C2094F8AF
:109FA0005C300AB10433DBB2FF2B95F86C1004D19E
:109FB00018B995F86D308B4202D0FF200FF092FF58
:109FC00095F88230032B00F2DE80DFE803F0021CFC
:109FD000817194F8BA306F48ADF80630A5F85C305E
:109FE00009F07CFE002840F098800DF105020DF18B
:109FF0000601A06C15F010FCE06320B195F8C730A5
:10A00000002B00F0A280644B1846E36395F8832090
:10A010000378D20003F0F30302F00802134395F82B
:10A020008420920002F00402134303F0EF0203F0D5
:10A030000303032B027002D1C378022B11D0A06C52
:10A0400015F04AFC48B9E06B027802F00303032BD9
:10A0500007D009F069FE002870D1E06B027842F069
:10A060001002027095F88B3013B14378002B41D168
:10A0700010F096FB0FF09EFBE66B0AF0B1FE20B1EC
:10A08000337803F00303032B5BD095F86D100120A8
:10A0900010F088FCE26B012340491088927884F824
:10A0A000BC30A4F8440084F838308A7002B070BD27
:10A0B000384809F013FE00285BD0E06BC3781B2BF7
:10A0C00014D1012105F110000FF03EFFE06B0DE00F
:10A0D000B5F85C300DF105020DF10601A06CADF88C
:10A0E000063015F099FBE063002847D0012384F87F
:10A0F000BB308BE7206E10F053FB94F82830206EB5
:10A10000B3FA83F3D5E938125B09C4E91D12E16B98
:10A1100084F87C300FF0ECFAAEE7638F4FF4807078
:10A12000E16B43F48073626A638790470121E06BBF
:10A1300085F87D10C3781B2BD8D1C3E7E06B02787C
:10A140008FE7012011F0C2FC9FE79DF8053043B175
:10A15000BDF8061018F080F80123E06B84F8BB30DE
:10A1600054E7038001218370E06B17F063FFE06B1D
:10A17000EEE740F2D7212720FEF724FE40F2CD2162
:10A180002720FEF71FFE40F2E5212720FEF71AFEEA
:10A190002C0C0021680C0021B40C0021700C002153
:10A1A0002DE9F04FB84C87B0002294F83830E76AB8
:10A1B000022B049240F01482638C0D46804613F00B
:10A1C000400106D1636A40209847638C43F0400306
:10A1D0006384B8F1000F5CD097F88C30002B40F00E
:10A1E0005B81D4F858A09AF8013099B2A4F85010C5
:10A1F000002940F067810023E3649AF80060638CD3
:10A2000097F88310C6F3800243F40073914263848D
:10A2100000F0F780D4F82C9099F88220FAB1022A45
:10A2200000F0B881002194F8283089F8821023B119
:10A2300099F87E30002B40F0A38199F87D30002BF7
:10A2400040F0808199F88330D4F858A0012B0CBFDE
:10A250000023012389F88330638C9AF8006097F813
:10A260008410C6F3C00243F400634FF0000991422A
:10A27000638400F0CE8000260AF0B2FD30B39AF875
:10A28000003003F00303032B20D1012011F01EFC4A
:10A290001CE097F88C20002A40F01C8143F4806376
:10A2A00094F8C6206384013297F86D3084F8C62094
:10A2B000033B012B05D90AF093FD8146002800F0ED
:10A2C000D6800026012011F001FCB14697F88B30B2
:10A2D00013B394F8283097F87620B3FA83F3002A62
:10A2E000D7F8E0204FEA531314BF0420002084F86D
:10A2F0007C3097F86C306267013BD7F8E420DBB222
:10A30000A267032B00F27181604A6149D35C00228D
:10A310000092FB220FF082F945B994F8C610012093
:10A32000FFF7F6FC0546002800F0D880012510F064
:10A3300089FB002E3BD1B9F1000F09D094F82830E9
:10A34000002B40F09680B4F809300133A4F80930AE
:10A35000B8F1000F4AD0B4F805300022013384F878
:10A36000C620A4F805304B480BF098FB049830B198
:10A3700015F04FFBE16A002202720AF079FC36B157
:10A38000E16A002333720C2230460AF03FFC002DB4
:10A3900032D1638C1B0607D4636A29468020984714
:10A3A000638C43F08003638407B0BDE8F08FA16D38
:10A3B000E36C4E78002B00F01A81B4F85020184658
:10A3C000033214F079FC0DF10E0205A9A065D4F852
:10A3D000C00015F034FB059815F01BFB3146012237
:10A3E0000646D4F8C00015F0C1FAA4E7B4F8073067
:10A3F0000133A4F80730B6E7FFF732FC07B0BDE839
:10A40000F08F97F88410C6F3C002C14691427FF4E2
:10A4100032AF06F00306D4F82CB0032E64D143F417
:10A4200080530120514600266384638F8BF87C00A3
:10A4300043F001036387636A9847D4F858A09BF8F8
:10A440008430013B18BF01238BF884309AF8013027
:10A45000002B3FF411AFDBF8E8300133CBF8E830E4
:10A46000DBF8EC3043F10003CBF8EC3004E70646B0
:10A470002CE7B4F80530B4F80710B7F880200B4388
:10A4800013433FF465AF5EE72C0C0021D422030197
:10A49000900C0021540C00210FF0B4F9D4F858A00E
:10A4A0009AF8013000287FF4A0AE002B65D09AF80E
:10A4B000002097F88410C2F3C00291427BD099B279
:10A4C000A4F85010D4F8C00015F027FAD4F858A01A
:10A4D000E06492E60FF0D6F9638CDFE6FFF756FDF5
:10A4E000002E3FF428AF62E7002EA8D09AF8016052
:10A4F000002EA4D043F480539BF88C6063840FF04B
:10A500007FFC042894F8C43006D1002E14BF1B220F
:10A510001F22934228BF1346D4F858A09AF801206E
:10A520009A424ED8E66C002E3FF4A6AE94F8C530A1
:10A53000002B53D0636A0021202000269847D4F8CE
:10A5400058A099E6002689F87D6009F0D7FB00281D
:10A5500052D0638F3146082043F008036387636A53
:10A560009847D9F8E0300133C9F8E030D9F8E43041
:10A5700043F10003C9F8E43064E6A4F850303AE649
:10A58000638F102089F87E1043F010036387636A9D
:10A59000984752E604A9A06C15F060F988B3D9F881
:10A5A000E0300133C9F8E030D9F8E43043F100037A
:10A5B000C9F8E43036E6012384F83130FFF750FB68
:10A5C000F2E694F830300120002643F0100384F8BE
:10A5D000303011F07BFAD4F858A04DE646462EE70D
:10A5E00040F211512720FEF7EDFBFFF775FB40F21B
:10A5F0008E412720FEF7E6FB40F21C412720FEF7A4
:10A60000E1FB40F205412720FEF7DCFB0D4B0E4A33
:10A6100070B50E4C1A6094F838301BB1DE2127203B
:10A62000FEF7D0FB03F0FF0206460D4622760BF044
:10A6300015FB012104F1880017F0FCFC6665256616
:10A6400070BD00BF64000021CCAA00012C0C0021C9
:10A65000074A10B592F8383013B10C24204610BDCB
:10A6600003F0FF0414760BF0F9FA204610BD00BF8A
:10A670002C0C0021024B012283F8C520704700BF3B
:10A680002C0C0021F0B585B0C24C02AD85E803006A
:10A6900094F838100A98002940F07781002B18BFF1
:10A6A000002A00F07281B0FA80F14909002800F018
:10A6B0006C81236404F12803606384F8C51084F876
:10A6C000301084F8C61084F8311084F8BC1084F877
:10A6D000BB1061876184626295E8030083E8030030
:10A6E000E56A0FF065FC0FF065F895F974000FF05E
:10A6F0005FFDA86A10F038F8286A0FF05FFD95F842
:10A700009C000FF065FD95F87630002B40F0C58079
:10A7100096200FF05FFB94F82800002840F0C580D9
:10A7200095F86C209C4B03EB420399889B4B01F5F9
:10A73000FA71A3FB013189097D310FF0BDFE984B01
:10A74000984E186810F016F8D5F8F000D5F8F41007
:10A75000E76AD5E90523A264C4F8C030D5F8F8202B
:10A76000D5F8FC300FC6D5F80031D5F80421C4F86F
:10A770007D3097F88630C6F80D20A3F12602012A15
:10A7800040F29A8097F88720262A00F09580213B96
:10A79000012B00F2E280242A40F0D18094F8283086
:10A7A000002B00F0DD8097F8652097F8263197F8A8
:10A7B0006C6013405A0700F1CC8013F0010240F0A6
:10A7C000DD809B0700F1D28005F134073146384621
:10A7D00017F05AFE314617F0A0F8B5F8403002469F
:10A7E00095F86D103846934228BF134684F8BA3066
:10A7F00017F010FE95F86D1095F88C700429B5F8D7
:10A80000486008BF032117F088F80FB9043080B200
:10A81000B04228BF3046C6B284F8C4600AF0E0FAFD
:10A8200000287ED194F8280084F85C6000285AD172
:10A8300095F88B30E3B195F86C30012295F87610DD
:10A84000013B84F87C200029D5F8E020DBB218BF5A
:10A8500004206267032BD5F8E420A26700F2A480ED
:10A860004D4A0021D35CFB2200914E490EF0D6FEEA
:10A870000120FFF78BFB0023B5F8800095F89C20A2
:10A88000A360C4E900332B6F298860802180227186
:10A890000BB101221A6005B0F0BD4D200FF09AFAFD
:10A8A00094F8280000283FF43BAF95F86D209C21D8
:10A8B00001200FF001FE42E794F82830002B37D139
:10A8C00097F8FA3197F86C60002B3FF47DAFF21ED9
:10A8D000012A3ED9DA1E012A3BD9012E3BD0012B99
:10A8E00039D0022670E795F88C30B3B1D5F8E8304E
:10A8F00001206367D5F8EC3084F87C00A36795F8F5
:10A900006D30013BDBB2032B4ED823493246CB5C82
:10A910000021009123490EF081FE0120FFF768FA23
:10A92000A9E70AF063FAB04238BF3046C6B279E709
:10A9300097F8923297F86C60002BC8D144E794F8EE
:10A9400028306BB197F8263197F86C6059077FF57E
:10A9500034AF042638E7012636E7242A3FF41EAF39
:10A9600097F86C60032E08BF04262DE7F31EDBB2B8
:10A97000012BEED9012E18BF022625E7F31EDBB20C
:10A98000012B8CBF164604261EE740F26D112720CE
:10A99000FEF718FA2C0C0021D4220301D34D6210CB
:10A9A00064000021900C0021FFF796F908B5124BC6
:10A9B00093F8382092B193F8282022B993F83830D0
:10A9C000012B14D108BD93F83820022A0AD1DB6A82
:10A9D000D3F8D001BDE808400FF052BFBDE80840F1
:10A9E000FFF73EB940F20F212720FEF7EBF940F2C6
:10A9F0000B212720FEF7E6F92C0C0021FFF730B9D8
:10AA0000014B1876704700BF2C0C0021014B93F8C6
:10AA1000BC0070472C0C0021034B93F8BB0010B90D
:10AA2000588CC0F3003070472C0C0021024B588C1E
:10AA3000C0F3C020704700BF2C0C0021014B93F8DD
:10AA4000C60070472C0C00212DE9F04182071E4FF3
:10AA500082B00446FE6A13D4E3070ED596F884103C
:10AA6000D6E93A32013342F100020129C6E93A320D
:10AA70000CBF0023012386F8843002B0BDE8F081CA
:10AA8000FB6CE3B1B7F850200D46B96D18460332A0
:10AA900091F8018014F010F90DF1020201A9B865D6
:10AAA000D7F8C00014F0CBFF019814F0B2FF0122D8
:10AAB00028604146D7F8C00014F058FFCCE740F2B8
:10AAC0008E412720FEF77EF92C0C0021E59C000129
:10AAD000A1A10001859E0001C59C00012DE9F8435C
:10AAE000002800F0E4800446072900F2D380DFE864
:10AAF00001F0AB2525A7D1209ECD0146204618F0B8
:10AB000092FCD4F8443100F1F6059D4240F2C78032
:10AB1000E81A0321402838BF402013F095F9034676
:10AB2000C4F8445120461D4618F044FD002D00F0A5
:10AB30009C802046BDE8F84318F03DBD18F0B4FCF9
:10AB40000023D4F8142105460E4684F8403184F8D9
:10AB50004931BAB150EA010314D0CA00C30042EA35
:10AB600050721B1A62EB0102D4F830115B18D4F852
:10AB7000341142EB0102D4E95401834272EB010328
:10AB8000C0F09380022304F5A07784F8483138465A
:10AB900012F0B4FB002800F08E8094F8603103F0CE
:10ABA000FF01002B6AD16FF00043D4E956029A42AC
:10ABB00008BFB0F1FF3F12D02046D4E9549818F0F6
:10ABC00032FCD4F85831F630D4F85C21B3EB0903E9
:10ABD00062EB08021B1A62F10002002A4BDB3946C5
:10ABE00094F8100112F076FC00286ED0D4E95401DC
:10ABF000D4E94A32834272EB01071FD255EA0607B5
:10AC00001CD0C01A334661EB02012A4613F000FF44
:10AC100005FB01F1A5FB005300FB0616D4E94A2110
:10AC20003344551943EB0103C4E94A5306E090F855
:10AC3000100112F03DFB002384F83831BDE8F883A1
:10AC4000BDE8F8430FF012BF0BF0F8FFD4F8440151
:10AC5000DC3813F067F898B3204618F062FC00283F
:10AC60003FF44BAF204618F0A5FCD4E95423C4E9C7
:10AC70004C23BDE8F88320460BF0E8FF94F8100160
:10AC800012F016FB002384F83831AFE7FD213020A5
:10AC9000FEF798F840F201113020FEF793F82046B5
:10ACA000C4F8445118F086FCDFE701236BE7E0218C
:10ACB0003020FEF787F84FF4D3613020FEF782F89A
:10ACC00040F25A213020FEF77DF840F29C6130209E
:10ACD000FEF778F82DE9F04F044689B000201F46B2
:10ACE0000E46914694F86DA0049016F0CBFA94F8B5
:10ACF000B8310B2B00F24B83824A32F8135094F890
:10AD000087302844442B85B200F0878294F88680EF
:10AD10000E2B18BFB8F1440F0CBF4FF001084FF0D5
:10AD2000000889F001030293B9F1000F1AD0B4F8BA
:10AD3000481204F50679B4F880B0711AA6EB0B0B33
:10AD400009B20FFA8BFB0029C0F25D82384694F8F5
:10AD5000FC31032B00F23A83DFE813F0D2019801B3
:10AD6000DA00470094F8FC31032BE0D1B8F1000F72
:10AD7000DDD0B4F89032B342D9D1B4F8D421204612
:10AD8000B4F84A3241F64B5B1344C4F8F831D4F8B6
:10AD90000432C4F8F031E369C4F8F4310DF05AF923
:10ADA000D4F8982294F8A4325A458CBF4FF0000B87
:10ADB0004FF0010B002B40F0D582E3699A4204D09A
:10ADC000208818F0F1FED4F89832E361D4F8943278
:10ADD00084F876B0E362B4F892322386D4F89C32D9
:10ADE0006362022384F8FC31A1E7E26902FB01F30C
:10ADF0000493002F00F01482B4F8D451002D40F0D9
:10AE00000F8284F81352D4F804C20CFB113194F869
:10AE10008630262B049100F0168294F88730262B7A
:10AE200000F0118200283CD0002D3AD1D4E98EE008
:10AE3000D4E98C237245834180F0C38294F86D007D
:10AE4000C31E012B40F28382039110F051F84AF2A5
:10AE5000A13CD4F838322C4D8444A3F1830194F8FA
:10AE60006D00A5FB0C3CA0F1030ED4E98C23BEF1D0
:10AE7000010FA1EB020303991944A1EB9C1140F2CD
:10AE80009A82039110F034F800F2E730D4F804C24B
:10AE90000399A5FB0030B4F8D4518009014410395E
:10AEA0000491AB44AAF103030CFB0BFBDBB20BF1E7
:10AEB000300B012B4FEA4B0B40F20E825046124DE5
:10AEC00010F016F84AF2A1330344A5FB03239D09B1
:10AED000504610F005F80BF173031D4494F87630DA
:10AEE00028440A4D2860002B00F0088104AB2A4654
:10AEF0005946E06916F055FD049B84F81302E26997
:10AF000028686EE0E4220301D34D6210F40C0021A6
:10AF1000E36A2946D4F8F401184410F019FC2946D4
:10AF2000C4F80002E06910F013FC94F87630002BAE
:10AF300040F0878194F86DA0C4F804025046AAF14D
:10AF4000030A0FF0D5FF4DF64171BAF1010FC44D60
:10AF500001442046A5FB013194BF2823002303EBC5
:10AF60009111803117F0F4FAB4F8D43113B9002FED
:10AF700040F0B481D4F8F431E26A94F86DB013442F
:10AF8000D4F80002ABF103011B1AC9B20493D4F840
:10AF9000F0310129D4F8F821B4F830A002FB030500
:10AFA0000AF1730A05F130054FEA450540F2428186
:10AFB00058460FF09DFF4AF2A1330344A848A0FB76
:10AFC00003239B095846039355440FF089FF039BC5
:10AFD000E2691D44A34B28441860012384F8FC3126
:10AFE000049BD4F80452D4F84012551B6FF4B3728A
:10AFF0001544854228BF0546C918D4F8443204F1E7
:10B000003400C4F8D05143F10003C4F82812C4F846
:10B010002C32002384F8183217F0FAF92844A4F8E7
:10B020004862C4F81C02D4E98A23C4E990230CF0D6
:10B0300093FA20B1D4F81C321E33C4F81C32B4F891
:10B04000C01100238E1B84F8203236B29E4202DDEE
:10B05000022384F82032B8F1000F40F00581002F60
:10B0600040F0058194F8FC31002B40F020814946E6
:10B0700094F8140212F02EFA002800F08D81029B41
:10B0800084F81032002009B0BDE8F08FD4F8040233
:10B09000E269D4F8F851B4F8D431121AB4F830A0F7
:10B0A0009B4402FB01F1D4F80032EA430AF1730A2F
:10B0B000049130339344D4F8F02102FB053594F821
:10B0C0006D20D31E00FB0B55012B4FEA450540F2C6
:10B0D000B380104603920FF00BFF4AF2A1330344F2
:10B0E0005F48A0FB0323039A4FEA931B5544104685
:10B0F0000FF0F6FE5B4B5D4428441860049B80E033
:10B1000094F86D1094F8CE0116F02EFC8246E06A99
:10B110002946504410F01CFB2946C4F80002E0699F
:10B1200010F016FB94F87630002B40F0888005A9CB
:10B13000C4F8040206A8DFF828B10FF08BFC059BC9
:10B140000093DDE90623D4E9900113F0D7F894F8D1
:10B150006D300546184603930FF0CAFE039B4DF66B
:10B160004171033B01442046012BABFB013194BFED
:10B170002823002303EB9111803117F0E9F9D4F86B
:10B180004C32E26A94F86D00049303920FF0B0FE23
:10B190004AF2A133039AC318D4F80002ABFB03317F
:10B1A000049B933B13441B1A5344B4F830A05B1B1D
:10B1B00000F130050AF1950AA3EB91136D00049399
:10B1C00094F86D30DA1E012A31D9184603930FF036
:10B1D0008FFE00F52340A130ABFB003B039B4FEA01
:10B1E0009B1B184655440FF07BFE049BD4F84C2261
:10B1F0005D441C499A1A2844B2F5A07F0860C0F04B
:10B20000D080E269EDE600235946012084F813322C
:10B21000D4E98C23C4E9902399E54FF0010880E537
:10B2200094F81352002D54D00E490868D9E64FF017
:10B23000650BD6E76523C5E64FF0650B56E7023090
:10B2400075E7023076E6B4F89032F31A1B043FF546
:10B25000E9AD94F89332002B18BF9A46E2E500BF9F
:10B26000D34D6210F40C0021002F3FF400AFB4F86E
:10B27000E821CAB1B4F8EA0194F8EC1100FB01111D
:10B2800001308A427FF7F3AE002B3FF4F0AE00238B
:10B29000A4F8EA0184F8203209F0AEFD00F00700BE
:10B2A000013084F8EC01E2E6A4F8EA21DFE6D4F804
:10B2B00004324846E169C91A16F0FEFA83B2002B3F
:10B2C0003FF4D5AE129A0120002A3FF4DCAE138081
:10B2D000D9E6B4F8D45196E56525F9E5E26AD4F8E3
:10B2E000F43194F86D0003EB020A0FF001FE4AF20C
:10B2F000A13394F86DB0AAF1930A0344ABF10301B2
:10B30000D4F80002A5FB0323C9B2D4F83822AAEB73
:10B31000000A9B09012992440393D4E98C23AAEBE8
:10B32000020A1DD958460FF0E3FD94F86DB000F203
:10B33000E732D4F80002ABF10301A5FB0235C9B234
:10B34000AD09039BAAEB03022A4404921FE6AEF167
:10B35000E80E3C20D4E98C23AEEB020E71449DE54F
:10B360003C25EEE7208818F01CFCF8B1B4F8A022C8
:10B37000CB46B4F890326286B4F8A2224381013BF6
:10B3800082810382A0F80E90D4F898321DE540F235
:10B39000F2310620FDF716FD40F287513020FDF70F
:10B3A00011FD40F2D2413020FDF70CFD40F2327128
:10B3B0003020FDF707FDB4F8D4513C20D4F804C286
:10B3C0006CE540F226513020FDF7FCFC40F23E5186
:10B3D0003020FDF7F7FC00BFF0B585B0002800F085
:10B3E0000C810446072900F2FC80DFE811F07B00A5
:10B3F000080008006C00FA0099007100F60010F0D7
:10B4000063FBD4E98C23801A61EB0301012871F1FD
:10B410000003C0F204816FF00102002382428B41DD
:10B42000C0F2F480E3690BB1B0FBF3F394F887103A
:10B43000442905D094F88620433A012A00F28480FA
:10B44000B4F80E12013189B2A4F80E12B4F8BA00A1
:10B4500002ADB4F88030B4F84A220344B4F8B8001E
:10B46000714E0132013BA4F84A221B1A9FB2336885
:10B4700053B101390022204689B29847B4F80E1220
:10B48000014489B2A4F80E127B1A18047ED400235A
:10B49000204600951A46FFF71DFC08B3012840F02E
:10B4A000B080B4F80E12B4F8C031CA1A120400F118
:10B4B0008A80BDF80830194489B23368A4F80E12A6
:10B4C000002BD6D1E0E705B0BDE8F0400FF0CEBAD2
:10B4D00090F8FC31042B40F09E80002380F8FC3172
:10B4E00005B0F0BD90F8103213B3B0F80E32B0F8DA
:10B4F0008020934279D09A1AA0F88030A0F8C62113
:10B500002046D4E98A23C4E98C230CF0C3FC94F8C8
:10B51000CB31002BE4D005B0BDE8F04018F0C1B944
:10B52000012010F0D3FA05B0BDE8F040FFF766BA8D
:10B53000B0F80C32B0F88010B0F80C225B1AA0F80A
:10B540008020A0F8C631DBE70E293FF479AFB4F8CC
:10B550008010B4F80E220B449BB2D11A0D0454BFD4
:10B56000531C01339BB2A4F80E3294F81132B4F894
:10B570000E12002B7FF46AAFB4F8C4318B427FF413
:10B5800065AF013189B2A4F80E125FE794F88A2002
:10B59000012328460394002A8DF808300CBF3E236F
:10B5A000082384F8A9300AF00DF8204618F07BF93A
:10B5B000002394F8140284F8FC3111F079FE202362
:10B5C00084F814328CE7BDF80820114489B27A1A45
:10B5D00012F4004F18BF19466FE7D4213020FDF751
:10B5E000F1FBD8213020FDF7EDFBB0F8C421D31AD0
:10B5F000A0F88020A0F8C63182E7A8213020FDF70E
:10B60000E1FB40F26A613020FDF7DCFB40F21361A0
:10B610003020FDF7D7FBCE213020FDF7D3FB40F2E1
:10B6200012613020FDF7CEFB680000212DE9F043C8
:10B63000D0F81431002683B0054680F818610F4613
:10B64000D0E9548983F8CE2180F838610121D0F8FF
:10B65000140108F08BFFD5F81441324631462046DC
:10B66000C4E98C8995F81031C4F84C7284F814320E
:10B67000334684F8FC61A4F84862C4E990890096D6
:10B68000FFF728FBD0B90123C4F8F801C4F8F00192
:10B6900084F8FC31A4F80E02A4F80C0284F811021C
:10B6A000B4F88030A4F84A02013BA4F880300EF0D0
:10B6B000EFFF03B0BDE8F04311F070BC4FF4FE7132
:10B6C0003020FDF77FFB00BFD0F81401704700BFAA
:10B6D0002DE9F043002385B00322FF26CDE9003396
:10B6E0008DF806206846FEF7ABF8044620BB009DA7
:10B6F00095F83831002BF5D085F860610121284696
:10B7000017F05BFF95F83831002BEBD095F810015E
:10B7100012F03CF995F8100112F0BAFC95F81001FE
:10B7200011F0C6FD00283CD085F838416846FEF788
:10B7300087F804460028DAD0DFF87C800123002552
:10B7400002264FF6FF7788F804301AE0029BE3B137
:10B7500093F81422202A18D01888B8421BD002214E
:10B76000FEF734F8814608B390F8140212F090FC0A
:10B7700099F8140289F8FC4111F09AFD202389F808
:10B780001432CDE902558DF80E6002A8FEF758F884
:10B7900004460028DAD0002388F8043005B0BDE85C
:10B7A000F0834FF4F4713020FDF70CFB4FF49A71E5
:10B7B0003020FDF707FB00BFF40C0021044B0022F2
:10B7C00042F210715A71D9801A71FFF781BF00BF20
:10B7D000F40C00212DE9F84390F83831002B76D194
:10B7E0000446884601465648154603F0FF0711F007
:10B7F0002BFD202806466AD05822394604F5887069
:10B8000013F0C4F984F81061C4F81481FF2384F89C
:10B810003831B8F1000F06D009F006FB00F0070040
:10B82000013088F8EC0102234FF00008A4F84831F9
:10B8300084F840810FF0D2FF00F1BC062046B6B27A
:10B8400017F06FFE002846D015F01CFD00F5CD6105
:10B8500028464FF0010989B20FF07AFF2844C4F856
:10B86000440110F031F93018A4F8268041F10001AC
:10B87000C4F8500184F818912046C4F8541117F008
:10B8800066FE002845D0A5F2F2454946204617F04D
:10B89000CAFD2D1AC4F81C514FF0FF326FF000435F
:10B8A000C4E9562304F5A07194F8100111F012FEBA
:10B8B00000283FD020460021D4E95423C4E94A237C
:10B8C000C4E94C2317F079FE3846BDE8F8830C270D
:10B8D0003846BDE8F8830146204617F0A4FDDFF89E
:10B8E0006480F630C4F84401B8F8060008B1E08C72
:10B8F000B8B9064410F0E8F8361841F10001C4E97F
:10B900005461002DC8D0AE1941F10001C4E956615F
:10B91000C8E7F63D484617F0EDFE2D1AC4F81C5155
:10B92000BAE709F081FAB8F80630B0FBF3F202FB8F
:10B930001300DEE74FF4E5713020FDF743FA00BF56
:10B94000DDAA0001F40C002190F838310BB9002079
:10B95000704710B50446FF2380F86031012117F0CD
:10B960002CFE94F838310BB9002010BD94F810016A
:10B9700012F00CF894F8100112F08AFB94F8100100
:10B9800011F096FC20B1002384F83831002010BD5E
:10B990004FF4F4713020FDF715FA00BF014B5871D8
:10B9A000704700BFF40C002190F8602182B910B5F7
:10B9B00002F0FF0490F8182112B90122104610BDC0
:10B9C000D0E947319942F9D90BF040F92246F5E721
:10B9D00000221046704700BF08B50EF035FA054B3F
:10B9E0009A68824203D3187980F0010008BD0020D4
:10B9F00008BD00BFF40C002140F20B2108B516F081
:10BA0000AFFDB0F5296F28BF4FF4296080B208BDA3
:10BA100090F8CB31002B73D1F0B503F0FF0590F80F
:10BA2000FC3185B00446032B01D005B0F0BD10F009
:10BA30004BF8D4E98C23801A61EB0301012871F1E2
:10BA40000003F2DB6FF00103834275EB01035ADB65
:10BA5000E369B4F88020002B53D0B0FBF3F080B240
:10BA60000132B4F8C431104480B2A4F80C02B4F826
:10BA70000C229B1A1BB2002BD7DD94F8140211F094
:10BA800085FF0028D1D0FF2384F81132B4F880500C
:10BA90000DF10E06B4F8BA20B4F8B83015441F4FB3
:10BAA000013DED1A3B68ADB263B1B4F80C1200224F
:10BAB0002046013989B29847B4F80C32184480B254
:10BAC000A4F80C02B4F80C32EB1A1B04ADD4B4F891
:10BAD0000C1200230122204689B20096FFF7FAF8E3
:10BAE0000028A2D0012813D1B4F80C32BDF80E20E2
:10BAF00013449BB2A4F80C323B68002BD5D1E1E78C
:10BB000070471846ACE740F2BB513020FDF75AF9B8
:10BB100040F202613020FDF755F900BF68000021B6
:10BB20002DE9B043044682B0062900F29780DFE891
:10BB300001F0041D0A1A232A6D004B4B1B7903F0F8
:10BB4000FF02002B7CD0042384F8FC310EF0A0FD12
:10BB500011F024FA0023B4F88020A4F84A32A4F8A3
:10BB60000E2284F8113202B0BDE8B083032380F8BE
:10BB7000FC3102B0BDE8B0830EF094F9C4E98E0147
:10BB800002B0BDE8B08390F86D30C569033BD0F8D2
:10BB90000412DFF8D480012B98F8053094BF4FF4DD
:10BBA000BD794FF4A9798D428CBF6D1A00251BB960
:10BBB000436B9D4228BF1D46D4F8D07104F1340078
:10BBC00016F026FC0744022012F0EAF80221ED1BD1
:10BBD00025EAE575854228BF0546284612F034F966
:10BBE00000B92F444A463946204616F09FFCE269C8
:10BBF000D4F8D031C8F80800D01812F093F8002813
:10BC0000B1D140F27E313020FDF7DCF890F86D5074
:10BC10002846033D0FF06CF94DF641710246134B77
:10BC2000012D20461144A3FB013194BF282300239A
:10BC300003EB9111803102B0BDE8B04316F088BC2F
:10BC4000B0F8C41101230092FFF744F800283FF434
:10BC50007DAF4FF4DA613020FDF7B4F840F2847123
:10BC60003020FDF7AFF800BFF40C0021D34D621077
:10BC7000012A70B5064609D0022A14460D461ED088
:10BC80004AB140F2AE713020FDF79CF80EF0DCF8BE
:10BC9000C6F84C0270BD0EF0D7F822460146284681
:10BCA000FFF7C4FC32460F4995F810010FF0F8FE7B
:10BCB0000028EFD140F297713020FDF783F8D0F8DB
:10BCC0004C1201222846FFF7B1FC3246054995F88F
:10BCD00010010FF0E5FE0028DCD14FF4F5613020B3
:10BCE000FDF770F8D9B30001F8B5044651B1012948
:10BCF00060D1002380F818310EF0CAFCBDE8F8408E
:10BD000011F04CB9C58C002D4CD12046D4E94A76AF
:10BD100017F0CAFB40194FF0000341F10001C019B0
:10BD200084F840314FF0020346EB0101C4F85001A2
:10BD3000C4F82801C4F85411A4F84831C4F82C11EF
:10BD400094F8603103F0FF01002BD5D16FF0004370
:10BD5000D4E956029A4208BFB0F1FF3F0CD104F576
:10BD6000A07194F8100111F0B5FB0028C4D140F285
:10BD7000EF613020FDF726F82046D4E9545617F03D
:10BD800052FBD4F85831F630D4F85C215B1B62EBDF
:10BD900006021B1A62F10002002AE0DA20460AF0CD
:10BDA00055FFA9E709F028F8E58CB0FBF5F303FB94
:10BDB0001505AAE740F2BE713020FDF703F800BF79
:10BDC00090F83801003818BF01207047014BD88027
:10BDD000704700BFF40C002106220B4603F8032B2A
:10BDE000B0F809C0C27AA1F803C09A70704700BFCA
:10BDF00040F2C321322008B5FCF7E4FF10B582B051
:10BE000090F8DE3073B903F0FF02ADF804209DF81E
:10BE1000042000209DF8053062F3070063F30F2033
:10BE200002B010BD36380C4604F06CF91822042319
:10BE30002270ADF80430EAE770B5002865D0437A87
:10BE400004460D46002B3FD000214089FDF7BEFC83
:10BE5000064600285ED0008807F000FF00213088E9
:10BE6000FDF7CAFC00285AD194F8546094F8A63023
:10BE70002BB194F8A7301E43002384F8A630204647
:10BE800004F040F9B30730D113212B4604F1090225
:10BE9000293403F8031BD2F800C0103252F80C6C9E
:10BEA000103352F8080C52F8041CA24243F810CC8C
:10BEB00043F80C6C43F8080C43F8041CEBD11178E0
:10BEC00000221970AA7170BD036DD0F80E20C3F85E
:10BED0000320428AA3F80720427B036D12F0FD0F76
:10BEE00014BF012200229A70BEE7002226F0040649
:10BEF0002046114684F8546004F0BAFF0028C3D1EC
:10BF00004FF44B713220FCF75DFF4FF44371322048
:10BF1000FCF758FF4FF446713220FCF753FF4FF403
:10BF200047713220FCF74EFF044B00221B68A3F838
:10BF3000212183F8232183F870207047000D002110
:10BF400008B508F0D1FB034B18700EF011FB03206D
:10BF500008BD00BF1000002108B508F0C5FB024B6A
:10BF6000024601201A7008BD1000002138B5114C9E
:10BF700020686C3003F0C6FA656803F073FA6368F2
:10BF80002860186858B103F09BFA68B10EF008FCFD
:10BF900000200EF0A3FC636804221A7138BD40F241
:10BFA000F7413220FCF70EFF40F2F9413220FCF756
:10BFB00009FF00BF000D002108B508F095FB0449FA
:10BFC0000246044B48681A7003F00EFB012008BDBE
:10BFD000000D002110000021F0B5534C00220E4648
:10BFE0000546236841F2707083B0196D5A72CA69B0
:10BFF000B1F800C0A3F80AC0A2F57A7C844540F2EB
:10C0000086804A48A0FB0202C2F38F221A848A8CDF
:10C010005A84CA8C9A844FF47F42DA844FF6FF72B6
:10C020001A85002D69D00121304615F008FF3278BD
:10C03000D209236893F8481009B1002A3DD1207B2A
:10C04000002108285961198343D003F10E0203F13E
:10C050000D0108F0F5F8002861D023685A7B03F140
:10C060001A0742F002025A73002D40D103F1780002
:10C0700002683A608288BA8093F95810186D08F007
:10C0800017FB20682A4916F037F9236829491A6DE9
:10C090001088A3F8330003F12A0092F88E2083F869
:10C0A000352016F032F92068022105F091F8206859
:10C0B0006C3003F027FA03B0F0BD427902F0C00201
:10C0C000402ABCD102685A618288207B1A830828E2
:10C0D000BBD193F87E109A6FB3F87C00597300219E
:10C0E000C3F80E205882C3F81A10D983C4E7002180
:10C0F000304615F0A4FE2368BAE7A068694615F03B
:10C1000051FDA36868461A78C2F3801291E70A4885
:10C11000A0FB0202920902F5506292B276E741F268
:10C12000EA313220FCF74EFE000D00215917B7D13D
:10C1300039BE0001D9BD0001D34D621040F29D31DE
:10C14000322008B5FCF73EFE10B504788CB004F040
:10C150000F0402A9224603F0E1FC08F0C5FA234AC5
:10C16000042C107002D003200CB010BD204C039999
:10C17000236891F800E093F878C0E645F3D191F890
:10C1800001E093F879C0E645EDD191F802E093F82B
:10C190007AC0E645E7D191F803E093F87BC0E64525
:10C1A000E1D191F804E093F87CC0E645DBD191F849
:10C1B00005C093F87D108C45D5D193F87E309DF85D
:10C1C00019109942CFD17F280DD04FF07F0C0090ED
:10C1D00002A9606882F800C0237C227B03F008FC7F
:10C1E00003200CB010BDFFF7A9FF00BF1000002115
:10C1F000000D00212DE9F04F054687B006290BD828
:10C20000DFE801F0A630100A0A0A0400B04C6068AA
:10C210008379002B40F0C5800EF0AAF9032007B007
:10C22000BDE8F08F0EF0A4F9A94A136893F85410F2
:10C230008F07F3D0506881790029EFD0A54C94F98D
:10C2400000107F2900F0EF8102912946127B7F25A3
:10C2500042330192FF2200920222257003F020FB5C
:10C260000320DCE79A4CAE7C60682168012E83795C
:10C2700090F80790059391F8483083F0010B00F097
:10C28000AB80002691F85420374612F0040300F0EA
:10C29000AB8091F84DE0BEF1000F00F0A58091F861
:10C2A0004E80B8F1080F40F0A28091F8418000273D
:10C2B000404623B36A6891F85BC092F800E0E64517
:10C2C00000F04B814FF0000A62685279082A05D0CD
:10C2D00091F84EC0944508BF4FF0010A002F40F07E
:10C2E000E280BBF1000F40F032813846B9F1000F17
:10C2F00040F0DB800EF03CF9236893F8542093075C
:10C300008CD00EF035F9059B002B87D02068AB68E8
:10C3100000F14201AA7C90F8410015F043FA17B9E8
:10C32000002800F058816B4E96F900307F2B00F00A
:10C330007A8102932946237B0122CDE90083D4E947
:10C3400000307F244233347003F0AAFA032066E7FA
:10C350005F4C2368606893F85420570719D5C27959
:10C36000002A56D06A6893F85B1016788E4200F067
:10C37000C98093F85620012A00F0A68093F84E3029
:10C38000082B03D042799A4200F09E800EF0F0F81C
:10C3900060688379002B40D1C379002B7FF43EAFD6
:10C3A0003AE7236893F85420960760D5494A92F9F2
:10C3B00000107F2900F0378102912946257B423306
:10C3C0000195FF2500957F251570062203F068FA78
:10C3D00000230920237422E7AA68527902F0C002E0
:10C3E000402A7FF44EAF4DE790F8058059E740466C
:10C3F00007F034FE002818BF8346002F40F0DB8092
:10C40000216891F8418091F85420404602F00403DD
:10C410004FE78379002B3FF4FFAE236893F8542055
:10C42000960759D4D0077FF5F9AE510700F1F48093
:10C43000284B93F900207F2A00F0F5807F2002929C
:10C44000227B29461870FF20236801920022009069
:10C450004233606803F024FA03206368DA79002A23
:10C460007FF4DDAE9B79002B7FF4D9AED4E6D10703
:10C470007FF5D2AE530700F1CC80164B93F9002024
:10C480007F2A00F0D0807F200292227B29461870FC
:10C49000D4E90030FF24019242330622009403F0D5
:10C4A000FFF90320BBE6012020E7236893F856300C
:10C4B000012B06D0002B7FF41DAFBAF1000F3FF423
:10C4C00019AF00283FF416AF0A2007B0BDE8F08F7F
:10C4D000000D002110000021544A92F900107F291C
:10C4E00000F0A18002912946257B42330195FF256A
:10C4F00000957F251570002203F0D2F90123092051
:10C500002374AAE7567893F85C108E427FF431AF1B
:10C51000967893F85D108E427FF42BAFD67893F81F
:10C520005E108E427FF425AF167993F85F108E422D
:10C530007FF41FAF517993F8602091427FF419AFD7
:10C54000697C93F85A2091427FF413AFBCE74231E3
:10C55000AB68AA7C15F026F9C8E692F801E091F8DC
:10C560005CC0E6457FF4AEAE92F802E091F85DC0A3
:10C57000E6457FF4A7AE92F803E091F85EC0E64589
:10C580007FF4A0AE92F804E091F85FC0E6457FF436
:10C5900099AE92F805C091F8602094457FF492AE70
:10C5A00095F811A091F85A20AAEB0202D2F1000AE4
:10C5B0004AEB020A88E6A968404607F031FF216885
:10C5C000074691F8542091F8410047B340F0020823
:10C5D00002F004036DE6236893F85520023A012A1D
:10C5E0003FF61CAE002E3FF419AE104E96F9002017
:10C5F0007F2A18D002924233227B294660687F242A
:10C600000192FE2200920122347003F049F90320C6
:10C6100005E60DF0ADFF30E70DF0AAFF08E7804614
:10C6200002F0040345E6FFF789FD00BF100000217A
:10C630000E4A536810B5197902290CD919790829BD
:10C640000ED8197952690A4B92680B44BDE8104024
:10C6500052F82330184741F293413220FCF7B2FBE5
:10C6600041F294413220FCF7ADFB00BF000D0021E8
:10C67000FDFFFF3F38B5194D6B681B79022B28D899
:10C680002B680446027C83F8A4201A44C16899668A
:10C6900092F8242183F820214268C3F88820037A85
:10C6A000022B0ED00DF084FC0EF062F90CF022FF8C
:10C6B0000B480EF05FF80B480EF056F80A480DF0E4
:10C6C0007DFD637C23B12B685B6E0BB101221A6088
:10C6D00038BD40F6EA013220FCF774FB000D002162
:10C6E0008401002155555500D6BE898E70B53A4C4F
:10C6F000064663681A79032A30D01A79042A2DD0A5
:10C70000226892F8542092072DD1A568002D40D0C0
:10C71000236893F85430002B40D03EB1284615F0E2
:10C7200052FC28BB284615F069FC08BB63681A79DF
:10C73000022A3DD91A79082A3FD819796269274B0C
:10C7400052690B4452F8233098470C282BD8636960
:10C75000DB68BDE8704053F820301847186802F0D5
:10C76000AFFE0546D2E7186802F0ACFE0546CDE7FD
:10C7700063681A79022A25D91A79082A27D81979DB
:10C7800028466269154B12690B4452F823309847CA
:10C79000DBE741F29B313220FCF714FB41F2A1317F
:10C7A0003220FCF70FFB41F2B4313220FCF70AFBD8
:10C7B00041F281313220FCF705FB41F28231322017
:10C7C000FCF700FB41F221313220FCF7FBFA41F289
:10C7D00022313220FCF7F6FA000D0021FDFFFF3F69
:10C7E0001B4B2DE9F04793F9008084B0B8F17F0F1F
:10C7F0002CD0184C7F2281460E4667681A703B7910
:10C80000032B1AD03B79062B0CBF4FF0030A4FF0D5
:10C81000010A236803F142050DF0F2FA3246009056
:10C820002B46257B494638460195CDE9028A02F020
:10C830002BFF28B904B0BDE8F0874FF0000AE8E705
:10C84000606804B0BDE8F04702F08EBEFFF776FCEA
:10C8500010000021000D002138B505460C4607F0F8
:10C8600091F8420704D4A37803F0E003402B0DD0E5
:10C8700007F088F8830704D4A37803F0E003202BA3
:10C8800004D0237803F03F03242B01D9002038BDC6
:10C890000DF0BCFA94F9003094F802C0002B6278D5
:10C8A0000CF01F03ACBF1E214FF4967142EA032324
:10C8B00001FB03F31A1AB2F5877FE7D39842E5D854
:10C8C000054A294623881068A0F8213180F823C141
:10C8D000BDE8384003F09CBC000D00212DE9F04775
:10C8E000344E84B07568AB796BB3D6F800A00446BB
:10C8F00089469AF8953033B90378002B0CBF012391
:10C9000002238AF8953028790628C3B23ED0072B37
:10C9100014BF4FF001084FF00208274890F900704B
:10C920007F2F45D07F2303700DF06AFA317B0AF127
:10C93000420300904A46019128462146CDE90278FB
:10C9400002F0A2FE20B90025284604B0BDE8F08719
:10C95000657815F010051CD0A1690220FFF77CFF57
:10C960000546E8B10023326882F896306369DBB18E
:10C970005978C1F3031182F8971059781B7801F0A8
:10C980000F0143EA0123A2F89830DDE74FF00308D6
:10C99000C3E7706802F0E8FD284604B0BDE8F08700
:10C9A000706802F021FECFE7FF2382F89730CBE7D3
:10C9B000FFF7C4FB000D00211000002110B5044654
:10C9C0008AB007F091FE194A2378107003F00F0324
:10C9D000072B02D001200AB010BD2046694603F0A3
:10C9E0003BF9684603F026FA9DF80030002BF1D1A0
:10C9F0009DF80130DB07EDD50D4C019922689DF8BB
:10CA0000110002F1780392F87E2014F0CBFE00288A
:10CA1000E0D020680121A03014F003FCFF2168461B
:10CA2000FFF75CFF0028D5D00220D4E710000021DA
:10CA3000000D00212DE9F04304468BB007F054FEB1
:10CA4000404A2378107003F00F03082B04D001250F
:10CA500028460BB0BDE8F0836946204603F092F803
:10CA60009DF80050002DF2D19DF8013003F0030332
:10CA7000032BECD1344E376897F84D308BB397F8D1
:10CA80004E90737B8BBB4FF0000807F1780397F84B
:10CA90007E2001999DF8110014F084FE10B9B8F1C0
:10CAA000000FD4D097F84820376897F84180423774
:10CAB000002A36D19DF812000299012821D03B4668
:10CAC000424614F06FFE0028C1D030680121A0302A
:10CAD00014F0A7FB737B6BBB21460120FFF77CFAA8
:10CAE000B6E7736893F80590CBE714F09FFE08282B
:10CAF000C9D0A0EB09083073B8FA88F84FEA581883
:10CB0000C3E74B7903F0C003402BD8D13B464246E4
:10CB100014F048FE0028D8D10299484607F080FC5E
:10CB2000D1E7484607F0B6FC0028C3D007464FF0CF
:10CB30000108BFE70DF01CFF0CF0DCFC0023737351
:10CB4000CAE700BF10000021000D00212DE9F04FC1
:10CB5000DFF8E8A09346847C83B0DAF8002006462C
:10CB6000012C894692F84870984687F0010738D022
:10CB700000249AF80D502346E5B192F85410490765
:10CB800021D47268A2B3DAF804205579082D22D096
:10CB90002846019307F062FA019B002818BF074658
:10CBA000EBB19AF80F307BB314F04AFE0023054630
:10CBB0008AF80F308BF8005089F8004088F8007030
:10CBC00003B0BDE8F08F92F84D100029D9D092F84B
:10CBD0004E50082DDCD113B19AF80E10D1B10025BA
:10CBE000E8E783685B7903F0C003402BC0D1C0E75E
:10CBF000DAF804200193106802F072FF019B00280C
:10CC0000C1D1002BEBD0E7E72846B16807F008FC5C
:10CC10000546CFE7B068019107F02AFB05468AF880
:10CC20000D000028C6D014F001FE0828019903D099
:10CC3000DAF804305871BDE70D46BBE7000D00215E
:10CC400008B5054B586802F08FFC07F04DFD034B0B
:10CC5000024601201A7008BD000D002110000021BD
:10CC60002DE9F843774C002205460F46A368D4F817
:10CC7000009018461A800DF0C9FD0646002836D0EF
:10CC8000032D4ED0052D56D0A06809F1780114F07F
:10CC900090FF99F87E10A06814F09FFF236893F826
:10CCA000482003F1420793F8418092B9A0683946C1
:10CCB00014F071FF4146A06814F082FF624BD3F874
:10CCC0000431002B40F0B980052D1DD03046BDE861
:10CCD000F88393F8542052070FD46368587907F00B
:10CCE000D9FB0028E2D007464FF00108DEE7032019
:10CCF00007F0ACFF3046BDE8F88393F84D20002ADA
:10CD0000EBD093F84E00EAE72368304639681A6D95
:10CD1000C2F80A10B988D1811B6D83F80980BDE87B
:10CD2000F883A0680C234370037823F00F0343F0CB
:10CD300003030370A9E7D4F808802223226898F837
:10CD4000001088F8013021F02F0141EA471747F021
:10CD5000050788F80070136D1B6AC8F80F30116D55
:10CD60008B6A180A88F813301B0C88F8140088F8AE
:10CD7000153091F87630088E002B4BD1334FA7FB3E
:10CD80000030CB6AA7FB0373800AC3F38F2388F8B4
:10CD900017301B0A88F8160041F2707088F81830B6
:10CDA000CB69A3F57A7787423FD92848A0FB0303D4
:10CDB000C3F38F2388F819301B0A88F81A308B8C3C
:10CDC00088F81B301B0A88F81C30CB8C88F81D3083
:10CDD0001B0A88F81E30D1F88F30C8F81F3091F840
:10CDE000933088F82330136D98F8242093F89A3004
:10CDF00022F01F0203F01F03134388F8243006F0CB
:10CE0000E7FD98F8243003F01F0343EA401388F845
:10CE1000243039E70E4FA7FB0030CB6AA7FB037322
:10CE2000C0F34710C3F34F13B1E70A48A0FB030355
:10CE30009B0903F550639BB2BCE740F23F6132208F
:10CE4000FBF7C0FF000D0021008000415917B7D14A
:10CE50001F85EB51D34D621038B5154C236893F8FC
:10CE600054309B0718D1A568E5B12368FF2093F8DB
:10CE700020110DF037F828460DF092FC236893F846
:10CE80002031033B012B94BF282000200DF026FD0C
:10CE9000636807221A7138BD6368186802F012FBD4
:10CEA0000546E1E740F21E513220FBF78BFF00BF41
:10CEB000000D002138B51E4C0E20236893F8201178
:10CEC0000DF010F8236893F854309B0724D1A5681F
:10CED00045B328460DF064FC236893F82031033BEA
:10CEE000012B94BF282000200DF0F8FC2368681D5A
:10CEF00093F8205107F0EAF9607348B1033D012D22
:10CF000094BF552550250CF0D9FA28460DF024FD84
:10CF1000636808221A7138BD6368186802F0D2FA93
:10CF20000546D5E740F20B513220FBF74BFF00BF1F
:10CF3000000D002170B50D4D0222D5E900031A71D4
:10CF400003F0BEFF00B170BD2E68044606F16C0010
:10CF500002F04AFB2868A6F8214186F8234186F8AA
:10CF60007040BDE8704004F009B900BF000D002119
:10CF700010B50A4C07F0B8FB094A637B10701BB967
:10CF80000DF0F6FA032010BD0DF0F2FC0CF0B2FA31
:10CF9000002363730DF0ECFA032010BD000D002197
:10CFA0001000002170B52D4C0546236893F823210D
:10CFB0005F2A2CD851092A4A565C93F8210100F0C7
:10CFC0003F000DF005F9236893F958000DF0F0F8D3
:10CFD000FDB1236832460120996E0DF06DFA236889
:10CFE000314693F89630022B0CBF4020FF200CF006
:10CFF00079FF236893F85420920710D193F8953065
:10D00000A568B3B12846BDE870400DF0C9BB002645
:10D01000D3E73246732101200DF04EFADFE7636853
:10D02000186802F04FFA2368054693F89530002BF4
:10D03000E8D1681D07F04AF960730028E2D0033E8A
:10D04000012E94BF552450240CF038FA20460DF0E0
:10D0500083FC2846BDE870400DF0A2BB000D002106
:10D06000FC220301F0B52F4C83B00646236893F8E9
:10D0700023215F2A30D851092B4A575C9A6E7ABB1C
:10D08000D3F888000DF0FCFB256895F854309A071A
:10D0900003D595F89620022A33D05B072DD4636818
:10D0A000186816BB02F01CFD63680646186802F09B
:10D0B0001DFD024605F19A002568314695F8963027
:10D0C00095F82051009502F05DFE2268002382F859
:10D0D0002071A37303B0F0BD9A6E0027002ACFD051
:10D0E0000120FFF75FFF2368CAE702F00BFD01464E
:10D0F00005F19A0002F03CFEE7E795F89630012B27
:10D10000CDD1FB1E012B05D9394600200DF04AFC7C
:10D110002568C4E795F85930012B14BF394603211F
:10D12000F3E700BF000D0021FC22030110B50B4CFA
:10D13000637B63B9A1680020FEF74EFF23680022DD
:10D14000A3F8212183F8232183F8702010BD0DF06E
:10D150000FFC0CF0CFF900236373EBE7000D002107
:10D1600010B50E4C637B8BB900220120D4E900314D
:10D17000087103F16C00A3F8212183F8232102F048
:10D18000C1F92068BDE8104003F0F8BF0DF0F0FBD6
:10D190000CF0B0F900236373E6E700BF000D002137
:10D1A00007292DE9F04F0D4687B0044691464768A0
:10D1B00003D12FB9002A00F0BD80002F00F0848039
:10D1C000637CDFF8A482012B44D0D8F8043058796E
:10D1D00008285AD00DF10F0104AA07F031F80028F1
:10D1E00000F0388104A99DF80F0015F07DFE074678
:10D1F000D8F8001091F854C01CF0030A6DD1D8F88B
:10D20000046086F806A091F8543013F0040340F04F
:10D21000BA80F371954B1B682BB14946204698475D
:10D220003072D8F8046063684BB1617CD8F8002094
:10D2300082F87E10196891679B88A2F87C30337A57
:10D24000002B00F00C81072DA06800D188BB07B02F
:10D25000BDE8F08F7B7903F0C003402BB5D1072DDB
:10D2600098F80D3000F0BC80002BAED0D8F80460E8
:10D2700014F0DCFAD8F804307071587901230828CA
:10D2800088F80C0088F80E30A4D16168607C15F035
:10D290002BFED8F80420074661680532607C06F052
:10D2A00005FF03460028A3D1D8F80460F08030724F
:10D2B000C9E771790829CAD0002BC8D006F0F6FF5B
:10D2C000012388F80F30C2E7DFF89C81D8F80010FE
:10D2D00091F854C01CF0030A91D0062D91F84CA08F
:10D2E000D8F804606AD9082D6DD896F806B08BF08E
:10D2F0000103B9F1000F0CBF002303F00103002B61
:10D3000061D16268002A59D1B9F1000F40F08D80D7
:10D310006278D00640F1898001201CF0040FB071C2
:10D320003FF477AF91F84D3096F807A0D2066ED54E
:10D3300001236EE7DFF83081D8E9001091F854300E
:10D3400013F0030218BF012213F00403827105D009
:10D350002378A3F10103B3FA83F35B09C37191F856
:10D360009430002B3FF473AFD8F80030D3F890001E
:10D37000503016F0E4FB00287FF469AFD8F8043091
:10D3800001221A7263E7062D91F84D3004D8002B64
:10D390007FF43FAF3B463CE796F807A0082D1DD829
:10D3A000BAF1010F02D0B9F1000F17D16268002A5B
:10D3B000EDD1B9F1000F2AD16278B7E7BAF1000FC9
:10D3C00008BFBA461DE70023B3711CF004033FF405
:10D3D00020AF91F84D3096F807A0DFE7002318E75B
:10D3E000002B3FF4F2AEB9F1000F7FF43FAFD8F855
:10D3F000003093F8201101297FF438AF384606F049
:10D4000037FF88F80D0000283FF4DFAE2EE73068C4
:10D41000019302F065FB1AEA000702D1019B9BB160
:10D420001F46D8F804603B46F3E6306802F058FB2C
:10D430001BEA000B0CD1BAF1000F02D106F030FE4E
:10D440008246D8E90016DCE606F02AFE0746E8E741
:10D45000DA46F6E740F693313220FBF7B3FCF38867
:10D46000003B18BF0123EEE6000D00216C000021F7
:10D4700070B5194E8AB0054607F036F93368174A79
:10D4800093F85430107013F0060F16D12C782846FC
:10D49000694604F00F04224602F040FB21460022B8
:10D4A0006846FFF77DFE21466846FEF7A3FE737BC4
:10D4B000044643B920460AB070BD012296210020DF
:10D4C0000DF010F8E2E70DF053FA0CF013F800231A
:10D4D000204673730AB070BD000D002110000021BA
:10D4E00010B50F4C606802F07FF8637B8BB90022A7
:10D4F0000120D4E90031087103F16C00A3F8212167
:10D5000083F8232101F0FEFF2068BDE8104003F0FE
:10D5100035BE0DF02DFA0BF0EDFF00236373E6E747
:10D52000000D002110B5104C07F0DEF80F4A637BA8
:10D5300010708BB900220120D4E90031087103F189
:10D540006C00A3F8212183F8232101F0DBFF206880
:10D55000BDE8104003F012BE0DF00AFA0BF0CAFF4E
:10D5600000236373E6E700BF000D002110000021D7
:10D5700010B5114C606802F037F807F0B5F80F4AA3
:10D58000637B10708BB900220120D4E9003108714F
:10D5900003F16C00A3F8212183F8232101F0B2FFED
:10D5A0002068BDE8104003F0E9BD0DF0E1F90BF093
:10D5B000A1FF00236373E6E7000D002110000021A6
:10D5C00010B5134C07F090F8124A00212368107030
:10D5D00003F1A00013F025FE637B8BB9002201202C
:10D5E000D4E90031087103F16C00A3F8212183F81C
:10D5F000232101F087FF2068BDE8104003F0BEBD85
:10D600000DF0B6F90BF076FF00236373E6E700BF79
:10D61000000D00211000002110B5144C606801F0CD
:10D62000A3FF07F061F8024620680021104BA030EC
:10D630001A7013F0F6FD637B8BB900220120D4E948
:10D640000031087103F16C00A3F8212183F8232134
:10D6500001F058FF2068BDE8104003F08FBD0DF0C9
:10D6600087F90BF047FF00236373E6E7000D002105
:10D670001000002110B500210320164CFFF7F0FA2E
:10D6800020B10321206802F0C3FD98B9637BCBB9B8
:10D6900000220120D4E90031087103F16C00A3F8E5
:10D6A000212183F8232101F02DFF2068BDE81040DF
:10D6B00003F064BD012108460DF074F96368092286
:10D6C0001A7110BD0DF054F90BF014FF00236373B1
:10D6D000DEE700BF000D002110B51C4C0C2201211B
:10D6E000D4E900031A7103F073FD00210520FFF750
:10D6F000B7FA20B10621206802F08AFD98B9637B51
:10D70000EBB900220120D4E90031087103F16C006B
:10D71000A3F8212183F8232101F0F4FE2068BDE85D
:10D72000104003F02BBD2368012093F820110DF069
:10D7300039F9236801221B6D83F88E2010BD0DF08E
:10D7400017F90BF0D7FE00236373DAE7000D002111
:10D7500070B5244C236893F823215F2A29D85109F6
:10D76000214A565C9A6E42BBD3F888000DF088F8C7
:10D77000256895F854309A0703D595F89620022A23
:10D7800020D05B0703D595F89630012B1AD063683B
:10D79000186802F0B7F9014605F19A0002F0E8FABC
:10D7A000002221686368A273062281F820611A7141
:10D7B00070BD9A6E0026002AD6D00120FFF7F2FB3A
:10D7C0002368D1E7F31E012B05D9314600200DF067
:10D7D000E9F82568DBE795F85930012B14BF31468D
:10D7E0000321F3E7000D0021FC22030138B5154C9D
:10D7F0000521206802F00CFD48B12368012093F850
:10D8000020110DF0CFF863680B221A7138BD637BCD
:10D810008BB900220120D4E90031087103F16C00BA
:10D82000A3F8212183F8232101F06CFE2068BDE8D4
:10D83000384003F0A3BC05460DF09AF80BF05AFEF1
:10D840006573E6E7000D002138B5234C636818685E
:10D8500001F036FE00283AD063680A22054600210E
:10D860001A71206803F0B4FC22682B780520126D31
:10D8700092F88E5005EA531505F001052946FFF789
:10D88000EFF948B10421206802F0C2FC20B12368FE
:10D890001B6D83F88E5038BD637B8BB9002201204D
:10D8A000D4E90031087103F16C00A3F8212183F859
:10D8B000232101F027FE2068BDE8384003F05EBC5C
:10D8C0000DF056F80BF016FE00236373E6E740F206
:10D8D00063513220FBF776FA000D0021F0B52C4C95
:10D8E00083B0236893F823215F2A37D85109294A46
:10D8F000575C9A6E002A35D1D3F888000CF0C0FF2F
:10D90000256895F854309A0703D595F89620022A91
:10D910002DD05B0703D595F89630012B27D063688F
:10D92000186802F0DDF863680646186802F0DEF851
:10D93000024605F19A002568314695F8963095F82B
:10D940002051009502F01EFA002221686368A2733C
:10D95000052281F820711A7103B0F0BD9A6E00277C
:10D96000002AC9D00120FFF71DFB2368C4E7FB1E76
:10D97000012B05D9394600200DF014F82568CEE7B3
:10D9800095F85930012B14BF39460321F3E700BF46
:10D99000000D0021FC220301012910B512D188B924
:10D9A0001D4A5368197908292BD919790C292DD8C2
:10D9B00019795269194B52680B44BDE8104052F86E
:10D9C00023301847144C606801F00EFE637B8BB95E
:10D9D00000220120D4E90031087103F16C00A3F8A2
:10D9E000212183F8232101F08DFD2068BDE810403E
:10D9F00003F0C4BB0CF0BCFF0BF07CFD0023637391
:10DA0000E6E741F263413220FBF7DCF941F2644181
:10DA10003220FBF7D7F900BF000D0021F7FFFF3FD1
:10DA2000F0B55A4C83B020686C3001F06BFD65682E
:10DA300001F018FD636828601868002800F0A180D4
:10DA400001F03EFD0546002800F09680236893F81B
:10DA5000A630002B54D1D4E9000290F8A43003443E
:10DA600093F8247180F82071137913B11379012B85
:10DA70005FD190F8A520464B134418790CF0A8FB11
:10DA8000236893F8A420134493F82461022E4ED007
:10DA90002FD9F31E012B2ED801F0DEFC31460CF0FD
:10DAA00021FA28460CF07CFE314601200CF096FB52
:10DAB000012F34D0681D06F009FC607348B1033FA4
:10DAC000012F94BF552550250BF0F8FC28460CF08B
:10DAD00043FF6268082100232068517121730321EC
:10DAE000D3801372E38180F895302374117103B0F1
:10DAF000F0BD012ED0D040F2FE713220FBF762F96A
:10DB0000236893F8542093F8A700196D0243C3F8D3
:10DB1000101183F85420002283F8A6209BE7E81C0C
:10DB200006F0D4FB60730028D3D04025CCE70D204D
:10DB3000B4E7002102F06CFB08B1206899E7637B31
:10DB400093B900220120D4E90031087103F16C007F
:10DB5000A3F8212183F8232101F0D4FC206803B02D
:10DB6000BDE8F04003F00ABB01900CF001FF0BF0A0
:10DB7000C1FC01986073E4E740F256413220FBF7A4
:10DB800021F940F254413220FBF71CF9000D00212D
:10DB9000FC22030108B506F0A7FD044B18700CF039
:10DBA000E7FCBDE80840FFF73BBF00BF10000021C5
:10DBB00010B50C4C06F098FD0B4A637B10702BB926
:10DBC0000CF0D6FCBDE81040FFF72ABF0CF0D0FEE9
:10DBD0000BF090FC002363730CF0CAFCBDE810400E
:10DBE000FFF71EBF000D00211000002138B50446CC
:10DBF000FEF740FD237A032B75D03D4D002B48D115
:10DC00002A683C4992F8A53092F84B000133A1FBF9
:10DC1000034C0CF4FF7404EB5C041B1B40FA03FC84
:10DC2000DCB21CF0010F16D10133A1FB034C2CF028
:10DC3000010404EB5C041B1B40FA03FCDCB21CF087
:10DC4000010F08D10133A1FB034121F0010404EBD2
:10DC500051015B1ADCB282F8A54092F958000CF031
:10DC6000A7FAFFF7DDFE2C6894F8483083B16FF017
:10DC70000043D4E920129A4208BFB1F1FF3F07D018
:10DC80000DF022FFD4E92023904271EB030302D26E
:10DC900038BD2A68E1E7012006F08EFB0028F7D0A6
:10DCA0002D6806F0C7FA04460DF00EFF6301E20E80
:10DCB0001B1B62F10002520242EAD3525B021B19A3
:10DCC00042F1000C9A014FEA8C1ED21A4EEA936E72
:10DCD0006EEB0C0C13194CF100021B1842EB010106
:10DCE000C5E9203138BD40F619113220FBF76AF83A
:10DCF000000D0021ABAAAAAA38B50446FEF7BAFC6B
:10DD0000237A032B62D0012B69D051D84D4C4E4958
:10DD1000226892F8A53092F84B000133A1FB035C16
:10DD20000CF4FF7505EB5C055B1B40FA03FCDDB2F0
:10DD30001CF0010F16D10133A1FB035C2CF001058F
:10DD400005EB5C055B1B40FA03FCDDB21CF0010F28
:10DD500008D10133A1FB035121F0010505EB51016D
:10DD60005B1ADDB282F8A55092F958000CF020FA47
:10DD70002368002283F89520FFF752FE256895F866
:10DD80004830A3B16FF00043D5E920129A4208BF92
:10DD9000B1F1FF3F0BD00DF097FED5E92023904263
:10DDA00071EB030303D3012006F006FB08BB38BD6B
:10DDB000023B012BFBD8234C236893F8950088B9CC
:10DDC000FFF750F9636805221A7138BD1D4B1B68B7
:10DDD000986E88BBFFF7E6F8237A012B95D1194C92
:10DDE0002268C1E70120FFF73DF9636806221A7136
:10DDF00038BD256806F01EFA04460DF065FE630185
:10DE0000E20E1B1B62F10002520242EAD3525B0295
:10DE10001B1942F1000C9A014FEA8C1ED21A4EEAED
:10DE2000936E6EEB0C0C13194CF100021B1842EBB5
:10DE30000101C5E9203138BD40F62F113220FAF733
:10DE4000C1FF00BF000D0021ABAAAAAA2DE9F0472F
:10DE5000A64F86B0D7F8008098F857305BB17E683F
:10DE60000546B37963B12C78012C12D0022C00F056
:10DE7000E080002C54D00324204606B0BDE8F08793
:10DE8000F279002AEFD1327A002AF4D02C78012CD2
:10DE9000ECD198F82031022B6B7800F0018103F06F
:10DEA0001803182BE7D198F85430590700F1FE8079
:10DEB0009A0718D08E4B93F900407F2C00F07B819D
:10DEC0007F221A700BF09CFF397B08F1420300900F
:10DED000FF2201910021304602940391294601F06E
:10DEE000D3FB0028C7D0A9690120FEF7B5FC0028A4
:10DEF000C1D001233A6882F896306B69002B00F09C
:10DF0000E88059780224C1F3031182F897105978F8
:10DF10001B7801F00F0143EA0123A2F89830ABE728
:10DF200098F854209007A6D013B9337A002BA2D0CA
:10DF30006B7813F0100FC3F3001614BF08220122F0
:10DF400032EA030397D10023AA688DF815308DF8C3
:10DF500016308DF81730002A00F0EB800DF1170312
:10DF60000DF116010DF115022846FEF7EFFD396897
:10DF70009DF8153091F84180002B40F00981423125
:10DF8000AB68AA7C404613F00DFC90B93B6893F84F
:10DF90005530023B012B3FF66EAF9DF81630002B3B
:10DFA0003FF469AF9DF81530002B7FF464AF4FF05C
:10DFB000FE08002E00F0C0804D4A92F900607F2ECE
:10DFC00000F0F9803B684FF00009D7F804A003F196
:10DFD00042047F2313700BF013FF397B234600901C
:10DFE00042460191504629460296CDF80C9001F028
:10DFF0004BFB00283FF43FAFA9690120FEF72CFC42
:10E0000000283FF438AF3B6883F896906A69002A8D
:10E0100000F0CC8051780224C1F3031183F89710EB
:10E020005178127801F00F0142EA0122A3F89820FA
:10E0300022E798F854309B073FF41DAF6B7803F04C
:10E040001803182B7FF417AF294B93F90090B9F1FF
:10E050007F0F00F0B0807F221A700BF0D1FE3A7B68
:10E0600008F1420300902946019200223046CDF883
:10E0700008900392FF2201F007FB00283FF4FBAE5B
:10E08000A9690120FEF7E8FB00283FF4F4AE3A68E6
:10E0900082F896406B69002B00F08480597832E753
:10E0A00003F01903192B3FF4FEAEE4E66B680BBBDB
:10E0B000AB68002B7FF4DFAEAB699B7813F0E00315
:10E0C0000CD198F84930002B3FF4D5AE98F8543075
:10E0D000EEE6FF23022482F89730CDE6402BF5D1FF
:10E0E00098F84A30002BF1D1C5E600BF000D0021A1
:10E0F0001000002108F15B0398F85A2008F178011C
:10E1000098F87E0013F04EFB7E68D7F80080737994
:10E11000082B03D098F84E209A423CD098F85630FD
:10E12000012BC5D0002B7FF4A6AE00283FF4A3AE90
:10E13000BEE74FF0FF083CE7204B93F900A0BAF18F
:10E140007F0F38D0D7F804907F221A7099F80430E6
:10E15000032B05D099F80430062B0CBF03240124AF
:10E160003B6803F142060BF04BFE424600903346FB
:10E1700029464846CDE902A43C7B019401F084FA8B
:10E1800000283FF478AE7868032401F0EDF973E6D7
:10E1900048F002080DE798F85630012B88D0002B84
:10E1A00086D068E6FF2382F8973065E6FF220224D6
:10E1B00083F8972060E6FDF7C1FF00BF1000002143
:10E1C00030B505468BB006F08FFA414B2C780246ED
:10E1D0006946284604F00F041A7001F03DFD3D4DDC
:10E1E000072C51D02B6893F8542012F0060210D15E
:10E1F00021466846FEF7D4FF2B6893F82031042BA4
:10E200001BD8022B1ED903246B7B6BBB20460BB0A3
:10E2100030BD93F8A420134493F82421012A52D04E
:10E22000002221466846FEF7BBFF2B6893F8203199
:10E23000012B0CD0023B022BE5D941F21C213220EC
:10E24000FAF7C0FD012B02D0022BDCD0F5E7062C3B
:10E2500002D012D8022C32D821466846FDF7CAFFF8
:10E260006B7B0446002BD1D00CF082FB0BF042F903
:10E27000002320466B730BB030BD072C1FD16846BE
:10E28000FFF7E4FD0446BFE72B68684693F82011CA
:10E2900001F01EFD002221466846FEF781FF2B6833
:10E2A00093F82031042BC8D8022BE8D8012BE6D0F4
:10E2B000022BC2D19DF80030012BA4D1DFE703244B
:10E2C0000CF056F9A0E7962100200CF00BF9A7E717
:10E2D00010000021000D00212DE9F04F93B0A34C58
:10E2E0000D4608A901F0B8FC206808A99A3001F091
:10E2F00073FD23689DF8201093F89620914205D174
:10E30000032D17D09DF82120110752D460680125F4
:10E3100001F06AF9637B1BB9284613B0BDE8F08FA2
:10E320000CF026FB0BF0E6F800232846637313B0CD
:10E33000BDE8F08F93F89720FF2AE3D108A82A467A
:10E340000721FEF72DFF6068C3881BB9037A002BF5
:10E3500000F0E58000230A9E8DF81D308DF81E30F8
:10E360008DF81F30B6B30DF11F030DF11D020DF135
:10E370001E0108A8FEF7EAFB23689DF81D8093F8AC
:10E380004170B8F1000F01D047F002079DF820500E
:10E390009DF81E90012D9DF81F6022D0022D00F0E7
:10E3A000B280002D00F094806068012501F01CF916
:10E3B000B0E70D9993F897004A78B0EB121FA5D1FA
:10E3C000097802F00F02B3F8983041EA02229A422B
:10E3D0009CD1B3E79DF82050B146B046FF27012DF0
:10E3E000DCD19DF82130206803F0090290F89A10E2
:10E3F000092A05D0002900F090801A0740F18D808D
:10E4000090F8543062685B0719D5D379BBB1002905
:10E4100000F038810A9B002B00F02C81B8F1000F2E
:10E4200040F028815EB100F142019DF8322090F861
:10E43000410013F0B7F9002840F01B81626893791E
:10E44000002B6AD0266896F854309B0765D09DF85B
:10E45000213013F0020A00F0E680B8F1000F0AD173
:10E460000A9B06F142019DF8322096F8410013F014
:10E4700099F900286BD03E4B93F90090B9F17F0FCA
:10E4800000F0BE81D4F804807F221A7098F804301E
:10E49000032B00F04A8198F80430062B0CBF4FF094
:10E4A000030A4FF0010A236803F142060BF0A8FCAF
:10E4B0003A4600903346267B08A940460196CDE9AE
:10E4C000029A01F0E1F840B3606801F04DF821E7ED
:10E4D000206890F854309D071FD09DF8213099078F
:10E4E0004AD4FF2763681B7A33B1224B1B681BB1E8
:10E4F0000F9808B111999847394608A8FEF7EEF928
:10E5000058B1022506E7256895F854309A0704D0DB
:10E51000D4F804A09AF806202AB90125FAE60125C4
:10E5200001F062F8F6E69DF8212002F009010929C0
:10E53000F3D113F0020B38D012F0020100F0C380C7
:10E54000B8F1000F40F02381002E40F014812368C1
:10E5500093F85530023B012BDFD8B9F1000FDCD026
:10E56000FE2108A80125FEF73BF9D3E6000D0021A6
:10E570001000002150010021B8F1000FB2D100F1CC
:10E5800042010A9B9DF8322090F8410013F00AF9ED
:10E590000028A7D1236893F85530023B012BBCD843
:10E5A000B9F1000FB9D0FE279CE712F0020600F087
:10E5B000BF80B8F1000F0AD10A9B05F142019DF816
:10E5C000322095F8410013F0EDF80028BFD08D4BB4
:10E5D00093F90080B8F17F0F00F0128166687F2206
:10E5E0001A703379032B06D03379062B0CBF4FF00A
:10E5F000030B4FF0010B236803F142050BF000FC05
:10E600003A4600902B46257B08A930460195CDE976
:10E61000028B01F039F800283FF47FAF60680125D4
:10E6200000F0A2FF76E6774B93F900707F2F00F0A1
:10E63000E7807F2119701379032B06D01379062BFD
:10E640000CBF4FF0030A4FF0010A05920BF0D8FB04
:10E65000059A06F14203009008A91046227BCDE9F5
:10E66000027A0192FF2201F00FF800283FF455AF23
:10E670002AE72068A03012F0F6FD00283FF4DEAE55
:10E680000C2547E600F15B0390F85A2000F1780171
:10E6900090F87E0013F086F862680346206851798E
:10E6A000082904D090F84EC08C4500F0A08090F866
:10E6B000561001293FF4AEAE00297FF4C0AE002B06
:10E6C0003FF4BDAEA6E64F4B93F90080B8F17F0F43
:10E6D00000F096807F2203201A70FEF7C1FA2368AB
:10E6E0000546D4F8049003F142060BF089FB3A4644
:10E6F00000903346267B08A9484601960126CDF8AE
:10E700000880039600F0C0FF002D3FF406AF0028FC
:10E710003FF403AF2068A03012F0A5FD002864D1BB
:10E720006068354600F020FFF4E54FF0000ABAE6D5
:10E73000344B93F900707F2F62D07F221A709AF8C1
:10E740000430032B05D09AF80430062B0CBF0326A7
:10E7500001260BF055FB05F14203257BFF220090BB
:10E7600008A950460195CDE9027600F08DFF0028FA
:10E770003FF4D3AE52E70A9B05F142019DF83220E7
:10E7800095F8410013F00EF800283FF4E0AE1D4B61
:10E7900093F90080B8F17F0F32D07F22002103204F
:10E7A0001A70FEF75DFA23680546D4F8049003F169
:10E7B00042060BF025FB3A4600903346267B08A91B
:10E7C000484601960126CDF80880039600F05CFFCC
:10E7D000002D3FF4A2AE00283FF49FAE2068A03089
:10E7E00012F041FD00283FF498AE0B2592E590F819
:10E7F0005630012B3FF40EAE002B3FF40BAE1EE65D
:10E80000FDF79CFC1000002110B5044605F06CFFDC
:10E81000094A2378107003F00F03072B05D1204617
:10E820000121BDE81040FFF757BD044B586800F0C8
:10E83000DBFE012010BD00BF10000021000D0021F3
:10E8400010B5044605F050FF094A2378107003F014
:10E850000F03072B05D120460321BDE81040FFF729
:10E860003BBD044B586800F0BFFE012010BD00BF47
:10E8700010000021000D002190F83E00003818BF64
:10E8800001207047007A003818BF0120704700BF90
:10E89000036D10B583B10222FF21044642721A882B
:10E8A0004FF6FF7380F8271003850649428113F065
:10E8B00023FD0023236510BD40F263313220FAF7B7
:10E8C00081FA00BF39BE000138B50121054600209C
:10E8D000FAF77CFF20B3044601F002FC02E094F852
:10E8E00070301BB194F87030012BF8D13F22002119
:10E8F000204610F04BF9002340F20111072284F862
:10E90000543084F8A530A4F84C1084F8585084F89A
:10E910004B20636684F89430C4F8903084F8A630B5
:10E9200001210846FAF752FF044618B301F0D8FB5C
:10E9300002E094F870301BB194F87030012BF8D1DC
:10E940003F220021204610F021F9002340F201115E
:10E95000072284F8543084F8A530A4F84C1084F8C9
:10E96000585084F84B20636684F89430C4F8903093
:10E9700084F8A630BDE8384000F064BDF8B5034621
:10E980001C4E0F4600200121B360FAF7E1FE38B3B8
:10E990004FF494720021044610F0F8F80121084663
:10E9A000FAF7D6FE054688B14FF49472002110F0B4
:10E9B000EDF87369CBB13846FFF786FF204601F0CA
:10E9C00071FB2846BDE8F84001F06CBB736963B188
:10E9D0003846FFF779FF2046BDE8F84001F062BBFA
:10E9E00040F687013220FAF7EDF940F69101322026
:10E9F000FAF7E8F9000D0021014B024A5A6170470D
:10EA0000000D00216C010021014B024A5A61704740
:10EA1000000D002154010021036810B54BB1074AD5
:10EA200003F16C045169C2E900340B68BDE8104081
:10EA3000184740F65E113220FAF7C4F9000D0021A4
:10EA400010B50F4C606800F0CFFD637B8BB90022DE
:10EA50000120D4E90031087103F16C00A3F82121F1
:10EA600083F8232100F04EFD2068BDE8104002F03D
:10EA700085BB0BF07DFF0AF03DFD00236373E6E7E5
:10EA8000000D002180F84B10704700BF11F001030A
:10EA90001FD04FF0010C0222634680F824C111F010
:10EAA000020F0ED000EB030C490700B54FF0020E29
:10EAB0008CF824E103D51044042380F824315DF858
:10EAC00004FB4A0704D51844042380F82431704716
:10EAD00070470122E3E700BF80F85710704700BF7E
:10EAE00038B5054690F84000A0F1020CBCF1010FCA
:10EAF00098BF00290CBF0124002408D010F0FD0F9E
:10EB0000BDE8384014BF0120002005F04BB912F0D9
:10EB1000FD0F194614BF0120002012F07DFE0828C9
:10EB200001D0204638BD95F84000E7E790F8403026
:10EB300013F0FD0F14BF0120002005F033B900BF12
:10EB400090F8A6303BBB10B5044603F0FF0094F8E4
:10EB50005430022B07D0012B08BF04290CBF012021
:10EB6000002002D010BD0429FCD1D4F81031A3B983
:10EB7000236DBBB103F09AF8216D04F1E80001F0B8
:10EB8000AFFB03F099F8042384F8A730FF2384F83F
:10EB9000A630012010BD0020704740F6DD11322064
:10EBA000FAF710F940F6DE113220FAF70BF900BF40
:10EBB00080F84010704700BF38B590F840300446E8
:10EBC00000F1420113F0FD0F14BF0120002084F872
:10EBD000410005F0CFF894F84030023BDBB2012B46
:10EBE00094BF0123002384F8483000D938BD05F0D4
:10EBF00021FB05460CF068FF6B01EA0E5B1B62F11E
:10EC00000002520242EAD3525B025B1942F1000C4D
:10EC10009A014FEA8C1ED21A4EEA936E6EEB0C0CE0
:10EC200053194CF100021B184FF0000042EB010198
:10EC3000C4E9203105F0C0FB0028D7D140F60221FD
:10EC40003220FAF7BFF800BFB1F1000C4FF0080115
:10EC500010B504460CBF0120002084F856C084F88B
:10EC60004D0084F84E1009D112F0FD0F194614BF63
:10EC70000120002012F0D0FD84F84E0010BD00BF2E
:10EC800008B5A2B180F85A10D2F800C0036DC0F8E0
:10EC90005BC090F841109288A0F85F205972D0F8BC
:10ECA0004220C3F80A20B0F84620DA8108BD4FF4AC
:10ECB00022613220FAF786F880F84910704700BFC9
:10ECC00080F84A10704700BFF0B5D0F8C8409DF8F2
:10ECD00014E0944203D190F840208A4201D00020F1
:10ECE000F0BD1EF0020190F81D5123D00024A4466F
:10ECF0002146224611E0314300EB820253F82C609A
:10ED00000CF101070134D2F8CC205FFA87FC76328F
:10ED1000B242E4D1E2B2954228D3861896F8246133
:10ED2000F71E012FE7D80CF1010C41F004015FFA46
:10ED30008CFCE1E70E460A4601E0954216D38418A2
:10ED4000013694F82441E71E012F53F8227088BF42
:10ED5000214300EB820498BF41F00401F2B2D4F8E1
:10ED6000CC4004F1760C6745E7D0B8E70EF005001B
:10ED7000401AB0FA80F04009F0BD00BF90F854305E
:10ED8000024659070DD413F0030000D1704792F8E2
:10ED9000550000F0FD00A0F10100B0FA80F040093C
:10EDA000704790F85600A0F10100B0FA80F04009D9
:10EDB000704700BF012938B5044610D094F854308C
:10EDC00004F16C059B071AD1284600F09BFB002339
:10EDD000A4F8213184F8233184F8703038BD0A4D0D
:10EDE0006B7B002BEAD00BF0C3FD0AF083FB002302
:10EDF0006B7304F16C0594F854309B07E4D02846FB
:10EE000000F0F2FBE0E700BF000D0021A03012F09F
:10EE100033BA00BF0149363013F071BAFDBD0001AD
:10EE200010B5012104460020FAF7D0FC78B36378CE
:10EE300080F85430227812F0010323D1012112F01E
:10EE4000020F05D000EB030C0B4602218CF82411B5
:10EE5000520703D50344042283F82421A37880F8C1
:10EE60004030E37813F0FD0F80F855300CBF0123DC
:10EE7000002380F84C30237980F84B30637980F898
:10EE8000573010BD0123022180F82431D7E740F626
:10EE9000B9213220F9F796FF10B504466C3000F026
:10EEA000A3FB0023A4F8213184F8233184F87030C7
:10EEB00010BD00BF08B501210020FAF787FC28B17A
:10EEC00090F89400003818BF012008BD40F6383192
:10EED0003220F9F777FF00BF2DE9F04705468CB0E7
:10EEE0000E4600200121FAF771FC002800F0848210
:10EEF0000446A83001F010F9002847D094F85430A7
:10EF0000042B43D0AF6A002F00F04F81C44B9F42C7
:10EF100064D0043B9F4261D007F13B0904F00AFD35
:10EF2000804602A9484600F097FEB8F1000F40F075
:10EF30004981EB7A06F11C00D90600F14981002FC6
:10EF400000F0B5809DF80830022B00F0B08001463B
:10EF500095F83230E522484612F0BBFF95F8323082
:10EF600004464846234485F8323012F0AAFF95F84B
:10EF70003290A9EB0009B9FA89F94FEA5919B8F1A9
:10EF8000000F31D104F11803DBB298E02046FFF7FF
:10EF900073FC0028B6D1A34C04F1080604F10C0759
:10EFA0000023AA6A002A00F04D81A96A0A68B142CA
:10EFB000AA620B704B708B70CB70F2D0B942F0D05C
:10EFC000206810F008FE231DD3E84F3F0133211DB8
:10EFD000DBB2C1E8423F002AF5D1E1E704F0AAFC28
:10EFE0008146002867D00024EB7ADA0640F1B98127
:10EFF0005B0703D5EB7EFE2B00F08E81032104F12D
:10F000000A033170AA7A02FB03F3F27002337370C1
:10F010006B7B7371D5F80E30C6F806306B8A34738B
:10F02000344473812B7E6373EB7A13F0080000F095
:10F030001D817C4C042304F108083371474576D1C7
:10F040003379022262F34613AA6A33716AB1EFF38D
:10F05000108272B6AB6A1968A962002A00F0DE80DD
:10F0600000221A705A709A70DA70A5F108012068AF
:10F0700010F0B1FD231DD3E84F3F0133211DDBB25A
:10F08000C1E8423F002AF5D102274FF004088DF86D
:10F0900004808DF805709DF8042000209DF805304F
:10F0A00062F3070063F30F200CB0BDE8F087B8F1FE
:10F0B000000F40F05681182300244FF0010904226C
:10F0C0003270AA7A02FB03F3F27002337370D5F840
:10F0D0000B20D5F80F30D5F81300D5F81710726053
:10F0E000B360F0603161D5F81F30D5F81B20B361F3
:10F0F000726195F8148095F815A004F03DFC08F1B4
:10F10000FF388B055FFA88F86FD5B8F1030F00F26E
:10F110007881454B13F808207273BAF1000F40F064
:10F120008580F4763F4C04F10808474588D004F107
:10F130000C0A574500F0A380002F00F0C880B9F1F9
:10F14000000F2AD0AB6A63B1EFF3108272B6AB6ADC
:10F150001968A96202B962B600221A705A709A70D0
:10F16000DA703946206810F036FD231DD3E84F3F92
:10F170000133211DDBB2C1E8423F002AF5D1AB6A61
:10F1800085F83220434500F0F080534500F01181AE
:10F190009DF80830022B00F0DA80337901274FF018
:10F1A000040867F34613337171E705F1330904F07E
:10F1B000C1FB804602A9484600F04EFDB8F1000FA1
:10F1C0003FF4B7AEEB7A06F10D00D9067FF5B7AE86
:10F1D0009DF818404FF00109059922460FF06CFD8B
:10F1E000B8F1000F7FF400AFCCE6B8F1030F00F2E6
:10F1F00011810D4B984498F804207273BAF1000FF6
:10F200008FD00AF1FF3A5FFA8AFABAF1030F00F2DF
:10F2100001819A449AF80430B37382E762B61FE71B
:10F22000240D0021180D0021042303010AF1FF3AE7
:10F230005FFA8AFABAF1030F00F2E38013F80A309A
:10F24000B3736EE7A5F10801206810F0C4FC231D1C
:10F25000D3E84F3F0133211DDBB2C1E8423F002A12
:10F26000F5D14FF40073ADF8043014E703F0030256
:10F27000032A49D0580749D50123337152E7AB6AB5
:10F2800063B1EFF3108272B6AB6A1968A96202B972
:10F2900062B600221A705A709A70DA706B7D83BB66
:10F2A00032794FF0040863F346123271A5F1080178
:10F2B000206810F090FC231DD3E84F3F0133211D3F
:10F2C000DBB2C1E8423F002AF5D10227DFE695F81C
:10F2D0000B8018F010083FF4DAAE3379A5F108017D
:10F2E000206867F34613337110F075FC231DD3E8D3
:10F2F0004F3F0133211DDBB2C1E8423F002AF5D167
:10F30000C2E64FF00008D1E730710BE7022A26D0A1
:10F31000002A7BD1317105E711223270AA7AF2708E
:10F32000120102327270012232716A7B7271D5F859
:10F330000E20C6F806206A8A33737281EB69C6F81C
:10F340000D302B8CA6F811302B7EF374EAE633795E
:10F3500001274FF0040823F06803337197E63271F8
:10F36000E0E65B213320F9F72DFD3379022262F3C9
:10F370004613AA6A337162B1EFF3108272B6AB6AB8
:10F380001968A96202B962B600221A705A709A709E
:10F39000DA70A5F10801206810F01DFC231DD3E8E8
:10F3A0004F3F0133211DDBB2C1E8423F002AF5D1B6
:10F3B0006AE6337962F34613AA6A337162B1EFF3F6
:10F3C000108272B6AB6A1968A96202B962B60022ED
:10F3D0001A705A709A70DA70A5F10801206810F05E
:10F3E000FAFB231DD3E84F3F0133211DDBB2C1E8F7
:10F3F000423F002AF5D147E640F2C7113320F9F722
:10F40000E1FC40F2B9113320F9F7DCFCA2213320F2
:10F41000F9F7D8FC4FF450710620F9F7D3FC00BF80
:10F42000343270B5054692B20C461E4610F09BFB76
:10F4300025B1034B1D601C745E741C7170BD00BF50
:10F44000180D002110B5034C206810F0AEFB237C92
:10F45000237110BD180D0021014B587C704700BF6F
:10F46000180D002138B5154C206810F0A4FB00B32E
:10F470000546231DD3E84F3F013B221DDBB2C2E806
:10F48000413F0029F5D105F1080334220124184633
:10F490000FF07CFBEA7C0346FF2147F6FF7064F324
:10F4A00046126975E883184685F82310EA74ED6200
:10F4B00038BD40F247113320F9F784FC180D0021C4
:10F4C0003330704738B50446406A08B13B3038BD28
:10F4D0000B4D286810F06FFB606260B12B1DD3E804
:10F4E0004F3F013B291DDBB2C1E8423F002AF5D165
:10F4F000606A3B3038BD4FF4B0713320F9F762FCDD
:10F50000180D002138B5036833B3596A054621B395
:10F5100001F10802934222D0124C206810F05BFBEC
:10F52000231DD3E84F3F0133211DDBB2C1E8423F29
:10F53000002AF5D12B687BB1A3F10801206810F0F7
:10F540004AFB231DD3E84F3F0133211DDBB2C1E845
:10F55000423F002AF5D12A6038BD024CECE7002377
:10F560000360D9E7180D002170B505680646F5B1AE
:10F570001B49284612F0CCFE1A4C0023E360EFF33F
:10F58000108272B6AB6A23B3E96A04F10C030B6014
:10F59000EB6202B962B63368596A29B101F1080514
:10F5A000AB421BD100236B620023336070BD696ADC
:10F5B0000029F9D00B4C206810F00DFB231DD3E877
:10F5C0004F3F0133211DDBB2C1E8423F002AF5D194
:10F5D000E8E704F10C03AB62EB62DAE71D46EAE709
:10F5E000D9EE0001180D002170B50668002E3CD040
:10F5F000716A0546002939D001F10803204C9E426A
:10F600000DD0206810F0E7FA231DD3E84F3F0133F7
:10F61000211DDBB2C1E8423F002AF5D12B68002250
:10F6200072625A7D8AB10022A260EFF3108172B635
:10F630009A6AF2B1D86A134A0260DA6201B962B614
:10F640002846BDE87040FFF78FBFA3F1080120688E
:10F6500010F0C1FA231DD3E84F3F0133211DDBB267
:10F66000C1E8423F002AF5D12A6070BD3346044C00
:10F67000D7E7044A9A62DA620029E1D1DFE700BFE6
:10F68000180D0021200D00212DE9F04704680D46DA
:10F6900017469DF824C09DF820209DF928109DF85C
:10F6A0002C80002C00F0DE80DFF8E8A199460646A9
:10F6B0009AF80430002B00F09980636A002B00F068
:10F6C000DB8083F81180EB684BB195F810E0238E56
:10F6D000734440F2726E734500F39D8023860123CC
:10F6E0002176A372B8F1000F00F0938062756B6908
:10F6F0001BB15B78C3F30313A375EB6913B15B888C
:10F70000A4F8193095F800E0E17AAEF10103AA6897
:10F71000B3FA83F35B0963F30001BEFA8EF3C1F31E
:10F7200040005B09BEF1020F08BF40F0010060F32A
:10F73000410103EA510363F3C301E1721AB1CBB291
:10F7400043F00403E3722B6A13B193F90030E375BD
:10F750006B688BB1BCF1080F04F10E0271D06046EA
:10F7600004F10D0104F06CFD002800F08E80637B35
:10F7700043F002036373AA684AB1BB1E04F11C0183
:10F78000012B56D91368E36193888B80E776B8F133
:10F79000000F0FD00022636A1A705A709A70DA70E4
:10F7A000A26A002A57D0E26A1360E3623A4920460F
:10F7B00012F0AEFDAB698BB15A789B7803F01F0352
:10F7C00052EA03230AD1A26ACAF80830002A45D0B7
:10F7D000E26A324B1360E36200233360636A002BFA
:10F7E0004ED0002301206362BDE8F087B8F1020F1C
:10F7F0001BD007D8FFF786FE3368002B37D10020D7
:10F80000BDE8F087B8F1030F31D1FFF7EDFE3368A3
:10F81000F3E722756BE7FFF7E7FE3368002BEED0C6
:10F8200040F25A313320F9F7CDFAFFF79DFE3368E5
:10F83000E3E7D9F80030E361B9F804308B80E7766C
:10F84000A5E76B7C63736B681968C4F80E109B881E
:10F850009380AA6890E7A362E362A7E70F4BA362D5
:10F86000E362B9E74FF448713320F9F7ABFA40F29D
:10F870003D313320F9F7A6FA40213320F9F7A2FAF7
:10F8800040F297113320F9F79DFAC1213320F9F79F
:10F8900099FA00BF180D0021D9EE0001200D0021BA
:10F8A0002DE9F8430026504D04680F46066098463F
:10F8B00029799DF820909DF824009DF9283081B980
:10F8C000A4F10801286810F086F92B1DD3E84F3FFA
:10F8D0000133291DDBB2C1E8423F002AF5D1BDE862
:10F8E000F8830121C4F80960C4F80D60C4F8116000
:10F8F000C4F81560C4F81960C4F81D60A4F821604C
:10F90000A172062A66D8DFE802F02B3239653E651F
:10F910000400E27A22F0120242F01202E27223762E
:10F920000123082804F10E02237547F6FF73E382D2
:10F9300030D004F10D0104F083FC00284FD0637B2C
:10F9400043F002036373E37A5B072ED4FF23E3766D
:10F950000023237225492046BDE8F84312F0CFBCAE
:10F96000E27A22F0130242F01302E272D7E7E27A5F
:10F9700022F0150242F01502E272D0E7E27A42F07C
:10F980001002E272CBE7E27A22F01A0242F01A0287
:10F99000E272C4E77B7C63737B681968C4F80E105D
:10F9A0009B889380E37A5B07D0D5A9F1020304F129
:10F9B0001C02012B07D9BB681968E1619B88938001
:10F9C00084F81B90C4E7D8F80030E361B8F804303D
:10F9D0009380F5E74FF484613320F9F7F3F9C121FF
:10F9E0003320F9F7EFF900BF180D0021D9EE00011F
:10F9F000F8B584460026384D1046DCF800400F4626
:10FA0000CCF800602A799DF918107AB9A4F10801A0
:10FA1000286810F0E0F82B1DD3E84F3F0133291D73
:10FA2000DBB2C1E8423F002AF5D1F8BDC4F8096055
:10FA300041F60125C4F815600122217645EA032527
:10FA4000618941F6FF33C4F81160082821F4DF51C1
:10FA500003EA0503227547F6FF7221F01F01C4F87F
:10FA60000D60E28204F10E0243EA0103C4F819605A
:10FA7000C4F81D60A4F82160638115D004F10D0164
:10FA800004F0DEFB18B3637B43F002036373E37A95
:10FA90005B0714D4FF23E376002323720F4920462B
:10FAA000BDE8F84012F02BBC7B7C63737B6819685F
:10FAB000C4F80E109B889380E37A5B07EAD5BB6895
:10FAC000FF221968E1619B88E2762384E4E7C12183
:10FAD0003320F9F777F900BF180D0021D9EE0001A6
:10FAE00018B1407BFF3818BF0120704720B1C07E9D
:10FAF000FF3818BF0120704740F27541332008B528
:10FB0000F9F760F920B1807DFF3818BF01207047F8
:10FB100040F27D41332008B5F9F754F970B50C4631
:10FB20001646054612F055F803462846637412F04F
:10FB30005BF8A074062E13D8DFE806F0041904124F
:10FB40000412040000230121EA1C6170C4E90123AE
:10FB50006B78063BDBB223743BB10935E56070BDC1
:10FB6000002363702374C4E90133E36070BD032193
:10FB700000236A18093561702374E360C4E9012524
:10FB800070BD00BF70B50C46C17811F03F015CD06C
:10FB9000054612F01EF803462846637412F024F856
:10FBA000A0742B796370E878830923702B7913F0A4
:10FBB000010641D14FF0050C4FF00B0E624613F0D9
:10FBC0000201666002D005EB0C017246A160590784
:10FBD00001D50132D2B213F0080102D0961CA91847
:10FBE000F2B2616113F0100102D0D61CA918F2B272
:10FBF000A16113F0200103D002F11206A918F2B29C
:10FC000013F04003E16102D0AB180132D2B200F030
:10FC10003F002362011D891A11F0FF0114BFAB18C8
:10FC20000B4663626B78013B1B1ADBB2237453B142
:10FC30000A441544E56070BD4FF00B0C6E1D4FF08B
:10FC4000110E6246BBE7E36070BD20462822BDE886
:10FC500070400EF09BBF00BF70B5067806F00F062F
:10FC6000072E26D00C46054611F0B3FF0346284662
:10FC7000637411F0B9FFA074062E13D8DFE806F004
:10FC8000041D04120412040000230121EA1C617007
:10FC9000C4E901236B78063BDBB223743BB1093521
:10FCA000E56070BD002363702374C4E90133E36031
:10FCB00070BDBDE87040FFF765BF032100236A18DF
:10FCC000093561702374E360C4E9012570BD00BF8C
:10FCD0000378012B2FD0022B23D00339C9B2A3B153
:10FCE000012908D9427800236FF34512C3610374D8
:10FCF000C360427070474378DA06F3D54378002238
:10FD00006FF3861302624370ECE7012923D943782D
:10FD1000DB06E7D4437800226FF3C30342614370EC
:10FD2000DEE743780022033923F003034260C9B2BF
:10FD300082604370D4E74278002302296FF34102C6
:10FD400083604270CED0D2B20339436063F30002C5
:10FD5000C9B24270C4E7427812F0100FDAD022F034
:10FD60000302C0E90133D3064270C7D4D2E700BF13
:10FD7000012300225940037043700371C270427125
:10FD80008170704710B4012B124C9DF804C0C0F86C
:10FD9000024004D0022B17D083B110BC7047ACF1E5
:10FDA000020C4FF0000310BCBCFA8CFC4FEA5C1C48
:10FDB0006CF307036CF30F230380704710BC0170D2
:10FDC00042700371C37070470022012310BC02808F
:10FDD000437170470001010003782BB14B7800227A
:10FDE0006FF300034A604B7043782BB14B780022CD
:10FDF0006FF341038A604B7003792BB14B7800227B
:10FE00006FF34513CA614B7083782BB14B78002296
:10FE10006FF3C3034A614B70C3782BB14B78002258
:10FE20006FF304138A614B70437913B100230B7491
:10FE3000CB6070474378002223F022038260C261C6
:10FE400043707047042816D003280DD0022840F2D2
:10FE5000762240F2464340F6480004BF13464FF472
:10FE6000856018449630704740F6A22341F2BE10D8
:10FE700018449630704741F6067344F290201844B7
:10FE80009630704740F29F31212008B5F8F79AFF6D
:10FE900070B50446FF2380F8153190F817010DF076
:10FEA00075FD94F817010EF0F3F894F81E010DF0AB
:10FEB0006DFD94F81E010EF0EBF800212046FEF7D0
:10FEC00079FF94F816313BB1D4F8083153B104F1FD
:10FED000E80001F0C5FE09E0D4F8100110B1D4F833
:10FEE00008311BB304F1E80001F01CFE002384F884
:10FEF000153194F8165115F0FF0518BF0C2584F83C
:10FF00001631C4F8103184F8143194F817010DF04B
:10FF1000CFF980B1202694F81E0184F817610DF006
:10FF2000C7F968B1284684F81E6170BD00F5DC7021
:10FF300001F0F8FDD6E74FF43D712120F8F742FFBC
:10FF40004FF43E712120F8F73DFF00BFF8B504469D
:10FF50000BF0BAFD05460E46D4F81021002A56D003
:10FF60004FF0000C94F81D016146634604EB8303D7
:10FF70000CF1010CD3F8CC205FFA8CF3763283427B
:10FF80001144F3D9D4F8C870B94214BF012702272D
:10FF900038460DF005FF3F2837D9431C5DD0D4E922
:10FFA000363219188A4298BFD01AD4F8A830D4F83B
:10FFB000AC205B1B62EB0606012B76F1000255DBE1
:10FFC00000229842B2415ADA41F28836864228BF6E
:10FFD0000646C5F190050BF077FD0544B54214D8EF
:10FFE000394630460DF030FF78B9D4F8D830D4E92E
:10FFF0003720334430449342C4F8D830C4F8E0008A
:020000040101F8
:1000000044D0BDE8F8400DF08DBE0020F8BDD4F816
:10001000C8C0072794F81D0111461346ACFB07E73B
:1000200004EB83030132D3F8CC3076331944D3B2D6
:100030008342F5D98C451BD0D4F8C020D4F8B03019
:10004000D4F8C4109B1AD4F8B42062EB01027345B3
:1000500072EB070311D301279AE7D4E93630C61AA9
:1000600041F288339E4228BF1E46B2E70026B0E721
:100070005EEA070301D003278AE7022788E741F2F7
:100080008830834228BF03461E46A2E7D4E93A23BC
:10009000C4E93023B5E700BF014B1870704700BFBB
:1000A000110000210D4B002141F6690210B51960C5
:1000B0001B6893420CD8044690F8143123B190F891
:1000C00014310BB1FFF7E4FE0023A4F80C3110BD8E
:1000D00040F61B012120F8F775FE00BF2C0D002112
:1000E00010B5044690F8143113B190F814311BB9CF
:1000F0000023A4F80C3110BDFFF7CAFE0023A4F8BA
:100100000C3110BD90F8143103F0FF020BB910460A
:100110007047FFF7BDBE00BF90F86C00003818BFF5
:100120000120704730B585B090F81431002B56D1BE
:1001300003F0FF020B78CDE90122039213F00102D4
:100140003ED194460125964613F0020407D00DF1E6
:10015000100C0CEB8E0EAC46CD684EF80C5C13F018
:10016000040334D10CF1FF3C5FFA8CFC80F81DC114
:100170004968C0F8C810C0F8F81040F27121A0F822
:10018000FC101AB101997639C0F8CC105CB104A901
:10019000551C00EB820401EB8201EAB251F80C1C01
:1001A0007639C4F8CC104BB104AB00EB820003EB02
:1001B000820353F80C3C763BC0F8CC3005B030BD20
:1001C0008C68944602254FF0010E0194BCE70DF1B6
:1001D000100E0D690EEB8C0E4EF80C5CC6E740F26B
:1001E000B7212120F8F7EEFDD0F8102108B552B163
:1001F00090F8143103F0FF020BB9104608BDBDE8BA
:100200000840FFF745BE40F2EA212120F8F7DAFD69
:1002100070B590F8153113B10025284670BD04461D
:100220000D460BF051FC94F82021062D50D8DFE844
:1002300005F0290404073B0404000125284670BD8D
:10024000033A012A94BF4FF461764FF45776D4F8FD
:10025000B020D4F8D830801AA3F58E730644B34288
:100260008CBF01250025D8D82046FFF76FFE002857
:10027000D3D0D4F8D850A5F58E75AE422CBF00254A
:100280000125CAE7531EDBB2032B1DD81349042AEC
:10029000CB5C0FD05E1D032AF6B211D0022A06D025
:1002A0000536F6009836D2E74FF40276CFE70636E9
:1002B000B600F7E75E1DF6B2B60106F5C876F1E7BF
:1002C000360106F5BF76EDE7FD210520F8F77AFD4A
:1002D00040F241312120F8F775FD00BF0C230301E6
:1002E000F8B50C4607460021D4F8C00104F5DC76C9
:1002F00001F072FCB84205460BD00146304601F0D1
:100300002FFC00233B628DB900220023C4E96E2339
:10031000F8BD8368D4F8C021934217D39342FD6996
:100320003E6238BF1346BB60002DEDD001F0CAFC21
:10033000B0B1A968B5F92400D5E90032A4F8DC0110
:100340005B1842F10002C4E96E32F8BD81690029F0
:10035000E4D00146304601F003FC00232B62E5E7C0
:100360004FF4E0612120F8F72DFD00BF2DE9F04F9B
:1003700004468FB00F461E46BDF8608002920BF017
:10038000A3FBD4F8CCB0039005910BF1760094F860
:100390001D11054651B1012204EB82030132D3F84D
:1003A000CC30D2B276338A421D44F5D9D4F8C8A0F5
:1003B000AA4567D1002E65D094F81421002A40F098
:1003C000FD81029B002B40F069836FF00042D4E96D
:1003D0002A01914208BFB0F1FF3F00F02F8294F84C
:1003E0001C21224492F82401421ED2B2032A00F2B8
:1003F0009C83BF4904288A5C00F0428305320328AD
:10040000D2B200F04783022800F037830532D500CE
:100410000AF06EFD4AF2A132B64905F58E75024426
:10042000002608A8A1FB0232039B8DF8206005EB93
:10043000921513F5B372059B0C9243F100020995D6
:100440000D920222ADF828200CF058FF002800F091
:1004500075830C99D4F8A8200D98521AD4F8AC10D2
:1004600061EB0001521B61F10002002A80F21B8344
:10047000B34601220696DDF81490D846039EDA466C
:100480000492A0E0029B002B40F03881002E40F047
:100490009F81D4F8E830039DD4F8EC2005F5B376BD
:1004A000ED1AB5FBFAF50AFB05F5ED18A6EB050606
:1004B00042F10009B24594BFA6EB0A0AB2460029F0
:1004C00000F0D8828245C0F0AF82AAF1760A0122FC
:1004D000AAEB0B0A012919D0D4F8D03003F1760029
:1004E000824505D3AAF1760A0132AAEB030AD2B2F9
:1004F00002290BD0D4F8D43003F176018A4505D314
:10050000AAF1760A0132AAEB030AD2B204EB820303
:100510009046D3F8CCB004EB080191F82401411EB9
:10052000C9B2032900F20183714B0428595C01F11F
:100530000503DBB200F07A82032800F08C820228E7
:1005400000F0A4820533DB00069304920AF0D0FC8D
:100550004AF2A131049A01446648A0FB01300AF531
:100560008E71069B0B4403EB90135B4500F23982BE
:1005700004EB8803D3F8CC30A3EB0A0BBBF1000FDC
:10058000C0F2ED827619D4F8E830D4F8B01049F111
:100590000009D4F8EC50CA1A00F1DF82D4F8C80080
:1005A000B2FBF0F200FB02F2D21845F10005B6EB07
:1005B000020AC4E93A2500F1D0820123BAFBF0FA1D
:1005C00006930023049304EB080292F82401421ED0
:1005D000D2B2032A00F2A982454904288A5C02F1BA
:1005E0000505EDB200F09C81032800F0BF810228D0
:1005F00000F0F2810535ED000AF07AFC4AF2A132F2
:1006000005F58E7502443B48A0FB023205EB9215BE
:10061000D4F8A820911BD4F8AC2062EB0902012980
:1006200072F10003C0F2798100208B4570EB020368
:1006300000DB8B4604EB8808D8F8CC305B4528BF3C
:100640005B46C4F8DC30BAF1000F03D0069A002AEA
:1006500040F09281D4F81021029929B1D4E93A01ED
:10066000C4E92C69C4E930010021C4F8D850C4E9B8
:100670002E697972002A00F0578194F81DC108464E
:100680000A4604EB82020131D2F8CC2076321044C3
:10069000CAB29445F5D2D4F8C820904214BF0122C2
:1006A00002223A72049A7D60002A00F0328101220F
:1006B00003993A70D4F8A820D4F8AC00521A0599DE
:1006C00060EB0100012A70F10001C0F253810A4978
:1006D0000024914274EB000000DA0A46521B3A6192
:1006E0009D428CBF002001200FB0BDE8F08F00BFFD
:1006F0000C230301D34D62100040420F01230693E7
:1007000000230493039B059A13F5FA6604F1E803AA
:1007100042F10009079301F0C9FA01F051FA0246CB
:1007200004F1E8001146079201F01AFAD4F810110A
:10073000079A21B104F1E800FFF7D2FD079A1AB138
:10074000B2F92410A4F80C11AA450CBFD4F8F0504B
:10075000D4F8C850002A00F06581116890684018EC
:1007600051682A4641F10001CDE9006901F05CFAC7
:1007700085428246C0F0DD81861949F1000901F009
:100780009BFAD4F8C80000F2CF7101EB0A02B2FB69
:10079000F0F200FB02F2B21AC4F8E82069F100029C
:1007A000C4F8EC20B8F1000F3BD14FF0FF306FF0F0
:1007B00000414FF0010AC4E92A0104E7B4F90C2111
:1007C000002A3FF4FEAD029B002B97D1D4F8C8A0BD
:1007D000039B4FF00008D4E93A021E1A10EB0A01FD
:1007E000B6FBFAF60AFB06F642F100097618A6EB0C
:1007F000030249F10009B2F5B37F28D2D4F8B8203A
:100800000123CDF81080121A0693B2FBFAF20AFB0C
:100810000200301A1AEB0606B0FBFAFA49F1000999
:10082000D1E642F21072304649464FF0010AE8FB29
:1008300002014FF00008C4E92A01C4E69A4698462E
:1008400006930123039EDDF814900493BBE694F80D
:1008500024018DF82080421ED2B2032A00F2658165
:10086000C14904288A5C02F10505EDB200F0FE8062
:10087000032800F04481022800F045810535ED0091
:100880000AF036FBD4F8E860D4F8B82005F58E7588
:10089000D4F8C810921BB2FBF1F201FB02F29219DC
:1008A0004AF2A1360644B1480C92A0FB06364FF03E
:1008B000000005EB9615D4F810618DF82900099514
:1008C000D4F8EC5045F100050D95002E00F0F480B1
:1008D00094F81D610546024604EB82020130D2F80D
:1008E000CC30C2B2763396421D44F5D2A9420CBF39
:1008F0000225012508A84FF000088DF8285010F0B7
:10090000DBFF01238246CDF810800693DDE90C69F8
:1009100059E63A70C7E90469E2E64FF0000B89E650
:10092000AD0105F5C87567E6D4F8C8A007201146E3
:1009300094F81D819646AAFB00C004EB82020131A7
:10094000D2F8CC2076329644CAB29045F5D2F24520
:100950005BD0D4F8C020D4F8C410B21A69EB0101FE
:10096000624571EB00023AD301229AE62D0105F5AA
:10097000BF7541E60022B1E64FEA4A0AB4F90C011C
:100980001FFA8AF111F0F6FDB4F80C31D4F81021F9
:100990001B1A1BB2A4F80C3162B1A2F8DC31D2F8F8
:1009A000B8311B18C2F8B831D2F8BC3143EBE07350
:1009B000C2F8BC31C117D4F8E830361841EB090948
:1009C0001818D4F8EC30C4F8E80041EB0303C4F87D
:1009D000EC30D4F8DC303FE60635AD000CE6022200
:1009E0005FE694F81D31934225D9D4F8C83002F15E
:1009F00001089E425FFA88F880F0A58004EB880326
:100A0000D3F8CCB00BF17606B8E5D4F8B020D4F822
:100A1000B410B21A69EB0101624571EB0002DED23B
:100A200003223EE69246AAE6002253E59B0103F527
:100A3000C873069389E5D4F8C8309E4210D3B6EB4C
:100A4000430F4FEA430280F0838004EB880316468D
:100A5000D3F8CCB092E51B0103F5BF73069374E5A0
:100A60001E4604EB8803D3F8CCB087E5AD0105F54D
:100A7000C87505E70A4688464DE506329500C7E485
:100A80000532D2B2920102F5C875C1E406339B006B
:100A900006935AE5120102F5BF75B9E400230693E7
:100AA000012304932EE6B24601220696DDF8149047
:100AB000D046039E049286E5B446072694F81D812D
:100AC000A1FB0669E646604604EB80000CF1010CD0
:100AD000D0F8CC305FFA8CF0763380459E44F3D268
:100AE000714515D0D4F8C000121AD4F8C40065EBD3
:100AF0000000B24270EB090308D30125FAE62D018C
:100B000005F5BF75BCE60635AD00B9E60225F1E690
:100B1000D4F8B000101AD4F8B42065EB0202B04249
:100B200072EB0903F2D20325E4E6FD210520F8F774
:100B300049F940F262312120F8F744F940F28E4140
:100B40002120F8F73FF940F222412120F8F73AF945
:100B500040F23F412120F8F735F9FFF793F94FF4C0
:100B600089612120F8F72EF90C230301D34D62107F
:100B7000F0B5044689B0072900F2AB80DFE801F048
:100B80003D090925A92A07A42046FEF743F909B023
:100B9000F0BDB0F82231C3F30C03002B40F091807C
:100BA0000022012302A920460092FFF7DFFB002864
:100BB000EAD002A994F817010CF08CFC0028E6D1C9
:100BC00040F234712120F8F7FDF809B0BDE8F0409B
:100BD00009F04CBF90F8153153B9B0F82231C3F386
:100BE0000C03002B67D090F82031033B012B7DD9FB
:100BF00009B0BDE8F040FDF723BF90F8153103F0D0
:100C0000FF054BB10121FEF7D5F809F041FD09B010
:100C1000BDE8F0400CF0C2B90CF064FBD4F8E83049
:100C2000B0EB030CC4E92C0100F1818094F81D6144
:100C3000D4F8C87002940595B6B1BCFBF7F207FB77
:100C400002332A46C01A2B4604EB8303D3F8CC3078
:100C500003F17601814203D876380135C01AEDB22E
:100C60000132D3B29E42EFD2B4F8223184F81C5143
:100C7000C3F30C038DF8185083BBBC4538BF012368
:100C8000BC4534BF002701278DF8103002A88DF82D
:100C90001970FDF7C1FED4F8D800A0F58170C4F832
:100CA000E0000DF03FF800287FF471AF40F293119F
:100CB0002120F8F787F8FFF749F900287FF467AF9C
:100CC00096E7FEF7E9F86BE740F2C9112120F8F743
:100CD00079F840F2CD112120F8F774F8D4F81821F2
:100CE0000323002703928DF81030CFE790F81F31CF
:100CF000002B7FF47DAF012144F2365084F81F11A0
:100D00000DF0A2F800287FF473AFD4F8D83044F285
:100D10003652D4F8E00013441044C4F8D830C4F874
:100D2000E0000CF0FFFF00287FF431AF60E7FFF731
:100D3000A9F800BF30B589B090F81421002A45D138
:100D4000044602F0FF03FF2280F8142180F81531D9
:100D500090F81D519C4680F81C31A0F80C311846C3
:100D600004EB83030CF1010CD3F8CC205FFA8CF375
:100D700076329D421044F3D2D4F8C830984220D045
:100D8000D4F8CC2002F176034DB1EC32D4F8D03057
:100D9000012D134403D07633D4F8D4201344C4F87F
:100DA000F03000910023012202A92046FFF7DEFA6D
:100DB000B0B102A994F817010CF08CFB58B109B03E
:100DC00030BD41F28833C4F8F030EAE740F26A21DE
:100DD0002120F7F7F7FF4FF420712120F7F7F2FFFA
:100DE00040F27F212120F7F7EDFF00BF38B590F8E2
:100DF00014318BBB0D4651B3044601461B480CF021
:100E000023FA202884F817011AD0214617480CF03D
:100E10001BFA202884F81E010DD0C4F8105195F853
:100E2000E03103F0FF01E3B984F816112046FFF723
:100E300081FF012038BD94F817010CF039FA08B190
:100E4000002038BD40F28F212120F7F7BBFF40F290
:100E50009B212120F7F7B6FF40F29A212120F7F7D6
:100E6000B1FF4FF429712120F7F7ACFF710B01019D
:100E700038B504460D46114821460CF0E5F9202806
:100E800084F8170112D021460C480CF0DDF9202817
:100E900084F81E0105D020462946FFF74BFF0120AC
:100EA00038BD94F817010CF003FA08B1002038BDE2
:100EB00040F28F212120F7F785FF00BF710B010160
:100EC00090F823315F2B2DE9F04F044687B048D8C6
:100ED0005909A54A0A4492F80490B9F1040F00F0A8
:100EE000F58094F9212103F01F0394F82251002A80
:100EF00094F8212145EA0325ACBF1E234FF49673D5
:100F0000D20903FB05F514BF4FF496771E2708F0AE
:100F10007DFFA5EB000808F09FFF94F821314619EA
:100F200008EB070A13F0400F14BF32254FF4FA758F
:100F300010F0A8F9B8F5D97F28448C4D0AFB00556C
:100F40008B48A0FB05354FEA95456FD394F81531D2
:100F500053B109F09DFB0CF021F8012007B0BDE86A
:100F6000F08F4FF00009BCE74846DFF808A209F00F
:100F7000B7FF7D4B03EB8903D3F808804AF2A13316
:100F80004344AAFB032307EB9317AB3707EB450753
:100F90000744484609F0A4FFA7EB000B484609F0B8
:100FA000A7FF94F85410A8EB00080BF58E7B0129DD
:100FB000AAFB083A4FEA9A1A00F0C5804846FEF7A5
:100FC00041FFD4F8B030ABEB0A0BD4F8B420843B2B
:100FD000834442F1FF329B19CDF804B042F1000284
:100FE0005D1B62F10003644A10780022FE288DF830
:100FF00000208DF80920CDE9045300F094804A07C1
:1010000040F191808DF80800694694F81701C4F802
:10101000D8B0C4F81871C4E92E530CF05BFA00285C
:1010200097D140F2B1612120F7F7CCFE4846DFF8B6
:1010300044A109F055FF4C4B0246484603EB890397
:10104000D3F8088008F2E733AAFB031307EB9317E2
:10105000203737442F44174409F042FFA7EB000B19
:10106000484609F045FF94F85410A8EB0008012900
:10107000AAFB083A4FEA9A1A5AD04846FEF7E2FE0F
:101080000BF58E7BD4F8D890ABEB0A0303EB000A88
:10109000D14532D2384B93F80080B8F1FE0F1BD007
:1010A0004B0719D540460CF07BFEAAEB09034146DD
:1010B000402B38BF4023984228BF184680460CF08A
:1010C000C3FE68B1002007B0BDE8F08F00224FF0EA
:1010D000030980F81F2104E70AF008FD8046E1E7D4
:1010E000D4F8D8004044C4F8D800A0F58170C4F802
:1010F000E0000CF017FE0028E4D0103E94F81C111C
:1011000002220023751B68468DF8101003958DF898
:1011100008208DF81130CDE90047FDF77DFC012056
:1011200007B0BDE8F08F0AF0E1FCDDE9045369E7A0
:10113000B9F1030F12D0B9F1020F40F6480008BF11
:101140004FF485609CE7B9F1030F0AD0B9F1020FA3
:1011500040F6480008BF4FF4856032E741F2BE1008
:101160008EE741F2BE102CE70C2303013F420F0033
:1011700083DE1B43D34D62101100002110B588B0EF
:1011800090F8152172B902F0FF0302A904461A462D
:101190000093FFF7EBF860B102A994F817010CF087
:1011A00099F980B109F074FA08B0BDE810400BF06D
:1011B000F5BE2046FDF72EFE09F06AFA08B0BDE83C
:1011C00010400BF0EBBE40F21B712120F7F7FAFD47
:1011D00001292DE9F0470E4682B0054624D8D0E912
:1011E0002C7808F031FE95F82091044606F00100B5
:1011F000494610F0B9FB8246484609F079FE7D3F2A
:1012000048F1FF38012E40D1B9F1040F00F0B6804B
:10121000B9F1030F00F08180B9F1020F0CBF4FF458
:10122000A6724FF4FC7232E0022940F0B880D0F888
:101230001031002B00F0AE800024224683F8E041FC
:1012400090F8201161F3070261F30F22A3F86C20DC
:10125000FF2683F86E600339D0F81001012900F1F0
:1012600034008CBF0021012103F020FDD5F81001CE
:1012700000F03CFBC5F8104185F8166109F008FA4A
:1012800002B0BDE8F0470BF089BE4FF4FC724B4B47
:10129000E419D5F8107103EB490348F1000614EB8B
:1012A0000A04D7F81C809B8B46F1000603F2E73353
:1012B00003444348A0FB03139B09E41A66F10006AC
:1012C000A41846F1000600F075FC05F1E80383421E
:1012D0003BD04246D7E96E01CDE9004600F0A4FCC0
:1012E000804566D3374BD5F810111B68834217D958
:1012F000CB69024691F87650CB6203440DBB41F6B0
:101300006A00054682420D864ED21B1946F1000640
:10131000C1E96E3602B0BDE8F08740F28642B6E71A
:1013200091F876506DBB284AA2FB003240F2E243AE
:10133000920A03FB1202821ACA620346821A002D25
:10134000DDD04FF4FA700546DCE797F87500002809
:10135000C8D0D5E93A9A00F0B5FC38B9B7F9DC3114
:10136000A7F8DC0113EB09094AEBE37A4246484649
:101370005146CDE9004600F057FCB3E740F6E832AD
:1013800085E7124AA2FB00326423520903FB1202D2
:10139000821AD1E740F29C712120F7F713FD40F249
:1013A000FF712120F7F70EFD40F291712120F7F730
:1013B00009FD40F276312120F7F704FD0C230301EB
:1013C000D34D62102C0D00215917B7D11F85EB5159
:1013D0002DE9F0430123DFF8808083B000254FF62C
:1013E000FF77202688F800301DE0009BEBB193F8D2
:1013F000E021D2B11888B8421DD02146F8F7E6F9AD
:101400008146F0B190F8E1010CF042FE99F8E1015B
:1014100089F8E0410BF04CFFC0B109F5DC7089F8A8
:10142000E16100F07FFBCDE900556846F8F708FA66
:1014300004460028D9D0002388F8003003B0BDE866
:10144000F08340F2BF113520F7F7BCFC4FF4D771A1
:101450003520F7F7B7FC00BF300D00212DE9F84F1C
:1014600091F886801F460C460546A8F144031646AF
:10147000012B40F20E8191F88730A8F10E08443B11
:10148000B8F1010F88BF012B94BF4FF001084FF056
:101490000008002F40F0028194F8E031032B00F2A5
:1014A0003D81DFE803F09A02D802D4F81C90DFF8FF
:1014B00078A2DAF80030002B00F0BB8039462046D5
:1014C000984700FB099600F0FDFB002800F0B7806C
:1014D00000200346D4F8B821D4F8BC11B21841F169
:1014E0000001121843EB0103C4E96E23C5E904238C
:1014F00000232B7094F88630442B00F0B28094F8CF
:101500008720442A00F0AD8003F0FD0B2046262BF7
:1015100018BFBBF10C0F0CBF4FF0010B4FF0000BCD
:1015200012F0C5FA002800F0BE80BBF1000F40F0B9
:101530009B8094F8E03104F1340085F809B0012B68
:1015400018BF02232B7210F063FF6860B8F1000F20
:1015500041D1002F3FD04946284610F0ADF987B25F
:10156000204612F0A4FA8046474515D3002306FB17
:1015700008F22B72D4F8B8319B18D4F8BC2142F190
:1015800000022B616A61002E00F0C38049462846A4
:1015900010F092F9404487B23946204607F00AFF1E
:1015A000DAF8003073B10121204698472B6909FB16
:1015B00000F9384413EB090387B22B616B6943F1DF
:1015C00000036B6100F07EFB002800F08580D5E908
:1015D0000430C4E96E30BDE8F88F002E00F094802E
:1015E000012394F86C2094F86D9084F8E0314F4B0F
:1015F0004846A9F10309DFF830A133F8126009F079
:1016000077FCB9F1010F4A4906F29D764FF00009C7
:1016100006442046A1FB063694BF2821002101EB99
:101620009611FF3110F094FFDAF80030002B7FF4B0
:1016300045AF4E4600F046FB00287FF449AF02213B
:10164000B4F9DC0110F096FFB4F8DC311B1AA4F8F1
:10165000DC31C3173EE70323D4F8E89184F8E03186
:1016600025E7204612F023FA002304F134002B81F1
:1016700010F0CEFE6860B8F1000FACD1002FAAD0F8
:101680004946284610F018F987B2204612F00FFAA2
:1016900082E74FF00108002F3FF4FEAE0121204603
:1016A00007F088FEF8E6288104F1340010F0B0FE5F
:1016B0006860B8F1000F8ED1002F8CD049462846C3
:1016C00010F0FAF887B2204612F0F1F98046BBF12B
:1016D000000F3FF449AF5FE77F00B4F9DC01B7F5D5
:1016E000803FB4BFB9B24FF6FF7110F043FFB4F8BA
:1016F000DC212B69121AC318A4F8DC216A692B615A
:1017000042EBE070686164E74FF40B713520F7F746
:1017100059FB40F2B5213520F7F754FB40F2662122
:101720003520F7F74FFB00BF94010021342303015C
:10173000D34D62102DE9F04387B000287BD00446DA
:1017400007296DD8DFE801F02A0404146C19216719
:101750000146012368460022FFF780FE694694F89F
:10176000E1010BF0B7FE00286DD007B0BDE8F083B3
:1017700007B0BDE8F04309F079B901200AF0A6F9F5
:1017800007B0BDE8F043F9F739B990F8E031042B20
:10179000EBD04FF491713520F7F714FB90F8E0315E
:1017A000002B4CD007F046FD0028DED094F86D30B9
:1017B00040F22119DFF8A080033B98F80120012BAB
:1017C00088BF4FF0F90982B3E66904F1340010F0E4
:1017D0001FFE00F176070220F61B0CF0E1FA022151
:1017E00026EAE675854228BF054628460CF02CFB04
:1017F00000B92F444A463946204610F097FE03466A
:10180000E069C8F804300CF08DFA08B307B0BDE801
:10181000F04312F008B940F227113520F7F7D2FA59
:1018200040F22B113520F7F7CDFA666BE569AE4231
:1018300028BF2E46C9E7F4213520F7F7C3FAFC216B
:101840003520F7F7BFFA40F2E3213520F7F7BAFA6F
:10185000EE213520F7F7B6FA300D0021024B0022B9
:10186000C3E90022FFF7B4BD300D0021FFF7B0BD82
:10187000014B5870704700BF300D0021C0F8C011F7
:10188000704700BF40F2BF1108B510F069FEB0F517
:10189000296F28BF4FF4296080B208BD38B5A0B1C8
:1018A00090F8E031044603F0FF05C3B990F8E13148
:1018B000202B0FD101460C480BF0C6FC202884F8E1
:1018C000E10114BF28460D2038BD40F291113520AA
:1018D000F7F778FA40F293113520F7F773FA4FF4DF
:1018E000C9713520F7F76EFA3517010110B586B0CA
:1018F000B0B190F8E021044602F0FF03FAB990F885
:10190000E121202A16D0014601226846FFF7A6FDF4
:10191000694694F8E1010BF0DDFD30B106B010BD71
:101920004FF4D0713520F7F74DFA4FF4D3713520CD
:10193000F7F748FA4FF4D1713520F7F743FA40F240
:10194000A1113520F7F73EFA08B508F07DFA054BEE
:101950005A68824203D3187880F0010008BD002045
:1019600008BD00BF300D0021F0B5044687B0042942
:1019700000F2AA80DFE801F0730D03125400042383
:1019800084F8E03108F084FE07B0BDE8F0400BF0C9
:1019900005BB032380F8E03107B0F0BD41F64B569C
:1019A000D0F80432C269B34290F81012C0F8E821AE
:1019B0008CBF00260126002968D19A4204D00088F5
:1019C00012F0F2F8D4F8043294F86C10414A94F80A
:1019D0006D7032F81150D4F800223846E361033FAD
:1019E000D4F80832E262B4F8FE216362228684F8F9
:1019F000766009F07DFA05F29D71374B012F0144A5
:101A00002046A3FB013194BF2823002303EB91114F
:101A1000FF3110F09DFD022384F8E03107B0F0BDE6
:101A200090F86C202B4B90F86D6033F812503046D4
:101A3000033E09F05DFA05F29D710246264B012E28
:101A400020461144A3FB013194BF2823002303EB5C
:101A50009111FF3107B0BDE8F04010F079BD1F4B88
:101A60001A7802F0FF03002A89D101460122684654
:101A7000FFF7F4FC694694F8E1010BF02BFDC8B1C7
:101A8000B4F880300133A4F880307BE7008812F08E
:101A900088F8A0B1B4F8FC310026B4F80C22B4F8F0
:101AA0000E1262865A1E43818181D4F8043202826A
:101AB000C68189E740F2E3213520F7F783F940F248
:101AC00012313520F7F77EF94FF455713520F7F7CD
:101AD00079F900BF34230301D34D6210300D00218A
:101AE000024B0022C3E90022704700BF380D0021DD
:101AF000034A13680BB10C207047184653607047B7
:101B0000380D0021C3690BB1012070478369002B98
:101B1000FAD1034B1B68181AB0FA80F040097047DD
:101B2000380D0021C36993B18168D0F80CC0DA6820
:101B30006144114482699A618269D9602AB1D36192
:101B400000220023C0E906237047DA60F8E78269C3
:101B500002490A60002AF2D1F2E700BF380D0021E5
:101B600008B5C161A1B18B698861836173B1D86126
:101B7000C1690023C36041B1CB6823B1826893423D
:101B800011D39B1AC3600023CB6008BDC360F3E789
:101B9000074A136883611BB1D8611060C169E8E727
:101BA0001060C36008BD2D213720F7F70BF900BF87
:101BB000380D0021014B1868704700BF380D002117
:101BC000044B1B6823B118469B69002BFBD170475F
:101BD00018467047380D0021124B1B68CBB14FF0EF
:101BE000FF3C00B58646002000E01346DA689645C3
:101BF00003D8624501D2184694469A69002AF4D166
:101C0000B0FA80F2520911B9002A18BF18465DF8DF
:101C100004FB1846012219B9002A18BF184670475C
:101C2000704700BF380D002130B585B01546DDE99D
:101C30000834C01A61EB0404002C0DDB214603AA12
:101C400002AB00922A460CF0D7FE002C039801DA72
:101C500000B1281A05B030BD404264EB4401EEE704
:101C6000036A2DE93048DBB182689C68A24217D331
:101C7000D0E90615D0E906BCC3E906BC4DB1AB619D
:101C8000996951B1C068CB610244121BDA60BDE8AA
:101C90003088054D2B600029F4D1D960BDE830882B
:101CA000CD213720F7F78EF8380D0021014B0122A6
:101CB0001A717047380D0021014B00221A717047CC
:101CC000380D0021014B1879704700BF380D0021F5
:101CD00038B52B4B864608461B6863B34FF0000CA3
:101CE00064461D690CB1A54204D22C46002D42D099
:101CF000B3F814C09B69002BF3D1E4B1A0421BD30D
:101D00000EF1FF3E0EEB0401B0FBF4FCB1FBF4F16D
:101D10008C4510D304FB0CF3B3FBF4F504FB153531
:101D200025B9B3FBF2F502FB153505B30CF1FF3C09
:101D30001B1B8C45F0D238BD431E2344B4FBFEFE72
:101D4000B3FBF0F37345F6D8B4FBF3F503FB154191
:101D500049B9B5FBF2F102FB115121B9B5FBFCF118
:101D60000CFB115129B101337345EDD938BD18462B
:101D700038BD284638BD4FF496713720F7F722F862
:101D8000380D002110B504460EF037F808B90020D0
:101D900010BDE0430EF031F80028F8D0E31683EAD6
:101DA000A4635A1E1A42F2D0E3B25A1E13405A1EBE
:101DB0001342ECD0A0B210F031FC0B28E7D820463B
:101DC00010F028FC1828E2D8A3B2B3EB144F04D1CA
:101DD00084EA142313F0FF1FD9D0044B63405A1E2A
:101DE0001A4214BF01200020D2E700BFD6BE898E60
:101DF000F0B5070C164BA7F5AA4203EA9023543A14
:101E0000012A20D927F4004042F6AA22801A18BFDE
:101E10000120002216211F24164687EA060562EAE1
:101E20000505013511D0DD0301394FEA5303ADB289
:101E300045EA56064FEAC4354FEA5404ADB245EAC6
:101E40005202EAD1F0BD0020E3E70020FAE700BF2C
:101E5000E0FF3F00F8B58D1F40F67A4C0746BDF80D
:101E60002460ADB21046BDF8182065453BD8841FEC
:101E7000A4B264458CBF002401242546AFBB1D4F8E
:101E80003F796FB15CB96FF450654D19062D06D8D6
:101E90006FF450640419062C8CBF002401242546DD
:101EA000FDB1814224D803FB0666B6F5FA7F1FDC3C
:101EB000A2F10A0340F676449BB2A34218D80EF072
:101EC00088F842F2107300FB06F15A43B2EB410F5F
:101ED0000ED9BDF81C50BDF8200085428CBF0025EE
:101EE00001252846F8BD0024C7E797F87570C8E7B4
:101EF0000025F6E7E00D0021304BF0B5B0F860703A
:101F00000C4611461A88B0F85E6085B097425D882D
:101F100028BF1746964228BF16461B2E2ED0B5F571
:101F2000A47F2DD040F6480301AA9D4228BF1D463C
:101F30000EF078F8BDF80A309F4228BF1F46BDF862
:101F40000C30AB42E78028BF2B462381BDF806301A
:101F50009E4228BF1E46BDF808309D42668028BFBD
:101F60001D46A580FF232370E3881B3B9BB2E02B1B
:101F700008D940F219613920F6F724FF1B2FCED182
:101F800005B0F0BD63881B3B9BB2E02B02D940F249
:101F90001B61F0E7238940F64812A3F5A4739BB2B6
:101FA000934202D940F21D61E5E7A388A3F5A4732B
:101FB0009BB29342E4D940F21F61DCE7E00D0021BF
:101FC0002DE9F341002304460E46174600F10A08A6
:101FD000CDE900336846F7F733FC08B1002015E07F
:101FE000009DA542F6D03046EB1C0DF0ECFF3946C3
:101FF000AA780FF0D7FB0028ECD005F10A036A7A23
:102000004146607A0FF0CEFB0028E3D002B0BDE875
:10201000F0810000054A134692F8202053F8211B56
:1020200011F8030BC0F380100FF0BCBB1C13002190
:10203000012821D8022B0DD1A2F57A70104B9842BD
:102040001CD8A1F57A70984218D88A428CBF122009
:10205000002070470B48824210D8012B07D140F274
:1020600052739A420AD9A1F6C410074BEBE7042B2E
:10207000F9D140F6C313F4E71220704730207047BF
:10208000A7F970028FFD7002CBF370020138C0B265
:10209000032808B504D94FF450710620F6F792FED4
:1020A000014B185C08BD00BFA42303010138C0B276
:1020B000032808B504D94FF450710620F6F782FEC4
:1020C000014B185C08BD00BF0E2403010138C0B2EB
:1020D000032808B504D94FF450710620F6F772FEB4
:1020E000014B185C08BD00BFD024030107B50E4AA0
:1020F000B2F85430ABB1013B6946A2F854300FF04E
:10210000A1FB20B140F241613920F6F75BFE019A54
:102110000120B2F89E300133A2F89E3003B05DF882
:1021200004FB1846FAE700BFE00D002110B5044695
:102130000A48FCF775FE0A492046FDF7F3FF2046E2
:10214000FCF7F4FC38B12046FCF736FD2046FCF7DE
:102150005DFE002010BD1220FCE700BFFC0D002139
:10216000040E00212DE9FF4106788046012E40F043
:10217000988031460020F7F729FB054620B940F644
:1021800026613920F6F71EFEB8F80430002B40F027
:102190008280FCF771FB00287FD195F81431002B69
:1021A0007DD12846FFF7C2FF044600286FD1584F63
:1021B00031463046F7F70AFB97F83810064619B152
:1021C00010B940F64261DCE73A7F0023CDE90233E3
:1021D00012F001031CBFF86A0290520741BF04AA23
:1021E00002EB83037A6B43F8082C002945D096F85C
:1021F0001431002B41D0B8F80230002B3DD13B7F89
:102200003046BA6A009302ABB97FFCF75DFDA0B31C
:102210003046FDF7E9FF06F14003804605F1400234
:10222000683653F8041BB34242F8041BF9D1284620
:10223000FFF77CFF024610B140F66461A1E7B8F1F8
:102240000C0F07D101462846FEF712FEF8B940F6FA
:10225000686196E7B8F1000F02D040F66D6190E733
:102260007B7F2846296D43F0040385F85430FEF740
:10227000BDFD60B940F66F6183E7B8F804202846D9
:10228000B8F80210FEF7F4FD002808BF0724204626
:1022900004B0BDE8F0811124F9E73A24F7E70C24F3
:1022A000F5E701210020F7F791FA054610B940F64D
:1022B000826166E7FDF726FF04460028E7D195F81E
:1022C000543095F8A62022B195F8A720134385F83D
:1022D000A600053B012BDAD82B6D13B940F69261AD
:1022E0004FE701210846F7F771FA29464FF4947237
:1022F00006460CF0E1FC0423316D304686F854307C
:10230000FEF774FD0028C2D140F6976139E700BF9F
:10231000E00D0021114BF7B59C7E0646DD7E9F8BBC
:1023200014B901F02FFB0446A5B901F02BFB0546BB
:1023300014B9092003B0F0BD0028FAD0304601A935
:102340008DF804408DF80550ADF806700FF008FBCD
:102350000020EFE7002CF1D1EBE700BF7412002161
:102360002DE9F04399466C4B044685B018680F463A
:102370001B790021029020461646684D8DF80C30DE
:1023800002F048F9664B20462780C4F8F031AB686C
:1023900040F8343FFFF776FA804601F0EDFA2B7CE7
:1023A00010F0200FA4F83E8084F83C305D4B0EBF47
:1023B0001B22AA8869881B6814BFA4F85E10A4F8C1
:1023C0005E20A4F860201BB194F974103846984739
:1023D000554F3B79003B18BF012384F87530534BB0
:1023E0001B681BB107F10801208898470123638609
:1023F0004F4B1B6813B14F49208898474E4B1B68C1
:1024000013B14E4920889847AB8804F114006A88BC
:1024100069780333033201919BB2297892B200911B
:1024200004F11801F7F744FA636923B941F2AF01E7
:102430003920F6F7C7FCA36913B941F2B001F7E7F9
:102440000DF0A1FD2062B9F1000F04D002F0ECFC08
:1024500020F07F40A06296F84A2006EB4202B2F8D4
:102460002A8040460DF0B5FD6FF450630146984454
:10247000B8F1060F49D90023908C40F2E24284F86B
:1024800076300DF0A6FDFFF723FC40F2E243014653
:10249000E1612046C4F8C811A4F8CC3196F84A206E
:1024A000E96806EB4206338EA384F38EE384FFF7DC
:1024B000E5F902A904F18E000FF0BBFAFF2384F8BE
:1024C000F431FB6D23B1012204F58D71204698474C
:1024D0002046FFF71FFF054602F0A6FC0C23012152
:1024E000B0FBF3F202FB13032046DBB25A1DD2B25B
:1024F000082A96BF0D3384F89A2084F89A3002F0A7
:1025000089F8284605B0BDE8F083012384F87630C9
:102510004FF47A73BCE700BF5F55030174120021CA
:10252000360E00219C010021E00D0021B0010021A8
:10253000AC0100211A0E0021A8010021240E002167
:1025400010B503210020F7F741F9044670B90321C3
:10255000F7F7FEF8044620B940F24D313920F6F77E
:1025600031FC034B93F9601010F017FF204610BDAB
:10257000E00D002138B50FF014F9002501F07AFDC7
:10258000204C01F00DFA0FF098FE02F0CFF803F0A6
:10259000F5FA02F0F3F8012001F0C6F91A4B1B4AD4
:1025A00029465D831A601B229D839A80F9229D77BC
:1025B0001D76174B22835868164A1B892260142205
:1025C000E06104F12400238484F86150A4F854509D
:1025D000A576A580A5750CF0D9FA012342F21072F8
:1025E00004F13A0084F8565084F8243084F83930E5
:1025F000C4E90A2211F0CBFA04F14400BDE83840E6
:1026000011F0EABAE00D00217412002103021B0050
:10261000A42303011B004801044B41F64C521B212B
:102620005A611974C3E90222FFF7A4BF7412002192
:1026300073B5394D0446AB6840F8343FF9F7DCF91F
:10264000064601F099F92B7C10F0200FE68784F8FC
:102650003C30324B0EBF1B22AA8869881B6814BF0E
:10266000A4F85E10A4F85E20A4F860201BB194F9D1
:102670007410208898472A490B79003B18BF012322
:1026800084F87530274B1B6813B1083120889847B0
:1026900094F875302046002B41F64C5318BF4FF488
:1026A0007A73E361FFF736FE064648B102212088BF
:1026B000F7F7A2F860B340F2D3513920F6F782FB66
:1026C00001236386184B1B6813B101462088984785
:1026D000164B1B6813B1002120889847697804F1D4
:1026E0001400AB886A8801910333297803329BB2C6
:1026F000009192B204F11801F7F7DAF8636913B99F
:102700004FF4BE61D9E7A3691BB940F2F151D4E798
:102710000926304602B070BD741200219C010021D0
:10272000E00D0021B0010021AC010021A801002131
:102730002DE9F34105460E4610F070FE002800F02A
:10274000AF80284610F0EDFE30B1B6F80130013B05
:102750007F2B01D9122404E0284610F0E6FE20B9B0
:102760000C24204602B0BDE8F0812846F9F728FB8A
:102770000028F5D1284610F0FAFD80460028EFD158
:10278000284603F0A5FF0028E4D042F21073B6F803
:102790000170F17828465F4310F0AFFE04213078D5
:1027A000F7F714F8044606213078F7F70FF8002CF5
:1027B00078D038B141F6F3113920F6F703FB04461F
:1027C00090F8BD80414E3368002B6DD040342046D8
:1027D00011F0C1F9002867D0204611F0B0F90028A7
:1027E00062D1B8F1000F08D0394B20461B689847DA
:1027F000002859D041F60721DEE7364942463368C2
:1028000020464969984700284ED041F60C21D3E76D
:10281000284610F086FE40B902210DF10600F6F7B9
:102820005FFF064658B90D249BE7284610F08BFE43
:102830000028F1D1284B1B79002BEDD18AE700212C
:1028400001F094FEBDF8063028463146338010F082
:10285000A5FE284610F077FEA8B9296A284610F090
:102860007CFE01463046FFF7E3FE044600287FF475
:1028700078AF3A4631462846F8F7ACFF044620B117
:1028800041F6382198E70121ECE7134BDB6D002B73
:102890003FF467AF024606F58D713046984760E712
:1028A00042245EE700288AD1284610F032FE014615
:1028B0000028ADD13A462846F8F78CFF0446002898
:1028C0003FF44FAF41F6152176E700BFA401002188
:1028D000A001002174120021E00D002108B502784A
:1028E000032A12D80A4B07D101220A4883F8612033
:1028F00002F086F9002008BD012A06480EBF012219
:102900000022002083F86120F2E71120F3E700BFE6
:10291000E00D0021ED200101074B02889B889A42BF
:1029200008D3B0F803309AB222B1044A0020A2F8CA
:10293000543070471120704774120021E00D0021BF
:102940002DE9F3411E4F064697F86130A3BB0C20DA
:1029500002B0BDE8F08106EB85036946B3F8038059
:10296000B3F801004444A4B20EF06CFF00BB019B1D
:10297000B3F89E2042451DD3A2EB0802A3F89E2087
:1029800093F8A82042B993F8A9202AB1B3F89E3051
:1029900013B9684602F016FE01353278ABB29A429E
:1029A000D9D8B7F8543000201C44A7F85440CFE7DA
:1029B0000220CDE71220CBE700252C46EDE700BF33
:1029C000E00D0021014B93F960007047E00D0021FC
:1029D000034B5A8802801B7883700020704700BF29
:1029E000741200217FB5837806461A2B09D8042B70
:1029F00005D9012202FA03F3314A134205D1122507
:102A00001AE0292B01D03B2BF9D13088B0F5706F3B
:102A1000F5D269460EF016FF88B9019B93F818218C
:102A200002F0FF05C2B9B27883F81921FF2283F8BA
:102A3000182168460FF01AFC284604B070BD092121
:102A40003088F6F7C3FE0446002837D002A9B0F854
:102A5000AC010EF0F7FE08B10C25EDE70821B4F843
:102A6000AE01F6F7B3FE20B940F628113920F6F78B
:102A7000A9F903781BB994F8C831032BECD1039B57
:102A800093F82E21002AE7D194F8F02102F0FF05F7
:102A9000002AE1D1B4F8B021A3F8302194F8B42190
:102AA00083F83221027D83F83321B27883F8342110
:102AB00084F8F021FF2283F82E21BDE70225BBE731
:102AC000200038040188A1F11B039BB2E02B0CD835
:102AD000428844F24810A2F5A4739BB2834204D802
:102AE000034B002019805A8070471220704700BFA6
:102AF000E00D0021034B1A885B8802804380002090
:102B0000704700BFE00D002138B50478427804F02A
:102B10000103857804F0020452EA030101D1112077
:102B200038BDBCB9002DFAD0002B08BF144601E017
:102B30000024254620460DF010FB0028EFD0284643
:102B40000DF00BFB0028EAD0054B00209C76DD76CB
:102B50009883E5E7002BEBD114461D46EAE700BF5A
:102B60007412002113B5008869460EF06BFE18B18F
:102B70000224204602B010BD9DF8003001984BB9E8
:102B80000DF034FA0028F3D0019890F82A3123B1DF
:102B90003A24EEE70DF038FAF4E790F8D23003F07B
:102BA000FF04002BF4D190F8C9309B0706D1FF2316
:102BB00080F82A3168460FF059FBDAE70249CA303B
:102BC0000FF0A3FBD5E700BF5F2E02012DE9F8430C
:102BD00003780446032B03D912252846BDE8F88361
:102BE0004378032BF8D8437E85780BB9012DF3D1B8
:102BF00015F0F80FF0D1A80751D5022DECD1504BAC
:102C00005B79002BE8D000F0BDFE35EA000340F010
:102C1000928094F8029019F0010506D001232269F0
:102C2000A168E078FFF704FA054619F0020F07D013
:102C300002232269A168E078FFF7FAF90543EDB2B3
:102C400019F0040F07D004232269A168E078FFF788
:102C5000EFF90543EDB2002DBFD1B9F1050F0FD14A
:102C600094F804900423E16862694846FFF7E0F9AC
:102C700000285ED1E3784B455DD1A36899425AD1D3
:102C8000237E013B062BA7D801210020F6F79EFDED
:102C9000814638B940F627513920F6F793F869078D
:102CA0009AD0B0E7A830FDF737FA18B199F8543048
:102CB0009A0742D194F819C0E278BCF1000CA178CF
:102CC000A06818BF4FF0010C012AB4F8009014BF9F
:102CD000B2FA82F2022294F818E018BF5209CB0728
:102CE0001ED54B0727690BD56669BB19984207D2D9
:102CF00043089F4228BF1F46C31B9E4228BF1E4653
:102D00000F4B19775A77A3F81E9083F820E083F8C9
:102D100021C083F82410C3E90A07C3E90C865CE7E5
:102D2000022902D1D4F81080EAE74B0748BF266990
:102D3000E6E7054651E711254FE70C254DE700BFB3
:102D4000E00D002100B589B0437940F271218DF882
:102D5000043083798DF8053001238DF8063003782F
:102D60008DF80730B0F801304B430393B0F80320DF
:102D70004A430D4991F820100592A2F6C4128DF82D
:102D80001C1000218DF81D1008498A4209D8A3F6AD
:102D9000C4138B4205D801A8FFF718FF09B05DF8EE
:102DA00004FB3020FAE700BFE00D00213C369C0018
:102DB0002DE9F04F437A04468FB0980705D5944A21
:102DC000127912B943F001036372657A690704D17D
:102DD000122630460FB0BDE8F08F15F0F80FF7D18E
:102DE00000F0D0FD35EA000340F0928094F84830BE
:102DF00053B9012DECD1A369864AA3F253739342D0
:102E000000F26E81012602E015F00106F3D1AA0757
:102E100045BF731CB2464FF0FF0ADEB26B070AD5FE
:102E2000B31D7D4A54F82330A3F6C413934200F235
:102E300057810136F6B204F1080704F122054FF07C
:102E400000095FFA89F846452BD823789A1E022A92
:102E50005ED9012BBCD813B9A378012BB8D86378FD
:102E6000032BB5D894F84930013B062BB0D8684EF7
:102E700001210020F6F7AAFC96F838300546002B11
:102E80005FD101210846F6F7A1FC002818BF0546CE
:102E900005F1A800FDF740F9074600286BD00C2685
:102EA00097E7C24536D07B680493049A3B69934206
:102EB0008ED8012069882A89EB89B5F814B003906F
:102EC000288C05910290688BCDE900B00020CDE9F7
:102ED0000623FEF7BFFF002800F00281B8F1000FC3
:102EE0002AD02888059988427FF472AFE988069A2B
:102EF00091427FF46DAFAA89079B9A427FF468AF35
:102F00006B8A5B457FF464AF3B68049A9A4213D0A6
:102F100011265EE7012E0FD13A694048A2F57A7377
:102F2000834200F2DD807B68A3F57A71814200F272
:102F3000D7809A423FF64CAF09F1010904370235B8
:102F40007FE7A830FDF7E8F800289AD06FF000433B
:102F5000D5E92A129A4208BFB1F1FF3F91D1637AB5
:102F60002846E268009304F118036178FBF7ACFE91
:102F70000746002885D02846FBF784FC08B13A268E
:102F800027E72846FBF778FC0028F8D1B37E43B941
:102F9000CDE9093306238DF82A3009A8F6F750FC4D
:102FA000B8B100210DF12200F6F79AFB8046002807
:102FB00000F0948001232246BDF82210FFF7D0F9DB
:102FC000064620B94046FEF769FC67B188B106465F
:102FD000CBE0099B93F8A520802ADED093F8BD3082
:102FE000002BDAD05BE70028F1D161782846FBF7A7
:102FF000DFFD04F1030AA278217828465346FBF747
:103000006FFD00286ED1002F66D11220DFE700BFD0
:10301000E00D00213CF67002CBF37002A7F97002BC
:10302000637A8DF8247013F00102E16818BFA0697B
:103030000A911EBF0B9001208DF824009F070DD52B
:10304000022B09D1901D54F820000C909DF824000B
:1030500040F002008DF824000132D2B2580709D5A1
:10306000063254F822200D929DF8242042F00402EA
:103070008DF8242003F00503052B0ED10B980D9A33
:103080008318994209D24B08834228BF0346C91AC4
:103090000B93914294BF0D910D9209A92846FDF71B
:1030A00041F894F848102846003918BF0121FBF771
:1030B00013FD94F849102846FBF7E4FC2846FBF77B
:1030C000A5FE41462846FDF791FE00287FF481AE1B
:1030D00007264AE00B2648E0122646E00D2678E651
:1030E000302676E617B92846FBF766FD5346A278E8
:1030F00021782846FBF7A8FD94F80990B9F1020F52
:1031000005D000F03FFC09EA000909F0050949462D
:103110002846FBF7BBFC17B9042385F85430C5F8E3
:1031200050805246A0780CF04EFF01462846FBF72F
:10313000A7FD237833B95246A1784046FEF740FFF9
:103140000028C7D101212846FBF7B6FD01212846FA
:10315000FBF7B6FD002F3FF463AF04212846FBF7D1
:10316000EFFC00287FF435AE0C26B8F8000000F024
:1031700075FD0021B8F80000F6F73EFB00283FF48B
:1031800028AE41F27D313920F5F71CFE10B54379A8
:1031900094B0032B57D823F0020302798DF8063040
:1031A000D0F806308DF80420CDF807304389027B33
:1031B000ADF80B3001238DF8052040F271228DF817
:1031C0000D3003885343049341884A430792A2F683
:1031D000C412847B417B41EA0421ADF82810047CB1
:1031E000C17B41EA0421ADF82E10847C417C41EA88
:1031F0000421ADF83410047DC17C41EA0421ADF80E
:103200003A10417D847D41EA0421ADF84010C17D32
:10321000007E41EA00210E48ADF8461000218DF8ED
:103220004C108DF84E100B4990F820008A428DF812
:103230004D000AD8A3F6C4138B4206D801A8FFF7A5
:10324000B7FD14B010BD1220FBE73020F9E700BF36
:10325000E00D00213C369C0073B506230024CDE927
:1032600000448DF806306846F6F7EAFA08B1002601
:1032700010E0009C94F8A530802BF4D094F8BD6049
:10328000002EF0D094F80931002BECD194F8A43042
:10329000002BE8D101210020F6F798FA054620B965
:1032A00041F2B0313920F5F78DFDA830FCF734FF3D
:1032B000244B93F8383083B3F0B195F85430053B84
:1032C000012B19D82846FCF78FFF044610B141F2B4
:1032D000BB31E7E72846FBF7DBFA95F85430224686
:1032E000214623F00403284685F85430FDF7C0FD3D
:1032F00080B94FF49E51D5E701210846F6F766FAEA
:10330000054610B941F2C731CCE7A830FCF704FFFD
:1033100068B90C24204602B070BD30B9002EF8D038
:10332000FF2384F8A4300024F4E7002EF8D12846C7
:10333000FCF75AFF04460028ECD12846FBF7A8FA10
:10334000E8E700BFE00D00212DE9FF4107780446C2
:103350000E46EF2F01D91226A5E0B0F80130ADF8E6
:103360000C309DF90C209DF80C30002AF3DB9DF801
:103370000D209507EFD1D8066CD4990603F003020F
:1033800065D5002AE7D11A0703D503F06703012B9F
:10339000E1D163781D0711D42179E278E07942EA1E
:1033A0000122617942EA0142A17941EA0021207AB1
:1033B00041EA00418A42CED81F2ACCD9627A013A2A
:1033C000062AC8D8A27A032AC5D813F0040102D16C
:1033D000023A012A03D8E27A012ABCD811B9A27CA8
:1033E000032AB8D813F01001227D44D0012AB2D1AB
:1033F000237E012BAFD800294DD06378D80703D5A1
:1034000000F01CFA00284DD06378227D03F01801EB
:1034100008295AD1022A45D11B0709D4E279A37998
:1034200043EA0223227A43EA0243B3F5804F39D8B4
:103430001FFA87F803214046F6F7C8F90546002829
:1034400049D0F8F7BDFC002851D00C262BE0032A08
:1034500099D180E713F0600F7FF47DAF03F00F0286
:1034600003F00703052B94D0931E012B91D9002A5A
:103470007FF471AF8DE7022A04D103F06F03092BAB
:103480007FF469AFA37D013B022B3FF664AFE37D80
:103490000F2BADD95FE700F075FA81070AD4237DC1
:1034A000022B04D11126304604B0BDE8F081A37D83
:1034B000022BF7D000F066FA42079ED4237D032B3F
:1034C000F0D0A37D032B98D1ECE7022AA4D0227F71
:1034D000002AA1D0E6E703214046F6F739F9054670
:1034E000002841D0214B93F960100FF056FF0021C6
:1034F000384610F010FB18BB284610F007F821469C
:103500003070E074284603F03BF9E37E0646002B5A
:10351000C9D00028C7D10246E96C6846F6F7A4FA7C
:103520003246E86C01210CF092FBE96C68460422FB
:10353000F6F79AFA32463146E86C0CF088FBB2E7AF
:10354000403010F008FB0028D6D0637813F0330F1A
:103550007FF401AFA77D2846296A0FF0FEFFFEF732
:1035600095FD8742C8D070E707269CE7E00D002153
:1035700030B502798BB00346042A5CD84488B4F590
:10358000804F58D82D4800211044ADF800108DF818
:103590000810827C457B42F010028DF81D1042EA33
:1035A0004502C57D007F42EA850242EAC00202F080
:1035B0001F028DF80020BDF80020ADF809201A8800
:1035C0008DF80E40240A8DF80B20120A8DF80D108C
:1035D0008DF810108DF80C208DF80F405A7BD3F821
:1035E00007008DF811205A79059002A88DF8122055
:1035F0009A798DF81320B3F80B209B7BADF8182037
:103600008DF81A307F238DF81B3001238DF81C3084
:103610008DF81E308DF81F108DF820108DF82310B6
:103620008DF824108DF821108DF822106946FFF7CF
:103630008BFE0BB030BD1220FBE700BFA4230301BB
:103640000278034672B1427862B142881A2A09D9D7
:1036500082881A2A06D90068034A106000209B88D5
:103660009380704712207047741200210268002076
:10367000014B9A60704700BF74120021026800205D
:10368000014BDA60704700BF741200210378A3F188
:103690000A02112A9BBF024A0020122013747047AD
:1036A000741200210378FF2B16D14378FF2B13D11E
:1036B0008378FF2B10D1C378FF2B0DD1037923F032
:1036C000E0021F2A08D113F0E00F05D05B09034A7E
:1036D000002082F82030704712207047E00D002152
:1036E0000378012B9DBF03F00103034A0020122041
:1036F00098BF82F839307047E00D0021014B1876F1
:1037000000207047E00D0021014B587600207047E3
:10371000E00D0021024B1B6803B1184711207047D0
:103720009801002108B5052000F00AF910F0BBF956
:10373000014B024ADA6508BDE00D0021F91E0101C6
:1037400008B5052000F0FCF804F006FD014B024A24
:10375000DA6508BDE00D0021F91E010108B5FEF78C
:10376000BFF9FEF77BF8FFF72DF901460248BDE8E7
:103770000840FBF703B900BF440E002108B502F072
:1037800089FFF8F71BF80248BDE8084002F06CBF5B
:10379000440E002108B50EF002F8064800F58471C9
:1037A000F6F734FF02200CF0B0F90020BDE8084025
:1037B0000CF0ABB9440E002108B50122064B83F88A
:1037C0000A2202F06FFF03F0B9FEFFF7E3FFBDE846
:1037D000084001F0FBB900BF440E002110B5064CB3
:1037E000064904F503700DF095FC04F504700449D6
:1037F000BDE810400DF08EBC440E0021B401002144
:10380000BC01002110B5094C094904F503700DF005
:1038100081FC04F5047007490DF07CFC04F505708B
:103820000549BDE810400DF075BC00BF440E0021F5
:10383000F4010021FC010021EC010021014B93F86F
:103840000A027047440E002110B5094C094904F5DD
:1038500003700DF05FFC04F5047007490DF05AFC8D
:1038600004F505700549BDE810400DF053BC00BFDC
:10387000440E0021DC010021E4010021D4010021DB
:1038800010B5094C094904F503700DF043FC04F52B
:10389000047007490DF03EFC04F505700549BDE8CC
:1038A00010400DF037BC00BF440E0021C4010021C0
:1038B000CC010021D401002138B5094C0D4601F09E
:1038C00059F9D4F80C02C4F804510DF01BFCFEF7B2
:1038D000A3FE01F0C1FA012384F8183238BD00BFFD
:1038E000440E0021014B93F818027047440E00214A
:1038F00010B50C4CD4F810020DF004FCD4F81402EE
:103900000DF000FCFEF736FE202000F027F8262000
:1039100000F024F8292000F021F8002384F8183260
:1039200010BD00BF440E0021014B83F819027047FF
:10393000440E0021014B93F819027047440E0021F8
:10394000C2080549012300F0070003FA00F08B5C70
:1039500018438854704700BF18000021C208054969
:1039600000F0070001238340885C20EA03008854AC
:10397000704700BF18000021014BD3E900017047D8
:1039800018000021054B1868C0F3C022C0F30020C6
:10399000400040EA820040F001007047180000211A
:1039A00008B507F011FF0023074A32F823108142BF
:1039B00005D302EB83039B78044A137008BD0133DF
:1039C0000C2BF2D10023F7E7DE2303015E10002168
:1039D000024B1878072828BF072070475E10002187
:1039E00010B54468238884F87311A4F8743194F8EE
:1039F0006C00FEF75BFB84F8760194F86D00FEF72F
:103A000055FB054984F8770104F5B5700EF07DFC8F
:103A1000002384F8243110BD89120201406807494F
:103A2000038800F25D10A0F8093010F8F93CC37269
:103A300010F8F83C03730EF062BC00BFC112020123
:103A40002DE9F04F0C4685B0054608460EF0EDFB1B
:103A5000064620460EF0DDFB804620460EF0DDFBDC
:103A6000834620460EF0DFFB6C68074694F88730EB
:103A700094F886A0242B30D104F18709002E4BD076
:103A80000BF0070B58460DF06AFC88B394F86C30C5
:103A900098422DD094F82421012A0CBF94F82621B5
:103AA00094F868201BEA020F36D0BAF1220F1FD01B
:103AB00094F865201BEA020F1AD1461EF6B2032EB7
:103AC00006D8013B5E4ADBB21644032B31790BD991
:103AD00040F21F210620F5F775F9BAF1220F40F0E8
:103AE000AA8004F18609C9E713441B798B4213D8D5
:103AF00008F0070108460DF032FCC0B394F86D30B1
:103B0000834234D094F82431012B0CBF94F8273130
:103B100094F8693019422AD194F82431012B15D137
:103B20001E212846FFF75CFFBAF1220F12D16B6805
:103B3000182283F809210A2283F8862093F8C230DC
:103B4000002B44D140F2B3217E20C4E7002384F847
:103B50002431E9E70023284689F800300EF0A6FD5D
:103B60001821284605B0BDE8F04F0EF0CBBD03ABE1
:103B700020465A4600933B460DF036FC6C6880BBED
:103B800094F82431012B29D1B4F8803004F5247243
:103B900094F86C10B4F828010DF086FC0446C0B906
:103BA00001462846FFF71CFF89F800406B6803F1C7
:103BB0008702914502D1002283F887206B68002498
:103BC00003F18702914533D128460EF06FFD0020A6
:103BD00032E06B68282283F88620E7E784F8240126
:103BE000E4E7B4F8800047F6FD73A4F89072C04390
:103BF0000744BFB29F4206D92823284684F8A9303B
:103C000001F0E0FCDAE794F887300E2B02D00B3B92
:103C1000012B01D82A23F0E79DF80C3084F892326A
:103C20009DF80D3084F89332262389F80030C5E7DB
:103C300083F8C240CBE7022005B0BDE8F08F00BF9B
:103C40000E240301044B002283F832204FF6FF724A
:103C50009A86DA861A87704760100021054B9A8E83
:103C6000824201BF002283F832204FF6FF729A860B
:103C7000704700BF60100021014BD886704700BF1D
:103C800060100021094A03464FF6FF71908E88426A
:103C900006D192F83210012905D001201A60704730
:103CA0000020186070470020704700BF601000219E
:103CB000064B93F83220012A1BBF0120DA8E002028
:103CC00083F8320018BF9A86704700BF6010002149
:103CD000014B1887704700BF60100021064B024659
:103CE000198F988E884205D193F8320018B10120BF
:103CF000136070470020704760100021094B998EB7
:103D00001A8F914201D0002070474FF6FF729A86B9
:103D100093F83220002AF6D00022012083F83220C6
:103D2000704700BF60100021054B998E1A8F914299
:103D300003BF93F83200B0FA80F0400901207047C9
:103D40006010002150B90A4A0120134603F8010B04
:103D50000868C2F801008A889A807047012805D156
:103D6000034B0A68D8719A608A889A81704700BFAD
:103D70009A10002148B90A4B187880B1D3F8012075
:103D8000B3F805300A608B807047012806D1044BD8
:103D9000D87920B19A689B890A60F4E700207047BF
:103DA0009A10002120B9054B187800F001007047E7
:103DB00001280ABF014B0020D879F6E79A100021AC
:103DC000F7B58B8800228DF80600ADF8043008683E
:103DD0000B4B8DF8072001461C7803F5AC73019D51
:103DE000D0B2844201D8082007E0D3E9007601323E
:103DF0000833AE4208BF8F42F2D103B0F0BD00BF1E
:103E0000A8100021084B0146002230B55C7803F56C
:103E10008173D0B2844201D8082004E013F8015B1A
:103E200001328D42F5D130BDA8100021F8B52D4CDE
:103E300063782218013B92F80251DBB2834263702F
:103E400030D01A010101961C8F1C2644274406F12C
:103E5000100C56F804EB664547F804EBF9D18232B2
:103E600082312244214402F1100652F8047BB2420E
:103E700041F8047BF9D1E118221891F8026182F827
:103E8000026106267343704303F5857300F5857060
:103E9000E618E35827182350B388BB8091F83A31CD
:103EA00082F83A312846FFF7ADFF082818D1237869
:103EB000013BDBB29D42237012D02B3305F12B0264
:103EC00004EBC30304EBC20293E8030082E803009F
:103ED0002078FFF797FF08281CBF241884F80251A8
:103EE000F8BD00BFA8100021F0B5254D89B095F8A8
:103EF000984105F29911684622460AF0DDFE2146F6
:103F000068460DF06DFC0446B8B300EB400102A812
:103F1000C9B2F5F7C7F9601E95F8A1610124C0B2D6
:103F200095F8982105E0731CB3FBF2F102FB113305
:103F3000DEB206F120030DEB030111F8203C002B4B
:103F4000F1D100EB400201F8204C06EB4603203291
:103F50002B446A4412F8187C83F8A27112F8177C7B
:103F600012F8162C83F8A37183F8A4210138AB1939
:103F7000C0B283F89941FF28D2D109B0F0BD00BF8B
:103F8000A810002170B5064688B00C46002A4FD014
:103F90002A4A92F8A131D01890F8991121B94FF41A
:103FA00080712820F4F70EFF03EB43010133114425
:103FB00091F8A251E57091F8A35191F8A4112571DF
:103FC0006171002180F8991192F89811B3FBF1F01A
:103FD00001FB103382F8A13192F8C23123B918499C
:103FE00002F5DD700EF08EF965790D22002168462C
:103FF00005F03F0545F0400565710AF0C7FDE3781F
:1040000004AA69468DF80F30304623798DF80D509B
:104010008DF80E3004230AF0DDFB9DF81F3023706D
:104020009DF81E3063709DF81D30A37008B070BD00
:1040300003216018F5F736F9D6E700BFA810002174
:10404000E93E0101044B5A78824286BF1B1893F85F
:104050004A010020704700BFA8100021044B5A7885
:10406000824286BF1B1893F842010020704700BFB0
:10407000A8100021064B00224FF461711A8083F8CA
:10408000C32183F8C421A3F8C61183F8C221704765
:10409000A8100021014B83F8C4017047A81000212B
:1040A000014B93F8C4017047A810002110B51446C5
:1040B000FFF786FE082803D1012000F0010010BDA3
:1040C000FFF7A0FE064B5A788242F5D904B1207062
:1040D000184490F83A31012BEED090F84A01ECE701
:1040E000A81000212DE9F0478246894617469846D8
:1040F000FFF766FE08280546064603D0FFF782FE56
:10410000082863D1334C6378072B61D8082D18D168
:104110002678731C072E237003D96B212820F4F70F
:1041200051FE06F12B03D9F80000DAB204EBC30309
:1041300044F8320004EBC201B9F804208A8083F805
:1041400006A0657807F110026B1C290163704B1CF7
:10415000234412F8010DBA4203F8010FF9D181315D
:1041600008F11003214413F8012D984501F8012F9F
:10417000F9D12544102140460DF092FB102185F81D
:10418000420138460DF08CFB002385F80261667809
:1041900085F84A0185F83A3131460F480DF020FB89
:1041A000054631460D480DF01BFB012D03D80028B4
:1041B00018BF0135EDB284F898510025284684F8DF
:1041C000A151FFF791FE2846BDE8F0871220FBE7DA
:1041D0000720F9E7A8100021EA110021F2110021BF
:1041E000064B10B55878013840B2002800DA10BDEF
:1041F000C4B22046FFF71AFE601EF5E7A8100021A2
:10420000014B83F8C3017047A8100021014B93F8BC
:10421000C3017047A8100021431E4AF2B7129BB297
:1042200093429DBF024BA3F8C601012000207047B6
:10423000A8100021014BB3F8C6017047A810002157
:104240000A4B30B55C7884420ED9184490F80201CC
:104250002B3003EBC004A5790D7053F830001060CB
:104260000120A388938030BD0020FCE7A810002126
:1042700070B506460D4606F07BFB05F03BF90A4B90
:1042800093F8C3415CB1597859B1981C82333246D6
:10429000002D08BF184605F0F9F805F051F9204641
:1042A00070BD0C46FBE700BFA810002108B5064B07
:1042B000024603EB0113012103F1820005F0E6F849
:1042C000BDE8084005F03CB9A810002102460748A7
:1042D00010B590F8C34124B1417821B1023005F006
:1042E000D5F8204610BD0C46FBE700BFA810002102
:1042F0002DE9F74F2F4C9A468046894663788342D2
:1043000056D9231893F8425185F00105F9B193F875
:104310004A31E3B945F002070135BAF1000F18D16F
:10432000FA070AD5062104EB0810524601FB0841A2
:10433000823001F58571FFF725FEBB0734D504EB0C
:104340000810524649460230FFF71CFE2CE02F466B
:10435000E3E794F8A1614FF0010B002DE0D0A31921
:1043600093F89911019399B90092DAB100F044FDE4
:10437000019B06EB4601009A4FEA102C83F899B195
:10438000214481F8A201000C81F8A3C181F8A401A5
:10439000013694F89831013DB6FBF3F103FB116649
:1043A000F6B2DAE747F00407384603B0BDE8F08F0D
:1043B0000027F9E7A8100021F8B50646174C48B3C6
:1043C000617804F5A1700DF00BFA94F89851074646
:1043D00004F2991029460DF003FA2D1AEDB2AF42FE
:1043E0001AD8002506270FE0E21892F8422152B9A8
:1043F00007FB034104EB0313324601F5857103F11A
:104400008200FFF7BFFD01356278EBB29A42EBD82C
:104410000120F8BD0546E5E70020FAE7A8100021D5
:10442000F0B51B4E89B007460D46737883422CD9F0
:10443000331893F8424144BB0D22214668460AF0E6
:10444000A5FBEB7806EB071004AA8DF80F30694640
:104450002B7982308DF80E306B798DF80D30042376
:104460000AF0B8F92A789DF81F309A420AD16A7882
:104470009DF81E309A4205D1AC789DF81D00231A94
:104480005C425C41204609B0F0BD0020FBE700BF64
:10449000A8100021074B5A78824209D91A1892F8BD
:1044A00042212AB9062202FB003000F585707047D0
:1044B00000207047A8100021064B5A78824281BF25
:1044C0001B1893F83A01B0FA80F0400998BF002019
:1044D000704700BFA8100021F8B50E460746062118
:1044E000154630460DF0DCF9044640B10A4829462D
:1044F000427800F59D700AF049FB2046F8BD314630
:1045000038460DF089F908281FBF034B0124C01855
:1045100080F83A51F1E700BFA810002130B500241F
:1045200042F21075A0F84040B0F844404C43B4FB50
:10453000F2F4A0F84440541E05FB0343B3FBF2F32E
:10454000A0F84230084BB3FBF2F30133A0F8483037
:10455000838F05FB0344436B5943B4FBF2F4B1FB77
:10456000F2F28463426330BD005A620270B50446C1
:104570000D4651BB4FF432720AF008FB012384F858
:10458000DE5084F88E306FF0360384F8D93004237F
:1045900084F8DA306FF03B0384F8DB306F2384F863
:1045A000DC306FF03C0384F8DD30062384F8DF3024
:1045B0002B2384F8D830FE2384F80E317F2384F82F
:1045C0008530202384F8143270BD012917D10023CF
:1045D000A0F8D43180F8CB310D4BC2691344114699
:1045E000B3FBF2F3C0F8B03040F6B833A0F8B43003
:1045F000C38C04F17800BDE87040FFF78FBF02293B
:10460000E2D1B0F89E32D0F89822C169F1E700BF3C
:104610007FC3C90170B504460D4651BB4FF41272F9
:104620000AF0B4FA012384F8DE5084F88E306FF07B
:10463000360384F8D930042384F8DA306FF03B0372
:1046400084F8DB306F2384F8DC306FF03C0384F8AF
:10465000DD30062384F8DF302B2384F8D830FE23A6
:1046600084F80E317F2384F88530202384F8E131EB
:1046700070BD012912D1C2690C4B11461344B3FB22
:10468000F2F3C0F8B03040F6B833A0F8B430C38CC1
:1046900004F17800BDE87040FFF740BF0229E7D180
:1046A000B0F80A32D0F80422C169F1E77FC3C9012A
:1046B000034B80F874101B680BB1008818477047D3
:1046C00004020021074B93F900301844142804DC3D
:1046D00010F17F0F03DB40B27047142070476FF07A
:1046E0007E007047701200217F2307B50DF107008F
:1046F0008DF8073006F04AF99DF9073068B10A4A8B
:104700005078404240B21844142808DC10F17F0F62
:1047100007DB40B203B05DF804FB1846FAE714204B
:10472000F8E76FF07E00F5E770120021024B0022DF
:104730001A705A70704700BF70120021054B1B7829
:1047400033B9054B1A681B79026003710120704769
:10475000002070477212002120000021054BFF222B
:104760001A70054A016811600179117100221A70EE
:10477000704700BF7212002120000021064B07B5D0
:1047800018681B79009068468DF80430FFF7E6FF43
:1047900003B05DF804FB00BF5F550301034640789A
:1047A00098B1DB783C2B05D8084AD35C1B1A5842D9
:1047B0005841704703F11602D2B2042A04D8034AC2
:1047C000134413F8AD3CF1E70120704716240301B0
:1047D0003C2908B5C17003D80B4B5B5C437008BD26
:1047E00001F11603DBB2042B04D8074B194411F86E
:1047F000AD3CF3E7FF2904D040F259412A20F4F7F9
:10480000E1FA0123EAE700BF162403012DE9F04392
:1048100085B089461446984602A90DF013F805465E
:1048200000283DD1039E34B9012486F88D402046EE
:1048300005B0BDE8F0837769214638460AF08BFF62
:10484000014678B3194B5B88A3422DD301AA3846A1
:104850000BF0D9F896F88D300198002B0CBF494623
:1048600002210DF0E7FB01982246414603300AF091
:1048700023FA214638460AF0B3FF044618B97D21D1
:104880002B20F4F79FFA9DF808302BB102A80DF009
:10489000EDFC039BA3F8C251002386F88D30C6E7D8
:1048A0000124C4E70446C2E72C46C0E77412002185
:1048B000024B987FC04300F0010070477412002142
:1048C000034B987F80F00200C0F34000704700BFA8
:1048D0007412002183230B70014B1B78CB7070473F
:1048E000941200212DE9F743876981460D46384629
:1048F0000BF07BF8014618B9FC211020F4F762FA9E
:1049000001AA38460BF07FF8064610B94FF48071C3
:10491000F3E7019BB9F8000003F103081D4B1B6886
:104920007BB9B9F800300198AB800023EE806B7240
:104930000DF088FB01280ED002280CD04FF48D71A9
:10494000DBE732464146984704460028E9D1204635
:1049500003B0BDE8F083287238460BF05CF80446DB
:1049600010B940F22311C8E7FB2E02D94FF496711B
:10497000C3E7286810B940F22D11BEE73246414620
:104980000AF09AF938460AF08EFF0028DFD140F28B
:104990003111B2E70C0200212DE9F34706460D461E
:1049A0000527DFF86C81DFF86C912B694BB11B7A1E
:1049B0001BB97E211020F4F705FA2C6994B9002068
:1049C00066E06C68237A012BF9D0EFF3108372B69E
:1049D0006A6812686A6003B962B62C61237A0BB9FF
:1049E000A421E7E794F808A05FFA8AFA27720AF18F
:1049F000FF330B2B77D8DFE803F073061027703DE9
:104A00004E3D3D3D3D61636813B94FF4D471D1E72C
:104A100031462046984704201EE0636813B940F2EF
:104A2000B111C7E73146204698470346ADF8040068
:104A3000C0B2C3F30723012B58D0022B0CD10023A3
:104A40002B610028B1D023E0636813B940F2B9119B
:104A5000B0E7204698470020EFF3108372B6227A21
:104A6000052AD1B24AD1002222722A61002BE8D154
:104A700062B6E6E7D9F80030002BECD0524631465A
:104A800060689847BAF10A0FC5D100232B61042052
:104A900002B0BDE8F08763680BB9B3218AE70D2245
:104AA00000243270012219885869B270A6F80310E8
:104AB0007271B4710AF0F7FE2C61E8E7606810B912
:104AC00040F2E11176E7D8F80030314698470346C6
:104AD00060B1002302202B61DAE74FF4F97169E736
:104AE00040F2F51166E74FF4FC7163E784F808A023
:104AF0000028CDD1002B7FF458AF60E711B940F208
:104B0000192157E7002B7FF450AF62B64DE700BF85
:104B1000080200211002002170B5144C1426002157
:104B2000231D324618460AF031F803460125257444
:104B300004333246002104F11800C4E901330AF0BD
:104B400025F884F8245004F11C03094AC4E906330B
:104B50000023E362236384F83430C4F83530C4F8AA
:104B6000393084F83D30136070BD00BF94120021CD
:104B70000C02002110B5084C2378FF2B04D04FF411
:104B80009D711020F4F71EF909F06CFE2070BDE84D
:104B90001040FFF7C1BF00BF2500002110B5034C36
:104BA000207809F07BFEFF23237010BD2500002133
:104BB000014B187809F082BE25000021014B024A02
:104BC0001A60704708020021E5480101014B024AC2
:104BD0001A60704708020021E548010110B5064936
:104BE0000446FFF7D9FE28B920460449BDE8104025
:104BF000FFF7D2BE10BD00BFAC12002198120021F9
:104C0000014B1860704700BF0C020021134610B51D
:104C1000027A22B140F295211020F4F7D3F80A4627
:104C200001460248BDE810400DF049BB9812002132
:104C3000044890F834301BB903492C300DF05CBBAC
:104C4000704700BF94120021B122020103460648BA
:104C500090F83E203AB190F83D2022B9034900F87F
:104C6000353B0DF049BB704794120021D548010136
:104C70000A4610B5037A23B140F29D211020F4F7C3
:104C8000A1F8014607230248BDE810400DF017BB0C
:104C9000AC1200211346027A0AB1037270470A4629
:104CA000014601480DF00BBB981200211B234FF069
:104CB0001B128384038482618382C260038541B9AD
:104CC0004FF4A473094AC3844384C261C38202615E
:104CD00070474FF429634FF4A472C384438403F1F3
:104CE0002963C282C3610361704700BF4801480164
:104CF00003460846B3F85820B3F84C10B3F842C046
:104D00008A42F0B493F86D4028BF0A46B3F8506069
:104D1000B3F85A10033CB3F84870B142E4B2B3F8A8
:104D2000465028BF3146012CA3F842208BBFB3F870
:104D30004A604FF429660C464FF429649742A3F861
:104D4000464038BF17468E4238BF0E469445A3F8FA
:104D50004870A3F84A6026D12C1B18BF0124B3F871
:104D60005420B3F84E50B3F840609542B3F8441065
:104D700028BF154693F86C20033A012A15D9B3F8D9
:104D80005220B3F85670BA4228BF3A46AE42A3F852
:104D90004050A3F8442002D1914200D144B10549CA
:104DA000F0BC0DF0B2BA0124D9E74FF42962EDE767
:104DB000F0BC7047172302010B8BA2F809001046C4
:104DC000A2F80B304B8BA2F80D308B8BA2F80F3072
:104DD000CB8B0249A2F811300DF091BA7923020170
:104DE000014B1878704700BFD3120021014B18788F
:104DF000704700BF26000021094AD2E90003434062
:104E000083EAB01181EA43214FEAF3431160536012
:104E1000044B58434FEAF06000EB8000704700BF3E
:104E2000D4120021BB79379E094AD2E900034340DE
:104E300083EAB01181EA43214FEAF34311605360E2
:104E4000044B58434FEAF06000EB8000704700BF0E
:104E500028000021BB79379E10B50A4C082109486B
:104E6000F4F720FAD4E900231343F7D0064CFFF7F8
:104E7000DBFF2060FFF7D8FF236860600343F6D0B4
:104E800010BD00BF28000021D4120021A0F10C03A6
:104E90001046DBB2392B10B50C4696BF0A49FE21ED
:104EA000C95C0DF0CFFB68B964B12178272907D020
:104EB000EB2908BFEA211046BDE810400DF0C2BB47
:104EC0002621F8E710BD00BF58240301174B184AEC
:104ED0009A60184ADA62184A1A61184A5A61184ADE
:104EE0009A61184A1A63184A5A62184ADA64184AC8
:104EF0009A64184A9A63184B184A9A60184A1A62B8
:104F0000184A5A60184A1A60184A9A62184ADA62AD
:104F1000184ADA60184A9A61184A1A63184A9A6459
:104F2000184ADA64184A5A62704700BF1402002116
:104F300079270201A32B02016D2B0201312B020103
:104F4000ED560101E5590101B5580101AF2D0201EE
:104F5000D72D0201595801011C0300219B27020192
:104F6000592D0201072802012B290201ED2C020113
:104F7000BF2B02010F2D0201CF2C02017D2E020159
:104F80001D2E02010B2E0201732D0201174B184A30
:104F90009A60184A5A60184A1A60184A9A62184A5F
:104FA000DA62184ADA60184A9A61184A1A63184A8B
:104FB0001A62184ADA64184A9A64184A5A62184BF4
:104FC000184A9A60184A5A62184ADA62184A1A61EC
:104FD000184A5A61184A9A61184A1A63184A9A6418
:104FE000184ADA64184A9A63704700BF2404002103
:104FF00079270201AF27020141280201E32B0201B8
:10500000552C0201515701016B2C0201E559010198
:1050100059580101AF2D0201D72D0201B5580101E8
:105020002C0500219B270201732D02018D2C02010A
:10503000312C0201B12C0201F95701017D2E020130
:105040001D2E02010B2E0201592D0201054B064AAD
:105050001A65064A5A65064B064A1A65064A5A6593
:10506000704700BF14020021E5290201B72902019F
:105070001C0300219D2902018B2A0201044B054AD1
:105080005A65054B054A1A65054A5A65704700BFBF
:1050900024040021AF2A02012C0500219D290201D0
:1050A000DD2A0201054B064A9A65064ADA65064B77
:1050B000064A9A65064A1A66704700BF1402002124
:1050C0001D150201B11602011C0300214513020146
:1050D00013170201054B064A9A65064A1A66064BE3
:1050E000064A9A65064ADA65704700BF2404002123
:1050F00009160201413A01012C0500214513020164
:105100007F1702012A2A73B505460C462ED82A2A93
:1051100035D8DFE812F039007D0087009300AB003E
:1051200091009100BA00BC00C20091009100C7003C
:10513000D200BC0034003400D60091009100F10090
:10514000F100F800FF000B01340034002A01470190
:1051500054015A0160016B016D016F0171017C0105
:1051600084019B019D01340034008C01EB2A00F086
:105170007381FF2A00F07281EA2A00F06B8140F20D
:1051800066415120F3F71EFE416841F27070D1F87C
:105190000432B1F8FE21A3F57A7585420CD84FF49C
:1051A0007A70B3FBF0F303F550639BB26420B2FB5B
:1051B000F0F20120D2B20DE040F2E2406FF450650F
:1051C000B3FBF0F39BB25D19062DEFD9B2FBF0F201
:1051D0000020D2B22271D1F80022B0B16420E37174
:1051E0001B0AB2FBF0F292B2237220466271120ADD
:1051F000A271B1F8083263721B0AA372B1F80A12E5
:1052000002B0BDE870400CF041BF40F2E240E6E77A
:1052100043682046D3F8F011013102B0BDE8704078
:105220000CF068BF02784368012A02D193F810316C
:1052300001E093F81931237102B070BD4568204632
:1052400005F50E710CF065FF05F5107120460CF0A8
:105250006AFF05F5067120460CF06BFFD5F80011CA
:10526000204602B0BDE870400CF071BF4168204696
:1052700001F5EF710CF071FF6B682046D3F8041153
:1052800002B0BDE870400CF06CBF4368CEE7084642
:1052900002B0BDE8704000F05FBB02B0BDE87040F6
:1052A00000F06ABB0E230B7159234B7100238B71E5
:1052B000F323CB7120230B72BEE7436893F80A31C6
:1052C000B9E7037846687BB996F8103163B196F870
:1052D0000D1120460CF0B8FF96F80C11204602B0D4
:1052E000BDE870400CF0B4BF96F80B1120460CF0EE
:1052F000ABFF96F80A11F1E74168204602B0BDE81D
:1053000070400DF021BA436893F82621227193F87A
:10531000273109E0436893F82421012AF4D093F857
:1053200068200A7193F86930637185E7456895F8DC
:10533000FB010CF0CCF8014620460CF06CFF95F810
:10534000FA01C31E012B07D895F86C30DA1E012A2A
:1053500002D8984218BF00200CF0B9F80146204648
:1053600002B0BDE870400CF052BF456800232046F3
:1053700001218DF804300CF069FE2A7C01A96B7CB8
:105380002046032A03F01F0308BF002243EA8213CA
:105390009DF8042002F0200213438DF804300CF035
:1053A0005EFE49E743680F211888F4F70FFA00F111
:1053B0005B01204602B0BDE870400CF003BF084618
:1053C00002B0BDE870400EF0D2BB084602B0BDE8A6
:1053D00070400EF0D4BB274B1B68002B3FF42CAF62
:1053E0002946204602B0BDE870401847224BF3E73B
:1053F000224BF1E7224BEFE7224B1B68002B3FF4D7
:105400001BAF0246232002B0BDE8704018471D4B79
:105410001B68002B3FF410AF02462420F3E7194B22
:105420001B68002B3FF408AF02462520EBE74368DA
:105430000F211888F4F7CAF900F17D0200F15B0131
:10544000204602B0BDE870400CF0C8BE0E4BC3E76A
:105450000E4BC1E70E4BBFE70E4BBDE7436820463E
:1054600093F88722D3F8881202B0BDE870400CF0A0
:10547000F9BD00BF380600213C060021340600219A
:105480004006002154060021500600214C06002150
:1054900048060021440600213C2803D8064B53F857
:1054A0002000704700F11603DBB2042B01D8AD38A1
:1054B000F4E70020704700BF140200213C2803D805
:1054C000064B53F82000704700F11603DBB2042BA3
:1054D00001D8AD38F4E70020704700BF2404002154
:1054E0003C2803D8064B53F82000704700F1160300
:1054F000DBB2042B01D8AD38F4E70020704700BFC1
:105500001C0300213C2803D8064B53F820007047A9
:1055100000F11603DBB2042B01D8AD38F4E700200C
:10552000704700BF2C05002130F8023CF7B5044657
:105530000D467BB100238DF804308DF80530002036
:105540009DF8043063F307009DF8053063F30F20E6
:1055500003B0F0BD184B30F8A06C1B680BB12838B5
:105560009847164B1B680BB1304698470A23002713
:10557000A5F803602B70AF70637A54F8880C6B71D8
:105580000AF0A3F918B9B1216320F3F71BFC3046E8
:10559000FEF764FB39463046F4F72EF90221304617
:1055A000F4F72AF918B9064B1B6803B1984704238E
:1055B0008DF804300223C0E7580600216006002160
:1055C0005C060021F7B5456804464FF6FF776E6923
:1055D0000DF102010DF101023046ADF802700AF042
:1055E0001BF901A930460AF039F940B101980AF0D7
:1055F00010FA616800220272FFF73AFBE8E70449FB
:1056000005F1A00003B0BDE8F0400CF078BE00BF8B
:1056100029550101F0B5044685B00D46FF2600F876
:10562000C16C10F8C23CF3B1184F3B781BB1482154
:105630001F20F3F7C7FB0C21381DF3F733FE3E7034
:10564000002304F8C13C09232A4602F8033BD4F89E
:105650000930C5F80330D4F80D305360D4F8113058
:10566000936005B0F0BD01A80C21F3F71BFEA4F573
:105670002A73039AC3F8042101AB03CB44F8CA0C84
:1056800044F8C61C04F8C26CDAE700BFDC12002143
:1056900010B5054C23782BB90C21201DF3F702FE21
:1056A000FF23237010BD00BFDC120021024690F8DA
:1056B000E631BBB990F8E73103F0FF010BB10020F0
:1056C0007047094B18780028F9D01970D96804334D
:1056D000C2F8041103CBC2F8DE01C2F8E211FF23C5
:1056E00082F8E63101207047DC12002138B54368AA
:1056F000044693F886201C2A24D1002283F8C72070
:1057000083F8C22083F84222436893F8C81003F557
:10571000CF701D8869B10C4983F8C820A3F8A8513F
:1057200083F8A7210CF0E8FD6368002083F8860069
:1057300038BD012283F8A711A3F8A851034983F8C3
:10574000AA21EFE70220F3E71D2B02010F2B020134
:10575000426870B592F8873004460D463BB1142B71
:1057600005D0123B0B2B94BF0820012070BDD2F84E
:10577000143183BB92F8C83013B920460CF086FF71
:105780006168284601F5EB710CF0DAFC2846666882
:105790000CF0E0FC6168C6F8000128460B8801F2B5
:1057A000B32121F8023C0CF0B9FC6168284601F2F3
:1057B000BB210CF0BBFC6368002583F8E6516068F0
:1057C0000C4900F52A700CF097FD636816222846F4
:1057D00083F88720CAE70C22032120460CF079FFCA
:1057E00063683222204683F887200CF04FFF0020A8
:1057F000BCE700BF1556010138B54368044693F86D
:1058000087201D2A04D04FF4DE711F20F3F7DAFA47
:10581000002293F8C8101D8803F5CF7083F8C720C5
:1058200069B10B4983F8C820A3F8A85183F8A721D0
:105830000CF062FD6368002283F8872038BD0122E6
:1058400083F8A711A3F8A851024983F8AA21EFE72A
:105850001D2B02010F2B020138B50578446825B9CC
:1058600094F8873023B1012518E0A36FDB07FAD441
:105870004A680E4B896813400D4AC4F8D830C3F308
:1058800007630A4043F00803C4F8DC2084F8DB30E7
:105890000CF0FCFE25B9042384F88730284638BD77
:1058A000A36F002543F00103A367F7E72FC904F7AF
:1058B0006FDB0006436870B593F88620042A30D168
:1058C0004C681A4A8E6822400578194CC3F8D820D3
:1058D000C2F30762344042F00802C3F8DC4083F8A8
:1058E000DB20002283F8C22083F8862015B94268A5
:1058F00082F82B5193F8802102F0FF049AB91A889C
:1059000003F5BC7083F88141A3F882214A68C3F88B
:1059100084218A680749C3F888210CF0EDFC2046F1
:1059200070BD0124FBE70024F9E700BF2FC904F78D
:105930006FDB0006372D0201406890F8803143B9D3
:10594000038800F5BC70034943811A2343720CF0AD
:10595000D3BC7047372D020110B50446FEF70CF892
:10596000034A044B02400B406260A36010BD00BFBD
:105970002FC904F76FDB000637B50C464568FDF705
:10598000FBFF084B084A03400A4095F8D8100093E3
:105990000B4001928DF800306B4603CB6060A16034
:1059A00003B030BD2FC904F76FDB0006DB0410B570
:1059B000144604D5037D13B10023436310BD436B2C
:1059C000013343630DF03BFAD0E90D239A42F5D33E
:1059D0000023034943632046BDE810400CF095BC0A
:1059E000A12D0201F8B5446805460E46077894F8E3
:1059F0008630012B08D027B994F8873023B10120D5
:105A000040E0A36F9A07FAD494F8C9309B0719D4E1
:105A100030460CF0AAFB84F8D300B6F80530A4F8A1
:105A2000D430B6F80730A4F8D63094F8C93043F033
:105A30000202D80784F8C92010D5174904F1CA001A
:105A40000CF063FC94F8C930D90712D4DFB994F88C
:105A5000873043B150214020F3F7B4F994F82A314C
:105A6000002BEAD1EEE7012384F8873028460CF0BA
:105A70000DFE94F886300020012B03D184F88600B7
:105A800084F8C200F8BDA36F9A0701D55521E2E75B
:105A900043F00203A367E9E75F2E020170B5456892
:105AA0000446FEF721FE054B014685F885001B687C
:105AB0001BB12046BDE87040184770BD6806002144
:105AC000024B1B6803B11847704700BF64060021F2
:105AD000F0B5204E054600243078147080B1431E86
:105AE0007768DBB2181B01280BDC07EBC40057F802
:105AF00034604068884208BFAE4212D11470012061
:105B0000F0BD18194610C0F3470057F836C007EB30
:105B1000C60EAC45DEF804608E412CBF0346044639
:105B2000E0E7B54271EB000002D214700020E7E715
:105B300007EBC30057F833404068884208BFAC42C7
:105B400001D11370DBE7A542814128BF01331370F7
:105B5000ECE700BFFC12002110F0070208B503D0EB
:105B600063214820F3F72EF918B1034B19725860DE
:105B70001A70C80008BD00BFFC120021014B0022B2
:105B80001A707047FC120021014B187A704700BF51
:105B9000FC1200212DE9D3430DF09AF90DF1070213
:105BA00007460E46FFF794FF98B9114C2278237AE6
:105BB00093420ED0616813466FF0604E9DF8070067
:105BC000984209D301EBC003013201202270C3E9DE
:105BD000007602B0BDE8D08303EB0E00013B01EB81
:105BE000C000DBB2D0E90089C0E90289E6E700BF66
:105BF000FC12002137B50DF06BF90DF10702FFF72C
:105C000067FF0446A0B10C4A9DF807001378556859
:105C1000411C013B05EBC101DBB213701A1AD2B271
:105C2000D200834238BF002205EBC00008F068FFB5
:105C3000204603B030BD00BFFC1200210A460648D2
:105C4000822302F8033B0368C1F8033043685360C2
:105C500083689360704700BF05130021162200215E
:105C6000014808F093BF00BF0513002117B402AB31
:105C700003E903001B48437D83B30B469DF80010E6
:105C800009BB93F86C10184A32F811204FF47A715E
:105C900002F23F62B2FBF1F2D3E96E147D3144F1BE
:105CA00000045218198844F10004426001808460A5
:105CB000B3F8803002220D490C3020F80A3C03B0C2
:105CC00010BCFEF7E7BF520608D51A880280D3F849
:105CD00038224260D3F83C228260E9E703B010BC6E
:105CE000704700BF05130021922403013D5C0101B0
:105CF0000F4B4FF47A72042933F8113010B503F2C8
:105D0000E73300F1FF34B3FBF2F34FEAC41409D0D8
:105D100003290AD002290CBF6022F022234400FB91
:105D2000023010BD4FF4D262F8E740F2BE22F5E730
:105D30009C240301264B1A6810B5D2F80F30036279
:105D4000537D117D1B0443EA0123D17C0B436FF487
:105D500050618362B2F81930591806298DBF40F29C
:105D6000E241A3F550634FF47A714B438EBF00219B
:105D70004B430121C36180F87610937DD9B103EBC9
:105D8000830303EB83039B000386B2F81730D9B17A
:105D900064214B43C362B2F81B308384B2F81D30D8
:105DA000C38492F8243003F01F025B0980F89A2024
:105DB00080F8B83110BDC3EB431403EB840303EB4D
:105DC00083035B009BB2DFE740F2E241E1E700BF03
:105DD0001C13002138B5074D044600F169012868FD
:105DE0000BF0D9FE94F868102868BDE838400BF035
:105DF000E7BE00BF1C130021D0F88030F7B50BB10F
:105E000001221A604388DB0727D50023056A144E58
:105E100005F10A07CDE9003302238DF80630FF2390
:105E200086F820306846F3F70BFDB0B9009CA54218
:105E3000F8D03B466A7A04F10A01607A0BF0B2FCB2
:105E40000028EFD0A37886F82030D4F80330C6F8C5
:105E50002130044BB4F807209A8003B0F0BD00BF96
:105E60001C1300213D13002138B5084D044600F1F4
:105E700069010623286800220BF0C2FF94F868101D
:105E80002868BDE838400BF09BBE00BF1C13002102
:105E9000F8B504460E461346807F6588324615F0F5
:105EA000040118BF04F17701FEF722FAC207054684
:105EB0000BD50123A07F84F86830FEF7EBFA036866
:105EC000C4F869308388A4F86D30AB070CD501277E
:105ED000084E04F17701306884F876700BF069FEA3
:105EE000394630680BF079FE85F00400C0F380007D
:105EF000F8BD00BF1C13002110B50446084694F8F5
:105F0000D8306BBB2378082904F1DB0284F8D93040
:105F100016D004F1DA01FEF793F920B940F61A71B0
:105F20002D20F2F74FFF94F8DA3043F0020384F8A3
:105F3000DA3004F1D0000B49BDE810400CF0DCB9B8
:105F4000094B1868034613F8031BC1F3801184F84A
:105F5000DA10D0F80310C4F8DB109B889380E8E7D0
:105F600010BD00BF132F02011C13002170B50446A1
:105F70000E461546FDF7DEFC98B92378A4F8C160FB
:105F800084F8C030637C84F8BF500BB194F848307B
:105F900004F1B60084F8C3300249BDE870400CF04B
:105FA000ABB970BD1933020138B5B0F848300446BA
:105FB000184D0133A0F84830AB7C2BB104F0D8FC6D
:105FC00003F098FA0023AB7400232B7194F8893006
:105FD0002BB101212046BDE83840F5F785BE637C32
:105FE000B3B1B4F848209A4212D301212046F5F704
:105FF0007BFE63882046DB0747BF236A4322432298
:106000004FF6FF7148BF1988BDE83840FFF7AEBFB3
:106010000021DFE71C13002110B5094C2379012B67
:1060200002D02379022B05D1A37C1BB104F0A0FC84
:1060300003F060FAA06ABDE81040FFF7B5BF00BFEB
:106040001C1300210346074A906A03B909B9FFF7F8
:10605000ABBF1379D26A03F180431269033B52F854
:10606000233018471C13002103292DE9F04305466E
:1060700085B090467BD090F888300529DBB202D1FC
:106080004288D60760D5002B5ED10127DFF8E89063
:1060900099F81260B6B10BF0C9FB082888F8000027
:1060A00014D002AA0DF10701FEF7CAF820B940F694
:1060B000A4612D20F2F786FE02A99DF807000CF0DE
:1060C00013FF064698F80030082B08D1D9F80010C5
:1060D00011F8030BC0F380100CF006FF0646D9F848
:1060E000001005F1700395F86F2011F8030BC0F351
:1060F00080100BF057FBD9F80010044611F8030B81
:10610000C0F380100BF088FB8146FEF7D5F90146FD
:1061100040B1B9F1080F1BD04846FDF793FF80F05E
:106120000101C9B298F80000082815D094B9AB7FD6
:106130001C1A604260416B885A0706D421B996B98F
:106140002B7D93B1BB4210D0002005B0BDE8F08399
:106150000021E7E70120EEE714B181F00104E4B289
:1061600004F00100E7E73046EFE70120EDE7438860
:106170009B07E9D5022789E71C1300212DE9F3418C
:10618000444C2379012B07D02379022B04D040F60D
:1061900038412D20F2F716FEA26A176A0FB197F860
:1061A0007570A8B90125A37C1BB104F0E1FB03F0D5
:1061B000A1F9002D6BD0A06AF5F7F6FB002860D09E
:1061C00004F0D6F9E36A9B6802B0BDE8F0411847D5
:1061D000216802F1690392F8682011F8096BF0094F
:1061E0000BF0E0FA0028DDD006F00F062068052E3F
:1061F0002CD190F8243003F01F03102B26D9D4F8AB
:10620000288098F812500DB308230DF1070231468B
:1062100040468DF80730FFF727FF0028C3D098F8D5
:10622000E930002BBFD1226808F1EA01D31C2332E8
:1062300053F8040B934241F8040BF9D11B8808F181
:10624000E1000B8014490CF057F8ACE739460BF02D
:10625000ECFC0028A6D02379A06A012B05D0237975
:10626000022B02D040F6114193E723793146E26ACE
:1062700003F180435269013B52F8233098470546A9
:1062800091E7A06A02B0BDE8F041FFF78DBE02B011
:10629000BDE8F0811C1300212B2F02012DE9FF47DF
:1062A00008230DF10702052104468DF80730FFF79A
:1062B000DBFE054620B90025284604B0BDE8F0877E
:1062C000FBF7A8FE06460028F5D1DFF8EC80216A2E
:1062D000D8F8002091F88E30104610F8037B03EABE
:1062E000571303F0010381F88E30D2F80330C1F860
:1062F00003308388A1F807301346276A13F81F1B61
:10630000C1F38011B970D2F81F001B790290384692
:106310008DF80C30FFF70EFD276A02A994F913A03F
:1063200007F18E000BF085FB40F20113A7F86C30EB
:106330004FF0FF0987F86E90314607F13400FEF701
:10634000B5FC51463846FEF7B3F9216A84F89560EA
:1063500020460B889DF80720A4F896304FF6FF736F
:1063600084F8B390A4F8B4300CF06FFF134904F133
:106370008C000BF0C1FFFDF7DDFA60B9236A04F170
:10638000C4000F491A88A4F8CD2093F88E3084F801
:10639000CF300BF0B1FF236A002220461988FFF7A7
:1063A000E5FD084B00221B6888F80420002B83D0F1
:1063B0002146206A98477FE71C130021F93102012A
:1063C000FD2E020174060021032973B5044604D092
:1063D000052927D0012002B070BD08230DF1070266
:1063E0008DF80730FFF740FE0028F3D0237C23B15F
:1063F0009DF807102046FFF77FFD0F4D062204266B
:1064000020462B685A701E70FFF7E4FC94F85C205D
:10641000A16D28680BF0FAFB28682E7104F0C0F912
:106420000020D8E7054B1B6823B1984780F0010096
:10643000C0B2D0E71846CEE71C1300217006002139
:10644000F8B504460F4619B300F1300528460DF0A3
:106450002EF9A0B963881A072ED528460DF03CF90D
:10646000064628460DF023F9301AC0B20DF042F965
:10647000444A93680344284693600DF0F7F8284691
:106480000DF0F9F803F0A4FE2179252003F02AFD90
:106490003C4D002394F8762028680370437063888D
:1064A000103B0D2B5ED8DFE803F0595D550C5D40C5
:1064B0005D5D5D5D5D5D5D402046BDE8F840FFF7D8
:1064C00073BD06234370202303702046FFF782FC30
:1064D000638823F008039BB2152B05D094F8542051
:1064E000216D28680BF083FB286804F059F9032319
:1064F000217900202B7103F071FE064607B9E86090
:1065000063881B0704D50DF0F2F80644C4F8206137
:106510006388103B0D2B30D8DFE803F0322F292998
:106520002F292F2F2F2F2F2F2F290C23437021237B
:10653000037042B104F177010BF03BFB01212868A5
:106540000BF04BFBC1E704F170010BF032FB94F848
:106550006F10F4E7062303704370B6E7022303705D
:106560000623F9E740F21F612D20F2F72BFC217979
:106570000120BDE8F84004F015BA40F6AB41F3E75E
:10658000F8BD00BF1C13002138B543880446102B0A
:1065900004D10121BDE83840FFF752BF0B4DAB7C61
:1065A00023B102F08BFF402004F0D6F9286804F0F4
:1065B000F7F8608810F0040002D1217904F0F2F9B4
:1065C000002004F08BF901232B7138BD1C1300212E
:1065D000024B0121986AFFF733BF00BF1C13002153
:1065E00010B5154CA37C1BB104F0C2F902F082FF78
:1065F000A06AF5F7D9F920B1A06A438803F018031F
:1066000023B9A06ABDE81040FFF7CEBC2379012B67
:1066100007D02379022B04D040F63B312D20F2F72E
:10662000D1FB2379E26A03F18043D268013BBDE8E4
:10663000104052F8233018471C130021094810B5A8
:10664000037903F0FF0453B924222146043008F0F3
:106650009DFA04F08DF902F04DFF204610BD0C2488
:10666000FBE700BF1C13002110B50023084C237169
:106670002060FFF7E3FF20B140F2EA212D20F2F77E
:10668000A1FBE36A13B940F2ED21F7E710BD00BFAB
:106690001C130021014B024ADA6270471C130021CF
:1066A000AC6C0101044B054A1A60054B054A1A609F
:1066B000054B064A1A607047700600219D62010171
:1066C0007406002171BC00016C060021796901018A
:1066D000F8B5467D0446B31EDBB2012B8CBF002704
:1066E000012796B3023E18BF0126012B2DD800F1D9
:1066F000700190F86F000BF08FF8054663889B06D9
:1067000005D4082D2CD02846FDF7A8FC40BBA57762
:10671000677784F86860FDF78DFD054605F0D4F9CC
:10672000164B0022A5FB033584F876201B18204663
:1067300045EB01051146C4E91835FFF7A9FB70B90F
:1067400040F275412D20F2F73DFB0825D6E704F114
:1067500069013046FDF70EFB0028D8D10020F8BDB6
:10676000002EF4D0237F002BF8D0D4F81630C4F8D4
:106770006930638BA4F86D30C9E700BF40420F0059
:106780002DE9F04F07469BB00C4605460EAE0FCFE5
:106790000FC60FCF0FC697E80F0086E80F0006A8B8
:1067A0006E790CF049FFA37A61780293237801F0A7
:1067B0007F080393237D013BDBB2022B00F288802C
:1067C0006C4AC90613449F7B06D4A37D013BDBB210
:1067D000022B7DD813449E7B637E03F0FD03012BC7
:1067E00002D1042F08BF0327A37E03F0FD03012B72
:1067F00002D1042E08BF0326617A06A80CF023FFFD
:10680000237D227F06A8022B02F101020CBF617DCD
:106810000121D2B204BF0131C9B20CF016FF18F049
:10682000080F6CD106A80CF057FF63788246DA0691
:1068300053D4F3F701F9814639465046FFF758FA29
:106840000123014632464846CDF800800CF07CFB1F
:1068500040F27121227900F53970E378B0FBF1F054
:1068600043EA02236279484343EA02434B43984296
:1068700038D84FF0000B94F818A00593A37CE86C6F
:1068800004930AF1FF33D3F1000A4AEB030A09F03B
:106890006CFA8146E86C09F078FA059B484538BFE8
:1068A00048460DF1180980B260B308A9CDF82090D0
:1068B000ADF824808DF830708DF83160CDE90A3B59
:1068C0000CF072FC059BE8B945201BB0BDE8F08FC9
:1068D00040F256310620F2F775FA2822414600F0C0
:1068E000F1F9B5E7E379A27942EA0322237A42EA91
:1068F000034201FB02F3984298BF0346B9E7002325
:106900009B46B8E7CDE9103B049B039A8DF84C30C9
:106910008DF83C700EAF029B8DF83D602E468DF8D1
:1069200048A08DF84D308DF83820ADF83A800FCF63
:106930000FC60FCF0FC697E80F0086E80F0099E843
:10694000030028630020A986E37A13F0FD0F14BF2B
:106950000123002385F86F30E3682B67238AA5F8AD
:10696000743095F84630E27D62F3071385F84630BF
:10697000ABE700BF9C2403012DE9FF4708230DF17D
:106980000702052104468DF80730FFF76DFB00284C
:1069900000F08E80FBF73EFB002840F08980464DDA
:1069A000206AFFF7C7F92B68D3F81F0093F823205C
:1069B00002908DF80C20226AD3F80310C2F803105D
:1069C000B3F80710A2F807101B78206AC3F38013EE
:1069D00083703A4B1B6813B1012221469847266AFF
:1069E0000E2328684FF00808B7780021437080F81C
:1069F00000800BF02BFA00224FF0030128680BF007
:106A00002CFA2046FFF730FA394628680BF0E5F8F3
:106A100006230122F11C28680BF0F2F96179FF20AE
:106A200003F060FA286803F0BBFE266A2046314670
:106A30000CF093FD07460DEB080106F18E0094F96A
:106A400013A00AF0F6FF86F86C7086F86D704FF0B0
:106A5000FF0986F86E90F91E06F1340001298CBFFB
:106A600000210121FEF722F951463046FDF720FEB4
:106A7000216A00239DF80720204684F895300B8872
:106A800084F8B390A4F896304FF6FF73A4F8B430AE
:106A90000CF0DBFB236A1A8885F80480A4F8CD206B
:106AA00093F88E3084F8CF30012004B0BDE8F08731
:106AB0002046FFF779FAF7E71C130021740600213E
:106AC0002DE9FF41564E0446327902F0FF0312B918
:106AD0000278FF2A04D140F6A2112D20F2F772F9B4
:106AE0003382B3607371B37180F889304D4B68465F
:106AF00004F1300500934C4B01934C4B0293F36A25
:106B00005B68039303F036FE03F052FA03F030FFA4
:106B100002F0F0FC464803F051FB464803F024FE27
:106B200028460CF0A3FD28460CF0A5FD03F050FB11
:106B30002179252003F0D6F994F9130003F038FBEE
:106B400004F15001E06C09F09FF8074604F1580188
:106B5000E06C09F0C0F880461FB194F82430002B97
:106B600038D1B8F1000F37D094F82550637F13B9AE
:106B700063885B0709D56FF00043D4E918129A4285
:106B800008BFB1F1FF3F29D185BB002F08BF4746A1
:106B900094F88B3003B9AFB1638813F0100511D1AD
:106BA000606CC0F30B200CF0E3FC94F8463084F8E2
:106BB0004500C0F3032023F00F03184384F8460078
:106BC00084F88B5030680330FDF780FBB07404B05C
:106BD000BDE8F0810125C9E74546C7E704F074FF29
:106BE000D4E91823904271EB0303CDD30122204650
:106BF00005EA0201FFF74CF968B1FDF71BFB0546FA
:106C000004F062FF0C4BA5FB03351B1845EB010597
:106C1000C4E91835B9E7002DB7D040F6D7115CE7C5
:106C20001C130021E16501017D6101014560010145
:106C3000D6BE898E5555550040420F00024B9862D2
:106C4000DB6A1B68184700BF1C13002143881A0722
:106C500010B504460ED5036A3C220F498C304272AF
:106C60001B884381FF2380F827304FF6FF7303858D
:106C70000BF042FB63882046DB0747BF236A3C22B8
:106C80003C224FF6FF7148BF1988FFF76FF9FF23C9
:106C900084F8893010BD00BFF9310201C9630101D8
:106CA000896501016B3302016533020183350201FD
:106CB00019600101D1650101A86C0101A06C0101FD
:106CC0009C6C01010138022808B503D9C3212F208B
:106CD000F2F778F813290A4B05D811290CD8102996
:106CE00007D0D121F3E71529FBD103EB4003D88866
:106CF00001E033F8100008BD03EB40039889FAE780
:106D0000AE240301F8B52F4B40281A8842EA00024E
:106D10001A8005D104219868BDE8F840F4F700BF57
:106D2000802801D10521F6E700F00302032A04D1EF
:106D300040F60E213120F2F745F810F0020418BF9A
:106D4000D960C50705D5CA781961062A0DD00B2A66
:106D500018D02CB1DA68D278052A1FD00B2A2AD095
:106D6000820644BF08221A75F8BD9A6892F8871007
:106D70001929EED1002600270121C2E9386782F8DF
:106D80008B10E6E79A6892F88710132901BF00215B
:106D900082F88B10012182F8C810DAE79A6892F81D
:106DA00087101729DCD1002400250121C2E93A45CA
:106DB00082F88C10D4E79A6892F887101229CFD104
:106DC0000021F5E74C13002113B5044601A8FCF798
:106DD00059FF20B940F60C013120F1F7F3FF3222C0
:106DE0000021019807F0D2FE032101980BF022F94F
:106DF00001982146037823F010030370FDF7E8FCA7
:106E0000224601990548FEF77DF9FCF751FF10B9BC
:106E100040F61601E0E702B010BD00BF501300219C
:106E200070B5274CA36893F8926293F89352002EA2
:106E30003FD193F86C10002D3DD193F86D2083F86D
:106E40006C1083F86D20FF2283F86E201D4B1B68A9
:106E50000BB1A0689847A36893F82431012B02D0A6
:106E600056EA050303D000211748FCF7B9FDA068D6
:106E700034300BF0CDFA0546A06800F24111FDF761
:106E800037FFA0680621F4F74BFEA06834300BF002
:106E9000BFFA8542044610D204F028FE0146601B6A
:106EA000402838BF402006F0CFFFB0FA80F04009FC
:106EB00070BD3146BFE72A46C1E70120F8E700BFB1
:106EC0004C1300218C06002150130021002908BF1B
:106ED0001F21262810B514D80D2814D9A0F10E03AF
:106EE000182B10D8DFE803F0110F0F0F110F110F3F
:106EF00016110F0F0F0F0F390F0F3F0F0F323232D6
:106F00004900EA2841D0002010BD0021BDE8104012
:106F10000CF0F4BB204CA36893F88620222A09D1F8
:106F2000201DFCF75DFDA368002283F8862083F80E
:106F3000C220E8E72F2AE6D193F88730A3F1210297
:106F4000062AF0D92F2BEED02A21E9E7134B1B6834
:106F5000002BD8D0BDE810401847114B1B68002B00
:106F6000D1D01D20F6E70F4B1B68002BCBD00A4673
:106F70000D482021BDE8104018470C4B1B68002B22
:106F8000C1D00948BDE810401847094B1B68002BC9
:106F9000B9D01046F6E700BF4C1300218806002147
:106FA000B00600217C06002150130021C0060021FC
:106FB000A4060021134B02460979986890F88630A0
:106FC000222B13D02F2B11D0292B11D0042B11D011
:106FD000102B11D01E2B11D090F8870024280FD031
:106FE000302B14BFFE202620FFF770BF1620FBE7D2
:106FF0002320F9E70E20F7E71220F5E71420F3E746
:107000001720F1E74C13002108B50C4B9B6893F84F
:107010000E21FE2A04D040F61B013120F1F7D2FEEA
:1070200083F80E0111B9A3F8C41008BD0022A3F81B
:10703000BE20012283F8C220F7E700BF4C130021D5
:107040000D4A117D99B940B99068B0F85C10B0F85C
:10705000402091420BD8F4F7BFBC13881B0708D51A
:10706000936893F88800083818BF01207047002003
:1070700070470120704700BF4C13002143689B6F8D
:1070800013F0300F2DE9F74304460D4652D1084660
:107090000BF085F830B9E978204603B0BDE8F0433D
:1070A0000BF030BB284666680BF075F8074628469B
:1070B00034360BF06CF8804628460BF06EF88146AB
:1070C00028460BF066F84B4642460090394630465B
:1070D0000BF0D3F9184B1A8892070FD5DA68D278DB
:1070E000142A0BD16268936F43F010039367204614
:1070F0000BF0CCFA002003B0BDE8F083626892F890
:1071000086101E29EED092F81B21002AEAD162686F
:1071100092F81A21002AE5D161688A6F42F02002B4
:107120008A679A68114602F5A57231F8340BFDF7AB
:1071300043FEDCE70120DEE74C130021154BDB6842
:1071400010B51979436893F886200A2A09D193F873
:1071500009218A4205D1002283F8862083F8C220C3
:1071600010BD9A6F12F0080406D022F00802BDE8A4
:1071700010409A670BF09ABAFF2905D1342283F8A0
:10718000844283F88620EBE740F204513120F1F786
:1071900019FE00BF4C13002138B50B790446456831
:1071A000262B95F886203BD8112B08D80E2B3BD1E7
:1071B000224618460121BDE838400CF09FBAA3F1E1
:1071C0001200142830D801A555F820F0B171010142
:1071D00029720101B1710101297201012D720101B0
:1071E000B1710101297201012972010129720101A4
:1071F00029720101297201017B72010129720101C9
:10720000297201012972010129720101297201010A
:107210006972010129720101297201018372010160
:10722000EA2B35D0FF2B38D0002038BD222A01D0E0
:107230002F2AF9D120460BF020FA636893F88720B3
:10724000232AF1D093F8D9201A21204622F00102F6
:1072500083F8D920626892F8D93023F0080382F8C5
:10726000D930FCF7BDFBDFE7292ADDD10F4B1B68C6
:10727000002BD9D020469847D6E7332AD4D10C4BDF
:10728000F5E70C4B1B68002BCED020469847CBE788
:10729000094B1B68002BF9D1C6E7084B9B69002BF3
:1072A000C2D0012385F88632BEE700BF90060021D8
:1072B000B4060021B8060021A80600214C130021C5
:1072C000F7B505468F4C002840F0D78023881F076C
:1072D00044D5A36893F80E21222A13D02A2A01D07C
:1072E0001C2A05D1002283F82C2187480BF0C5F910
:1072F000A36893F80E21FE2A11D140F27651312075
:10730000F1F760FD83F82E01804B1B68002BECD059
:10731000A06800F5977100F58A709847E5E7FE22AE
:1073200083F80E2193F887201B2A08D1002676487F
:1073300083F8C7600BF0BAF9A36883F88760A36885
:1073400093F88620212A2BD0342A37D093F888202E
:10735000082A02BF0222227783F80E212388DE0743
:107360005FD5A368276993F88730123B0B2B0DD8A4
:10737000FB78023BDBB2092B00F2BF80012202FA4C
:1073800003F340F23332134200F0B7803846FDF782
:1073900005FAFE78D8B931465B480BF0B3F98EE0B8
:1073A00093F88720A2F12101062901D92F2A03D1C0
:1073B0002F2283F88620C9E72222FAE7012283F8E8
:1073C0008522002283F8862083F8C220BEE7012EA2
:1073D00001D9162E0FD1A36893F886000BF07FF920
:1073E00048B1A36893F88620212A04D0222A40D1EC
:1073F0002F2283F88620112E65D058D8072E64D00E
:107400000D2E64D03046FEF759F80346002853D1BC
:10741000FF2E5ED1A369002B5BD0A368012283F805
:1074200086222388580706D5A26892F88820072A62
:1074300004BF0122227799070FD5E368DE780D2E6D
:1074400049D0112E49D0072E49D03046FEF75AF8C0
:107450000346002845D02C4898472388DA060CD5E7
:10746000A36893F887200B2A07D10C2283F8872082
:1074700003E0162E0CBF20250225237D1B0713D504
:10748000A36893F88730123B0B2B38D9002601A94B
:1074900003200196F3F7D8FA019B2BB11E720C2240
:1074A000A1680198FDF7B2FB284603B0F0BD142E89
:1074B000A8D1174B1B6863B121691348984700286E
:1074C000AFD00546D9E7134BF6E7134BF4E7134B60
:1074D000F2E7F97860E7124BBDE7124BBBE7124BBE
:1074E000B9E7FF2E06D1A268342182F8840282F81F
:1074F0008610B2E740F26A5101E70825BDE708258A
:10750000D2E700BF4C130021501300218006002158
:10751000AC0600212B38020199710101B56F010100
:1075200099370201B73702013D710101024B00207A
:1075300098611862704700BF4C13002108B5002203
:10754000044B9A611A62FDF721FDBDE80840FEF781
:107550009FB800BF4C130021024B9869003818BF38
:10756000012070474C1300212DE9F047814C0E4655
:1075700086B00746B4F80080A16818F4007F01F1D6
:1075800078050CBFB1F8B820002328460DBF0132A2
:10759000A1F8B83081F8CF31A1F8B8200CF023F968
:1075A00028B1434601F59C722846FEF7FFF923886F
:1075B00003F4C06343B1A06890F88A30002B00F058
:1075C000AF80032B00F0B280A168238891F88A2055
:1075D000012A04D11D0544BF022281F88A20002F10
:1075E00040F06B81580657BFB1F8E8213A460132A6
:1075F00092B2A1F8E82103F00A020A2A0DD1E2684A
:10760000D278022A09D123F0080330462380FFF7FD
:1076100057FE06430823F6B223803046FFF750FE9C
:10762000A3690643F6B2002B5FD01422002101A803
:1076300007F0ACFAA36893F86D0003F059FCA36857
:10764000054693F86D0003F04BFC05F5FA754FF411
:107650007A71A268B5FBF1F51388054441F27070A8
:10766000ADF80430B2F88030ADF80A50ADF808300B
:10767000D369A3F57A75854295BFB3FBF1F340F268
:10768000E24103F55063B3FBF1F39BB2ADF8063072
:1076900092F8863233B12069C31C04930AF0C8FC07
:1076A0008DF81400A26801A89DF80C3092F885228C
:1076B00062F300038DF80C30A3699847A368002299
:1076C000049983F8862283F8852271B193F8842285
:1076D0005AB993F88620342A07D09DF8142022B195
:1076E0000878FF2827D11B2A2CD9A36893F80E21EC
:1076F000FE2A4FD1002E4DD193F88820073A012A57
:1077000048D993F818312BB3A3680121022093F8CC
:107710001921A3F8BC6083F81021FFF775FC39E04C
:10772000012180F88A10F4F7FBF94DE702230121CB
:1077300080F88A30F7E70728D7D1022AD5D14878D0
:10774000FF28D2D10120C3F8881283F8872283F85A
:107750008402CAE7A06890F88730A3F11105EDB262
:107760000C2D40F26781836FDA0705D53146092079
:10777000D3E700BF4C130021990740F1FD8031464B
:107780000C20FFF741FCA26892F8C93043F00103D6
:1077900082F8C930A568B5F8C83195F8CC810133B5
:1077A000A5F8C831B8F1000F00F0A982F3F73EF94F
:1077B00010B10023A5F8C831A36818880CF0F1F9BE
:1077C000A168824691F88A30B1F83280012B40F2EC
:1077D000E48291F88830082B40F0B282B1F8B830DA
:1077E000022B40F2DA82B1F8BA500135ADB2B1F8ED
:1077F0008030DFF8A8922B44A1F8C031D9F80030CE
:10780000002B00F0CE82B8F1010F40F2CA82F3F7EC
:1078100003F90246A068D9F80090B0F88010C84774
:1078200000F101091FFA89F9A36893F8CD21002A14
:107830003DD1012D3BD993F887200AB10C2A36D1CE
:1078400093F886209ABB93F8882082BB93F88A200D
:10785000022A2CD193F8CF214ABB586908F035F899
:1078600028B3A36893F80E21FE2A20D1B3F8C221D1
:10787000012A1CD9B3F8C8119A8C914217D2BAF1D7
:10788000000F02D0BAF80E0088B9013D521AADB20D
:1078900092B2B5FBF8F5954228BF154605FB08994D
:1078A000003D1FFA89F918BF012583F8CA51A36862
:1078B000B3F880008144A3F8C4912288A3685506D8
:1078C00057BFB3F8D4210022B3F8C6115218A3F859
:1078D000D42193F818312BB9A36893F88830073B6B
:1078E000012B07D8A368B3F8BC20B3F8C6110A442B
:1078F000A3F8BC20A36893F8C20030B1B3F8BE204F
:10790000B3F8C6110A44A3F8BE2093F9C6100029A3
:10791000C1BFB3F8C420B3F8C6515219A3F8C420AC
:1079200093F8A9205AB9002F40F08582227F022ABD
:1079300040F03A8293F81021062A18BF1622A36855
:1079400093F8A8302BB9A368554883F8A920FDF710
:1079500039FEA0680BF0A7FF524B1B681BB1524ABF
:10796000A06811689847A368002283F8CB2106B06D
:10797000BDE8F047FCF7C2B95A0702D531461320DB
:10798000CBE6190706D590F80831314680F810315A
:107990000720C2E61A0602D500211B20BDE613F01F
:1079A00030013CD090F81B31002B40F04A82A36894
:1079B00093F81A31E3B1A06890F8873000F58D7123
:1079C00000F29222262B28D090F88630A3F1260CC4
:1079D000DCF1000343EB0C030AF023FDA268936F74
:1079E00023F0200343F010039367002382F81A3139
:1079F000A068836FDA0640F1248200F24111FDF79E
:107A000077F9A36800211520B3F85620A3F81021B8
:107A1000B3F85A20A3F812217FE60123DCE713F024
:107A2000400201D0242078E6DB0540F10A821146AD
:107A30001E2072E6123B0B2B55D8DFE803F00654EC
:107A40005454091154545454544500210B2064E6F5
:107A5000FDF72CFE00283FF49DAE002104205CE6DB
:107A600090F88032012B08D100210520FFF7CCFAD5
:107A7000A368002283F880228CE6A36893F8803202
:107A8000022BD8B27FF486AEA368062293F8C850C2
:107A900065B1002183F81021E8E700BFBC06002192
:107AA000501300217806002130000021A048032156
:107AB0000AF00FFEA368294693F8D83013F0040F9C
:107AC00014BF11200D20D1E70021062025E600215A
:107AD000112022E693F82421012A04D193F82531BC
:107AE000002B00F0BF81A36893F8862082B993F839
:107AF0008720113A0C2A40F2BC8193F8B620002A64
:107B000000F0B7810121122007E60021202004E6C1
:107B10000A2A40F0AA8193F80921012183F8102153
:107B200036E7A36893F82A319BB1A36893F8C9306C
:107B300013F003050DD101210C20FFF765FAA368AE
:107B400093F8C92042F0010283F8C92083F82A5132
:107B500092E7A36893F81A3153B3A36893F81B31E3
:107B600033BBA06890F8873000F58D7100F2922247
:107B7000262B1BD090F88630A3F1260CDCF10003F5
:107B800043EB0C030AF04DFCA368002283F81A2192
:107B900001211420FFF738FAA368B3F85620A3F8A0
:107BA0001021B3F85A20A3F81221F3E50123E9E7E5
:107BB000A36893F82421012A74D193F82531002B6E
:107BC00070D1A06890F88720A2F12103062B69D913
:107BD0002F2A67D090F86C104B1EDBB2032B09D80C
:107BE00090F86D50DFF84CE1013D1EF803C0EDB296
:107BF000032D04D94FF450710620F1F7E3F8BCF1DE
:107C0000020F90F8263114D0BCF1030F13D0BCF151
:107C1000010F04D1012B14BF002301236BB9A2F182
:107C20004403012B26D90B3A042A23D9012116201B
:107C300073E5022BEFE7042BEDE71EF8055090F8F3
:107C40002731022D24D0032D24D0012DE7D1012B83
:107C500014BF00230123002BE1D0B0F8803000F5E1
:107C60002472B0F8280109F01FFC0146A8B9304879
:107C7000FBF7B6FEA36893F88620002A7FF48AAD4E
:107C800093F88432002B3FF485AD0121FF2044E5B9
:107C9000022BDDE7042BC2D1DFE7A368282283F89B
:107CA000862077E5A36893F82E3113B101212220B5
:107CB00033E5A36893F82C313BB11F4B1B681C487C
:107CC0009847FE28D6D0012127E5A36893F83631DE
:107CD00013B101211D2020E5A36893F8373113B1BA
:107CE0000121262019E5A36893F88C3213B10121F4
:107CF000EA2012E5114B1B68002BE0D1BAE7F2F73E
:107D000085FE08B1A5F8C881F2F798FE00283FF477
:107D100053AD95F8CF310133DBB2022B85F8CF316B
:107D200082BF0023A5F8C83185F8CF3144E500BFF4
:107D300050130021CC240301C40600219406002125
:107D400091F8B6301BB191F88630102B25D1B1F8DF
:107D5000BA5001F17800B1F8B8304FEA880901351E
:107D6000ED1AA5EB88050BF03EFDC0B1D1F8B020AF
:107D7000D1F8AC00531C1B1AA3EB09039D42A8BF0A
:107D80001D46BAF1000F05D0BAF80E30043B9D42F3
:107D9000B8BF1D46012D3FF729AD012527E52B462C
:107DA000ECE74FF001093FE5012A09D193F889205A
:107DB000002A7FF4C4AD0021A068F3F7B1FECBE543
:107DC0005EB1F00635D4310735D4B20635D4B307E9
:107DD00035D14FF4196131200FE738B1B3F8BE0047
:107DE000B3F8C020904201D32222A8E5002905DD86
:107DF000B3F8C410B3F8C0209142F5D2B3F8BC1068
:107E0000B3F8BA2091420BD2A36893F88A10B3F862
:107E1000B82051B1B3F8BA309342CCD808228EE5DD
:107E200093F81831002BDFD1EEE7052AC3D93E22A3
:107E300085E51E2283E53D2281E523227FE52A2276
:107E40007DE5A36893F887202B2A3FF45EAE322AA3
:107E50003FF43DAE232A7FF446AE93F82421022A54
:107E60007FF438AE0021172057E40C2D3FF602AF07
:107E700090E40C2D7FF68EAC93F82B31002B3FF461
:107E800050AE01210E20FFF7BFF8A368002283F84F
:107E90002B21F1E573B56A4D00240126A8602E71EF
:107EA0002C802C752C77FF2380F8CB31AB68188899
:107EB000FBF7E2FEAB681888FBF70AFFAB68B3F884
:107EC000C221EAB193F80E21FE2A19D193F8183194
:107ED000B3B1AB6893F88820073AB24210D993F84F
:107EE00019210220A3F8BC40314683F81021FFF786
:107EF0008BF8AB68022083F8CA41FEF765FF04E007
:107F0000AB6893F80E01FE28F7D1AC68B4F8C6113F
:107F100004F17800638E0139B4F8C82189B2B1FB4D
:107F2000F3F31344A4F8C831B4F8B8300B44A4F800
:107F3000B8300BF058FC20B1D4F8AC300B44C4F886
:107F4000AC30B4F8C2310026012B9CBF0133A4F839
:107F5000C23109B184F8CF6194F8873084F8CA61DE
:107F6000A3F10B02012A1FD8B4F88030B4F8902294
:107F70009B1A190432D404F2922104F18E0009F004
:107F800058FDAB6883F88760FF2283F8C320A96897
:107F9000B1F8C62101F1780009F092FDA0B340F6D6
:107FA0001B113120F0F70EFF262B17D1B4F89022C9
:107FB000B4F880309B1A1A0410D484F88760FEF756
:107FC0002FFFAB68014630B983F8240102B0BDE849
:107FD0007040FFF7C9BA83F82461D8E794F8863077
:107FE000262B01D0282BD2D1B4F88030B4F89022BF
:107FF0009B1A1B04CBD4002384F88630FEF710FFB5
:1080000001460028C3D1E1E70E4B0F4900930F4A08
:108010000F4B03C9F2F736FB296A19B195F8240012
:1080200002F080FCAB6893F88730123B0B2B04D82E
:1080300002B0BDE87040F2F71DBB02B070BD00BFDA
:108040004C1300216975010150130021056D0101D8
:1080500041700101D0F89832C269934273B5044669
:1080600012D1D0F89C62426AB61A18BF012694F861
:10807000A452002D42D020880BF093FD30B940F679
:10808000B8313120F0F79EFE0126F0E7B4F8A022C7
:10809000638E9A421CD1B4F8A23282899B1A18BF0F
:1080A000012394F88650442D16D094F88720442A52
:1080B00010D0002502212046FCF758FA002D44D0AC
:1080C000002384F88630032384F88A3002B070BD20
:1080D0000123E6E73343ECD01D4B1B6813B940F690
:1080E000C331CEE7A5F14402002168460194554210
:1080F000554101228DF800209847DBE7002ED8D0AB
:108100002288A3F57A7104F5C670A4F8962141F28D
:10811000707291420F4995BF4FF47A7240F2E24279
:10812000B3FBF2F3B3FBF2F398BF03F550639BB2DA
:10813000A4F89831B4F89C32A4F89A31B4F89E327D
:10814000A4F89C310AF0E1F8B4E784F88750BAE764
:108150009C0600212128020108B5FCF78FFF024B85
:10816000024A1A6008BD00BFAC0600217D70010103
:10817000154B5B6893F8C20028B1B3F8BE10B3F892
:10818000C02091421ED293F9C6202AB1B3F8C41080
:10819000B3F8C020914214D2B3F8BA20B3F8BC109F
:1081A00091420ED2B3F8B80093F88A3023B905286B
:1081B00094BF00200120704782428CBF0020012024
:1081C00070470120704700BF74130021194B1B2812
:1081D0005B6883F80E0116D8174AC240D1071BD43A
:1081E000112806D193F8102152B10022A3F8BE2025
:1081F0007047072810D009280ED0152803D1002277
:10820000A3F8C4207047A0F11E02D2B2092A04D9F3
:10821000EB2801D0022806D8704740F2412121FA0C
:1082200002F2D207F8D40022A3F8BE20012283F87C
:10823000C220F1E77413002100100809C278012A56
:1082400007D1124A5268B2F8F6214272120A8272BB
:1082500070473AB90D4A5268B2F8FC214273120ACB
:1082600082737047EB2A07D1084A5268B2F8FC21A2
:108270000272120A42727047182A05D1034B5B68DA
:10828000B3F8F81109F0CBBF704700BF7413002199
:1082900070B5204D6B6893F8FA1109B993F86C101A
:1082A00093F8FB210AB993F86D2083F86C1083F8DA
:1082B0006D20FF2283F86E20174B1B680BB1686896
:1082C000984700211348FBF78BFB686834300AF0AD
:1082D0009FF80646686800F24111FCF709FD042189
:1082E0006868F9F741FB686834300AF091F8864213
:1082F00004460CD203F0FAFB0146A01B402838BF0D
:10830000402005F0A1FDB0FA80F0400970BD0120C9
:10831000FCE700BF74130021E406002137B590F894
:1083200086200446A2F14403012B1BD990F8873024
:10833000443B012B8CBF002301230E3A012A00D9B4
:10834000ABB3B4F88020B4F8FC11013292B2914280
:108350002DD194F8102262B333B94FF4077136204F
:10836000F0F730FD0123E8E72B4B1B6813B940F20F
:108370001D21F4E70021684601948DF8001098470C
:10838000002584F8115202212046FCF743F903210D
:108390002046F9F7E9FA94F88630A3F14402012A5D
:1083A00002D90E3B012B2ED8002384F8863003B06F
:1083B00030BD238841F2707204F5C670A4F896317E
:1083C000D4F80432A3F57A719142144995BF4FF461
:1083D0007A7240F2E242B3FBF2F3B3FBF2F398BFDE
:1083E00003F550639BB2A4F89831B4F80832A4F8AE
:1083F0009A31B4F80A32A4F89C31002384F89531FC
:1084000009F083FFBCE794F88730443B012B98BF09
:1084100084F88750CBE700BFA00600212128020185
:108420000E4B0246187AA0B9012A08D15B68B3F84E
:108430005C20B3F840309A420ED8F9F785BA5A89D1
:10844000520708D55B6893F88800073818BF0120E9
:108450007047002070470120704700BF741300214F
:108460003A4A034608465189194370B5518103F0D1
:108470000301032904D140F6DD113620F0F7A2FCF8
:1084800013F0020118BFD060DC0748BF106121B1B2
:10849000C178062921D00B292CD0990644BF082188
:1084A0001172DB0550D55368C17893F87640B3F864
:1084B00080209D8C2CB3DE694AF6C874B4FBF6F4B8
:1084C0002C445D8E012904FB052292B21BD1A3F836
:1084D000F621BDE87040FFF7B1BE516891F88640C3
:1084E0001A2CDAD100240025C1E93A45012481F88B
:1084F0008C40D2E7516891F88640142CCDD10024ED
:10850000F5E70624DCE709B1EB2902D1A3F8FC2149
:10851000DFE71829DDD1B3F8FA1199B193F8FA41E0
:10852000E11E01290BD893F86C10CD1E012D06D841
:108530008C4204D093F8FB11002908BF0022A3F855
:10854000F821C6E70A46FAE770BD00BF74130021A0
:1085500010B50B7902464468232B94F8861010D886
:10856000112B10D9A3F1120011280CD8DFE800F06C
:108570000D0B0D0B0D0B0B0B0B0B0B1C0B200B0B1F
:108580000B13EB2B1CD0002010BD01211846BDE8B9
:1085900010400BF0EFB92929F5D10C4B1B68002BCB
:1085A000F1D010469847EEE73329ECD1084BF5E7B8
:1085B0002D29E8D1074B1B68002BE4D02046F1E7BA
:1085C000054B1B68002BEDD1DDE700BFE80600215D
:1085D000DC060021D4060021EC060021002908BF9A
:1085E0001F21252870B535D8112803D803283CD081
:1085F000002433E0A0F11203132BF9D801A454F89E
:1086000023F000BF61860101F1850101618601014E
:10861000F185010161860101F1850101F185010109
:10862000F1850101F1850101F1850101F18501016A
:10863000D7860101F1850101E3860101F185010180
:10864000F1850101F1850101C7860101C78601019C
:10865000C7860101FE2814BF00240224204670BDF5
:108660000021BDE870400BF085B9254D6B6893F88B
:108670008620182A01D0152A3FD193F8C820002A55
:108680003BD183F8C72083F8C22093F8A63103F0CA
:10869000FF0423B140F2A7313620F0F793FB6B685B
:1086A0001A8883F8A711A3F8A82183F8AA4183F8B0
:1086B00042426868134900F5CF7009F01DFE6B68EF
:1086C00083F88640CAE7104B1C68002CC6D02346AE
:1086D000BDE8704018470D4B1C68002CBED01D2013
:1086E000F5E70B4B1C68002CB8D0054B0A461F2140
:1086F00058682346BDE8704018470224AEE700BF23
:10870000741300210F2B0201E0060021D80600217E
:10871000D00600210E4B024609795B6893F886303B
:10872000A3F111000C280BD9292B0BD01E2B0BD039
:10873000052B0BD0212B14BFFE201620FFF74EBFB8
:108740000320FBE72320F9E71420F7E71220F5E7E1
:10875000741300212DE9F3419F4C0E460746B4F8EF
:108760000A80616818F4007F01F178050CBFB1F848
:10877000B820002328460ABF0132A1F8B830A1F87A
:10878000B8200BF041F828B1434601F59C72284609
:10879000FDF70CF9638903F4C06343B1606890F896
:1087A0008A3023B9012180F88A10F9F7DDF8002F0B
:1087B00040F0EE81002E40F0EB8163895A0708D526
:1087C000626892F88810072902BF012182F8886048
:1087D00021759D0711D5E368D87807280AD011289C
:1087E00025D0FCF77DFE034628B940F27A513620A9
:1087F000F0F7E8FA794B784898476389180740F111
:10880000C580606890F80E312A2B37D81B2B10D802
:10881000012B5AD0032B6CD0002B44D0636893F803
:108820000E21FE2A40F0968040F28651DFE76C4B25
:10883000E1E71C3B0E2BF1D801A252F823F000BF58
:108840000B8901011D8801011D8801011D8801019D
:108850001D88010119890101278901011D88010174
:108860001D8801011D8801011D8801014789010141
:108870001D8801011D8801010B890101EB2BCDD160
:10888000B0F8FC21B0F880309B1A1A0402D40023FF
:1088900080F81132636893F88620442A0DD10022B3
:1088A00083F8C220BAE7B0F8FC11B0F88020521A61
:1088B0001104B3D480F81132B0E793F88730442B19
:1088C000ACD1454809F0F2FEA8E7B0F88030B0F826
:1088D000F6219B1A1B04A1D4D0F8F021137813B908
:1088E00040F2722183E7013B1370002380F8863049
:1088F00094E790F88630152B90D003F0FD03182BE9
:108900008CD0002380F84232D6E7002380F82C3147
:10891000626882F8C23081E7324B1B68002B3FF45B
:108920007DAF98477AE7002380F82E312E4B1B68E5
:108930002BB1606800F5977100F58A70984726485A
:1089400009F09BFE6AE7294B1B68002B3FF466AFDA
:108950002148E6E7FE2283F80E2193F88620262A96
:1089600038D02DD80C2A2FD00E2A31D093F887205A
:10897000442A04BF452283F8872093F88820082AD8
:1089800001BF02222275002283F888206389DD0757
:1089900047D56368256993F8861093F8C8000AF0F4
:1089A000D6FF28B3EB78023B0F2B75D8DFE803F036
:1089B00020742020207474747420742074747420C3
:1089C000442AD3D1452200E00D2283F88620CDE74A
:1089D0000F22FAE72722F8E7741300213539020144
:1089E00019390201CC06002184060021F00600217D
:1089F0002846FBF7D3FE20B92946BA4809F093FE72
:108A00000EE0E8780D2841D0112841D0072841D048
:108A1000FCF742FD03460028EED02946B1489847AE
:108A20000646237A180715D5636893F8861093F8DD
:108A3000C8000AF08CFF054680BB00906946032001
:108A4000F2F702F8009B2BB11D720C2261680098AE
:108A5000FCF7DCF86068FFF761FC636893F80E21AF
:108A6000FE2A40F0958093F88820073A012A40F2C8
:108A70008F8093F8183103F0FF058BB163680022F3
:108A80000220A3F8BC20FFF7A1FB81E0964BC4E7CE
:108A9000964BC2E7964BC0E70826C2E70826D9E7FF
:108AA000606890F8862022B990F8B61061B1122063
:108AB000E9E7252A00F09F8053D8142A59D04CD8D2
:108AC000032A5ED0132A56D0113A0C2A60D990F8A6
:108AD0008720332A00F2E8801E2A00F2A280013AA1
:108AE000D1B2052940F2CE80636893F80E21FE2AA8
:108AF0004ED193F88620002A40F05E8293F811321E
:108B0000002B00F07D81636893F81022002A40F06A
:108B10007281636893F8870009F0E1FD002840F056
:108B20006F81636893F88710312900F0698193F8A9
:108B3000101279B193F8DF10C1F34005890740F1B5
:108B40006D8144210122A3F8BE00EB2083F886103A
:108B500083F8C220FFF73AFB2EE21A2AB4D106208E
:108B600091E7312A5BD0322A4FD02E2AACD1212076
:108B700089E70B2087E7D0F81422C0F800210320F2
:108B800081E790F8092180F81021072280F80E2152
:108B9000656895F8183123B995F88830073B012BA3
:108BA00004D8B5F8BC300133A5F8BC3095F8C21034
:108BB00021B1B5F8BE300133A5F8BE3095F9C62015
:108BC00022B1B5F8C4300133A5F8C430002F40F00D
:108BD0001A83237D022B00F01283012B40F0B58213
:108BE000636893F88930002B40F0C48200216068EC
:108BF000F8F7BAFE0FE300F5FC7008F072FCFFF71F
:108C0000E5FA6368A3F8BE50C2E7012280F810219C
:108C10001120FFF7DBFA636883F88650B8E7272056
:108C200031E71F3A142A3FF65FAF01A353F822F051
:108C3000078D0101078D0101E98A0101E98A01011E
:108C4000898D0101E98A0101E98A0101E98A0101AD
:108C5000E98A0101E98A0101E38D0101E98A010143
:108C6000E98A0101E98A0101E98A0101E98A010130
:108C7000E98A0101E98A0101F38D0101C78D010132
:108C8000EF8D0101052A3FF62FAF01A353F822F023
:108C9000C58C0101F58C0101B38C0101DB8D010153
:108CA000E98A0101DF8D0101442A7FF41DAFEB2029
:108CB0007DE090F8082180F81021072280F80E212D
:108CC00000221DE00C22002180F80E2190F8C9201E
:108CD000A0F8C41042F0010280F8871080F8C92083
:108CE00002E700BF7413002115870101F939020161
:108CF00051850101132280F80E210022A0F8C42022
:108D000080F88720F0E690F81B31002B7FF4ECAE62
:108D1000636893F81A31C3B1606890F8873000F542
:108D20008D7100F5FD72262B2CD090F88630263BF5
:108D3000012B8CBF0023012309F073FB6368202201
:108D400083F88720002283F81A21606890F8873022
:108D5000202B7FF4C9AE00F24111FBF7C9FF636815
:108D60001520B3F85620A3F81021B3F85A20A3F821
:108D70001221FFF72BFA63680022A3F8C42083F8BE
:108D80008720B1E60123D7E790F82421012A11D1E9
:108D900090F8253173B963685A6ED3F82611B1483B
:108DA00008F0A1FB606800F5FC7008F09AFBFFF783
:108DB0000DFA99E6636893F82421022A7FF494AEB1
:108DC000D3E91921EBE7002580F810511120FFF7B6
:108DD000FDF9636883F8875086E609226EE71B2257
:108DE0006CE72420FFF7F2F963680022C7E71E2032
:108DF000F8E72720DBE793F82B31002B3FF489AE0F
:108E0000636893F84232F3B1636893F88B20A2B1A0
:108E100093F88C307BB940F27C61E8E4924B1B689C
:108E200013B940F26D61E2E41A218E4898476368F5
:108E300083F81152C0E00A208CE6D3F814220320F4
:108E4000C3F8002186E6636893F82B310BB1082044
:108E500080E66268D2F84432BBB113F8512C012A83
:108E600002D040F29461C2E413F8283C13B140F2FE
:108E70009561BCE4606890F8DB309B0601D51F204B
:108E800068E67A4B1B68984796E092F82A3183B1DE
:108E9000626892F8C93013F0030140F08D800C2015
:108EA00043F0010382F80E0182F8C93082F82A11DA
:108EB000C0E7636893F81A3133B3636893F81B31E2
:108EC00013BB606890F8873000F58D7100F5FD7276
:108ED000262B17D090F88630263B012B8CBF002321
:108EE000012309F09EFA6368002283F81A2163685F
:108EF0001420B3F85620A3F81021B3F85A20A3F891
:108F0000122127E60123ECE76368564D93F82421EC
:108F1000012A40F0AF8093F82531002B40F0AA8061
:108F2000636893F8870009F0DAFB002840F0A2801C
:108F3000606890F86C104B1EDBB2032B09D890F8D8
:108F40006D20DFF82CE1013A1EF803C0D2B2032AEB
:108F500003D94FF4507106204AE4BCF1020F90F897
:108F6000263109D0BCF1030F71D0BCF1010F01D142
:108F7000012B07D01620EDE5022B14BF002301239F
:108F8000002BF7D01EF8022090F82731022A60D07B
:108F9000032A60D0012AEDD1012BEBD1B0F880304B
:108FA00000F5FC72B0F8280108F07EFA01460028AE
:108FB00053D12C48FAF714FD636893F80E21FE2A6A
:108FC0007FF4E6AD93F88620002A7FF4E1AD93F8B4
:108FD000F431002B3FF4DCAD636893F8870009F0AF
:108FE0007EFB00287FF4D4AD6368B3F880300A2B91
:108FF0007FF6CEAD6846FBF7A1FB00283FF4C8AD75
:1090000065680522684605F18F0105F059FD0028C5
:1090100000F09880D5F8F031194611F8012B002A9C
:1090200000F089800522684605F04AFD00287FF49B
:10903000AFAD63680120D3F8F021137801331370CA
:10904000FFF7C4F86368002283F8F421A0E5042B3D
:1090500093E7022BA1E7042B9FE76B68282283F894
:109060008620A9E774130021A0060021D406002160
:10907000E1240301636893F82C3133B1684B1B681A
:1090800068489847FE2897D064E5636893F83631BE
:109090000BB11D205EE5636893F82E314BB3636816
:1090A0000921B3F83001F0F791FB18B9636883F830
:1090B0002E01BFE690F8F03103F0FF021BB96368A0
:1090C00083F82E21B6E690F8C831032B0DD8DFE8DF
:1090D00003F00707020A6B6893F8343180F8F13126
:1090E0006B680022ECE7222034E540F24561FFF78F
:1090F0007EBB636893F83731C3B1636893F811326C
:10910000A3B9636893F8DC305D0608D5464B1B684D
:10911000002B3FF451AF4348984727201AE5434BB3
:109120001B68002B3FF448AF3E48ACE6404B1B6841
:10913000002BA5D140E70098C3F801009DF804304A
:109140000B7176E785F8F40180E75EB1F00658D43C
:10915000310758D4B20758D1B30658D440F6662127
:10916000FFF745BB09B3B5F8BE10B5F8C03099425A
:109170001BD922232B4885F8A930FCF723FA0023BA
:1091800002216068A5F8863085F88A30F8F7ECFB94
:10919000636893F80E21012A3DD1D3F8F0211378AA
:1091A000BBBB40F69721FFF722BB2AB1B5F8C4201C
:1091B000B5F8C0309A42DCD8B5F8BC20B5F8BA3062
:1091C0009A420FD2B5F8BC20B5F8C0309A42D0D23E
:1091D00095F88A20B5F8B83052B9052B7FF606AD60
:1091E0003E23C7E7636893F81831002BC1D1E9E744
:1091F000B5F8BA209A423FF6F9AC0823BAE716232D
:10920000B8E71E23B6E73D23B4E72A23B2E72323BA
:10921000B0E7013B137002B0BDE8F041FAF76EBD54
:10922000C806002174130021F4060021F80600216D
:1092300098060021F0B500235A4D85B004462B70E6
:109240002E46686000886B812B722B75FAF714FD2F
:109250006B681888FAF73CFDB4F8E22169680132BE
:1092600001F1780092B208F02BFC20B140F27B11A2
:109270003620EFF7A7FD94F88730A4F8E201262BFB
:1092800013D1B4F88030B4F8F8219B1A19040CD427
:1092900084F88700FEF7FCFFB8B9002100240846D7
:1092A000FFF758FA204605B0F0BD94F88630263B0B
:1092B000022B0AD8B4F8F821B4F880309B1A1A04AB
:1092C00003D4002384F88630E4E794F886300C3B1E
:1092D000012B20D8B4F88030B4F8F6219B1A1B0477
:1092E00019D4D4F8F01104F18E00013108F0A1FB7B
:1092F00094F886300D2B0BD1D4F8F021137813B9E4
:1093000040F2A311B4E7013B1370002384F88630C8
:10931000FF2384F8C330FEF72BFF044608B1012475
:10932000C0E76B6893F80E71FE2F25D003A8FAF7FB
:10933000A9FC10B940F665019AE73222214603984C
:1093400005F024FC0321039808F074FE03983946C5
:10935000037823F010030370FBF73AFA3A460399B7
:109360001048FBF7CFFEFAF7A3FC10B940F67101E5
:109370007EE70398FEF762FF0B4B0C4A00930C4B01
:1093800096E80300F1F77EF96B6893F8861093F87E
:10939000C8000AF0DCFA04460028C0D0F1F76AF9E8
:1093A00080E700BF7413002155870101618401012A
:1093B00021840101B0F8E2310B4470B5A0F8E2312C
:1093C00000F17806B0F8B83004460D460B44A0F81A
:1093D000B83030460AF018FAA0B1D4F8AC303046B4
:1093E0000B442146C4F8AC3009F029FDD4E92B2305
:1093F0009A4207D30023164904F59C70C4F8AC3098
:1094000008F083FF94F8C23023B1B4F8BE302B4487
:10941000A4F8BE3094F9C63023B1B4F8C4302B445C
:10942000A4F8C43094F8183123B994F88830073B75
:10943000012B04D8B4F8BC302B44A4F8BC3020462F
:10944000FEF76CFFB4F880100D44A4F8805070BD96
:10945000A12D0201014B1873704700BFE0130021DA
:1094600008B500F09DFC00F013FA00F005F8BDE827
:10947000084000F0CBB800BF034B00214FF48052EE
:109480001970A3F8012070475414002170B50646E6
:10949000022014460D4600F015FA064B0122033C4B
:1094A0001A70054BC3F81045C3F80865C3F8045596
:1094B00070BD00BF5414002100E00041022008B537
:1094C00000F000FA084B002208484FF0010C084950
:1094D00080F800C0C3F80021C3F80421C3F80821B4
:1094E000C3F8801008BD00BF00E000415414002103
:1094F00003000080104B1A785AB110490020C1F8BF
:109500008000D1F800213AB91021002099705A70DA
:109510001870002000F0D6B9D1F80421002AF3D049
:10952000D1F8082112B110210246EEE7D1F800145B
:109530000122C9B2E9E700BF5414002100E0004154
:10954000022008B500F0BEF9064B002201210648B2
:109550000170C3F80021C3F80421C3F80821196081
:1095600008BD00BF00E0004154140021184A1378E0
:10957000002B10B5507818BF0220A0F10204B4FAF5
:1095800084F46409B3B1C823124A013BD2F8001134
:10959000DBB241B1D2F8040120B1D2F80801B0FA2F
:1095A00080F0400910BD0BB1002CEED1EF213B2023
:1095B000EFF708FCC82300E01CB1013B13F0FF03E8
:1095C000FAD10228F2D0431E5842584110BD00BFC4
:1095D0005414002100E000410A4B1A787AB10A4B7A
:1095E000D3F800214AB1D3F8042132B1D3F80821CD
:1095F0001AB9D3F80004C0B27047102070479878A9
:10960000704700BF5414002100E00041024B0022CB
:109610001A809A70704700BF581400212DE9F84352
:10962000044601200E461D4690469DF8209000F00D
:1096300049F904F00300284F40EA054040F08070EB
:10964000C7F80405C7F80865244E35710AF02AFBEF
:1096500038B9D7F8182522F0FF0242EA0802C7F805
:10966000182500221C4B4FF4805114F0FB0FC3F857
:1096700084201B4AC2F8081504D11A4AC3F8802175
:10968000C3F88420B9F1020F21D8174A012C124BDC
:1096900012F80920C3F8202506D00123022CF4700B
:1096A000737009D9BDE8F8830E4A1049C1F8D0217A
:1096B000C3F88C207470F470074B012200213270C3
:1096C000C3F80011C3F800121A60BDE8F8834FF424
:1096D000EE713C20EFF776FB00E0004158140021CA
:1096E00000F000410C000080E425030100800041EF
:1096F0002B4B5A7870B5002A48D02A4A0125C2F867
:109700000C15C2F81005DC789D701CB3042C19D020
:109710001978002935D01B790021023BC2F80411C9
:10972000012B05D820480323C0F85011C2F81C357E
:109730001C494FF480521D481D4BC1F88400C3F8EA
:10974000042570BD00211D70C2F80411C2F800523A
:10975000156070BD1B78F3B1C2F804414FF480541A
:10976000134BC3F80445D2F8006116B15560C3F835
:1097700008450B7803704B78043343708B78837003
:1097800070BD4FF483713C20EFF71CFB40F20A21BF
:109790003C20EFF717FBDA213C20EFF713FB00BF6B
:1097A0005814002100E000410080004105000080C5
:1097B00000F00041104B1A78CAB100220F4910483E
:1097C00010B44FF48054C1F88420C0F80845A0F5C7
:1097D000E040C1F88021C1F88420C0F8D021C1F850
:1097E0008C201A70002210BCA3F8012070470022C0
:1097F000A3F80120704700BF5814002100E0004189
:1098000000F00041F8B51B4B1B786BB31A4CD4F831
:10981000043113BB194B0222C4F804231F691A69CF
:1098200007F0100742F010021A61D4F8043153B95E
:10983000134E4FF48045C6F880510AF035FAD4F83B
:109840000431002BF7D027B90C4A136923F0100319
:109850001361094B0222C3F80823074BD3F8000415
:10986000003818BF0120F8BD40F279213C20EFF705
:10987000A9FA00BF5814002100E0004100ED00E00B
:1098800000E100E0014B01229A60704700E00041D6
:1098900038B54FF48042094BC3F88020BFF34F8F97
:1098A000BFF36F8F064C0025C4F80055C4F800556F
:1098B000FFF780FFC4F8805038BD00BF00E100E032
:1098C00000E0004170B5124D00260446C5F8006561
:1098D000C5F80065FFF76EFF012CC5F8806006D063
:1098E000022C0BD04CB184213D20EFF76BFA022201
:1098F000084BC5F80025C5F8143570BD0321054A8D
:10990000054BC5F80015C5F81425C5F8803070BDA5
:1099100000E000416014002103000080024BD3F8F6
:10992000A00200F0010070470000FF010A4B4FF653
:10993000FF72014610B4D3F8A442D3F8A8329BB208
:10994000934208BFB4F1FF3F14BF0120002001D0B3
:109950000C608B8010BC70470000FF010D4B70B491
:10996000D3F89062D3F89452D3F8984206EA0502ED
:10997000D3F89C1222400A40013202D1002070BC70
:1099800070470346066001205D609C60D96070BC32
:10999000704700BF0000FF010D4B70B4D3F8806228
:1099A000D3F88452D3F8884206EA0502D3F88C1221
:1099B00022400A40013202D1002070BC70470346A9
:1099C000066001205D609C60D96070BC704700BF7C
:1099D0000000FF01094B9B78012B0CD0022B09D111
:1099E000830706D406490020064B0122C1F8400532
:1099F0001A61704770474207F4D57047701500210F
:109A000000C00041008000411C4A431E10B582F88E
:109A10002400032B2DD8DFE803F027190A02184B86
:109A20000522C3F8102504F097FF40B910BD144B70
:109A30000622C3F8102504F08FFF0028F6D0114A43
:109A40000F4BD2F88020C3F8882510BD0C4C04239E
:109A5000C4F8103504F080FF0028E7D0094BD3F894
:109A60008430C4F8883510BD054B0322C3F8102597
:109A7000D9E740F6E1513E20EFF7A4F97015002137
:109A8000008000410000FF012DE9F04F0D4685B038
:109A900006461746002878D104238DF80E000DF1F4
:109AA0000C088DF80C3002F021F801284FF0FF303F
:109AB00088BF00208DF80D00404605F083F900288E
:109AC00040F0FD80AD4C4FF0010B3846DFF8B0A2FE
:109AD00094F8261084F85DB00191FFF795FF019985
:109AE0003846DFF8A0920AEB01031B7EC9F808355F
:109AF00002ABC9F8541594F9252001F097FA9DF9A5
:109B0000080001F0FDF99DF8090001F011FB0028A3
:109B100040F00E8140F20313C9F8343540F25B6324
:109B2000C9F83835217884F802B0012900F00581A0
:109B30000AEB4707944ABB8903F5FA73A2FB032398
:109B4000A5EB931511B9914BC9F88030216B904B5F
:109B500029448E4AC3F84015C3F8C0212378002B4E
:109B600067D194F8493043F00202DB0784F84920BA
:109B700000F1B980864B0122DA64D3F84C35994262
:109B800074D8002005B0BDE8F08F022200230DF14B
:109B90000C088DF80C208DF80E3001F0A7FF01287D
:109BA0004FF0FF3088BF00208DF80D00404605F0D3
:109BB00009F98146002840F0828001236F4C9E42C3
:109BC00084F85D3040F0CB80384694F82670FFF77B
:109BD0001BFF6B4B3B441A7E6A4BC3F80825C3F846
:109BE00054756378012B00F091806A4BC3F800959F
:109BF000644B40F2031740F25B600221D3F800226D
:109C000042F48872C3F80022C3F83475C3F83805EB
:109C1000D3F8682542F4C022C3F868252278A170E1
:109C2000012A93D0293D002A90D1584AC3F88420B4
:109C30008CE7012B94F8493004BF43F0040384F807
:109C40004930DF0796D59D074DD4580792D54D4B27
:109C50004E4AC3F8882003F58043D3F84031002BE7
:109C600088D040F241613E20EFF7ACF8238D952B70
:109C70000CD94EB3012E7CD101F129034648474946
:109C8000C36001F043FA0130012863D8404605F073
:109C9000A5F8002868D1A3789DF80C20012B56D098
:109CA000022B08D1930706D439490020354B0122F5
:109CB000C1F840051A61012005B0BDE8F08F40F6FB
:109CC00016313E20EFF77EF801F128033248334980
:109CD000C36001F015FA01300128D7D940F2647150
:109CE0003E20EFF76FF8274BD3F8002242F0010235
:109CF000C3F80022D3F8503503F0F603022B7FF4AB
:109D000039AF40F253613E20EFF75CF839464346E5
:109D100094F92520E07801F089F99DF90C0001F013
:109D2000EFF89DF80D0001F003FA00283FF460AF52
:109D300040F20A613E20EFF745F83AF81730124A30
:109D400003F5FA73A2FB0323A5EB9315FEE6520776
:109D5000AAD5B0E740F26E713E20EFF733F840F637
:109D600014013E20EFF72EF840F64E313E20EFF77B
:109D700029F840F272713E20EFF724F870150021A7
:109D8000E825030100800041D34D62100B000080E4
:109D900000C00041004000413C0000212826030192
:109DA00060220021094810B504F0F0FE41F21114C0
:109DB000074B00224FF08240AA21C0F8004EC3F8A2
:109DC000402EC3F8442EC3F8001E10BD70150021AC
:109DD00000700041962808B502D8044B188508BDCC
:109DE0004FF403713E20EEF7EDFF00BF7015002128
:109DF000024B0344187E00F516607047E825030106
:109E0000014B93F83C007047701500210B4B0C4A36
:109E100010B493F83C10D3E90D3002EB8102C01A64
:109E2000936ED16F03F2E733546D064A5B1A2044F8
:109E300010BCA2FB032300EB9310704770150021A8
:109E4000E8250301D34D6210024B986B1B6BC01ABF
:109E5000704700BF7015002110B50F4C82B003F0A1
:109E600041FAA36D0093D4E9142304F047FA94F85F
:109E70003C20D4E90C13094C5B1A094901EB82011F
:109E80008A6E496D02F2F3125B1AA4FB0212A3EB75
:109E90009213181A02B010BD70150021D34D621034
:109EA000E82503010C4A0D4B0D4910B592F83C0012
:109EB00003EB8003D2E90C04241A986E5B6D00F268
:109EC000F310E41AA1FB0030A4EB901403F00AFA9B
:109ED000201841F1000110BD70150021E825030193
:109EE000D34D62100139134BC9B2032910B583F861
:109EF000480014D8104A114C02EB8101104BD1F8E4
:109F0000982014430F4A0243C3F81445C3F8182598
:109F1000D3F8503503F0F703032B05D010BD4FF4F1
:109F200041713E20EEF74EFF40F21B313E20EEF72E
:109F300049FF00BF70150021E8250301080110004A
:109F4000008000410000030208B5154A154BC3F814
:109F5000AC210278032A1DD1D3F81425012990F8E9
:109F600001C022F4702210490CF03F0C0F4808BFCA
:109F700042F400224CEA0000C3F814250A6A42F0B9
:109F80000302C3F80029C3F8100901230A6281F80B
:109F90005C3008BD4FF45C713E20EEF713FF00BF4C
:109FA0000600008000800041701500218032020010
:109FB000384B4FF4807270B5C3F88020BFF34F8FD9
:109FC000BFF36F8F002234480121344D1346344CC7
:109FD000C0F8FC2FC0F8FC1F05EBC3010133D1F81A
:109FE00000232240824204D1D1F80023D1F8041387
:109FF0001160202BF0D1284D01230322294CC5F8F4
:10A000003035C5F8102584F8243004F0A5FC20B1C3
:10A01000224BD3F88030C5F888351F4D40F201211E
:10A020004FF48013204AC5F850160026107CC5F85E
:10A03000003201F08DF804F015FE1C491C4BC5F8E8
:10A04000A81102311B4AC3F8C820C3F8C41041F656
:10A05000F873194AC2F80435A687A66384F84960E4
:10A0600003F046F9D5F800299623206310202262D8
:10A070004FF480722385216E064B84F85C60C3F830
:10A080008021C5F804031A6001B18847BDE870401B
:10A0900001F02AB800E100E0008000410000FF016B
:10A0A00000F0FFFF701500213C000021030000803C
:10A0B00000C000410600008000F00041036870B558
:10A0C0001A0E354D1B02354EC5F824250446C5F839
:10A0D0001C354368C5F83C35037A86F82630437A48
:10A0E000807A5A1E86F84800D2B2032A4ED82C49EC
:10A0F00001EB8202D2F898102A4A0A43C5F81425C7
:10A10000294A0243C5F81825D5F8502502F0F70270
:10A11000032A36D0032B86F824302ED0042B21D0EE
:10A12000022B0FD00323C5F8103504F015FC28B11D
:10A130001E4A194BD2F88020C3F88825E37A86F8A6
:10A14000253070BD0423C5F8103504F005FC002847
:10A15000F4D0164BD3F88430C5F88835E37A86F806
:10A16000253070BD0523C5F8103504F0F5FB002837
:10A17000DED1E37A86F8253070BD0623C5F81035A8
:10A18000F3E740F21B313E20EEF71CFE4FF4417125
:10A190003E20EEF717FE00BF008000417015002141
:10A1A000E825030108011000000003020000FF0180
:10A1B000014B83F82500704770150021034B020EF8
:10A1C0000002C3F82425C3F81C0570470080004135
:10A1D000014B83F826007047701500212DE9F047E8
:10A1E000AC4C82B094F84930DD0740F13E81002844
:10A1F0004FF0000205460F460CBF042302238DF8E2
:10A2000006208DF8043001F071FC01284FF0FF307A
:10A2100088BF00208DF8050001A804F0D3FD0028B8
:10A2200040F01E8194F849304FF001089A4E43F0F7
:10A23000020384F85D8084F84930D6F8003243EA9E
:10A240000803C6F80032002D3CD0012D7ED0934B80
:10A25000D3F84C65238D952B00F2118101A804F0F1
:10A26000BDFD002840F00681A3789DF80420012B55
:10A2700025D0022B14D0206B301A1DB1293002B02A
:10A28000BDE8F0878649874A01EB4707BB8903F59C
:10A29000FA73A2FB032300EB931002B0BDE8F08732
:10A2A0009307E8D47D4B0022C3F84025A3F58043F3
:10A2B00001221A61206B301A002DDFD1E2E752072C
:10A2C000F0D5D8E794F826903846DFF8D4A1FFF708
:10A2D0009BFB494638460AEB09031B7EC6F8083546
:10A2E0006B46C6F8549594F9252000F09FFE9DF921
:10A2F000000000F005FE9DF8010000F019FF0028A5
:10A3000040F0A98040F20312644BC6F8342540F2B5
:10A310005B62C6F8382584F80280C3F84C80C6F822
:10A320000080D3F84C65238D952B97D95E4806F1B4
:10A3300028030AF14001C36000F0E2FE0130012869
:10A340008CD940F264713E20EEF73CFD7B1E94F800
:10A35000266084F82470032B00F29680DFE803F077
:10A360005E4F4A024C4B0522C3F8102504F0F4FA64
:10A37000002858D14A4B33441A7E474BC3F808256E
:10A38000C3F854656378012B54D0484B0022C3F8BE
:10A390000025414B40F2031640F25B603F49D3F881
:10A3A000002242F48872C3F80022C3F83465C3F86F
:10A3B00038050220D3F8682542F4C022C3F8682586
:10A3C0000122A070CA645A60238DD1F84C65952B88
:10A3D0007FF644AF344806F129033549C36000F0E5
:10A3E00095FE013001287FF639AF40F26E713E20B4
:10A3F000EEF7E8FC284B0622C3F81025B6E7DFF895
:10A4000098800423C8F8103504F0A6FA0028B1D0CB
:10A41000284BD3F88430C8F88835ABE71E4B0322AD
:10A42000C3F81025A2E7234BD3F880201A4BC3F8BA
:10A4300088259FE7314601AB94F92520E07800F0AC
:10A44000F5FD9DF9040000F05BFD9DF8050000F0AE
:10A450006FFE00289DD040F20A613E20EEF7B2FC6C
:10A4600040F616313E20EEF7ADFC4FF4F5613E208C
:10A47000EEF7A8FC40F64E313E20EEF7A3FC40F28A
:10A4800072713E20EEF79EFC40F6E1513E20EEF761
:10A4900099FC00BF701500210080004100C0004100
:10A4A000E8250301D34D62103C000021004000412B
:10A4B000282603010000FF0110B5FFF7E5FA00B1FF
:10A4C00010BD0346054C064A0121C4F84035022060
:10A4D0001161BDE81040FAF7B9BB00BF00C00041F0
:10A4E00000800041F8B51F4D95F83D30A3B30446F8
:10A4F000164608465CB1012C1DD00027296B324658
:10A500002046791AFFF7C0FA034648B1F8BD012B7F
:10A51000AF6B95F83C1017D000F00AFD0744EDE74B
:10A52000114C0121114A0220C4F840351161BDE8E7
:10A53000F840FAF78BBB012BAF6B95F83C1007D0B6
:10A5400000F024FD0744D9E700F010FD0744D5E7EB
:10A5500000F0FCFC0744D1E740F692013E20EEF704
:10A5600031FC00BF7015002100C000410080004197
:10A5700030B5424A4FF4807441494FF0FF30D2F871
:10A5800004530023C2F8080383B0C1F880414FF49C
:10A5900080113C4C05F01005C2F800123A4984F8CD
:10A5A0004930C1F84035C2F88830C2F88030C2F86E
:10A5B0008430D2F85015C9B259BB238D952B04D9DC
:10A5C000A378012B4FD0022B43D000232B4A94F8C1
:10A5D0005C10C2F8103123712380A37091B1C2F8CE
:10A5E000AC31D2F8141584F85C3021F47021236A60
:10A5F000C2F8141523F0030324492362C2F800397A
:10A60000C2F810191DB11D4B1022C3F8042303B06A
:10A6100030BD01218DF80700C2F8103111619DF89D
:10A6200007304BB90CE09DF80730013BDBB28DF8E9
:10A6300007309DF807301BB1D2F81031002BF2D053
:10A640009DF80730002BB8D140F6D2013E20EEF73E
:10A65000B9FB00F067FD01300128B6D940F6E901E9
:10A660003E20EEF7AFFB00F057FD01300128ACD9DA
:10A6700040F6E3013E20EEF7A5FB00BF008000415D
:10A6800000E100E07015002100C0004180320200AE
:10A69000F8B500222F4B304EC3F84825C3F84425A7
:10A6A000C3F84025C3F84C25FFF762FF00F022FDF8
:10A6B00096F85D302BB104F08BFB00283FD186F873
:10A6C0005D00002004F090FB044600283CD1214DA1
:10A6D000224FC5F8C401C7F88800C7F88000C7F842
:10A6E0008400C5F8C800C5F8C40004F0D3FA1C49BA
:10A6F0001C4B4FF4807241F6F870C7F8A8413476CD
:10A70000C5F8C041C6E90D44C1F80805C5F848457B
:10A71000C5F84445C5F84045C5F84C45C5F848411D
:10A72000C5F84441C5F84041C5F84C41C3F8802004
:10A73000BFF34F8FBFF36F8FC3F88021F8BD40F296
:10A7400076513E20EEF73EFB40F279513E20EEF787
:10A7500039FB00BF00C0004170150021008000419E
:10A7600000F0004100E100E0014BC3F83C057047F8
:10A770000080004138B50446074804F035FB28B98D
:10A78000064D94E80F0085E80F0038BD40F63411FF
:10A790003E20EEF717FB00BFD5990101D41500212B
:10A7A00008B5164B164993F84920C1F8040542F044
:10A7B000010C5864900783F849C009D4530706D5A3
:10A7C000104A114BC1F88820D3F840318BB908BD2D
:10A7D000D1F8003243F00103C1F80032D1F850350E
:10A7E00003F0F603022BF2D140F644113E20EEF7BF
:10A7F000E9FA40F241613E20EEF7E4FA70150021DB
:10A80000008000410B00008000C0004108B5184BDB
:10A81000184993F84920C1F8040542F0010C586426
:10A82000900783F849C00AD4530706D5124A134B40
:10A83000C1F88820D3F84031A3B9012008BDD1F870
:10A84000003243F00103C1F80032D1F8503503F073
:10A85000F603022BF1D1FFF78BFE0320FAF7F6F98E
:10A86000002008BD40F241613E20EEF7ABFA00BF88
:10A8700070150021008000410B00008000C00041E5
:10A88000124B196B9A6B0844824210B518D20124FE
:10A890000F4AD8615464D2F844151C764B1D83428C
:10A8A00005D30C4BD3F8042102B91C6110BD002163
:10A8B000094BC2F84411C2F84405C2F8C43110BDB6
:10A8C00040F657113E20EEF77DFA00BF70150021CB
:10A8D00000C00041008000410900008010B50F4C0D
:10A8E0000222034694F83DC02276BCF1010F208D70
:10A8F00094F83C1094F824200BD000F077FBE06132
:10A90000A36B0021064A0344C2F84411C2F844353F
:10A9100010BD00F04BFBE061F2E700BF70150021B5
:10A9200000C0004130B4094A40F00044084D012302
:10A93000C5F8044103FA00F00C60136C05490343A9
:10A94000C1F80405136430BC704700BF70150021C6
:10A950000080004100F00041044BC3F86005D3F8CB
:10A96000002242F04002C3F80022704700800041FC
:10A97000054B0021D3F8002222F04002C3F8002248
:10A98000C3F86015704700BF00800041044B0246C9
:10A990000120D3F8483503F07F035B421370704702
:10A9A0000080004110B5254C82B0228DE170952ABF
:10A9B0008CBF00230123237048B9A2788C46012163
:10A9C000022A61701BD0012B10D002B010BD0223EF
:10A9D000952A6370F9D8012808D1194AD2F80032B3
:10A9E00043F00803C2F8003202B010BD144AD2F896
:10A9F000003243F00403C2F8003202B010BD01ABD4
:10AA000094F9252094F82610604600F00FFB9DF97C
:10AA1000040000F075FA9DF8050000F089FB40B9CC
:10AA2000074AD2F8003243F48873C2F80032237820
:10AA3000C9E740F20A613E20EEF7C4F97015002123
:10AA400000800041024B0022C3F84025704700BF40
:10AA500000C00041044B30B4D3E914459B6DC0E9FC
:10AA6000004530BC0B607047701500212DE9F047A0
:10AA7000B74B0121B74C226B94F84870D964D3F8D6
:10AA80004C65B61A03F08AF9238D0022A665952B32
:10AA90002065626506D9A378012B00F0BC81022BEA
:10AAA00000F04A81AC4B0022AC49C3F88820C3F8BF
:10AAB0008020C3F8842084F84920D3F80002227E45
:10AAC0000140C3F80012002A63D1A378012B6AD099
:10AAD000022B00F0888000259F4AD2F8101100292F
:10AAE00040F08881A3F1010C9B4A0021BCFA8CFC48
:10AAF000C2F800114FEA5C1CC2F80C11C2F8101128
:10AB0000C2F80411C2F80811C2F86C11904A022B65
:10AB1000D2F848A5D2F84425C4E90D2A00F0DC801B
:10AB200094F82410627884F83C1084F83D30002AB0
:10AB300000F0CC8015F0110F40F07881B2F10109DE
:10AB4000207994F8008018BF4FF00109012800F027
:10AB50001B81022840F0B3808148FFF7AFFA61699A
:10AB60000023B8F1010F2380A370237107D13B3676
:10AB70008E4252D8764A84F80080C2F84031484666
:10AB8000E278FEF781FF0646002800F028810026C3
:10AB900047E003F58043D3F84421A378003A18BF77
:10ABA0000122012B94D16C4AD2F80C11002940F0FB
:10ABB000B980D2F81051002D94D0C2F800119C46F3
:10ABC000C2F80C113025C2F81011C2F80411C2F8F5
:10ABD0000811C2F86C115E4AD2F848A5D2F8442593
:10ABE000C4E90D2A9CE75C49D1F80C010028D1F892
:10ABF000000407BF042500210221062510F0010FE3
:10AC000018BF0D462AB105F00B0145F0010541F0D2
:10AC1000010100297FF466AF5EE74F4B4646C3F85B
:10AC2000108094F85C30A3B14B4B0022C3F8AC21E8
:10AC300084F85C20D3F8142522F47022C3F814257C
:10AC4000226A22F00302C3F800292262454AC3F8AF
:10AC50001029EB072CD4A80707D415F0280F63D1CF
:10AC6000EB0627D5236F984724E03B4BD3F85034AD
:10AC7000D90140F1A88013F4706F0CBF01220022AB
:10AC800013F0F00F08BF42F0010212B91A0740F0AA
:10AC90009A80314AD2F85414C3F30442C3F34253A6
:10ACA000022B98BF012A40F08E80012900F08B8092
:10ACB000636E9847A378022B1DD0BDE8F08700286B
:10ACC00054D040F6D9213E20EEF77CF8164622807B
:10ACD000A27022712276A4E794F82410CA1E012AD9
:10ACE0003FF620AF1C4AD2F8142412F0060F0CBF16
:10ACF0000421032116E7237E002BDED0022B00F077
:10AD0000A380012B40F0DF80E369A26B934240F205
:10AD1000D5800F4AC2F844350D4B134AC3F8C421FD
:10AD2000BDE8F0870825DDE685F02001E36E3046BA
:10AD3000C1F340119847BDE700F0F4F90130012854
:10AD40007FF6B0AE40F6E9013E20EEF73BF800BFDB
:10AD500000C000417015002100800041E2FEFFFFAD
:10AD6000781500218032020009000080208D002B20
:10AD700000F09580012A5DD0BCF1000F6DD100F08C
:10AD800005F900EB0A015CE05148FFF797F994F8E8
:10AD90003D30002B00F08880012B63D094F83C30CC
:10ADA0004C4A02EB8302D4E90C31C91A936E526DFE
:10ADB00003F2F313891A484AA2FB0323A1EB931170
:10ADC00060690144CCE6636C5B78BB4243D885F094
:10ADD0000400C0F38000A36E314698476AE73F4BFA
:10ADE0000122C3F84005A3F5804302201A61F9F758
:10ADF0002DFF16E7002145F01005C2F800118C4622
:10AE0000C2F80C11C2F81011C2F80411C2F80811EE
:10AE1000C2F86C117AE600F07FF9013001287FF664
:10AE200041AE40F6E3013E20EDF7CCFF0026FFF7F0
:10AE30009FFBF6E6BCF1000F2CD100F079F800EB97
:10AE40000A01206B091A8BE6A36BE169234A0B44C4
:10AE5000C2F8443560E70020BDE700F077F800EB6A
:10AE60000A01EEE794F83C20531ED9B2032920D8FA
:10AE7000184B03EB820203EB4103506DB3F89020B3
:10AE8000D4E90C13591A144B091AA3FB022301EB42
:10AE9000931195E700F06AF800EB0A01D1E740F65C
:10AEA00092013E20EDF78EFF40F29F713E20EDF7BC
:10AEB00089FF40F2B2213E20EDF784FF40F6BA410F
:10AEC0003E20EDF77FFF40F6B9413E20EDF77AFFD7
:10AED00078150021E8250301D34D621000C0004120
:10AEE000024B03EB8003586D704700BFE825030158
:10AEF000024B03EB8003D86F704700BFE8250301C6
:10AF00000028094B08DD01220338C3F80025C0B230
:10AF1000064BC3F80C0570470022C0B2C3F80025E9
:10AF2000024BC3F80C05704700400041008000410F
:10AF300010B504460846FFF7DBFF034BA3FB0030C8
:10AF4000A4EB901010BD00BFD34D6210054B02382A
:10AF5000054A33F8113003F2E733A2FB032300EB79
:10AF600093107047A4260301D34D6210054B064A87
:10AF700033F8113003F57A73A2FB032300EB93102F
:10AF8000704700BFA4260301D34D621010B50446DC
:10AF90000846FFF7ADFF044B00F2E730023CA3FB8D
:10AFA0000030A4EB901010BDD34D621070B50D4E63
:10AFB00084461D46104636F8111006EB820605350C
:10AFC000F4680C444FF47A7104F6B73401FB0C4476
:10AFD0000549A1FB0434FFF783FFA4092C44204456
:10AFE00070BD00BFA4260301D34D621070B50646A4
:10AFF00008461546FFF77CFF0A4B4FF47A7102466C
:10B00000284603EB8503DC68074B04F6B73401FBE5
:10B010000644A41AA3FB0434FFF762FF0530A40919
:10B02000204470BDA4260301D34D62102DE9F04FDA
:10B03000244C83B0064698460D46174600F0A8F803
:10B0400023788146B34202D16378AB4224D0731E89
:10B05000DBB2032B31D81C4A2946D05C0DF1070323
:10B060003A4600F09BF8824618BB9DF907B0284687
:10B07000FEF7BEFE534602464146584600F05EF8D3
:10B08000B8F8003026706570A380A071A77084F8AE
:10B09000039003B0BDE8F08F94F90230BB42D6D1E3
:10B0A000E3788342D3D1A38894F90600A8F800304E
:10B0B000EFE73D217520EDF785FE40F2B741062010
:10B0C000EDF780FE50000021C4260301014B1860FB
:10B0D00099807047E4150021024BD86019745A8298
:10B0E000704700BF10160021014B1B685B681847B2
:10B0F000FC060021014B1B689B681847FC060021D9
:10B10000014B1B681B691847FC060021014B1B689B
:10B110005B691847FC060021014B1B689B691847B7
:10B12000FC060021014B1B68DB691847FC06002167
:10B13000014B1B689B6A1847FC06002110B4034CA6
:10B140002468E468A44610BC604700BFFC060021E8
:10B1500000220E4938B50446134644FA02F0D5B22F
:10B160000132C00742BF581CCD54C3B2042AF4D1E7
:10B17000C3F10402042B054D4FF0FF01D2B288BF8A
:10B180000022E81803F002FD2C7138BD2C1B0021B1
:10B19000014B187D704700BF30160021042810B500
:10B1A00011D883B104280CBF10242824A1420AD24C
:10B1B000064C54F8200018B141568A42A8BF0A46EE
:10B1C00000201A7010BD6FF01500FBE7301600214B
:10B1D0000228034610DC10F1270F0FDB2830084A45
:10B1E00040B2105C024492F92C209A4207D0002908
:10B1F00018BF0130C0B270470F2070470020704761
:10B20000C8260301022808B506DCFFF7E1FF034B5F
:10B21000034493F92C0008BD0320FCE7C826030172
:10B22000014B01221A60704700500041044A01237B
:10B2300053600023C2F80031024A1370704700BF08
:10B240000050004145160021014B01221A70704741
:10B2500045160021054BD3F8003123B9044B18786B
:10B2600000F0010070470120FAE700BF00500041E4
:10B2700045160021024BD3F8080400F00100704786
:10B2800000500041024BD3F8140400F00100704755
:10B2900000500041024BD3F81C0400F0030070473B
:10B2A0000050004107490246D1F81804D1F818149B
:10B2B00010F4803005D0D0B201F003031B1A5842BD
:10B2C000584170470050004170B5094D01260446B1
:10B2D0002E70FFF7BFFF28B9064B6E706C60C3F885
:10B2E000046370BD002CFCD0A04700236B60F8E71E
:10B2F0004816002100500041024B00221A705A707B
:10B300005A6070474816002110B5034C208100F0A8
:10B31000ADFB608110BD00BF48160021014B98892C
:10B32000704700BF48160021014B1889704700BFC5
:10B3300048160021014B5889704700BF481600216C
:10B3400010B5EFF3108472B6064A937B0133DBB27B
:10B350009373937B012B01D1FFF762FF04B962B6AF
:10B3600010BD00BF4816002108B5FFF7E9FFFFF741
:10B3700071FF084A084B30B1012111610422DA73D0
:10B3800000221A7408BD0321D9730121C2F80413E5
:10B39000F6E700BF005000414816002110B5EFF35A
:10B3A000108472B6094A937B23B940F2E3116D20F1
:10B3B00003F09AF8937B013BDBB29373937B0BB959
:10B3C000FFF734FF04B962B610BD00BF4816002174
:10B3D000024BD87B003818BF012070474816002167
:10B3E00037B5184C637C63B9E06900F00300FFF7E0
:10B3F00059FF30B1EFF3108372B6E27B1AB103B993
:10B4000062B603B030BD0122E27303B962B6802395
:10B410000D4DC5F808334FF42073ADF80630BDF874
:10B4200006309BB25A1E92B2ADF80620002BF6D120
:10B43000C5F81C3184F82030FFF796FF8023C5F84B
:10B440000433DEE74816002100500041F8B5264CD1
:10B4500094F82130002B45D0244BD3F80071D3F859
:10B46000046157B10122C3F8082363782BB100258A
:10B47000636865700BB1984765601C4D3EB1002351
:10B48000C5F804310223C5F80833FFF7A9FFD5F842
:10B490001C3194F82060F6B237B1E27B032A01BF79
:10B4A0000422E27301222A617BB1104B0022C3F80F
:10B4B0001C21E37B042B04D040F2A2216D2003F079
:10B4C00013F80223E373FFF769FF5EB1002384F8EA
:10B4D0002030E37B022B01D1FFF746FFBDE8F840A7
:10B4E000FFF75CBFF8BD00BF4816002100500041C7
:10B4F00010B5054CE06900F00300FFF7D3FE00280B
:10B50000F8D0002010BD00BF48160021F8B5054650
:10B5100050B10278022A07D8437842B9013B1F2B69
:10B5200002D88378212B07D96FF0150085E0002B16
:10B53000FAD18378002BF7D16C4B2022C3F88020FE
:10B54000BFF34F8FBFF36F8F694EC3F880214FF069
:10B55000FF33684CC6F808330023C6F80031C6F83C
:10B560000431C6F81C31A373AB88A381FFF782FEB8
:10B5700010B101232370A373D6F80C24D6F80C3431
:10B58000D60303D5D80701D5FFF75EFE4FF4AF60B1
:10B59000FFF7BAFE0123AA78E3612B78A274002298
:10B5A000012B6374227416D0022B17D01BBBFFF73C
:10B5B00069FE002842D0FFF76DFEE36903F0030344
:10B5C00098423BD1AB79DBB9FFF792FF00281BDA39
:10B5D00040F21F4111E00223E361E8E7FFF7B0FE0C
:10B5E000434BD3F80C14D3F80C24C903F9D5D20774
:10B5F000F7D50323F0E740F211416D2002F074FF0C
:10B600003B4B0222C3F80423A37C63B12B7853B9CC
:10B61000FFF720FE054603F0E7F86FF00043002D2A
:10B6200060D0C4E9050301232022002084F82130E2
:10B630002E4BE073C3F880211A60F8BD2C4E012315
:10B64000F3600023C6F80431237FC6F8183508F0EC
:10B6500023FB88B10123C6F84C350123B3600223D4
:10B66000C6F80433AB79002BCED1D6F804339B0750
:10B670000FD44FF47171C0E708F010FB0028E9D136
:10B6800008F00EFB0028E5D108F00CFB0028E1D102
:10B69000E3E7194B1F691A6907F0100742F010021F
:10B6A0001A61D6F804310BB908F0FFFA104ED6F83B
:10B6B000043133B1FFF71CFF002805DA40F2DE3118
:10B6C0009BE708F0F1FAF2E727B90B4A136923F078
:10B6D00010031361064B0222C3F808230022C3F8AB
:10B6E000042191E7C4E905309DE700BF00E100E0D7
:10B6F000005000414816002100ED00E0094B1A7887
:10B7000010B504461AB142216F2002F0EDFE5A78BE
:10B7100032B901225A70FFF713FE2046FFF7D4FD1D
:10B72000002010BD6C16002138B5084C25781DB1DD
:10B7300058216F2002F0D8FE637823B1FFF7DCFDBB
:10B740006570FFF72BFE002038BD00BF6C1600218E
:10B7500008B501B3F0B14FF0FF331A46E0FB0132F8
:10B760000E498A4203D990216F2002F0BDFE180DC8
:10B770004FF22441C3F30F1340EA0230B0FBF1F261
:10B7800003EB0040064B03FB1200B0FBF1F040EA74
:10B790000240013008BD0846FCE700BF3F420F00F1
:10B7A000000024F4014B5B68184700BF6C160021B1
:10B7B000014B9B68184700BF6C160021014BDB68EA
:10B7C000184700BF6C160021034B1A780AB9FFF71F
:10B7D000A5BD188D704700BF6C160021034B1A7869
:10B7E0000AB9FFF7A1BD188A704700BF6C16002187
:10B7F000034B1A780AB9FFF79DBD988D704700BFBB
:10B800006C160021024B1B780BB9FFF7E9BD70479E
:10B810006C160021014B5B69184700BF6C160021B4
:10B8200010B5144C2378A3B1236A9847002806DB8F
:10B8300094F82A3023B10123002084F82E3010BD63
:10B84000FFF7E8FF0028F6DA4FF49F716F2002F04F
:10B850004BFE094B6361094BA361094BE361094B43
:10B860006360094BA360094BE360FFF74FFE0028BC
:10B87000E1D0E4E76C160021F1B40101713C020152
:10B88000D1B3010141B301019DB301016D3C02013E
:10B89000064B10B51C7824B140F29D116F2002F0C8
:10B8A00023FEFFF731FD204610BD00BF6C160021BE
:10B8B000014B1879704700BFA0160021044B1A797C
:10B8C000824283BF1B68302202FB00300020704799
:10B8D000A016002143F60952C0F30803400A02FBF8
:10B8E00003F302FB00F003F5807300EB5320704775
:10B8F0000346C0F30800C3F34E221B0E43EA0123A4
:10B90000090E10B54FEA411C43F609544FEA431E95
:10B910004CEAD36C04FB00F0BEEB030E04FB02F216
:10B9200000F580706CEB010402EB50204FEA841CA0
:10B930004FEA8E124CEA9E6CB2EB0E026CEB040CDA
:10B940004FEACC0C4CEA527CD200D31841EB0C01EC
:10B95000DA03C903801841EA534141F1000110BDE7
:10B9600048F2376C430B0CFB03F300B54FEA134C62
:10B9700043F6095E0F4B0EFB1C0000FB03F35B0D4F
:10B980000EFB03FE03EB4C2343F6085CF444B0EBE0
:10B990005C2F08D80EF5807E0B60A0EB5E20C0B255
:10B9A00010705DF804FB013300200B6010705DF82F
:10B9B00004FB00BF6F0C010070B5274DA94246D8AB
:10B9C0004FEA507C254C43F6095E43F608564CEA94
:10B9D000C10CC0F34F3101EB0C41A4FB0C5C204DBA
:10B9E0004FEA9C3C05FB1C11A4FB01411D4C890B3B
:10B9F00041EA0C4148F2376C04FB1104600B0CFB6C
:10BA000000F04FEA104C18480EFB1C4505FB00F0F7
:10BA1000400D0EFB00FE00EB4C207644B5EB562F9C
:10BA200011D80EF5807EA5EB5E2E5FFA8EFE049D8A
:10BA300085F800E00D06090A281841F10001186098
:10BA40005960146070BD01304FF0000EEFE7962191
:10BA50009B2002F049FD00BFFF7F841E83DE1B4355
:10BA6000000024F40080841E6F0C010048F237614E
:10BA7000420B43F6095C094B01FB02F2120C0CFB72
:10BA80001201500201FB0333013B5B0D0CFB03FC75
:10BA9000B1EB5C2F88BF0130184470476F0C010078
:10BAA0001F280CD800EB4003012010B4DB00054C2C
:10BAB00004EB030CE15010BCCCF8042070470020CC
:10BAC000704700BFA816002100F04EBA08B5064B1B
:10BAD00093F80023202A02D083F8300308BD2D21DB
:10BAE000022002F001FD00BFA816002108B5064B98
:10BAF00093F80023202A02D093F82E0308BD3321A7
:10BB0000022002F0F1FC00BFA8160021094A92F8B9
:10BB10000033202B08D003EB4303032102EBC300C7
:10BB200052F83330406818473E21022010B502F029
:10BB3000DBFC00BFA816002130B43E494FF0FF34B3
:10BB40004FF0FF350023FF223B480B700B618A70DA
:10BB5000C1E902454FF48054C0F88040BFF34F8FD5
:10BB6000BFF36F8F354A4FF0FF35C0F88041012495
:10BB70000B755460C2F80853C2F84035C2F8403122
:10BB80004FF40033C0F88030BFF34F8FBFF36F8F97
:10BB900002F5A042C0F8803154609460D2F80435B8
:10BBA000002BFBD188694FF4E024254D2349C2F8CE
:10BBB0000853C2F84843C2F840311F4CC2F8443120
:10BBC000C2F84831C2F80431C1F800324FF40033F2
:10BBD000236060B34FF0004301241A4DC1F8C03117
:10BBE000C0F88030C2F880300523C5F80445C1F89C
:10BBF00040350C60D1F84031002BFBD00122114CB4
:10BC00000023C4F8082504F500544A60CA60C1F84E
:10BC10004031C1F84035C1F8C031C0F88030C4F8B7
:10BC20008030094B022230BCC3F804237047012343
:10BC30001360F6E7E819002100E100E000C00041D0
:10BC40000200070000F0004100100141B1F1FF3F88
:10BC500008BFB0F1FF3FF8B500F09E80B44CD4E9C6
:10BC600002538B4208BF85426FD0B24B0522C3F806
:10BC700008252378012B69D0AF4B4FF4E0224FF415
:10BC8000803520F07F47C3F84823C3F808230022FB
:10BC9000C3F84021C3F84421C3F80853C3F84853FC
:10BCA000C3F84021D3F80425BA1A22F07F46B6F52E
:10BCB000000F6CD8A14E1640002E68D0C3F8407516
:10BCC000C3F8445300229E4E4FF48057A270C6F82A
:10BCD0008070BFF34F8FBFF36F8F9A4B01254FF0EA
:10BCE000FF3CC6F880715D60C3F808C3C3F8402507
:10BCF000C3F840212275D3F8042522F00302C3F8CB
:10BD00000425D3F8082542F00302C3F808251022C1
:10BD100092FAA2F2B2FA82F2092A00F30481C3F87D
:10BD20001025DD60844AC6F880713760864E257024
:10BD3000C2F8C061C3F8806004237E4EC6F80435A3
:10BD40006370C4E90201C2F84853F8BD7A4A4FF45F
:10BD5000C0234FF4803720F07F4CC2F84833C2F83C
:10BD600008330023754EC2F84431C2F80873C2F894
:10BD70004873C2F84031D2F80435ACEB03033342C8
:10BD800005D023F07F43B3F5000F40F2B78040F2B7
:10BD900009316C2002F0A8FB674BD3F80011002991
:10BDA00077D0644A0521624CC2F808152278012A2E
:10BDB00000F0AF804FF4E0210022C3F84813C3F82D
:10BDC0000813C3F84021C3F8442100205C4A4FF413
:10BDD0008051A070C2F88010BFF34F8FBFF36F8FF8
:10BDE000584D4FF0010C4FF0FF33C2F88011C5F8E9
:10BDF00004C0C5F80833C5F84005C5F84001D5F8BA
:10BE00000435207523F00303C5F80435D5F808354B
:10BE100043F00303C5F80835102393FAA3F3B3FAEC
:10BE200083F3092B7FDCC5F810354FF00043C5F8CC
:10BE30000CC0C2F8801111603F4AC2F80001C2F87C
:10BE40008031C5F880303B4BC3F804C5EFF3108751
:10BE500072B6D2F80415D2F8043173B92669002FEE
:10BE600039D162B6D2F80031002B38D0C2F80001C7
:10BE7000C5F804C0C5F80CC0E8E7236901332361A5
:10BE8000C2F80401D2F80415D2F80431002BF4D121
:10BE9000E4E7EFF3108072B6D3F80455D3F8042129
:10BEA000234C62B9236900B962B64FF08072032057
:10BEB0000021E3FB0201401941F10001CFE62269B4
:10BEC00001322261C3F80411D3F80455D3F80421D8
:10BED000002AF4D1E6E7D2F80031002BC6D10131B7
:10BEE0004FF000034FF0807243F10003E6FB0213B2
:10BEF0004FF60272C4E902132280F8BDC2F840C5B1
:10BF0000C2F84473D2F80435EB1A33427FF4DAAE48
:10BF1000F8E74FF4C0220021C3F84823C3F80823F0
:10BF2000C3F8441151E740F2A731084802F0D2FAB1
:10BF3000E819002100F0004100100141FEFFFF0060
:10BF400000E100E000C0004102000080742903010C
:10BF5000014BD3E902017047E8190021014BD3F8E6
:10BF6000040570470010014138B5EFF3108572B633
:10BF70000E4A0F49D2F80405D2F804315BB100240F
:10BF80000B6901330B61C2F80441D2F80405D2F801
:10BF90000431002BF4D10C6905B962B6FFF79AFCA5
:10BFA000044B0021E4FB030138BD00BF0010014138
:10BFB000E81900210080841E30B4EFF3108572B6BA
:10BFC0000E4A0F49D2F80405D2F804315BB10024BF
:10BFD0000B6901330B61C2F80441D2F80405D2F8B1
:10BFE0000431002BF4D10B6905B962B600214FF082
:10BFF000807230BCE3FB0201704700BF00100141BA
:10C00000E819002138B580B3031FDBB2022B4ED8EC
:10C01000294A1178B9B94FF48031284A03F5A8703C
:10C020009940C2F80813C2F8481352F82000D2F819
:10C0300004452349001B014021B19B00002103F569
:10C04000A073995038BD54788442E4D11D4805242A
:10C050000129C0F8084512D000244FF0FF304FF0FE
:10C06000FF311470C2E90201D5E7174B4FF480325B
:10C07000C3F80823C3F84005C3F8400138BD13488E
:10C080004FF48054C0F88040BFF34F8FBFF36F8FE1
:10C090004FF0FF35C0F880410B4800244160147513
:10C0A000C0F80853C0F84045C0F84041D4E74FF409
:10C0B0006B716C2002F018FAE819002100100141A0
:10C0C000FEFFFF0000F0004100C0004100E100E081
:10C0D00010B5002836D0031F5FFA83FCBCF1020FB5
:10C0E00057D8334B197811B15B7883425BD04FF44A
:10C0F00080314FEA8C032F4C002001FA0CF103F53C
:10C10000A07322F07F42C4F80813C4F848131851F2
:10C11000D4F80405284B101A034020F07F40B0F5F6
:10C12000000F8CBF00200120002B08BF002000B9A9
:10C1300010BD0CF5A87344F82320C4F80413C4F808
:10C14000441310BD1A4BD3E90201B1F1FF3F08BF00
:10C15000B0F1FF3F15D00AB3184B4FF480310120E6
:10C160000024C3F80413C3F840255864D3F84415D9
:10C17000C3F844458A42DBD82046FFF743FF2046F8
:10C1800010BD1B7D002BE6D140F23F316C2002F048
:10C19000ABF940F267316C2002F0A6F940F243316E
:10C1A0006C2002F0A1F940F263316C2002F09CF99E
:10C1B000E819002100100141FEFFFF0000C000410E
:10C1C000124B1B78012B16D0114B4FF4E0210022AB
:10C1D000C3F84813C3F80813C3F84021C3F8442137
:10C1E0000C4B00224FF0FF31C3F80813C3F8402571
:10C1F000C3F840217047064B4FF4C0220021C3F81A
:10C200004823C3F80823C3F84411E9E7E8190021DB
:10C210000010014100C0004120B1154B0122C3F8BC
:10C220004423704730B40121114C124B4FF480521B
:10C23000C4F84813C3F88020BFF34F8FBFF36F8F4C
:10C240004FF0FF34C3F880210B4B4FF0FF350B4A02
:10C2500059601075C3F808434FF0FF34C3F8400528
:10C26000C3F840011070C2E9024530BC704700BFFE
:10C270000010014100E100E000C00041E819002188
:10C2800008B5394BD3F80423D00303D5D3F84021A4
:10C29000002A35D1344BD3F80423910303D5D3F8C6
:10C2A0004421002A46D1304BD3F80423520302D54F
:10C2B000D3F848215AB92C4BD3F8042132B12B4A78
:10C2C0000021C3F8041113690133136108BD002272
:10C2D0002749C3F84821D3F84825D3F80435D31AA1
:10C2E000194021B123F07F43B3F5000FE3D91E4B72
:10C2F0004FF480220620C3F8082301F04FFCDAE750
:10C300000022C3F84021D3F84025D3F80435D31ACE
:10C3100023F07F42B2F5000F03D8154A1A40002AD5
:10C32000B8D1114B4FF480320420C3F8082301F038
:10C3300035FCAFE70022C3F84421D3F84425D3F8F5
:10C340000435D31A23F07F42B2F5000F03D8084A10
:10C350001A40002AA7D1044B4FF400320520C3F83D
:10C36000082301F01BFC9EE700100141E8190021A1
:10C37000FEFFFF0010B5204CA378FF2B19D02378C7
:10C3800073B10122022B22751DD11C4B0021C3F871
:10C3900008254FF0FF324FF0FF332170C4E902232C
:10C3A000174BD3F80423D20302D5D3F84021AAB9FE
:10C3B00010BD134BD3F80433002BF9D00720BDE890
:10C3C000104001F0EBBB022360782370FFF71AFEE8
:10C3D0000B4BD3F80423D203EAD5E6E700204FF451
:10C3E0008031FF22C3F80813C3F84001A270BDE8F2
:10C3F000104001F0D3BB00BFE819002100F000415C
:10C4000000C000412DE9F04F1C4695B004EB4404F8
:10C4100004920EAECDE90201FFF79AFD0191E20010
:10C42000C049054601EBC404083204F1080354581E
:10C430000A4424F07F4B92F80C90576892F80D80D4
:10C44000CDF814900FCB86E80F005846FFF742FA5C
:10C450004B46B54A01339042034400F28A8193422D
:10C4600000F3EB80002BC0F2C7809A46FFF7A6F9D5
:10C47000B8F1010F034608D0AC4ED6E902210A40BC
:10C48000013202D1002800F0EC800793FFF7B0F9E9
:10C49000019BAC42069005EA030977EB0303079B77
:10C4A000A9F1FF39B9FA89F94FEA591903D3B9F15A
:10C4B000000F00F0C680029A0321A21A8A42C0F23D
:10C4C000B680002B00F09C80029BE31A0293039B32
:10C4D00067EB0306FFF78CF9029B0930C217834212
:10C4E00076EB020380F0D880049B012B00F0AC8037
:10C4F000B9F1000F00F0DC804FF00009204639460A
:10C50000FFF7A4FBB7F1FF3F08BFB4F1FF3F00F016
:10C510003581254601975846FFF7DCF9844AAAEB96
:10C5200000039342C0F0C280A0EB0A009042C0F02A
:10C530000E817D4A934200F20C81904240F22881A4
:10C540007C4A121AD3170020FFF7C2FD824600284A
:10C550006DD0764EB8F1010FD6E9022300F0F080DD
:10C56000B9F1000F40F0B380B3F1FF3F08BFB2F163
:10C57000FF3F00F0F7800120FFF74EFE337C002BD9
:10C5800040F0EA80621E4FF0060067F10003FFF7FB
:10C590009FFDB369002800F0C28000221A600023CA
:10C5A0008DF84580DDF8149008AE8DF848304FF0D6
:10C5B000FF3208934FF0FF33DFF87C810F978DF83F
:10C5C000449045460E94CDE90A230FCE0FC50FCEF9
:10C5D0000FC596E80F0085E80F0020463946FFF7A3
:10C5E00087F94B4601331B18504641F10001C8E959
:10C5F000043115B0BDE8F08FDFF840A19A4435E76B
:10C600004A4ED6E90232B2F1FF3F08BFB3F1FF3F15
:10C610003FF45AAFE31A069967EB02028B4272F1BC
:10C620000003BFF451AFB8F1010F3FF44DAF4FF02D
:10C63000000A504615B0BDE8F08FDFF8F8A09A4424
:10C6400014E72A46494638E7019BB3F1FF3F08BF8C
:10C65000B5F1FF3F00F0978025F07F4B4FF00009C8
:10C6600059E7FFF7C5F8AC42019B069077EB030250
:10C6700002D32B40013303D1069BDA1C029B05E059
:10C68000337C0246002B2B4618BF0022E31A9A4245
:10C69000CDDC4FF00109B4E7B8F101092046394675
:10C6A00018BF4FF00109FFF7D1FA2BE71A4649E707
:10C6B0002A1B019B63EB0703042A73F1000129DAAB
:10C6C000012A73F10003B2DA25F07F4B23E7B3F1BF
:10C6D000FF3F08BFB2F1FF3F0BD0FFF769F84FF003
:10C6E000FF324FF0FF33C6E90223B9F1000F3FF4E8
:10C6F00045AF069B0520EA1A019B63F10003FFF793
:10C70000E7FC002849D0337C002B7FF43BAF0123AA
:10C71000337437E720463946FFF798FAF2E60122EC
:10C720001A603CE7A8160021FF7F841E081A00212A
:10C730000040420F00807BE1B01900210080841E80
:10C74000B3F1FF3F08BFB2F1FF3FCED0C5E7424291
:10C75000F8E601321A44F5E60520FFF753FC002302
:10C7600033740FE7FFF71EF8FFF726FCC6E9020156
:10C7700001E740F22E41702001F0B6FE40F2437115
:10C78000702001F0B1FE40F2A761702001F0ACFE14
:10C7900040F60B01702001F0A7FE40F2312170201D
:10C7A00001F0A2FE2DE9F04F904F83B07C7C04EBAA
:10C7B00044033B445D78202D46D08D4BE6B26400A7
:10C7C000002B00F089808B4BDFF82C92002B61D07E
:10C7D00005EB46124FEA461807EB420A9AF81C305E
:10C7E000013BDBB2052B32D8844A12F803B0BBF10F
:10C7F000080F2CD0AFF30080EFF3108372B63444EF
:10C800009AF81D203C446270A278AA4200F0E680AB
:10C8100013B9AFF3008062B6A84405EB450559464D
:10C8200009EBC50259F8353007EB4808506801227A
:10C8300088F81C2098477C7C04EB4403E6B23B4418
:10C8400064005D78202DC3D103B0BDE8F08F40F2C5
:10C850007261702001F048FE4FF02002A270002BA0
:10C8600000F0BA80A84405EB4505594609EBC5021E
:10C8700059F8353007EB48085068012288F81C2029
:10C8800098477C7C04EB4403E6B23B4464005D784B
:10C89000202DD9D005EB46124FEA461807EB420A85
:10C8A0009AF81C30013BDBB2052BD0D8534A12F862
:10C8B00003B0BBF1080FCAD0AFF30080EFF31083D1
:10C8C00072B634449AF81D203C446270A2789542B6
:10C8D000C2D0002BC6D17FE0464B4FF02009DFF8D5
:10C8E0001CB1DFF814A1002B4DD005EB46124FEA26
:10C8F000461807EB4202137F013BDBB2052BA6D89B
:10C900001BF803100829A2D0EFF3108372B6344449
:10C91000527F3C446270A278954208BF84F802902E
:10C92000002B50D0A84405EB45050AEBC5025AF888
:10C93000353007EB48085068012288F81C209847DA
:10C940007C7C04EB4403E6B23B4464005D78202D1C
:10C95000CBD179E762B6A84405EB45050AEBC502E1
:10C960005AF8353007EB48085068012288F81C2037
:10C9700098477C7C04EB4403E6B23B4464005D785A
:10C98000202D3FF461AF05EB46124FEA461807EB46
:10C990004202137F013BDBB2052B3FF658AF1BF879
:10C9A000031008293FF453AFEFF3108372B63444F9
:10C9B000527F3C446270A278954208BF84F802908E
:10C9C000002BC8D1C6E70191AFF3008062B6A8443E
:10C9D000019905EB4505A8E762B643E74FF0200251
:10C9E000A270002B7FF418AF13E700BF081A0021D4
:10C9F0000000000000000000A81600210427030129
:10CA00002DE9F04FDFF82CA1994601EB41034FF0DF
:10CA1000200E85B093461AF803400391744582F8BE
:10CA200000E000F082804A01CDF804900646DFF86D
:10CA30000881D94611460FE0737B012B02D0437D5C
:10CA4000012B57D00B1989F80040A6460AEB430387
:10CA50005B7F202B5DD01C4604EB440035684FEA19
:10CA6000440B08EBC000D0E903238768DB1942F1CF
:10CA700000029D4273689341DED2DDF804905D466A
:10CA8000039B89F800E04FEA431B28193768D6E971
:10CA9000012308EBC00013EB070CD0E9023142F18F
:10CAA0000002634571EB020211D3427D012A02D0DC
:10CAB000727B012A03D0012005B0BDE8F08F0193FD
:10CAC000FEF796FE019B0130DB1B8342F3DA25441F
:10CAD00089F80040B27B0BEB040308EBC5050AEBB9
:10CAE0004303A97D91421CD95C7F202C4FEA440569
:10CAF000CBD1E0E70291ED1BFEF77AFE01300299FF
:10CB000085429FDA5D46CB46DDF804909BF800E055
:10CB1000B6E7DDF80490012089F8004005B0BDE8D3
:10CB2000F08F002005B0BDE8F08F012089F80040AB
:10CB3000C2E700BF081A0021A81600212DE9F04F16
:10CB40000C46154683B01E469DF83070FEF78EFFEA
:10CB500022684519636846F10006954276EB0303A7
:10CB600042D3DFF88C8005E05D4576EB09033BD3CB
:10CB7000C4E900B90DF107030DF10602394620465C
:10CB8000FFF73EFF88BB9DF80730617B03EB430353
:10CB900008EBC303D3E902A01A691AF1030B40F1B1
:10CBA000000012EB0B0B40F100090129DCD05B7D8A
:10CBB000012BD9D1FEF71CFEABEB0A0301308342F7
:10CBC000D2DA9DF8073003EB430308EBC303D3E944
:10CBD00002B9FEF70DFE013010EB0B0B49EBE079CB
:10CBE0005D4576EB0903C3D2002003B0BDE8F08FAA
:10CBF000A81600212DE9F0471C46177A92F809C0C3
:10CC0000002388B0154612780646E3609DF8408000
:10CC1000A7730F4684F80DC0A360E273C4E9003324
:10CC2000002A3AD1FEF764FE3D4BD5E9042CC31827
:10CC300041F1000E9A427CEB0E030AD3013E4FF401
:10CC40007A7347F1FF372660C4E9017308B0BDE885
:10CC5000F0872C3041F1000182427CEB0103EDD3DF
:10CC6000501E04F10C0304AA6CF10001009306AB02
:10CC7000FEF7A2FE049B68680DF10F02023305A9BE
:10CC80001844FEF76DFE0799DDE9053261609B1AD5
:10CC9000226023F07F43A360D8E704F10C0206A9C9
:10CCA0002048FEF75DFE204B1B78202B24D01F4927
:10CCB0008B69D1E907210A3342F1000A13EB01091C
:10CCC0004AF1000A6B6805AA207B04F108011844A8
:10CCD000C4E9009A0230FEF743FE286932463B461B
:10CCE0002146CDF80080FFF729FF0028AED1C4E926
:10CCF000006708B0BDE8F08716F10A09637B47F1C9
:10CD0000000A012BDED0FEF759FD0028DAD1FEF72C
:10CD10006FFD10EB090399464AF1000AD2E700BF04
:10CD20000040420FFF7F841EA8190021B019002186
:10CD30002DE9F04100EB40030646314D4700DFF896
:10CD4000C480EC5CFFF70AF94FF0200C4FEA461E56
:10CD500004E04B7FA446202B1C464CD004EB44033C
:10CD60000EEB040108EBC30305EB41019A681B6954
:10CD70009B18121A1B1A22F07F4223F07F43B3F54F
:10CD8000000FE6D8B2F5000FE3D8BCF1200F02D1B6
:10CD90002046BDE8F081BA190CEB461371014FF043
:10CDA000040E15F8028005EB430344465B7FAB5449
:10CDB0000B192246204605EB430394455C7F83F81C
:10CDC0001CE0F5D1BB192B4493F802E0BEF1200F13
:10CDD0005FFA8EFC11D08C4405EB4C0C8CF81D8056
:10CDE0000A443E44202305EB420235445377A870A1
:10CDF0002046BDE8F0811C46C7E783F80180EFE7D5
:10CE0000081A0021A81600212DE9F04101EB410389
:10CE1000434D0C468046EE5C4F00202E38D1414BEE
:10CE20000BB1AFF30080FFF7C7F8AB7C202B0AD023
:10CE30003D4B10F1020CD3E906E241F10003E64557
:10CE400072EB030329D3202E08D042463346FFF766
:10CE5000D9FAB0B30220AE74BDE8F081D5E902235F
:10CE6000B3F1FF3F08BFB2F1FF3F19D12B7C13BBD9
:10CE70000420FFF7C7F8FFF7A3F90020FFF7CCF96C
:10CE80002021AB690022A97401201A60BDE8F0815D
:10CE90000846FFF74DFF8642C1D00020BDE8F08173
:10CEA000FEF786FC4FF0FF334FF0FF32C5E9022357
:10CEB0002B7C002BDCD00520FFF7A4F800232B747B
:10CEC000D6E706EB44133A196101042005EB43034E
:10CED00015F802E05B7FAB5473469C46CA18664562
:10CEE00005EB4202537F1077F7D13B192B4498781A
:10CEF0002028C2B210D00A4405EB420282F81DE09D
:10CF00003C4461442023002005EB410125444B773C
:10CF100085F802C0BDE8F08183F801E0F0E700BFCA
:10CF2000081A002100000000B0190021F8B52022E5
:10CF3000154D002315494FF0FF364FF0FF37AA700B
:10CF400042F22000AA741C4605F11C022B742880B2
:10CF50006B740B6081F82830C1E90267C5E902678C
:10CF600002F814300134202CFAD1094801F07AFC7F
:10CF7000084B094A1C70107001F0F6FCA861FEF71E
:10CF8000DBFD0123EB74F8BD081A0021B019002164
:10CF9000A5C70101A8190021E01900212DE9F04FD2
:10CFA00083B0DFF88882FFF707F806460C46FFF7E4
:10CFB00007F94FF0FF334FF0FF32C8E9022398F82A
:10CFC0002830D3B9D8F82000994AD8F8183000F59D
:10CFD000DF610233A2FB0121D8F81C204FEA912126
:10CFE00042F100021B1842F100025B1842F10002FC
:10CFF0009E4274EB020380F008814FF0FF304FF047
:10D00000FF31FEF723FE8B4A92F800B0BBF1200FF0
:10D0100000F0F680884D202313700022AB746B7CE7
:10D02000C8F8002003EB43025FFA83F9AF5C5B00B2
:10D03000202F00930AD0DFF804A207EB47037A0001
:10D040000AEBC303D97D012900F0AD80009B4FEAB4
:10D050004917DFF8ECA103EB09062E443478202CA5
:10D0600004D04846FFF764FE8442F7D1BAF1000FBE
:10D0700001D0AFF30080FEF79FFFAB7C202B09D0DF
:10D0800010F1020ED8E9062341F1000C724573EB52
:10D090000C03E3D3202C19D023460122FFF7B2F969
:10D0A00000285BD007EB0B03AC7405EB43031A7F3E
:10D0B000022A32D0FF23AB71009B4B441D446B7896
:10D0C000202B40F0818003B0BDE8F08FD5E902232A
:10D0D000B3F1FF3F08BFB2F1FF3F07D0FEF768FB97
:10D0E0004FF0FF324FF0FF33C5E902232B7C002BBA
:10D0F00053D10420FEF786FFFFF762F80020FFF708
:10D100008BF8AB6900222021A9741A6007EB0B038E
:10D1100005EB43031A7F022ACCD1484A0BEB4B01A3
:10D1200002EBC102527D022A67D0009A06214A44CE
:10D1300019772A4491782029CBB25BD03B4405EB88
:10D14000430383F81DB0009B5F444B4405EB470746
:10D150002B4483F802B020237B77ABE73B19307870
:10D16000042105EB430302465B7F33701346BA1874
:10D170009C4205EB42021177527FF7D1B17820290A
:10D18000CAB228D03A4405EB42025077B3703B4410
:10D19000202205EB43035A7760E70520FEF732FFB4
:10D1A00000232B74A5E75B7D012B16D1033644F1D8
:10D1B0000004D3190AEBC303D3E90202B042A2412F
:10D1C00028BFC3E9026441E71E4B187803B0BDE8ED
:10D1D000F04F01F073BB7070D8E70192FEF7EEFAE2
:10D1E000019A0028E2D1FEF703FB8619019A44F167
:10D1F0000004DEE782F801B0A5E701221A7759E7BB
:10D2000040F2C121702001F06FF90A4B18210B4A3E
:10D210001B7801FB03F30721D018D35840689847C7
:10D2200040F2B621702001F05FF900BFB019002173
:10D230009300DC92A8190021081A0021A8160021E9
:10D2400000000000E019002138B505460C46FEF745
:10D25000E1FA002822DB14494B7C01F11C0C5FFA37
:10D2600083FE0CEB831C002302E00133202B13D040
:10D270001CF81320D8B2002AF7D103EB4E1E0B4A3C
:10D2800003EB430301EB4E0142F8335002EBC303BF
:10D2900001225C600A7738BD184638BD40F217316C
:10D2A000702001F021F900BF081A0021A816002102
:10D2B0001F28034608D80A494A7C00EB421201EBBA
:10D2C0004202107F012801D00020704791F811C060
:10D2D000002203EB4C1301EB43031A77704700BFA6
:10D2E000081A0021014BD3E904017047B01900214D
:10D2F000014BD3F84005704700C000410378002B74
:10D3000040F0CF806C4A5368C3F308032DE9F04F17
:10D31000814689B0002B40F0B480684D684E05F11D
:10D320001C0ADFF8A0B126B1002140F25B40AFF348
:10D3300000806F7CFFB24FF00003AB7126B100217B
:10D340004FF48C60AFF3008007F101080AEB871CF3
:10D3500008F00108BCE80F000AEB88140FC4BCE811
:10D360000F000FC4BCE80F000FC49CE80F0084E856
:10D370000F0026B1002140F2EB30AFF3008007EB45
:10D38000470708EB4803E95BEA199278E9522B4416
:10D390009A7056B1002140F2EF30AFF3008026B111
:10D3A000002140F26540AFF30080FEF705FE04ABBC
:10D3B0004A46CDF8008004460F46FFF71BFC26B115
:10D3C000002140F26C40AFF300803F4B1B78202BD4
:10D3D0003FD0DBF81830DBF81C200A33DBF82010D4
:10D3E00042F100025B1842F10002CDF80080DDE955
:10D3F0000401984271EB020C22D322463B4604A959
:10D400003248FFF79BFB98B1DDE90401FEF770FAA3
:10D410009DF81C3001331B1841F10001C9F8103090
:10D42000C9F8141026B1002140F27F40AFF300800C
:10D43000AB79002B7FF477AF012009B0BDE8F08F06
:10D44000CDE9043204A922463B462048FFF776FB8B
:10D45000DAE714F10A039DF81D1047F100020129D3
:10D46000C3D0CDE90232FEF7A9F9DDE90232002886
:10D47000BBD1FEF7BDF9029B039AC31842F100022B
:10D48000B3E7103B59B200290DDB114B585C400942
:10D490000028D2D0094D0A4E05F11C0ADFF824B04D
:10D4A00041E70020704703F00F03043B1344187E4C
:10D4B00040090028EED1C0E700ED00E0081A002185
:10D4C00000000000B0190021A81900210040420FFF
:10D4D00000E400E0B74A53682DE9F04FC3F30803B6
:10D4E0008FB003900591002B40F0478108230493EF
:10D4F000059B1B78012B00F23782AF4D25B100212F
:10D5000040F24D50AFF3008000260127AB4C25B10F
:10D51000002140F25A50AFF3008027B9A84B0BB15D
:10D52000AFF3008062B694F811B05FFA8BFB4FF056
:10D530000003A371049B002B40F0CF80D84625B197
:10D54000002140F26E50AFF30080FEF735FD0AABCC
:10D55000059A8246CDF800B0FFF74CFB25B10021BB
:10D5600040F27650AFF30080039B4FEA481703EB7D
:10D57000481904EB490999F81C30013B012B00F2D2
:10D5800081802AF07F4A0A998E4EA1EB0A020C9BF9
:10D59000164022F07F42003E18BF0126B2F5000F70
:10D5A00088BF00265B18A3EB0A0323F07F43B3F583
:10D5B000000F8CBF002606F00106002E65D108EB97
:10D5C000480304224FEA4800234489F81C20997834
:10D5D0002029CAB200F0A1813A44039B04EB420225
:10D5E000537740441F444FF0010A204404EB47079F
:10D5F000837020237B7725B1002140F27B50AFF36D
:10D600000080714B0BB1AFF30080EFF310884746F9
:10D6100072B6A379002B7FF47AAF039B6B4F03EBB9
:10D62000430307EBC3070AAB08370FCB87E80F00AC
:10D63000BAF1000F0BD0049B3BB1002E40F03881B3
:10D64000637CDB4303F001036374FF23A371B8F130
:10D65000000F04D15A4B0BB1AFF3008062B625B175
:10D66000002140F2B250AFF30080BAF1000F72D146
:10D6700025B1002140F2BE50AFF3008050460FB0FC
:10D68000BDE8F08F4FF0000AB5E70DF127030DF16B
:10D69000260259460AA8FFF7B3F98246002800F08F
:10D6A0009F809DF826609DF827C0664540F0B580B4
:10D6B000202E00F04281BB1904EB43035B7F89F805
:10D6C0001D303E44039B04EB4606737700261F443F
:10D6D000032304EB47073B778DE73D4B0BF1010933
:10D6E00003EB8B1E09F0010903EB891CC846BEE859
:10D6F0000F00ACE80F00BEE80F00ACE80F00BEE87A
:10D700000F00ACE80F009EE80F008CE80F0025B179
:10D71000002140F2EB30AFF300800BEB4B0B09EB39
:10D72000490334F80B1004EB0B029278E1522344C6
:10D730009A7055B1002140F2EF30AFF3008025B16F
:10D74000002140F26450AFF30080A379002B7FF4F6
:10D75000DEAECB46F3E6637C03EB43031C44637805
:10D76000202B85D025B1002140F2B950AFF30080C5
:10D77000184B187801F0A2F87AE7103B59B200294B
:10D78000C0F2CF80144B5B5C5B090493002B7FF4E9
:10D79000AFAE124B1B78202B00F0EB80059B1B7863
:10D7A0000493002B3FF4A9AE40F24651702000F0E4
:10D7B0009BFE00BF00ED00E000000000081A002101
:10D7C00000000000FEFFFF0000000000A81600217E
:10D7D000241A0021E019002100E400E0A81900212A
:10D7E00008EB480304224FEA4800234489F81C2030
:10D7F00099782029CAB200F09C803A44039B04EB3C
:10D800004202537740441F44B2460026204404EBB2
:10D810004707837020237B77EDE6BCF1200F00F0F3
:10D82000AD8007EB0C03202E04EB43035A7F00F07E
:10D830008C80BB194FEA480004EB4303597F5A77A9
:10D8400006914FF005097B180A468E4604EB430308
:10D850009445597F83F81C90F5D100EB080307929B
:10D86000234493F80290B9F1200F5FFA89FC74D039
:10D87000BC44069B04EB4C0C8CF81D3000EB0803F9
:10D88000079A4FF0200C23443A44664583F802E09F
:10D8900004EB4202039B82F81DC03B4404EB4303AC
:10D8A00059777FF40EAF4044039B564623540EE74E
:10D8B000354B1B78202B7FF4C3AE59460220FFF76F
:10D8C000A3FA00287FF4BCAE637C0420DDF80CE0F2
:10D8D00003EB43010EEB431221445FFA83FC04EB9C
:10D8E00042028F7810775A01202F4FEA4303F8B293
:10D8F00036D0111804EB410181F81DE071466344F4
:10D900000A44B246234404EB420299702023537721
:10D91000B8F1000F7FF4A3AE9CE6039A5A70134649
:10D920005FE603F00F03043B13441B7E5B09049383
:10D930002CE7039A5A70134664E708EB48034FEA52
:10D940004800E35C89F81D30ADE708EB48034FEA77
:10D950004800E15CE254069173E7069A5A708DE73D
:10D9600081F801E07146CAE740F24A51702000F0A8
:10D97000BBFD40F24351702000F0B6FD40F2CF11E4
:10D98000702000F0B1FD00BFA81900212DE9F84F6B
:10D990007C4C4FF0010ADFF8F0810546B8F1000F2A
:10D9A00004D000214FF4BA60AFF30080BAF1000F49
:10D9B00004D1764B0BB1AFF3008062B64FF0000399
:10D9C000A371B8F1000F04D0002140F2D550AFF39D
:10D9D0000080667C6E4B771C5FFA86F903EB861637
:10D9E00007F0010703EB871C0FCEACE80F000FCE4A
:10D9F000ACE80F000FCEACE80F0096E80F008CE803
:10DA00000F00B8F1000F04D0002140F2EB30AFF36B
:10DA1000008009EB490307EB4702E15AE0184FEA9F
:10DA200047098378A15222449370B8F1000F04D0C3
:10DA3000002140F2EF30AFF30080A37903F0FF0143
:10DA4000002B7ED1B8F1000F03D040F2DF50AFF3CE
:10DA5000008005EB47137E0104EB43031B7F032B80
:10DA600040F08D8009EB070314F803B05D4518BF43
:10DA7000BBF1200F14BF012200226CD05B46F218CC
:10DA8000194604EB42035B7F9D4218BF202B14BF55
:10DA900001220022F3D1202B69D09B455FD0334473
:10DAA000314404EB430304EB41015B7F4B77B8F156
:10DAB000000F0CD0002140F25D30AFF30080B8F1D0
:10DAC000000F04D0002140F2E450AFF300802E4458
:10DAD000012304EB46063377B8F1000F04D0002190
:10DAE00040F2ED50AFF300802A4B0BB1AFF3008052
:10DAF000EFF3108A72B6A379002B7FF44FAF5D4528
:10DB000003D1254B1B78202B33D0637CDB4303F000
:10DB100001036374FF23A3714FF00109BAF1000FF1
:10DB200004D11A4B0BB1AFF3008062B6B8F1000F0D
:10DB300004D0002140F20F60AFF300804846BDE8FA
:10DB4000F88FB8F1000F3FF431AF002140F2DB5005
:10DB5000AFF3008022E7BBF1200F08D05B463344CF
:10DB6000B94404EB43035B7F04F809309FE7914617
:10DB7000D4E739460220FFF747F90028C5D14FF016
:10DB80000009CBE7081A0021000000000000000097
:10DB9000241A002100000000A819002170B586B0E9
:10DBA000072809D8DFE800F02C0808080819040A3B
:10DBB000584B01229B691A6006B070BD564B042178
:10DBC000564A1B7803EB430302EBC30052F8333091
:10DBD000406806B0BDE8704018474E4C237C002BCF
:10DBE00047D0D4E90223B3F1FF3F08BFB2F1FF3FB2
:10DBF00079D00120FEF710FB0023237406B070BD1E
:10DC0000444CD4E90223B3F1FF3F08BFB2F1FF3F18
:10DC10004BD0414E0120FEF7FFFA3378202B4BD03A
:10DC20003F4D95F82520012A30D0FDF7C7FD03466A
:10DC300058BB94F89C200132D2B2312A84F89C203F
:10DC400062D84FF47A7230786946CDE90032CDE976
:10DC50000233CDE90433FFF73DFC00284FD095F89F
:10DC60002840012385F82830FFF798F985F82840E7
:10DC7000A2E72B494FF0FF34274B4FF0FF35274ADF
:10DC80001B78C1E9024505219CE73378234A03EB61
:10DC90004303002102EBC30052F8333084F89C1098
:10DCA000406806B0BDE870401847FDF77BFDFEF701
:10DCB00083F9C4E90201ACE7637C03EB4301DAB208
:10DCC000635C202B16D003EB421204EB4202507F20
:10DCD0006054FF21A1710221114D33701177002290
:10DCE00085F828209DE7FDF75DFDFEF765F9C4E99D
:10DCF00002017EE740F25221702000F0F5FB4FF464
:10DD0000C761702000F0F0FB40F23461702000F039
:10DD1000EBFB00BF081A0021A8190021A81600215A
:10DD2000B01900211B4B10B51B7886B0202B26D0D4
:10DD3000194CD4E90223B3F1FF3F08BFB2F1FF3F12
:10DD400022D10DF10B02D4E90431009203AAC018CC
:10DD500004AB41F10001FDF72FFE9DF80B200520DB
:10DD60000F2ADDE9041394BF00220122521843F167
:10DD70000003A260E360FEF7ABF906B010BD40F20D
:10DD8000DF71702000F0B0FB4FF4FC61702000F0F8
:10DD9000ABFB00BFA8190021B0190021FEF7DEB8C7
:10DDA00038B5254B93F800E0BEF1200F3FD0234D4E
:10DDB0006B7C95F811C003EB43035FFA8CFCEB5CC2
:10DDC000202B25D04FEA4C1C1D4C05E0634405EB8D
:10DDD00043035B7F202B1BD003EB430204EBC20207
:10DDE000917D8142F2D80EEB4E0E04EBCE04D4E9C5
:10DDF000021320694018D2E9021243F10003C41C47
:10DE000043F10003A14272EB030304D2002038BDAA
:10DE10004FF0FF3038BD0B4B081A1C680338FDF774
:10DE200059FD04F140038342F0D8001B38BD40F691
:10DE30001B01702000F058FBA8190021081A0021CE
:10DE4000A8160021B01900218B4B2DE9F04F1D7849
:10DE500087B0202D019000F00981DFF8209206465E
:10DE6000DFF81C820DF1130299F811308B46D8F8B7
:10DE7000000005A903EB4303304419F80340D8F828
:10DE800018300393D8F820300293FDF769FDA6F10E
:10DE900040027C4B9A4268D805EB4505DFF8E8A1C3
:10DEA000059B0AEBC5018A6808699B18D8E90656E4
:10DEB0001818401B20F07F43B3F5000F55D899F890
:10DEC0001120202CC8F82000D2B288F826B000F02B
:10DED000C0805201DC462021934604EB44024019E5
:10DEE0004FEA44070AEBC20246F1000ED2E9026390
:10DEF000864273EB0E0346D3537D012B03D098F873
:10DF00002530012B35D005200091FEF77BF80099D4
:10DF100099F811004FF0FF324FF0FF332029C0B2C3
:10DF2000C8E9022340F0938000EB4000202419F858
:10DF30000030514A99F81110127802EB411209EBA6
:10DF400042025377D8F80030019A1344C8F80030E1
:10DF5000FF2389F80630202C35D04C4B187800F080
:10DF6000ADFC002007B0BDE8F08F012007B0BDE890
:10DF7000F08F0091751BFDF73BFC01300099854245
:10DF8000C1DA98F826C027440AEBC707BB7D634572
:10DF90000DD90BEB040309EB43035B7F202B16D059
:10DFA0002146D8F820001C46D8E9065695E7DDE959
:10DFB000023202209B18D8F818209B1AC8F820308B
:10DFC00007B0BDE8F08F002007B0BDE8F08F052056
:10DFD000FEF718F899F811004FF0FF324FF0FF33B9
:10DFE000C0B2C8E9022304EB40134FF0050C00EB6C
:10DFF000400209EB430319F802A046005B7F410190
:10E0000009F802305346CF181A461D4609EB470758
:10E0100094427B7F87F81CC0F5D137184F4497F89E
:10E0200002E0BEF1200F5FFA8EFC0DD08C4409EBAC
:10E030004C0C8CF81DA00A443044202109EB42020C
:10E0400048445177857074E787F801A0F3E70C46E0
:10E05000C9E70520FDF7D6FF4FF0FF324FF0FF3341
:10E0600099F81100C8E90223C0B25DE740F6440107
:10E07000702000F039FA00BFA8190021081A002109
:10E08000B0190021C03F420FA8160021E01900215D
:10E090002DE9F84F944C637C00EB431304EB4303EE
:10E0A0001B7F002B00F01B81667C05468F4FF6B26C
:10E0B00027B1002140F6A500AFF300804FEA4618D3
:10E0C00005EB461604EB4606002F40F0AC8008EB4B
:10E0D000050604EB4606337F012B09D01A1F022ADE
:10E0E00000F29A8008EB0503012204EB43031A7740
:10E0F0004FF0010ADFF8F89127B1002140F6BC008B
:10E10000AFF30080BAF1000F04D17A4B0BB1AFF33B
:10E11000008062B64FF00003A37127B1002140F6E2
:10E12000C100AFF3008094F811C00CF101065FFA52
:10E130008CF809EB8C1C06F00106BCE80F0009EB1B
:10E14000861EAEE80F00BCE80F00AEE80F00BCE88A
:10E150000F00AEE80F009CE80F008EE80F0027B11B
:10E16000002140F2EB30AFF3008008EB480806EBEB
:10E17000460334F8081004EB08024FEA460B927885
:10E18000E15223449A7027B1002140F2EF30AFF3FF
:10E190000080A37903F0FF01002B58D11FB140F696
:10E1A000CB00AFF300800BEB060323445878202804
:10E1B00010D0854200F08480804671014246C246FC
:10E1C0008B1804EB430393F81D80454548D0B8F104
:10E1D000200FF3D127B1002140F6CF00AFF300802C
:10E1E000454B0BB1AFF30080EFF310839A4672B644
:10E1F000A279002A80D16674FF22A27123B93D4B17
:10E200000BB1AFF3008062B627B1002140F6E10008
:10E21000AFF30080BDE8F88F05F046FD337F012B9A
:10E220007FF45CAF64E7337F012B3FF461AF1A1FCB
:10E23000022A36D9002140F6B100AFF3008005F084
:10E2400033FD002140F6B500AFF300803CE7002F1E
:10E250003FF458AF002140F6C700AFF300804BE712
:10E26000B8F1200FB6D0404530D00A44414404EB09
:10E27000410104EB42024B7F537727B1002140F26A
:10E280005530AFF300800BEB060323449B78984591
:10E290000AD0002FA4D0002140F25D30AFF30080FF
:10E2A00098E701233377CCE727B100214FF456706C
:10E2B000AFF300800BEB0603234483F802A0E8E7EA
:10E2C000202887D080464FF0200A710141440BEB93
:10E2D000060304EB410123444A7F5A70CDE740F620
:10E2E0009C01702000F000F9081A002100000000D5
:10E2F000241A0021000000000000000070B586B064
:10E300005BBB054610460C460DF10B06FDF7E2FA25
:10E310000246214604AB1446284603AA0096FDF7A0
:10E320004BFB039A1249A31A8B4209D3121B8A4250
:10E330000CD310498B420BD88A4213D90E4B9B1A2F
:10E340000A9AA2F10F00C01A06B070BD5342F7E757
:10E3500003F1F45303F59023F2E740F6E701702050
:10E3600000F0C2F840F60B01702000F0BDF800BFCD
:10E370000040420FFF7F841E00807BE1BFF34F8F80
:10E380000549064BCA6802F4E0621343CB60BFF351
:10E390004F8F00BFFDE700BF00ED00E00400FA056D
:10E3A000094B01225A604FF0FF32C3F808234FF4A3
:10E3B0000052064BC3F88020BFF34F8FBFF36F8F1F
:10E3C000C3F88021704700BF00D0004100E100E0A9
:10E3D000094B01225A604FF0FF32C3F808234FF473
:10E3E0008032064BC3F88020BFF34F8FBFF36F8F8F
:10E3F000C3F88021704700BF0000014100E100E048
:10E4000010B5134900230122124CC1F8FC3FC1F89A
:10E41000FC2FDA00013302F1FF7202F58032D2F8EC
:10E4200000032040884202BFD2F80003D2F8042340
:10E430000260202BEDD1084B4FF48072C3F880208E
:10E44000BFF34F8FBFF36F8FC3F8802110BD00BFA4
:10E450000080004100F0FFFF00E100E0F8B51B4E36
:10E4600005460C461746337863BB00F06BFA05F09F
:10E47000FCFB77603472FFF7C3FF1548FFF7A8FF76
:10E48000FFF78EFF002D18BF2846FDF7C9F9054696
:10E49000B0B9FEF74BFDFDF7B5F905F0EAFB002C2E
:10E4A0000CDB04F01F0264090123A400934004F173
:10E4B000604404F56144C4F8803123600123337063
:10E4C0002846F8BD4FF0FF35FAE700BFA81A002133
:10E4D0000A27030108B572B6024B5B6803B198477F
:10E4E000FFF74CFFA81A00211FB572B6134B5D68E9
:10E4F0008DB9FFF743FFB4FBF6F4D3B20132002C21
:10E50000F9D103F110026A4402F80C4C0A2233B923
:10E5100001A8A847EDE7044600220A26EDE7013BE3
:10E52000DBB203F110040DEB0406B0FBF2F402FBC6
:10E530001400303006F80C0C2046E8E7A81A002139
:10E54000074B93F90830002B09DB5A09012103F02E
:10E550001F03403201FA03F3024941F822307047A9
:10E56000A81A002100E100E0014B1878704700BFB5
:10E57000A81A00212DE9F84FDFF8C4A00126314C7C
:10E580000746314DDFF8C4909AF800805FFA88F8AA
:10E59000FF238AF80030B8F1000F01D08AF801306B
:10E5A000EFF3108272B600236660C4F80031C4F83D
:10E5B0000431C4F8047526603AB962B605E0D4F8AF
:10E5C000043133B92B69DB0620D4D4F80031002B99
:10E5D000F5D0D4F80431002BE2D1B8F1000F13D1FB
:10E5E0009AF80130DBB28AF8018003214FF400521F
:10E5F000C4F80813C4F80481C4F80081C9F8802164
:10E600008AF80080002BBFD1BDE8F88F4FF400538B
:10E61000C9F88031EFF3108B72B60323C4F80433CA
:10E62000D4F8003113B9D4F804311BB1BBF1000F99
:10E63000CBD1C2E705F038FBBBF1000FC5D1BCE779
:10E64000B41A002100D0004100ED00E000E100E03C
:10E6500070B51546DA078CB01C4686468C4640F1EC
:10E66000A280C37B6E4642788DF80030837B8DF8A4
:10E670000E208DF80130437B8DF80230037B8DF83E
:10E680000330C37A8DF80430837A8DF80530437AED
:10E690008DF80630037A8DF80730C3798DF808308D
:10E6A00083798DF8093043798DF80A3003798DF834
:10E6B0000B30C3788DF80C3083788DF80D300378EB
:10E6C0008DF80F30CB7B4A788DF810308B7B8DF82E
:10E6D0001E208DF811304B7B8DF812300B7B8DF89E
:10E6E0001330CB7A8DF814308B7A8DF815304B7A45
:10E6F0008DF816300B7A8DF81730CB798DF81830ED
:10E700008B798DF819304B798DF81A300B798DF89B
:10E710001B30CB788DF81C308B788DF81D300B7842
:10E720008DF81F303046FFF725FFA30731D59DF840
:10E730002F009DF82E109DF82D209DF82C3028706C
:10E7400069709DF82B009DF82A10AA70EB709DF857
:10E7500029209DF82830287169719DF827009DF8BF
:10E760002610AA71EB719DF825209DF8243028729F
:10E7700069729DF823009DF82210AA72EB729DF831
:10E7800021209DF8203028736973AA73EB730CB0B5
:10E7900070BD0DF1200CBCE80F0028606960AA6014
:10E7A000EB600CB070BD6E46DEF80410DEF8082099
:10E7B000DEF80C30B6460068AEE80F00DCF800006A
:10E7C000DCF80410DCF80820DCF80C30AEE80F00B0
:10E7D000A8E700BF10B5002482B0CDE90044FFF7E0
:10E7E00037FF02B010BD00BF1B4B4FF4803270B535
:10E7F000C3F88020BFF34F8FBFF36F8F174D0021F9
:10E80000174CC5F80011C3F880212669236906F06A
:10E81000100643F0100323610123C5F804332B6075
:10E82000D5F80031A3B11EB9236923F01003236189
:10E830000A4B0122D3F808055A60C3F808230022C6
:10E84000C3F800214FF48032034BC3F8802170BD20
:10E8500005F02AFAE4E700BF00E100E00000014112
:10E8600000ED00E002460C49052038B50138C0B281
:10E87000FF2803D148216920FFF736FE01EBC003D2
:10E880001D7905F0FF04002DF0D141F83020012260
:10E890005C719C711A7138BDB81A0021042808B542
:10E8A00003D94F216920FFF71FFE034B03EBC00084
:10E8B0000023037108BD00BFB81A0021042808B561
:10E8C00003D958216920FFF70FFE094B03EBC00065
:10E8D0000379012B01D05921F4E74379827901337F
:10E8E000DBB29A4218BF4371BDE80840FFF728BE6B
:10E8F000B81A002170B50625114C0026013D15F00F
:10E90000FF0500D170BD94F8281004EBC1031A79FB
:10E91000012A09D158799A79904205D05A79D2B210
:10E920009A7154F83130984794F828300133DBB2AB
:10E93000042B94BF84F8283084F82860DEE700BFF9
:10E94000B81A0021024BD3F83021024B1A607047ED
:10E950000000FF01E41A0021024B1868C31F58424F
:10E9600058417047E41A00210048704700070841E9
:10E97000914270B53BD2B2FA82F33BB1C3F12004AD
:10E9800099409A4020FA04F498402143160C1FFA4B
:10E9900082FE030C85B2B1FBF6FC06FB1C142404BA
:10E9A00004EB10400CFB0EF4844206D9201A90426E
:10E9B0008CBF02200120ACEB000C03EB01410CFBEF
:10E9C00012114FEA0C4CB1FBF6F006FB101100FBE4
:10E9D0000EFE05EB01418E4506D9AEEB010E9645C4
:10E9E0008CBF02220122801A40EA0C0070BD732104
:10E9F0009620FFF779FD00BF70B5044616461D4608
:10EA0000FFF7B6FF049B00FB164428601C6070BD36
:10EA10002DE9F8431C4652EA040348D00746154640
:10EA20000E4694B3B4FA84F9B9F11F0F43DC4FF0EA
:10EA3000010808FA09F220FA08F0A2FB05C340EA2F
:10EA4000C17021FA08F102FB0432FFF791FFC9F10E
:10EA50001F030021D84028D0431E8C46804661EB1E
:10EA60000101184605FB01F203FB0422A5FB033E4E
:10EA7000FB1A72441F4666EB0206AF4276EB0403B4
:10EA800011D340466146BDE8F883914208D3214640
:10EA90003046FFF76DFF04462A46384604FB1561F1
:10EAA000FFF766FF2146BDE8F8838446E5E7CA2103
:10EAB0009620FFF719FDE7219620FFF715FD00BF0F
:10EAC00092B1013A17D0034600EB020C10B501E0F9
:10EAD0009C450BD08E461C4611F8012B13F8010BF8
:10EAE0009042F5D0801A10BD1046704760789EF8AD
:10EAF0000120801A10BD00780A78801A704700BF84
:10EB000010B5441A94422BD34AB34B1CC31A022BA0
:10EB100031D9531E072B2ED922F003048C4686468A
:10EB20000C445CF8043BA4454EF8043BF9D122F0B8
:10EB3000030302F003049A4200EB030C01EB030E03
:10EB40000DD0CA5C012CC25409D09EF80130022CB1
:10EB50008CF8013003D09EF802308CF8023010BDE2
:10EB6000002AFCD08B18024413F801CD8B4202F826
:10EB700001CDF9D110BD4B1E0244014613F8014FDF
:10EB800001F8014B9142F9D110BD00BF2DE9F041D0
:10EB900084075FFA81FE5FD0002A59D0034601E066
:10EBA000002A55D003F801EB990702F1FF32F7D1A3
:10EBB0004EEA0E24032A44EA04443ED9151FC3F347
:10EBC0008001AE08172D06F1010647D998460029A5
:10EBD00040D048F8044B771A03EB810C79080CEB12
:10EBE000C101CCE900440CF1080C6145F9D127F0D2
:10EBF000010C08EB8C016745CCEB8C7805EB8805A4
:10EC000017D02F1F0C60032F13D9A5F108074C60F4
:10EC1000032F0ED9A5F10C078C60032F09D9A5F19C
:10EC20001007CC60032F04D9143D0C61032D88BF5D
:10EC30004C6102F0030203EB86034AB1013A83F808
:10EC400000E005D0012A83F801E018BF83F802E054
:10EC5000BDE8F0811546BEE70346A9E7194615460B
:10EC6000CFE700BF094B0A4AC3F880210132C3F83D
:10EC700084210132C3F88C210132C3F89021013282
:10EC8000C3F8EC210132C3F89020704700800041A6
:10EC900004000080074B0022C3F88021C3F88421C0
:10ECA000C3F88C21C3F89021C3F8EC21C3F890205D
:10ECB000704700BF00800041844641EA000313F022
:10ECC000030359D1403A33D32DE9F000F0C9F0C025
:10ECD000F0C9F0C0F0C9F0C0F0C9F0C0403AF5D2B8
:10ECE000F0BC25E0403A23D30B6803604B684360D7
:10ECF0008B688360CB68C3600B6903614B694361B8
:10ED00008B698361CB69C3610B6A03624B6A43629F
:10ED10008B6A8362CB6AC3620B6B03634B6B436387
:10ED20008B6B8363CB6BC36340304031403ADBD2A3
:10ED300030320BD30B6803604B6843608B68836091
:10ED4000CB68C36010301031103AF3D20C3205D3C7
:10ED500051F8043B40F8043B043AF9D2043208D09D
:10ED6000D2071CBF11F8013B00F8013B01D30B880F
:10ED700003806046704700BF082A13D38B07B1D0C9
:10ED800010F00303AED0C3F10403D21ADB071CBF9B
:10ED900011F8013B00F8013BA4D331F8023B20F805
:10EDA000023B9FE7043AD9D3013A11F8013B00F83E
:10EDB000013BF9D20B7803704B7843708B788370EA
:10EDC00060467047014B1B681B68184740070021CD
:10EDD000014B1B685B68184740070021014B1B680B
:10EDE0009B68184740070021014B1B681B691847A7
:10EDF0004007002138B505460C46EAF7D5FA30B190
:10EE00003E2D04D12046BDE83840EAF70DBB38BDA1
:10EE10001FB5014601A800F006F801A803F032FA78
:10EE200005B05DF804FB0B880022C3F30B0383805D
:10EE30004B884272C3804B78C3F30113012B02D07D
:10EE4000022B18BF134604310372016070478B8890
:10EE5000043010B500F8043C0C4610F8033C03F0F5
:10EE6000F00300F8033C8A88C2F30322134300F83E
:10EE7000033C03F0CF03CA8800F8022CCA8800F8CC
:10EE8000033C120A00F8012C0A7A120102F0300247
:10EE9000134303F03F0300F8033C4A7A43EA82132A
:10EEA00000F8033C0968814205D0E288FB2A28BFAC
:10EEB000FB22FFF701FFE0880430C0B210BD8B8851
:10EEC0000A46043010B400F8043C10F8033C03F088
:10EED000F00300F8033C8988C1F303210B4300F8D9
:10EEE000033C03F0CF03D18800F8021C10F8011C8A
:10EEF00001F0C00100F8011CD48800F8033CC4F301
:10EF00000524214300F8011C01F03F01147A24017B
:10EF100004F03004234303F0BF0300F8033C547AA9
:10EF200000F8011C43EA841303F07F0300F8033C5C
:10EF30001168814203D0D28810BCFFF7BDBE10BC5F
:10EF400070472DE9F8430B7805460C46013B822BB0
:10EF500000F27882DFE813F099009D00A1005201D1
:10EF600076021A01200126012C01320136013801F6
:10EF700048014E0183007602A6007602AA003C01F9
:10EF800042015C01620156017602680176027B0152
:10EF9000AB01B101B7017602BD01C901CF01760213
:10EFA000FF010D023502130227022F02190221026E
:10EFB0006A0270023B02410259024702760276025F
:10EFC0007602760276027602760276027602760281
:10EFD0007602760276027602760276027602760271
:10EFE0007602760276027602760276027602760261
:10EFF0007602760276027602760276027602760251
:10F000007602760276027602760276027602760240
:10F010007602760276027602760276027602760230
:10F020007602760276027602760276027602760220
:10F030007602760276027602760276027602760210
:10F040007602760276027602760276027602760200
:10F05000760276027602760276024D0253020E2383
:10F06000B1F803200B7042F283039A4209D10623C0
:10F07000637066782146284602363246FFF71CFE4A
:10F080005AE03121C720E9F79DFE0C230B700823BD
:10F09000EEE71A230B700123EAE73E230B700223ED
:10F0A000A370E6E73E230B700B23F9E72920EAF76C
:10F0B000BBF928B13E232370222363702923EFE795
:10F0C0000A20EAF7B1F93E2305F1080204F108012C
:10F0D0002B70A0B30A23AB70E378EB70A3882B717D
:10F0E000A3881B0A6B71A379AB71E379EB71A368F9
:10F0F000AB608B8893801F22D4F80E30C5F80E3099
:10F10000638A6B8263696B61238B2B83638BAB7622
:10F11000638B1B0AEB76A38B2B77A38B1B0A6B7776
:10F12000E38BAB77E38B1B0AEB7794F8203085F801
:10F1300020306A70023296B23046BDE8F88301236F
:10F14000AB70E378EB70A3882B71A3881B0A6B71FB
:10F15000A379AB71E37903F00103EB71A368AB60B2
:10F160008B8893801322638BAB73638B1B0AEB73C7
:10F17000A38B2B74A38B1B0A6B74E38BAB74E38B95
:10F180001B0AEB7494F820302B75D2E73E230B70EA
:10F1900004234B70142383E73E230B700C234B7026
:10F1A00004237DE73E230B700A234B70032377E78C
:10F1B0003E230B700D234B70052371E7052323704D
:10F1C000042355E70823FAE730230B7003234FE7A6
:10F1D0003E230B700B234B70072361E73E230B701C
:10F1E00006234B700C235BE713230B708B789B007B
:10F1F00001333DE757230B70022339E73E230B70A1
:10F200000D234DE73E230B7001234B70112347E77D
:10F210003E230B7006234B70122341E73E230B70F5
:10F2200009234B7013233BE73E2303702420EAF7A6
:10F23000FBF8002815BF24230E2313260F26324681
:10F24000A11CE81CAB70FFF737FD721C71E73E2371
:10F2500003702520EAF7E8F8C0B125230A26AB7031
:10F26000D4F80230C5F80330D4F80630C5F80730BA
:10F270006389A5F80B30F01CE27A04F10C012844F4
:10F28000FFF71AFDE27A0132324452E70F230726D4
:10F29000AB706388A5F8033023796B716379AB7128
:10F2A000A379EB71A37A2B72E37A6B72E3E73E23C7
:10F2B0000B7003234B701023F2E63E230B700523E3
:10F2C0004B702023ECE63E230B7009234B70212367
:10F2D000E6E63E2303702620EAF7A6F8002815BFCD
:10F2E0002623182317261326A9E73E230B70042391
:10F2F0004B702723D4E63E234FF00008814603706D
:10F30000282346468370D1F8023049F8033FAA7992
:10F310005FFA88F39A4205D8721D92B2002A3FF430
:10F32000A8AE06E7B21D331D08F10108A118A258C6
:10F3300009EB030049F80320063131F8023C06309E
:10F3400020F8023C10F8017C3A460637FFF7B4FC7F
:10F350003E44B6B2DBE73E232A200B70EAF764F89E
:10F3600018B12B2363702A239AE61D236370192397
:10F3700096E63E230B7007234B701A2390E63E233C
:10F380000B7014234B7022238AE63E230B700B7CF8
:10F390005B000F334B701D2382E63E230B7003236B
:10F3A0004B701E237CE63E230B700B7D5B001333FA
:10F3B0004B701B2374E63E230B7003234B701C23FE
:10F3C0006EE63E230B7005234B701F2368E6FF2378
:10F3D0000B700B234B70A22362E6FF230B700523F7
:10F3E0004B70A3235CE6FF230B700D234B7080232F
:10F3F00056E6FF230B700D234B70822350E6FF234C
:10F400000B7002234B7083234AE6FF23C21C037058
:10F4100081238370D1F8033003F1280153F8040BE2
:10F420008B4242F8040BF9D1292282E63E230B706D
:10F430000C234B70232333E63E230B700E234B70BB
:10F44000FD232DE640F242211CE608B510B1FFF77E
:10F45000DFFC10B96FF0150008BD0020FCE710B507
:10F460000C4648B141B1E9F72BFF0028207014BFCA
:10F4700000206FF0220010BD6FF01500FBE708B50B
:10F48000E9F7B0FF002008BD01F00BB9F3F726BA89
:10F49000F3F742BAF3F754BA08B5E9F7B5FF00201D
:10F4A00008BD01F042BD01F064BD03460222002008
:10F4B0001A70032258709A708922D8705A716FF0AE
:10F4C000650218719A715022DA716FF075021A7222
:10F4D0006FF06A025A7201229A726FF06302DA7256
:10F4E000704701F02EB938B50446FAF717FA01282B
:10F4F0001BD1601CFAF71AFAB8B1A3790020E51DF8
:10F5000063F03F03A371F4F74DFC40B110220021DA
:10F510002846FFF73BFB01230020237038BD284617
:10F52000FAF71CFA0028F1D0F5E70023F4E710B54C
:10F53000044610220021FFF729FB04F110031022DA
:10F5400000211846FFF722FBFAF726FA0020F4F70D
:10F5500029FC20B12046FAF701FA002010BDFAF785
:10F56000DDF90028F6D0F8E710B50446FFF73CF9BE
:10F57000B0F5007F09DA10F5007F08DD031EB8BF83
:10F5800003339B100020237010BD7F23FAE76FF038
:10F590007E03F7E71FB5002341F64B524178CDF8C3
:10F5A0000A30D0F80230934295BF4FF47A7240F29D
:10F5B000E242B3FBF2F3B3FBF2F398BF03F55063FF
:10F5C00002789BB242EA0122ADF80230ADF8002089
:10F5D000ADF80430C279837943EA0223ADF80630EE
:10F5E000427A037A684643EA0223ADF8083001F014
:10F5F000DDF905B05DF804FB01F040BD007800388E
:10F6000018BF012001F0BCB9F4F730B88178008848
:10F6100001F0FFBC01F01BBDF4F730B837B505466B
:10F620000C4600880DF1060101F0AFF92B8823800C
:10F63000BDF80630638003B030BDF4F727B8F4F7A7
:10F6400031B8F4F74DB801F04BBD01F013B801F03B
:10F650006DB808B5E9F7E0FE002008BDF3F7B8B9CA
:10F6600001F081B8F3F784BF01F04CB801F0FBBBA7
:10F6700001F0C5BB01F00CBCF3F764BB01F066B947
:10F68000F3F784BDF3F7E8BD00F03BBF00F040BFE7
:10F6900000F089BF00F0A5BF01F088B901F0F0B912
:10F6A00001F06FB801F042BA01F037B800F0F3BFD3
:10F6B00001F062BA03880B8001F01CBC03880B8048
:10F6C00001F026BC01F084B8F3F714BAF3F7FAB9E5
:10F6D00000F02CBF00F04DBF00F0BABF00F0C6BF75
:10F6E00000F0A6BF00F09BBF01F0A5B801F0CBB8B9
:10F6F000F3F70ABA01F0FFB800F0F3BF01F0ACB8BD
:10F70000F4F708B801F0CABCF3F76CB9F3F72ABAFA
:10F7100001F070BCF8B5941C0E46054617460C4423
:10F720006343B3F5004FA8BF4FF0FF3310F0030160
:10F730009CB203D0B0211420E9F744FBB4F5004F8C
:10F7400001D9B121F7E714220430FFF71FFAEF7453
:10F750006C802E80F8BD70B50688C58803898E42FE
:10F76000C5F30E02C3F30E0403D2D2211420E9F72D
:10F7700029FB5D40C5F30E030BB92D0409D4A24249
:10F7800009D2C37CA41A0233E41AA14203DD002388
:10F790008374184604E018320123815283741044A4
:10F7A00070BD023101444A43B2F5004FA8BF4FF08B
:10F7B000FF3290B21B3020F00300B0F5004F34BF91
:10F7C00000B24FF0FF30704740881B3020F003003C
:10F7D000B0F5004F34BF00B24FF0FF3080B2704739
:10F7E00038B503888B4204D24FF485711420E9F7B1
:10F7F000E9FA857C65B1C388C3F30E031833C25A96
:10F800008A4207D3C152811DE9F736FE0023837473
:10F81000284638BD0025FBE703461830F0B59C8824
:10F82000A5B2C4F30E06DC88AC4202D10020D88118
:10F83000F0BD5F89DC7C855B3C44ED1B0234ADB2DE
:10F84000344420440C88AC4288BF0D805C89B4FAF3
:10F8500084F4640914700A88DA81E9E7F8B58288CB
:10F860000026C38904460D4692B20E60CBB1418991
:10F87000C2F30E020B4418329BB28718825A43819E
:10F88000934204D940F257111420E9F79BFA04D1AE
:10F89000011DE9F7F1FD46812F6000230120E3817E
:10F8A000F8BD1846FCE782880146038992B293426C
:10F8B00010B508D0C3F30E0308311833C45AE9F762
:10F8C000DBFD204610BD0024FBE78388C0889BB287
:10F8D000C31A584258417047828873B595B2C4889C
:10F8E000C2F30E02AC4202F1180212D04189C6895D
:10F8F000835A314499420EDB0DF10601ADF80650F2
:10F90000E9F7BAFDBDF80600001B18BF012002B0E0
:10F9100070BD0020FBE70120F9E770B505890346BB
:10F92000C4881830C5F30E02C4F30E066C40C4F34D
:10F930000E0525B9240402D50020188270BDB242FC
:10F940001C8806D9DD7C921B0235521B9442A8BF4D
:10F9500014469D890DB1825BA41AA142ECDCDA7CCD
:10F960003544198202322A441044E7E7F8B5038A85
:10F97000002B38D08B4236D3C48800F11803858918
:10F98000C4F30E041E1995B91D55757085891E5B4B
:10F990000D443144ADB285811953D2B1811DE9F7CF
:10F9A0006BFD00238381002303820120F8BD1E5BD1
:10F9B000AE4204D040F201211420E9F703FAC57CDD
:10F9C0002644878A023535445E195F53857DB570BC
:10F9D000DCE7C27C2C44023214441A191B5B83827C
:10F9E00093788375DFE70020E0E78388C2889BB2C5
:10F9F0009A4206D0428922B9C3F30E031833184441
:10FA0000704700207047C37C088802330B441360A2
:10FA100070470230704738B58388C2889BB29A42DB
:10FA200009D043893BB9C5893DB9011DE9F724FDDA
:10FA3000C581012038BD0020FCE71846FAE703889D
:10FA40001380C388C3F30E031833034480890B600B
:10FA500070470368002223B9C0E90132031D036027
:10FA6000704759681B680A44F5E7072938B503460B
:10FA700004D84FF4EC711520E9F7A4F90068A8B197
:10FA8000D0E900248C4212D02AB901F10805AC4219
:10FA900004D210460AE003461046F1E742504518EA
:10FAA0001A68641A12686C6042501D6038BD1A6092
:10FAB000FCE70023C1E9003203680B600160704776
:10FAC00030B590B18478B1FBF4F304FB131300EB71
:10FAD000430252898A4201D1D8B230BDC27822B9DC
:10FAE00000F10A03D0B2844201D8FF20F5E733F8D1
:10FAF000025B0132A942F5D1EFE782780388053233
:10FB00004B4303EB42031844704713B500230446EC
:10FB1000CDE900338DF806006846E9F791FE08B19B
:10FB200002B010BD2146BDF80400E9F765FE0028CB
:10FB3000F2D040F215211720E9F744F970B51E46BE
:10FB40000D460921FFF72DFE0446324609212846BD
:10FB5000FFF727FE002C03DB002801DB204470BDEB
:10FB60004FF0FF30FBE7D31D23F0070370B50833D8
:10FB700090B110F0070403D058212220E9F722F9B0
:10FB800004604FF6FF75C28000F108040A468180C8
:10FB9000013A92B2AA4203D103FB01F0083070BDD2
:10FBA0000668266004601C44F2E718B1C2888188A8
:10FBB000FFF7D9BF70470346EFF3108272B60068B3
:10FBC00030B1016819600023037043708370C37003
:10FBD00002B962B67047EFF3108372B602680A602A
:10FBE000016003B962B67047012303707047F8B52E
:10FBF000054608461E461146002814BF002402246C
:10FC0000FF23AB702B191B7D012B04D001342B1962
:10FC10001B7D012B19D105EB44073B8B3A8C9819BE
:10FC2000904204DD00202C4438832075F8BD05EB9C
:10FC30008404324660681844FFF73EF83A8B164455
:10FC40003E830023AB700120F0E70020EEE700299F
:10FC500010B514BF00230223FF218170C1180C7D51
:10FC6000012C07D10C3320F8132002230B7500233D
:10FC7000837010BD0133C1180C7D012CF2D04FF4FC
:10FC80008C710920E9F79EF8024630B5837803F0BD
:10FC9000FF00F3B9137D022B19D0537D022B19D12C
:10FCA0000346012089B10024D5180C332C7522F8A5
:10FCB0001340131803241C7502EB80035B680B6070
:10FCC00000F10C0332F813308B80012002E0012395
:10FCD000E8E7002030BD30B58378E3B9837D022B9F
:10FCE00017D0C47D022C16D1032381B1002205193F
:10FCF0000C342A7520F81420C2180324147500EB64
:10FD000083020C33526830F813300A608B80012074
:10FD100002E00324E9E7002030BD037D012B01D17F
:10FD2000008B7047437D012B0CBF408B0020704738
:10FD3000837D012B01D1808B7047C37D012B0CBFCC
:10FD4000C08B00207047038B23B9408B003818BF4D
:10FD50000120704701207047838B23B9C08B003886
:10FD600018BF0120704701207047027D022A01D18F
:10FD7000008B7047437D022B01D1408B7047032AD3
:10FD8000F6D0032BF9D000207047827D022A01D1E2
:10FD9000808B7047C37D022B01D1C08B7047032A33
:10FDA000F6D0032BF9D0002070472DE9F04106462C
:10FDB000069898460D46430711469DF81C7002D0E0
:10FDC00010F0030003D025214C20E8F7FBFF4FF48F
:10FDD0008B72FFF7C8FE002F06AB044600FB08F14C
:10FDE00014BF00201846E9F769FB17B9069B33607A
:10FDF0002C60BDE8F081E9F7F3BE00EA400303EAB6
:10FE0000430303EA430303EA430303EA430313EA16
:10FE100043030CBF01200020704708B5034610467D
:10FE20008B4209D03AB183EA010002F0ADFB012810
:10FE30008CBF0020012008BD0120FCE737B500235E
:10FE400004460D46CDE900336846E9F7F9FC30B1C8
:10FE50000023CDE9003302238DF8063011E0009B2A
:10FE60002A462046196AFFF7D8FF0028ECD003B0D5
:10FE700030BD009B2A462046196AFFF7CEFF0028B6
:10FE8000F5D16846E9F7DCFC0028F2D00023CDE983
:10FE9000003304238DF8063007E0009B2A462046F5
:10FEA0001968FFF7BAFF0028E1D16846E9F7C8FCF6
:10FEB0000028F2D00023CDE9003305238DF8063069
:10FEC00007E0009B2A4620461968FFF7A6FF002896
:10FED000CDD16846E9F7B4FC0028F2D00023CDE983
:10FEE000003309238DF8063008E0009B2A4620469F
:10FEF000D3F8B811FFF791FF0028B8D16846E9F7A9
:10FF00009FFC0028F1D00023CDE900330B238DF8AE
:10FF1000063007E0009B2A462046D3F8E410FFF79E
:10FF20007CFFE8B96846E9F78BFC0028F2D0002294
:10FF30004FF44023CDE900236846E9F781FC30B156
:10FF40000023CDE900330A238DF8063014E0009B2E
:10FF50002A462046D3F8E410FFF75FFF0028EBD0D5
:10FF6000012084E7009B2A462046D3F81411FFF7AE
:10FF700054FF00287FF47BAF6846E9F761FC002856
:10FF8000F0D0002073E770B523260025F4F74CFF6E
:10FF90000446F1F7F7FE40B100212046FFF74EFF7F
:10FFA00068B925462046F1F723FF013E01D000281D
:10FFB000ECD035B940F215210F20E8F703FF0020FF
:10FFC000F3E7284670BD10F0FD0F14BF012000209C
:10FFD00070476FF45063C318062B8EBF40F2E243A4
:10FFE000A0F550604FF47A735843704790F8E031B1
:10FFF000DBB290F8A8202AB913F0FB0F14BF012040
:020000040102F7
:10000000002070470020704790F8FC31DBB290F878
:10001000A8202AB913F0FB0F14BF0120002070475D
:10002000002070472DE9F8438046B0F85E60B0F8D4
:1000300060501746343089B3F1F724FC044602219E
:1000400001F06BFC81460221204601F066FC4E4522
:10005000B8F8003028BF4E463B80B6B21B2E38BFE2
:100060001B26FB2E28BFFB26854228BF05467E8027
:10007000ADB21B2D38BF1B25FB2D28BFFB25B4F5CA
:10008000A47F38BF4FF4A474FD80B4F5296F28BF56
:100090004FF42964BC803C81BDE8F883EBF7ACFCED
:1000A000CCE713B501210020E9F790FB044688B99D
:1000B00001210846E9F78AFB0446C0B90023CDE9CF
:1000C000003303238DF806306846E9F7B9FBC8B161
:1000D00000200AE0A830F0F71FF80028E8D02046FA
:1000E000EEF74CFE0028E3D0012002B010BDA8308E
:1000F000F0F712F80028E1D02046EEF73FFE002886
:10010000DCD0F1E7009C2046EBF75AFE0028DBD05C
:10011000204603F0CCF90028D6D0E5E7002307B548
:10012000CDE9003303238DF806306846E9F788FBF4
:1001300008B1002004E00098EBF742FE0028F4D05C
:1001400003B05DF804FB07B5002340F6881201A94F
:10015000FAF7F4FF03B05DF804FB10B5044638B1BC
:10016000F3F710FC34EA00030CBF0120002010BD9F
:100170000120FCE707B501210020E9F727FB20B3A8
:10018000A830EFF7C9FFE0B1012009E0A830EFF790
:10019000C3FF00B3F8E70098403003F0D0FC18B379
:1001A00003B05DF804FB009B586F503003F0C7FCB0
:1001B0000028F5D16846E9F743FB0028F3D000207A
:1001C000EEE7EEF777FE0028DED101210846E9F7D9
:1001D000FDFA0028DAD1FFF7A1FF0028D4D10623C9
:1001E000CDE900008DF806306846E9F729FB0028C4
:1001F000D1D00023CDE9003307238DF80630D9E7AD
:1002000038B505460C462AB11F2901D8002038BD53
:100210001220FCE7E9F710FCA04211D3284603F0B6
:1002200092F908B11F2CF3D8284603F0F7F848B12B
:100230002146284603F01DF90028E7D14520E6E7CE
:100240000720E4E74220E2E738B5054603F0E6F888
:10025000E8B12846EBF7B4FD08B9002038BD2846C0
:10026000EBF732FA04462846EBF76EFB88B9002C10
:10027000F3D02088F3F7F2FC02212088E9F7BCFADA
:100280000028EAD041F65B213920E8F79BFD4220A7
:10029000E4E70C20E2E7F0B587B00546008801A945
:1002A00001F0D0FA044600287CD1029A92F852312B
:1002B000D81E434243418DF802309DF80430002B94
:1002C00073D192F887301F2B72D19DF8023083F0E2
:1002D000010303F001038DF8033092F8D8309B0638
:1002E00003D49DF80330002B66D0EB881B3B9BB2F8
:1002F000E02B63D8298944F24810A1F5A4739BB27E
:1003000083425BD86B881B3B9BB2E02B56D8AA88F4
:10031000A2F5A4739BB2834250D8B1F5296F4FD890
:10032000B2F5296F4CD8029EFF2786F81B719DF805
:100330000230002B3ED19DF8041003AA3046B1FADA
:1003400081F14909FFF76EFE6A88BDF8123040F668
:10035000480CBDF814109342BDF80E0028BF134698
:100360006145AA88A6F8203128BF6146EB889842EB
:1003700028BF1846BDF810306345A6F81C0128892F
:1003800028BF6346834228BF03468A42A6F81E312F
:10039000134628BF0B46A6F8223186F81A710023AF
:1003A00086F81B31204607B0F0BD936F99068CD4B8
:1003B00023468EE73A24F2E71A24F3E71224F1E702
:1003C0001124EFE710B50446FFF7A8FE58B9012144
:1003D0000020E9F7FBF9E8B901210846E9F7F6F949
:1003E000F0B9012013E0F3F7A5FA68B1F2F7A8F825
:1003F000044603F092F858B9204603F08AF880F0DA
:100400000104E4B204F00104002CE0D1002010BD8E
:100410000024F7E7A830EFF77FFE0028DCD0F5E7EF
:10042000A830EFF779FE80F00100C0B2EFE72DE9C8
:10043000FF4107468846008802A901F003FA0646F4
:1004400018BB039C94F8653103F0FF061BB1B8F1AB
:10045000020618BF012694F88730232B94F8D93070
:1004600043EAD3030CBFC6F10102002203F00103EB
:1004700013433CD0BD7815B9F3F784FA0546F878F4
:10048000B8BBF3F77FFA25B90926304604B0BDE8BA
:10049000F0810028F8D094F8752032B115F00205EB
:1004A00000F00200F0D00028EED0FF2284F82521D1
:1004B000DEB994F8242102F0FF06B2B984F82701CE
:1004C00001A984F8248184F82651BA888DF80500A2
:1004D0002046A4F828218DF80450ADF8062001F03C
:1004E0003FFA002384F82531CFE73A26F9E71A26A8
:1004F000CBE7002DCFD1C7E708B5F3F7F9F9002016
:1005000008BD10B50446F5F73FFB2070002010BD74
:1005100010B5FFF7C6FD044630B9F5F72FFB2046AE
:10052000F3F7B8FD204610BD0C20FCE710B50378AA
:100530000446012B01D9122010BDFFF71BFE60B944
:100540002078FFF740FD01280DD004F11703E21DCC
:10055000611CBDE81040F3F7C5BDF3F757FE002856
:10056000EED00C20E8E7A37903F0C003C02BECD059
:10057000E1E710B503780446012B0AD8FFF7FAFD2E
:1005800048B9214611F8010BFFF71DFD01F035F9BF
:1005900038B9122010BDF3F739FE0028F1D00C2035
:1005A000F8E70020F6E738B50546FFF77AFD044680
:1005B000A8B92878012803D9FF280BD0122038BD0C
:1005C000FFF701FD691CF5F7E5FA002814BF0020CC
:1005D0000720F4E70120F3F75DFD2046EFE70C204C
:1005E000EDE738B50546FFF75CFD0446A8B92B7862
:1005F000012B03D9FF2B0CD0122038BD1846691CE3
:10060000FFF7E1FCF5F7F6FA002814BF00201220EE
:10061000F3E7F3F73FFD2046EFE70C20EDE708B5E1
:100620000088F3F7F9FD00280CBF3020002008BD3A
:1006300038B50546FFF79EFD044638B928780038DE
:1006400018BF0120F3F7DCFD204638BD0C20FCE785
:1006500008B5FFF78FFD18B9F3F7C2FD002008BDFC
:10066000F3F7D4FD0028F7D00C20F8E70823037037
:100670000020704703466FF00C01202210B50E24B5
:1006800004700020DC70592459709A701C715871E4
:100690009971DA7110BD082108B5E8F703FE002052
:1006A00008BD73B506460C460088694601F0CAF8D5
:1006B0000546A0B9B3786BB9019B93F87430A37069
:1006C000338894F902002380F3F7FCFFA0702846DA
:1006D00002B070BD7F20FFF736FDA070F0E7022565
:1006E000F5E710B504466FF07F00FFF72CFDF3F738
:1006F000E9FF20707F20FFF726FDF3F7E3FF60702E
:10070000002010BD10B50446F1F71AFF02F0FEFEFE
:10071000F3F7D8FF2070002010BD0A4600F1100149
:1007200008B50723FEF756F8002008BD10B50146AE
:1007300004460020F3F71EFB08B92060A0800020CB
:1007400010BD10B50446F3F7CDF828B900202146B6
:10075000F3F7F8FA002010BD0020FFF733FE002861
:10076000F4D10C20F7E710B504460120FFF72AFE6C
:1007700028B101202146F3F7E5FA002010BD0C2036
:10078000FCE7F7B50C4605466946008801F05AF8C3
:10079000A21C034690B9019901F18F0781F8C3307B
:1007A00038681060387910712888208091F8C3600B
:1007B00006F0FF00002EF1D103B0F0BD00230220AF
:1007C000C4F80230137123706370F5E7FFF763BD5F
:1007D0001FB544F290228388934217D80288B3F55C
:1007E000296FADF8042028BF4FF4296340880A80A0
:1007F000ADF80600ADF80A0001A8ADF80830ADF874
:100800000C30FFF748FD05B05DF804FB1220FAE755
:1008100037B50D46694601F015F8044640B99DF814
:1008200000102A460198B1FA81F14909FFF7FAFB55
:10083000204603B030BD03466FF06F0100200A224E
:1008400099705870DA7058719971DA7110B56FF04B
:1008500004041C701C7110BD10B50446FFF78AFC1F
:1008600058B92078611CFFF7AEFBE279F3F734FE4C
:10087000002814BF0020022010BDF3F7C7FC002899
:10088000EFD00C20F8E7F7B506460C46008869461D
:1008900000F0D8FF0546A0B9019F87F86E5097F881
:1008A0006C00F1F7F3FBA07097F86D00F1F7EEFB29
:1008B000E07097F86E3003F0FF00002BEDD1338825
:1008C000238003B0F0BD10B583880446022B10D8F6
:1008D000C078FFF742FC08B9112010BDA078FFF7DF
:1008E0003CFC0028F8D020460121BDE81040FFF76D
:1008F0009EBD1220F1E713B58378C17803F001049F
:10090000027903F0020351EA040C1DD052EA030CF1
:100910001AD0002C18BF0021002B037818BF00222A
:100920008DF802108DF80320427843EA0223ADF8D7
:10093000003043798279684643EA0223ADF80430F7
:10094000FFF7C1FF02B010BD1120FBE707B5037828
:1009500000214278012B8DF800308DF80120ADF890
:100960000210ADF8041007D1012A07D86846F1F744
:10097000F9FB03B05DF804FB002BF7D01220F8E779
:1009800008B5EAF73DF8002008BD13B50C466946E6
:1009900000F058FF30B9019B9DF80020B3F880307B
:1009A00012B9238002B010BD0133FAE770B586B0EA
:1009B0000546008804A900F045FF10B1022006B0EA
:1009C00070BD9DF81030012B50D0059C2046FFF7DC
:1009D0000DFB0028F2D0AA881046FFF7FAFA064667
:1009E000002C41D0E36998423ED1638E03932046A8
:1009F000AB89698802936B8901932B890093EB88FB
:100A0000F1F728FA034698B394F8112202F0FF0098
:100A100082BBAA886FF450610A4492B2062A40F25F
:100A2000E24294BF64220023B24225D22BB1B4F833
:100A30006C1040F20223994220D1A4F8FE2100223A
:100A4000C4E98026E979AB7943EA0123A4F80832A6
:100A50002B7A697A84F8102243EA0123A4F80A3237
:100A6000FF2384F81132AAE70123BFE71120A6E78C
:100A70003020A4E73A20A2E71220A0E70C209EE74E
:100A800013B5044600F0F6FE00284DD02046FF24A2
:100A9000F3F764FE0023CDE900336846E8F7D0FEA3
:100AA00050B300244FF44033CDE90043FF2468469F
:100AB000E8F7C6FE20B300204FF48023FF24CDE9E1
:100AC00000036846E8F7BCFEF0B100214FF4C023F4
:100AD000FF24CDE900136846E8F7B2FEC0B100225A
:100AE0004FF42023FF24CDE900236846E8F7A8FE51
:100AF00090B1002002B010BD009B83F8F441CCE718
:100B0000009B83F88A40D2E7009B83F83440D8E703
:100B1000009B83F83440DEE7009B93F83820032ADB
:100B2000E3D183F82240E0E71220E3E713B5008821
:100B3000694600F087FE0146D8B99DF80030019C57
:100B40008BB19DF80030012B03D10198FFF75CFABF
:100B500070B194F82B3103F0FF0253B9FF2384F8EE
:100B60002B31114605E02046FFF740FA0028E8D176
:100B70000221084602B010BD70B50021054600886C
:100B8000E8F724FE044688B3FFF730FA10B90C26C4
:100B9000304670BD94F8423203F0FF0643BB94F830
:100BA000D830DB0726D5D4F81431002BEFD1D5F897
:100BB000023004F50A72C4F83832D5F80630C4F8A9
:100BC0003C326B89A4F8403205F10C031C3553F814
:100BD000041BAB4242F8041BF9D10C2104F505704B
:100BE000E8F760FBFF2384F84232D1E70226CFE723
:100BF0003A26CDE71A26CBE72DE9F341054690F8D2
:100C0000018003210078E8F7E1FD0446002800F0A8
:100C10008780F2F78FFE08B3204602F055FCEE788D
:100C2000864228BF0646B6B2B8F1040F5DD0E06C2C
:100C3000FFF773F88719BFB2F2F77CFEB8B9EB780B
:100C400073B9204602F040FC874210D9204602F0DA
:100C50007AFC50B9072002B0BDE8F081EE78E3E7F6
:100C6000204602F043FC0028EBD11220F3E7F2F714
:100C700061FE394602462046FFF7C2FA0028EAD153
:100C8000A8F10303012B2DD8204602F05CFC6B7801
:100C9000032B2DD108F0FD07012F3AD1204602F099
:100CA00052FC002833D1B8F1010F08BF02273A46A1
:100CB000E16C6846E8F7D8FE33466A680121E06CCB
:100CC000FEF795FF0028C5D06B78023B012B07D8B3
:100CD000E06CFFF722F801210246E06CFEF7B7FF57
:100CE0000020B8E7002ECFD1BFE7002ECCD0BCE764
:100CF0000028BAD1042BCDD12046EBF761F80028AB
:100D0000B3D0E06CFFF71FF80028C3D1ADE7002790
:100D1000CDE7B8F1040FCFD1204602F051FCDFE758
:100D2000422098E72DE9F3470746467890F803906C
:100D300003210078E8F74AFD044600283BD0F2F78B
:100D4000F9FD30B1204602F0E8FB002808BF4FF063
:100D50000009E06C1FFA89FAFEF7EAFF00EB0908C8
:100D60001FFA88F8F2F7E6FD60B1F2F7E3FD4146BD
:100D700002462046FFF744FA054668B1284602B00D
:100D8000BDE8F087FB78002BEFD0204602F0C5FBD2
:100D90000028EAD11225F1E7042EFBD0032E10D053
:100DA000B9F1000FF6D02046EBF70AF838B10C2560
:100DB000E4E704220EE04225E0E70725DEE7012E06
:100DC0000CD1204602F0BFFB0028F2D1012E0CBF4F
:100DD00006220522E16C6846E8F746FE53467A682B
:100DE0000021E06CFEF703FF0028E6D0023E012E52
:100DF000C4D842460021E06CFEF729FFBEE713B5D8
:100E00000446F1F79DFB4FF440736846ADF800309F
:100E100000238DF8023014F8013B8DF80330019463
:100E2000FFF780FF02B010BD38B5032105460078FA
:100E3000E8F7CCFC0446A0B1EAF7C2FF28B9204687
:100E4000691C02F039FB002038BD204602F065FB2A
:100E500008B10C20F8E7204602F05BFB0028F8D12F
:100E6000EDE74220F0E713B50446F1F769FB684669
:100E700014F8013B8DF803304FF440730194ADF842
:100E8000003000238DF80230FFF7B6FE02B010BD2F
:100E900073B50546F1F754FB04462B7863B1002384
:100EA0000DF1010101208DF80030F2F763FF18B158
:100EB0006846FFF7B9FFA0B9002620468DF800600C
:100EC00002F02FFBB0428DF8036014BF802333463D
:100ED000ADF801302B78012B05D169462046F1F79A
:100EE00027FC02B070BD1BB92046FFF7ADF9F8E74B
:100EF0001220F6E710B5022104460088E8F766FCE8
:100F000020B1A11CBDE8104002F0DABC022010BDE7
:100F100008B502210088E8F759FC20B10021BDE89E
:100F2000084002F0CDBC022008BD37B504460D468E
:100F300000880921E8F74AFC10B10C2003B030BD4D
:100F40000B212088E8F742FC0028F6D10C212088EC
:100F5000E8F73CFC0028F0D16946208800F072FCDC
:100F60000028EBD123882B80019BB3F8B4306B8031
:100F7000E4E737B504460D4600880921E8F726FC6A
:100F800010B10C2003B030BD0B212088E8F71EFC07
:100F90000028F6D10C212088E8F718FC0028F0D1B1
:100FA000238898B22B8063880BB91220EAE7694640
:100FB00000F048FC0028E5D1648842F21071019AE3
:100FC000A3B2D5694B43518E6943958C05FB011142
:100FD0008B42EAD3D569D169A942FBD1013B0025F7
:100FE000A2F8B4400B44C2F8AC50B3FBF1F3C2F822
:100FF000B030C7E713B500880C460880694680B258
:1010000000F020FC18B9019B93F88530A37002B062
:1010100010BD10B50C460221E8F7D8FB88B1022CB0
:1010200011D804F00103C4F3400480F8CD3180F8F6
:10103000CC4123B190F8CA313BB1EAF7E9FC00207A
:1010400010BD0220FCE71220FAE71846F8E710B5B9
:1010500004460078FF280AD00321E8F7B7FB58B10F
:101060006378A27843EA0223C384002010BDB4F859
:101070000100EAF7ABFEF8E74220F7E710B50446B7
:101080000078003818BF0120F0F7F2FB2078003814
:1010900018BF0120EAF782FC002010BD10B50446FD
:1010A000F2F748FC50B1F1F74BFA6178C1F3400216
:1010B00001F0010102F088FA002010BD0321207820
:1010C000E8F784FB0028F0D14220F6E70820F2F789
:1010D00037BC0B20F2F734BC02F0E7BC02F01ABCBC
:1010E00008B5C3780246013BD8B2042801D9FE28CE
:1010F00006D11378042B03D1EEF7CEFF002008BDF4
:101100001220FCE710B5044604B910BD23689847C7
:101110006468F9E703680BB9016070471A465B68B9
:1011200013B18A42FAD170478A4218BF51607047A2
:1011300008B5F0F79BFBF1F745FCEDF7C5FBBDE803
:101140000840F0F7D5BC08B5FE20EEF7A5FFBDE8D6
:101150000840FFF7EDBF08B5EAF7BAFAF5F76EFAFF
:1011600020B140F22B110120E7F72CFE0320BDE84F
:101170000840FEF7CABC08B50220FEF7C6FC0020F6
:10118000FEF7C3FCE8F7E6FBF2F75CFDE9F760FA6F
:1011900020B140F20B110120E7F714FE08BDFFF764
:1011A000EABF08B5FFF7D7FFF6F7C0F920B14FF453
:1011B000A0710120E7F706FE08BD08B5FFF7B8FFEC
:1011C00002F06DFC20B14FF4CC710120E7F7FAFD7D
:1011D00008BD08B5FFF7B7FF02F061FC20B140F28F
:1011E0008D110120E7F7EEFD08BDFFF7C4BF08B57C
:1011F000EDF702FCF2F7B2FAF2F7CCFA02F051FC8A
:10120000BDE80840F3F7DABC08B5EDF7FDFBF2F7EF
:10121000A5FAF2F7BFFA02F044FCBDE80840F3F784
:10122000CDBC10B5C378044691B163B90388012BD6
:1012300001D95B082380F3F7DFFD2388B0FBF3F2CD
:1012400002FB1300A070E37883F00103E37010BD8C
:10125000002BF8D10388FE2BEDD85B009BB2FF2B4F
:1012600088BFFF23E6E783780BB1013B837080786A
:10127000B0FA80F0400970470123038040F2011367
:1012800043807047FAF7A0BA0B46152203F8032BE8
:10129000D0F80920C1F80320427B1A717047012859
:1012A00004D1012914BF002001207047022801D178
:1012B0000229F7E7042801D10429F3E70020704749
:1012C00030B585B004460D46F3F7F2FA80B36FF4FB
:1012D000AE7302A91C442088ADF8000000F0B2FAF9
:1012E00018B12F217E20E7F76DFD039B0221684690
:1012F00093F868208DF8022093F86920B3F86A30DB
:101300008DF80320ADF80430FFF791F808B14521BE
:10131000E8E78DF808009DF808308DF809000020F6
:1013200063F307009DF8093063F30F2005B030BD6B
:1013300030232B70D4F80930C5F8033004238DF81E
:101340000830E8E708B5436893F886201AB1882189
:101350007E20E7F737FD212283F8862008BD03466B
:1013600010F0010005D19A0702D403F00400704781
:101370000220704730B5C1F3072285B0CCB2C0F36C
:101380000723C5B2019011462046FFF788FF20B918
:1013900019462846FFF783FFF0B12B40234002EAAD
:1013A00003010B4688071BD411F0010201D101F0A3
:1013B0000402990716D413F0010001D103F00400D0
:1013C000042A04D1BDF80630012B08BF0322D2B293
:1013D00042EA002005B030BD05EA02012340E1E702
:1013E0000222E6E70220EBE72DE9F84F054610461A
:1013F00093461F46FFF7B3FF064608468A46FFF7A7
:10140000AEFF46EA0009DDF8288004465FFA89F954
:10141000B9F1000918BF4FF00109F2F7B3FA10EA69
:101420000B0F08BF0026F2F7ADFA95F86C2010EA12
:101430000A0F08BF0024B24214BF3346002388F8C5
:10144000003095F86D20A24208BF0024234388F89D
:1014500001400AD1B5F88030013FFF1A47F6FD730D
:10146000BFB29F4288BF4FF00009BEB995F86C002B
:10147000F0F71CFE03280ED195F82431012B0AD178
:10148000B5F82831012B95F86C3009D1032B09D020
:10149000032388F800304846BDE8F88F042EEAE7B9
:1014A000042BF8D00423F4E7042905D101280CD13A
:1014B0000321138051807047032906D1012804D0ED
:1014C00004210120138051807047002070470128BB
:1014D00006D0022804D0033801288CBF0020042045
:1014E0007047182070477FB54468CDE90021114648
:1014F000019894F86C6094F86D50FFF73BFFC3B20D
:10150000C0F30720B34208BF0023854208BF002074
:1015100084F8FA3184F8FB0104B070BD2DE9F34181
:10152000446805460F4694F88780B8F1000F69D1EA
:1015300094F88630253B022B2DD901A8F2F7CEFB7B
:10154000E0B1019B0DF10301DB788DF80330162229
:1015500094F88600F3F79AFC064688B102461621F5
:10156000284601F0B6F83223284684F8873001F087
:101570008DF84646304602B0BDE8F0814146E6E7C8
:10158000384600F037FE48B93946284602B0BDE873
:10159000F04101F0C8B84FF02008EAE73B7903F0CA
:1015A000070384F864307B7903F0070384F865301F
:1015B00094F82531DBB994F82431012B17D094F835
:1015C0006D3094F86420D91E012998BF04239A42F3
:1015D00014D194F86C30DA1E012A94F8652098BF73
:1015E00004239A420AD16B68022283F82421232320
:1015F000284684F8873001F049F8BBE72846F2F71F
:101600000DFAF4E70126B5E7F8B5446806460F463B
:1016100094F88750A5F12103062B47D92F2D45D0EB
:10162000002D41D194F88630262B3FD0084600F09B
:10163000E1FD28B9F9783046BDE8F84001F062B81C
:101640007B7903F0070384F865303B7903F00703E7
:1016500084F8643094F82531D3B994F82431012BFF
:1016600016D094F86D3094F86420D91E012998BFE3
:1016700004239A4214D194F86C30DA1E012A94F8AB
:10168000652098BF04239A420AD1022384F82431AA
:101690002323304684F8873000F0F8FF2846F8BD51
:1016A0003046F2F7BBF9F3E70125F7E72025F5E728
:1016B000436837B593F8863004460D46212B26D172
:1016C000084600F0A2FD616868B9A1F8FA016368F4
:1016D0000122002083F8C2202522A3F8BE0083F84F
:1016E000862003B030BD2A7900206B7902F0070212
:1016F000ADF8060003F00703D1F826118DF8042099
:1017000020468DF80530019AFFF7EDFEDFE7012056
:10171000E7E7436810B593F887200446B3F8FA1159
:10172000232A15D181B983F8871093F82431012B2E
:1017300001D1F2F755F96368002283F8242120468D
:10174000BDE8104000F0B2BF262283F88720F6E7FC
:1017500093F88620252A0DD141B983F88610F2F737
:101760003FF96368002283F8C22010BD262283F867
:101770008620F6E740F2D7317E20E7F723FB08B555
:10178000436893F88720232A05D022B140F2E5313F
:101790007E20E7F717FB242283F8872008BDF2F7A5
:1017A00051BA704730B542400C7818785D784440A3
:1017B000487868409D78044488786840DD7804441F
:1017C000C87868401D795B79044408794979684094
:1017D0004B4004442344D3420CBF0120002030BDC1
:1017E000034600200139C9B2FF2900D170475A5C75
:1017F00082F001021044C0B2F4E708B5F2F7E0FA53
:10180000082807D0F2F7FEFA082803D0F2F70EFBFB
:10181000012008BD0020FCE708B5F2F7D1FA08283E
:1018200003D0BDE80840F2F7EDBA08BD08B5F7F7F8
:101830009DFE18B1BDE80840F7F7CEBE082008BDF0
:10184000F7F794BE70B50D4600210646E7F7BEFFD8
:101850000446686010B10020287070BD0221304637
:10186000E7F7B4FF686018B1012320462B70F4E756
:101870000220F2E770B5047934F01F040ED1461E41
:10188000051D16F8010F00F0B4FE0444AE42E4B2A8
:10189000F7D1012C94BF0020012070BD0020FCE78F
:1018A00001440023884203D1B3FA83F04009704712
:1018B00010F8012B1343F5E7F8B505460C46D0E9BF
:1018C0000476FBF71BFD20B94FF482712920E7F75E
:1018D00079FAF4B1D5E90431DA1B61EB0603012A88
:1018E00073F100014FF0000115DB6FF00100904231
:1018F00071EB030302DA4FF48771E7E7631E1344C9
:10190000B3FBF4F35C43E41946F10006C5E9044671
:101910001C462046F8BD0C46FBE7CB1E012B0FD81A
:10192000032915BF4FF4167396234022102203F5A6
:10193000BC73984212D9C01A90FBF2F080B2704783
:10194000022905D13C2809D93C38C0F38F007047E3
:10195000702803D97038C0F3CF007047002070475B
:1019600003460868986670470229024608B515D0F4
:1019700006D801290AD040F27F112920E7F722FA80
:1019800003390129F7D840F6A66008BD40F6C41314
:1019900040F2E240002A18BF1846F6E740F6C410AD
:1019A000F3E76FF4B37C6044884294BF091A491A84
:1019B0001868012900EB5100186098BF00201368D7
:1019C00088BF0120A3EB510313607047C3B293FAA1
:1019D000A3F3000A90FAA0F01B0E000E43EA0020C9
:1019E00070470131821DF8B5C9B20023012512F8F4
:1019F000010B884216D312F8066C002405FA04F78E
:101A0000E0B237421CBF01F1FF31C9B269B1013404
:101A1000082CF3D10133DBB2052BE8D19921462004
:101A2000E7F7D0F9091AC9B2F4E700EBC300C0B276
:101A3000F8BD0B6870B5C0F8013004460B79451C41
:101A4000861D03F01F0343710023C37215F8010BB9
:101A500000F0CFFD2871B542E37A1844E072F5D169
:101A600070BD81EA114189B270B50446C57A03267A
:101A700082EA0100FFF7AAFF013E00EB001016F01A
:101A8000FF0601EB000290B2F4D141402522B1FBE8
:101A9000F2F302FB1313C3F3C402D8B203F007033B
:101AA00022445678012202FA03F31E4207D1694309
:101AB0002046C1F30741BDE87040FFF792BF70BDFB
:101AC000F8B590F8215004466B1E242B56D8002AF6
:101AD00056D0807D18B1012846D01F2019E094F817
:101AE0002310012694F8223002FB03132522B3FBB6
:101AF000F2F102FB1133DBB204EBD30284F82330A2
:101B0000D17D03F0070206FA02F2114202D084F8F6
:101B10002430F8BDB3FBF5F205FB123304F11C01D0
:101B200002460133D8B211F8013B834219D311F8B0
:101B3000067C002306FA03FCDDB21CEA070F1CBF7B
:101B400000F1FF30C0B220B905EBC20284F82420B6
:101B5000DFE70133082BEDD10132D2B2052AE2D101
:101B6000BBE7C01AC0B2F7E7228904F11600096A80
:101B7000FFF777FF84F824000020CAE71220C8E7A7
:101B80001046C6E7034612EA010003D013F03F00F7
:101B900018BF012070470B68C0F803308B88A0F88D
:101BA00007307047D0F803300B60B0F807308B80F7
:101BB00070470B68C0F809308B88A0F80D3070476B
:101BC0000378890123F0400301F040010B430370C7
:101BD00070470078C0F380107047037803F07F03EC
:101BE00043EAC113037070470078C00970471F2A89
:101BF00038B50546144603D9C1212A20E7F7E2F893
:101C000006340930FDF758F86C7038BD1F2A38B516
:101C10000546144603D9E3212A20E7F7D3F8063412
:101C20000930FDF749F86C7038BD30B503780246CD
:101C300003F00F03032B40D0052B1FD1C37F90F877
:101C40002000034392F82100034392F8220003434B
:101C500092F8230020F01F0018432DD05378222B38
:101C60000CD1B2F81930B2F81740907D41B1B3F5FC
:101C7000506F05D940F607518B420ED900201BE06A
:101C8000991F40F67A4589B2A942F7D8411E072923
:101C9000F4D88342F2D9A342F0D3B2F81B30B3F5A3
:101CA000FA7FEBD2B2F81D0040F676430A3880B2D4
:101CB00098428CBF0020012030BD4078A0F10C0379
:101CC00058425841F8E72DE9F04190F80380054665
:101CD0000E4618F03F0700F09180072900F28E8031
:101CE000DFE801F004101A242E38424C0179012259
:101CF0004046FFF747FF00280CBF34460524204626
:101D0000BDE8F081017902224046FFF73BFF04461F
:101D10000028F4D0052462E0017904224046FFF750
:101D200031FF04460028EAD0052450E0017908225A
:101D30004046FFF727FF04460028E0D005243EE098
:101D4000017910224046FFF71DFF04460028D6D037
:101D500005242CE0017920224046FFF713FF0446BA
:101D60000028CCD034461AE0017940224046FFF7E3
:101D700009FF04460028C2D0052408E0017940226A
:101D80004046FFF7FFFE00280CBF05240624202252
:101D900029794046FFF7F6FE08B11234E4B210226A
:101DA00029794046FFF7EEFE08B10334E4B2082279
:101DB00029794046FFF7E6FE08B10234E4B2042276
:101DC00029794046FFF7DEFE08B10134E4B2022271
:101DD00029794046FFF7D6FE08B10634E4B2012265
:101DE00029794046FFF7CEFE08B10634E4B2072E4B
:101DF00085D1231F9F42B8BF002480E700247EE7DF
:101E000070B50C46064611461D4624B940F2EB213A
:101E10002A20E6F7D7FFFFF756FF10B94FF43B71C2
:101E2000F6E7031F2B443F2B02DD40F2ED21EFE7E5
:101E30002A4621463044BDE87040FCF73DBF10B54E
:101E40000446FFF740FF00B1204410BDC37803F003
:101E50003F0343EA8113C3707047C1F3800330B579
:101E6000C1F38014C1F340052344C1F3001404EB13
:101E700044042344C1F3401404EBC40403EB4403BF
:101E8000C1F300042C44C1F3C005134404EB440423
:101E90002C4403EB440313F0FF031CBF0133017117
:101EA000C17818BFDBB221F03F0103F03F042143AA
:101EB000C170591C41701AB104339B1A013AC254C3
:101EC00030BD4378C078013B00F03F00181AC0B223
:101ED0007047F8B50E4619460746FFF7F2FF451A58
:101EE000ECB2944228BF14464EB1FA78304602F064
:101EF0003F020432114422463944FCF7DDFE2046FD
:101F0000F8BD2DE9F047C678012201793046FFF788
:101F100039FE022205463046FFF734FE2022824673
:101F20003046FFF72FFE082207463046FFF72AFE0D
:101F3000102281463046FFF725FE04220446304633
:101F4000FFF720FE402280463046FFF71BFE05EBE0
:101F50000A0307EBC707404404EB44044F4403EB78
:101F6000430320443B4400EB430010F0FF001CBF40
:101F70000130C0B2BDE8F08738B5C5780446AB097A
:101F8000032B1ED005F03F054378AB4219D9FFF76C
:101F9000B8FFA84215D895B12379DB060FD50421E7
:101FA0002046FFF74CFF48B1037803F03F03242B92
:101FB00007D880785F288CBF0020012038BD012021
:101FC000FCE70020FAE70278437802F00F02072AC4
:101FD00012D8DFE802F0080408111111080E0C3BBA
:101FE000584258417047063B1F2B8CBF00200120F0
:101FF00070470BB1FFF7C0BF00207047027802F0B6
:102000000F02072A0AD0082A0AD0042A0ED14078E3
:1020100006381F288CBF002001207047FFF7ACBF97
:102020004078A0F10E035842584170470020704795
:1020300040787047037801F0030123F003030B435A
:1020400003707047007800F003007047037849017F
:1020500023F0200301F020010B43037070470B783D
:10206000837070471B2A08B504D940F263412A20C7
:10207000E6F7A8FE42700330BDE80840FCF71CBE3E
:10208000B0F807007047B0F809007047C172090A3C
:1020900001737047B0F80B00704770B5B0F80730A7
:1020A000B0F80950B0F805600479B0F80B0091B1B0
:1020B000B3F5506F0FD940F60752934218D8B5F5D3
:1020C000FA7F15D20A3840F6764380B298428CBF28
:1020D0000020012070BD9A1F40F67A4192B28A42D8
:1020E00006D8621E072A03D89C4201D29E42E5E729
:1020F0000020EFE70B6843600B7903727047436879
:102100000B60037A0B717047B0F8090070470079D3
:1021100070470B6843604B688360704743680B608F
:1021200083684B6070470B888381704783890B807D
:1021300070470B68C0F80E304B68C0F8123070471B
:10214000D0F80E300B60D0F812304B607047C0F8FA
:1021500016107047D0F816007047FFF7DABFFFF788
:10216000DDBFC1607047C06870470079704701717A
:10217000090A417170478171090AC1717047017282
:10218000090A417270478172090AC17270478088DA
:102190007047C0887047008970474089704703893D
:1021A0001A2B0DD94389B3F5A47F09D383881A2B41
:1021B00006D9C088B0F5A47F34BF00200120704745
:1021C00000207047043001F1200351F8042B99429C
:1021D00040F8042BF9D10B880380704738B51546B9
:1021E0000446FFF7EFFF2B68C4F826306B68C4F88D
:1021F0002A3038BD0379024613F0070004D0507925
:1022000010F0070018BF01207047FFF7F3BF0171FE
:10221000704700797047417170474079704781710C
:10222000090AC1717047C08870470279437902F08A
:10223000070203F00703511E0A40591E0B401343C7
:102240000CBF012000207047017170470079704772
:102250004171704740797047FB2908B504D940F6B1
:1022600046012A20E6F7AEFD417008BD037843B170
:10227000406890F8CA3123B1002380F8CA31E9F7E9
:10228000C7BB704708B5017A19B101290DD00020EC
:1022900008BD03680221C2888088F2F7B7FA0028D7
:1022A000F6D1F2F7C5FC0120F2E70368C288F3E734
:1022B00002230B7001238B707047F2F72DBC10B511
:1022C00021B94FF40F711020E6F77CFD4A600B72C4
:1022D000EFF3108472B6031D0B6042681AB1127AD4
:1022E000012A08BF036003681960016004B962B67F
:1022F000BDE81040F2F75CBC0222F2F787BC032273
:10230000F2F784BC0422F2F781BC0222F2F7C2BCCD
:102310000322F2F7BFBC14230B706FF4A0731844B0
:102320000388A1F80330B0F84030A1F80530B0F8C8
:102330004430A1F80730B0F84230A1F80930B0F8C5
:102340004630A1F80B30704708B5CB1E012B04D8DE
:10235000800100F5747080B208BD012902D10E30F1
:10236000C000F8E7022902D10F308000F3E740F205
:1023700086210620E6F726FD30B587B004460D46D7
:10238000F2F79EFA90B3A4F5A57469462488204616
:10239000FEF73EFA18B1D7212C20E6F713FDBDF861
:1023A000063003A8ADF80C40ADF80E30BDF808308B
:1023B000ADF81030BDF80230ADF81230BDF8043081
:1023C000ADF81430FEF702FA08B1E021E4E78DF829
:1023D0000C009DF80C308DF80D00002063F3070011
:1023E0009DF80D3063F30F2007B030BD2B462F2230
:1023F00003F8032BD4F80920C5F80320D4F80D20E6
:102400005A60B4F811201A8104238DF80C30E0E7EB
:1024100040687047033901298CBFC08A4FF4296096
:10242000704770B590F86C608D88033E0C89012E62
:1024300004D943B11678033E012E04D8B5F5296FAF
:1024400038BF4FF4296590F86D60033E012E04D922
:1024500043B15378033B012B04D8B4F5296F38BF3F
:102460004FF42964CB884A88A0F85830A0F854204B
:10247000A0F85650A0F85A4070BD8383BDF80030D4
:1024800001834283C383704738B5CB1E0446012BBA
:1024900010D9C38B458C9D4228BF1D46207AFFF77B
:1024A00053FF6389AB4228BF2B46984238BF18467A
:1024B00080B238BD4FF42965F0E72DE9F0410646BA
:1024C00090460C46B0F8400011461F46FFF73CFF0F
:1024D0000546414606F13400FFF7D6FF85423946EE
:1024E000A7F1030728BF0546B6F84800FFF72CFF01
:1024F000012F0346ADB28CBFB6F84A004FF42960F5
:10250000834228BF0346A01D9BB280B22B441844CF
:10251000BDE8F08190F8763090F86C20002B90F8B0
:102520006D3014BF4D219621FFF7C7BF90F876306C
:10253000002B70B50CBF96264D260C461546FFF7AE
:10254000E9FF30442844A04294BF201A002070BD07
:1025500038B50D460446FFF7DDFF2844A06338BDBB
:10256000006801F19C03984283BF401A9C384008E0
:1025700000207047002803DB814204DC08B202E03F
:1025800049428142FADC704700F05533400800F0C0
:102590005530034403F033329B0803F033331A44BD
:1025A00002F00F33120902F00F32134403F0FF1050
:1025B0001B0A03F0FF13034403EB1343D8B2704725
:1025C00045F2555300EA030203EA5000104443F277
:1025D000333200EA020302EA90021A4440F60F7313
:1025E00002EA030003EA1213184400EB1020C0B201
:1025F000704700F05503400800F05500184400F003
:102600003303800800F03300184400F00F0303EB9D
:102610001010704780EA6000FFF7B6BF40F34E032A
:102620009BB25840FFF7CCBF322809D006D801280A
:1026300006D9162814BF002001207047EA28F9E7C0
:102640000120704708B50346FFF7EEFF40B108468A
:10265000FFF7EAFF20B18B4214BF2A20232008BDD8
:10266000EA2904D1262B14BF00202A20F7E7EA2B01
:1026700001D12629F7E70020F1E74368002283F81B
:10268000862083F8C220A3F8BE20704702784368F2
:102690002AB9A3F8C420012283F8C620704700227B
:1026A000A3F8C42093F8C6200132F5E708B50378F3
:1026B000426813B982F8C63008BD92F8C630013BB3
:1026C0005BB2002B82F8C630F6DA52214A20E6F7D8
:1026D00079FB436883F80B1183F80A217047A0F156
:1026E0000B03042B0CD9A0F14403012B08D9A0F152
:1026F0002103062B04D9A0F12F03584258417047FB
:10270000012070474268936F10B513F0080408D198
:1027100043F0080382F808119367FFF7B7FF2046DC
:1027200010BD0120FCE7436810B593F887404CB911
:10273000CA7883F80821032283F88720FFF7A6FFD1
:10274000204610BD0124FBE738B505460C46B1F81C
:102750005810FFF70CFDB4F812112846FFF70BFDD7
:10276000B4F854102846FFF70AFDB4F810112846B3
:10277000BDE83840FFF707BD10B5446894F88830CD
:10278000073B012B07D90846FFF7C1FC072384F854
:10279000890084F88830002010BD426892F88830A3
:1027A000073B012B84BF082382F888307047F8B5B7
:1027B000476804460D4697F8876016BB0846FFF742
:1027C000A3FC6168A7F89002B1F89032B1F88020BC
:1027D000013B9B1A47F6FD729BB2934207D928230F
:1027E000204681F8A930F2F7EDFE3046F8BD01F23F
:1027F00092212846FFF783FC63680B2283F8872029
:10280000F3E70126F1E708B5436893F886201AB18B
:102810002A215520E6F7D6FA0C2283F8862008BD37
:102820000B46082203F8032BD0F80920C1F8032037
:10283000D0F80D205A60427C1A720023CB7070478A
:1028400043682DE9F04193F8875006460C46002D69
:1028500069D193F875102046FFF71FFC074628B989
:10286000E1783046BDE8F041FFF74CBF7268B4F83C
:102870000D30B2F88010A2F89032C9430B4447F6ED
:10288000FD719BB28B4208D92823304682F8A930CB
:10289000F2F798FE2846BDE8F0812046FFF7F0FBEE
:1028A0006FF45063D6F80480C3189BB2062B8DBF1B
:1028B00040F2E243A0F550604FF47A732F468CBF8C
:1028C00058435843C8F89802237907B303EB8303AE
:1028D00003EB83039B00A8F89232B4F80530FFB1F4
:1028E000642253432046C8F89432FFF7CCFBA8F883
:1028F0009C0220467768FFF7CDFB73680022A7F89B
:102900009E0283F8A4220E2283F88720C2E7C3EB3D
:10291000431203EB820303EB83035B009BB2DAE712
:1029200040F2E242DDE70125B4E708B5436893F8D9
:1029300086201AB161215620E6F744FA0E2283F868
:10294000862008BD2DE9F347D0F804A006460846C6
:102950000C46FFF724FC0546E0B12046FFF71BFCC0
:1029600007462046FFF713FC80462046FFF715FC7C
:1029700081462046FFF70DFC394600904B460AF190
:1029800034004246FFF779FD7168504601F241116B
:10299000F2F7AEF9284602B0BDE8F08708B5436803
:1029A00093F886201AB126214520E6F70BFA1E225D
:1029B00083F8862008BD38B54568044695F886300A
:1029C0001E3B022B0CD8FFF7BDFF18B10421606835
:1029D000EEF7CAFF002085F8C20085F8860038BDF2
:1029E0000120FCE743682DE9F34793F8876004462C
:1029F0000D46002E47D10846FFF7D1FB30B92946D6
:102A0000204602B0BDE8F047FFF78DBE2846676854
:102A1000FFF7C1FB804628463437FFF7B8FB8146F5
:102A20002846FFF7BAFB82462846FFF7B2FB53461B
:102A30004A46009041463846FFF71FFD636893F809
:102A400086201E2A0AD16368202283F88720204628
:102A5000FFF71CFE304602B0BDE8F08793F81B314B
:102A6000002BF0D1636893F81A31002BEBD1626828
:102A70001F23114682F8873002F5A57231F8340B16
:102A8000F2F79AF9E3E70126E4E7436810B593F813
:102A9000873004461BB18E214520E6F793F9FFF7F6
:102AA00005FE60680421BDE81040EEF75DBF38B553
:102AB0004568044695F886301E3B022B0CD8FFF77C
:102AC00041FF18B106216068E9F72AF8002085F86F
:102AD000C20085F8860038BD0120FCE74268936F8C
:102AE000D90610B5044603D4B0214520E6F76AF9AB
:102AF000990601D5B121F8E723F010039367FFF79A
:102B0000D5FD60680621BDE81040E9F709B80B2340
:102B10000B70D0F80930C1F8023070470B460C2218
:102B200003F8022BB0F809204A80C27A9A707047E5
:102B300010B50446406890F88630182B14D100F187
:102B4000F00200F50671052300F50A70FBF742FE5E
:102B5000636801220020002183F88B201A22C3E938
:102B6000380183F8862010BD0220FCE770B50D46C1
:102B70004168044691F88630152B10D101F5087193
:102B80002846FFF7ECFA66682846FFF7ECFA636818
:102B9000C6F804011822002083F8862070BD0220A8
:102BA000FCE7436893F88620112A05BF0020142211
:102BB000022083F88B0008BF83F88620704708B591
:102BC000436893F88620142A04D04FF486711F209E
:102BD000E6F7F8F8012283F8C820132283F886204C
:102BE00008BD38B54368054693F8874034B1123CB8
:102BF0000B2C94BF08240124204638BD93F88C2068
:102C0000002AF9D0D3F8143133B9FFF73FFD6B68D0
:102C1000122283F88720EFE70C220A21FFF759FDE3
:102C20006B683222284683F88720FFF72FFDE3E701
:102C300008B5436893F88720162A04D04FF4BD7175
:102C40001F20E6F7BFF8012283F8C720172283F878
:102C5000872008BD436893F88720132A05BF1422F4
:102C60000020022083F887207047436810B593F84E
:102C700087300446192B07D1FFF718FD63681D2222
:102C8000002083F8872010BD0220FCE708B54368C8
:102C900093F88720122A04D040F2A3111F20E6F7F0
:102CA00091F8012283F8C720132283F8872008BDFA
:102CB00008B5436893F88720172A04D040F2AB1177
:102CC0001F20E6F77FF8192283F8872008BD08B592
:102CD000436893F886201A2A04D040F2DB111F20A3
:102CE000E6F770F81C2283F8862008BD08B5436813
:102CF00093F8862022B140F2E1111F20E6F762F836
:102D0000012283F8C720112283F8862008BD08B568
:102D1000436893F886203AB193F8C82022B94FF45B
:102D2000F4711F20E6F74EF8012283F8C720152220
:102D300083F8862008BD0B46072203F8032BD0F842
:102D40000920C1F80320D0F80D205A60B0F81120F6
:102D50001A81C27C9A72704708B5436893F886203E
:102D60001AB1C1211C20E6F72DF8042283F8862031
:102D700008BD08B50378426833B992F887305BB173
:102D8000C9211C20E6F71EF8936FD90701D4CD2185
:102D9000F7E723F001039367BDE80840FFF786BC1F
:102DA0000E23A0F59C700B7003884B80704743681E
:102DB000017893F8862061B9052A08BF00224FF0F8
:102DC000000002BF83F8B62083F8C22083F8862073
:102DD0007047102AF1E738B50478456854B995F87A
:102DE000873053B9FFF752FC4CB9022385F887307E
:102DF000204638BDAB6F5B07F4D50124F8E7AB6F15
:102E0000002443F00403AB67F2E7037823B1426880
:102E1000936F23F004039367FFF748BC08B543683A
:102E200093F886201AB170214B20E5F7CBFF02788A
:102E3000002A0CBF0522102283F8862008BD10B599
:102E4000D0E90D42A24206D38B8C121B498E05336A
:102E50004B43934202D3012380F83E3010BD01233F
:102E60000B7000238B7030F8CA3CA1F80330437A12
:102E70004B714389CB8083890B81704710B54468BF
:102E800094F8C92092070ED494F886301BB17421AF
:102E90004020E5F797FF0122A4F8BE3084F8862091
:102EA00084F8C22010BD037843B994F887300BB979
:102EB000FFF7FCFB002384F82A31F3E7A36F9B079D
:102EC000F8D5FFF7F3FBA36F23F00203A367F1E745
:102ED00010B50B7901284C790A6843EA04211046A1
:102EE00008BF41F4803110BD07B5FFF7F1FF0DF1C8
:102EF0000702F2F7EDFD03B05DF804FB0B46062276
:102F000003F8032BB0F80920A1F80320C27A9A70C5
:102F100070470B46172203F8032BD0F80920C1F89D
:102F20000320D0F80D205A607047332301F8033B8B
:102F300000F10903293053F8042B834241F8042B94
:102F4000F9D11B880B807047F0B50646BDF81470A8
:102F500001F5A571D92E344607F0010507F00200EE
:102F600028BFD9243034A4B2FF2C28BFFF24BF07C8
:102F700000F0AF8048B3042A21D0032A22D0022ACD
:102F80000CBF4FF496744FF414740C44D11EC9B2A4
:102F90009C34022934BF282000200129044440D851
:102FA00004F535649834002D48D0042A40D0032A13
:102FB00041D0022A0CBF6421C0210819F0BD41F2A2
:102FC000D024E2E740F2CE54DFE783B1042A08D0F0
:102FD000032A09D0022A40F6480408BF4FF485644A
:102FE000D3E744F29024D0E741F2BE14CDE7042A9F
:102FF00005D10534A4B2A40104F5C874C5E7032AB9
:1030000005D10534A4B2240104F5BF74BDE7022A3A
:103010000BBF0B340A34A4B2A4B20CBFA400E4006A
:10302000B3E7022A0CBFB4204FF4B0700444B9E7F0
:103030004FF4CA61C1E740F2AE21BEE793B1042A62
:103040000AD0032A0BD0022A40F648000CBF4FF4E6
:1030500085610146601812E044F29021FAE741F2DE
:10306000BE11F7E7F12E354628BFF125042A1ED1FF
:1030700005F1130080B2800100F5C8752819D92E1A
:103080009CD9D93EF721B6B2002B56D0F636042A89
:10309000B6FBF1F64BD0032A4CD040F2725340F607
:1030A0009211022A18BF0B4603FB060086E7032A8B
:1030B00005D11335ADB22D0105F5BF75DEE7022A46
:1030C0000BBF19351835ADB2ADB20CBFAD00ED0078
:1030D000D4E78BB1042A09D0032A0AD0022A40F689
:1030E00048000CBF4FF485640446B3E744F29024D3
:1030F000B0E741F2BE14ADE7042A05D10534A4B20D
:10310000A40104F5C874A5E7032A05D10534A4B2C7
:10311000200100F5BF749DE7022A0BBF0B3404F1B8
:103120000A05A0B2ADB20CBF8400EC0092E744F2F5
:10313000DA33B9E741F20833B6E7B6FBF1F3042A14
:10314000DBB21CD0032A1DD040F2725140F692141B
:10315000022A18BF214601FB0300C3EB4311C3EB56
:10316000C103F61AB3B2002B3FF428AF0833042A88
:103170009BB20AD19B0103F21A4318441EE744F2A2
:10318000DA31E8E741F20831E5E7032A03D11B0110
:1031900003F54673F1E7022A0BBF9B00DB0003F542
:1031A000BB7303F5CD73E8E78B8873B513F018058F
:1031B00006460C461ED1086820B940F2CA312D20BF
:1031C000E5F700FE00F088FA217CF2F791FDA38874
:1031D0000146627C009330462B46FFF7B5FECC30AB
:1031E000D4E90223824273F100032CBF01200020A6
:1031F00002B070BD0120FBE738B513220B460C4628
:1032000003F8032B00F10902293052F8041B824213
:1032100043F8041BF9D1127802211A700123A58802
:10322000A3712846E6F7D2FA70B1E37863B100885B
:10323000F0F714FD02212846E6F7DEFA20B140F24D
:1032400023212D20E5F7BEFD38BD38B5CB690446F6
:10325000104641F27072A3F57A75954295BF4FF40E
:103260007A7240F2E242B3FBF2F3B3FBF2F398BF9F
:1032700003F5506304F1A0029BB2A4F8AC308B8C30
:10328000A4F8AE30CB8CA4F8B03091F8B83184F803
:10329000B230637F63B394F86830012B28D194F87F
:1032A0006E3003F0C003402B22D1D4F86930C4F84B
:1032B000A030B4F86D3093800828236A04F1A60189
:1032C0009A7803F1030584F8992004F19A02D3F85F
:1032D000033018D0C4F8A630AB888B8004F1990174
:1032E000F0F7AEFF40B940F697312D20E5F76AFDC3
:1032F0000023C4F8A030DEE794F8993043F00203CD
:1033000084F8993038BDC4F89A30AB889380002394
:10331000C4F8A6308B80F5E70B46162210B503F8EB
:10332000032BD0F80920C1F80320427B1A71CB7817
:10333000BBB130F8B43C1B0713D4B1F805400221EF
:103340002046E6F743FA60B10088F0F787FC0221D7
:103350002046E6F751FA20B140F263212D20E5F72F
:1033600031FD10BD0121F3F76BB8FFF7FBBF08B5C6
:1033700090F894300BB1012008BD90F8CC30002BB0
:10338000F9D190F8BE3003F0FF00002BF4D0F0F735
:10339000D1FA80F00100C0B2EEE730B54FF4B4725C
:1033A00085B00D4600210446FBF7F0FBFF23237098
:1033B0001323638042F21073E384E6F711FB0022CB
:1033C0000146E0646846E6F74FFB00220121E06C0D
:1033D000FCF73DFC0422E16C6846E6F745FB002261
:1033E000E06C1146FCF733FC04F13000E57400F0AA
:1033F00023F902A8F1F7A2F920B940F206312D20F5
:10340000E5F7E0FC02A904F13600FEF712FB05B077
:1034100030BDFF23C86C0B70FCF7E6BB0078FF38AB
:1034200018BF01207047F7B5044630300E4600F053
:1034300053F961880746CA0605D52822F3F742FCEE
:103440008C3003B0F0BD8B07E06C0FD5FCF79DFC12
:10345000054621793846F2F74BFC638801466279CC
:10346000009328463346FFF76FFDE9E7FCF77DFC44
:10347000EEE7034608465A8812F0180F30B587B0B9
:1034800010D103F13001ADF80420D3E902459B8847
:1034900000916946ADF81030CDE90245FFF784FE92
:1034A00007B030BD0120FBE7D0E902017047007D85
:1034B000003818BF012070470B68C0F816308B88A1
:1034C0004383012303777047438813F0100005D02E
:1034D00013F0040F14BF00201F2070479A0704D474
:1034E000DB0701D4E6F7A8BAEE20704708B5FFF76E
:1034F000EBFF003818BF012008BD0023A0F84830BA
:1035000043881D2B08BF00214174704790F91300B8
:103510007047408800F0010070474088C0F34000C9
:1035200070474088C0F3C000704710B54488C06C35
:10353000E30654BFC4F340040024FCF70DFC002C48
:1035400008BF012010BD4088C0F3001070474088BC
:10355000A0F109035842584170474079C31E012B1E
:1035600005D8B1F86A30012B0CBF03200420704746
:1035700010B50446F1F740FCC0F30B00A042F9D0AF
:1035800010BD10B50446F3F79BFA00212046F2F770
:1035900057FF2046BDE81040F2F72EBC90F8683087
:1035A00001624B72D0F86930C1F80A30B0F86D3062
:1035B000CB8170477047F2F7F7BC80F888107047EE
:1035C000FF2380F88B30704780F8241080F8252086
:1035D0007047C0F34002C0F3800300F001001344C1
:1035E00018447047022808B507D0042807D00128DE
:1035F00007D039212E20E5F7E5FB262008BD27203E
:10360000FCE72520FAE78278034612F0010002D099
:10361000D978C9070FD5900702D5D978890709D578
:1036200012F0040007D0DB7813F0040F14BF002061
:1036300004207047022070470023C0F802300123A5
:103640004370037070478170704710B54270144624
:1036500001708078FFF7BDFF484304FB00F2FE2AAB
:1036600003DD5C212E20E5F7ADFB10BD0023C37008
:1036700043710371704710B50446FFF7C4FF6379C7
:1036800062780133DBB29A4263710CD1E378002295
:10369000A17803436271DBB29942E37001BF2379E1
:1036A000E27001332371BDE81040FFF79BBF38B5CE
:1036B00004468078FFF78DFF0146E078FFF789FF29
:1036C0002378227965789B1A6B4359436379C91A29
:1036D00000FB1510C0B238BD014608B58078FFF771
:1036E00078FF4A780B7853435843C0B208BD40F284
:1036F000EF20704740F25A335843704738B50E38C0
:10370000536814460D4693F8862009283FD8DFE811
:1037100000F0053E3E3E0F3E173E3E26042A05D1F0
:103720002046FEF7AAFF2046F2F706F9002038BD32
:10373000102AFBD120460021BDE83840FFF737BBF7
:103740001E2AF3D12046FEF798FF002DEED06268C6
:1037500092F8D83023F0200382F8D830E6E793F8C7
:103760008720242AE2D10025204683F88750FEF7DF
:103770009DFF636893F82431012B03D1294620462D
:10378000F0F72EF96368002283F82421CEE740F297
:1037900037213120E5F716FB08B5436893F88720F9
:1037A000172A04D040F20A513120E5F70BFB1B2207
:1037B00083F8872008BD08B5436893F88720322A2C
:1037C00006D1002283F88720BDE80840FEF76EBFCF
:1037D000172A03D11B2283F8872008BD40F21F510E
:1037E0003120E5F7EFFA037D63B9C37B90F8500011
:1037F000A3F11102032A05D928B11D2B8CBF00208B
:103800000120704701207047037D63B9837B90F8E6
:103810005000A3F11102032A05D928B11D2B8CBF3A
:1038200000200120704701207047426870B592F86F
:10383000D8300D460446084643F0040382F8D830D9
:10384000FEF708FD06462846FEF700FD22463146F3
:10385000BDE87040F3F73ABB38B50C460546D1E9F0
:103860000501E6F763F894F8140220280BD0FAF764
:103870000FFC94F81402F9F71BFD20B940F6820101
:103880003120E5F79FFA0D212846E5F7B5FF0E2117
:103890002846E5F7B1FF28460F21BDE83840E5F797
:1038A000ABBFE7F783B80022A0F8862080F88A2013
:1038B00090F8CB3113B10221E8F732B90321FBE7CD
:1038C00038B50446084694F8803213B10C252846D2
:1038D00038BD94F88730163B012BF7D894F8B032F6
:1038E00003F0FF05002BF1D191B194F8E63123B933
:1038F00040F6E5113120E5F765FA052304F1F00201
:1039000004F5EB71FAF766FF012384F88032DEE7F5
:103910000223FAE7F1F7DEBB436893F810212AB1DE
:10392000002283F8862083F8C220704783F887201E
:10393000FEF7BCBE436893F88620032A05D1002217
:1039400083F8C22083F886207047FEF7AFBEA1F14E
:103950001303012B0AD910B9172902D8704713296C
:1039600006D91C298CBF0020012070470120704718
:103970000020704738B5142853680D46144693F854
:1039800086300BD0162819D0122830D1052B13D130
:1039900000211046BDE83840FFF709BA1E3B022B54
:1039A0000AD81046FEF769FE35B1626892F8D83041
:1039B00023F0200382F8D830002038BD212BFBD122
:1039C0001046FEF75AFE6DB1626892F8D93023F0C6
:1039D000010382F8D930626892F8D93023F00803E5
:1039E00082F8D9301A212046EFF7FAFFE4E740F2D7
:1039F00029413620E5F7E6F9426870B592F8D830EB
:103A00000D460446084643F0040382F8D830FEF71A
:103A100021FC06462846FEF719FC22463146BDE841
:103A20007040F4F7DBBD08B5F4F7A2FB18B9BDE8A8
:103A30000840E6F7BBBF0021BDE808400846F4F7A0
:103A400089BE38B50C460546D1E90501E5F76EFF9C
:103A500094F8E10120280BD0FAF71AFB94F8E10161
:103A6000F9F726FC20B940F61A113620E5F7AAF935
:103A700004F5DC742046EEF745F810B12046EEF769
:103A800051F80D212846E5F7B7FE0E212846E5F747
:103A9000B3FE28460F21BDE83840E5F7ADBE002053
:103AA0007047F1F713BAF1F7D1BAF1F7FBBA014653
:103AB00038B5448E91F88A30A400B0F8B80013BB32
:103AC000C0F1060591F8B6302D1B1BB191F8863078
:103AD000052B1CD101F17800FFF796FEC8B1D1E9A2
:103AE0002B031B1A1C1BAC420888A8BF2C4600F0F5
:103AF00058F820B1C389043B9C42B8BF1C4624EA55
:103B0000E47080B238BDB1F8BA502D1ADAE700245B
:103B1000E9E72C46E7E770B50E4604210546E5F7D0
:103B200055FE044648B906212846E5F74FFE20B168
:103B300016B190F8BD3003B90446204670BD037C31
:103B40000BB900207047037C012BFAD0007C0738AA
:103B500018BF0120704708B5027C012AD3B204D0F7
:103B6000FFF7EDFF00F0010008BD1846FAE71D233E
:103B700010B50446C370EFF72BFF207110BD1E2354
:103B800010B50446C370EFF723FF207110BD012369
:103B90004380038000238380C3804FF44863038104
:103BA00070470E21E5F712BE73B569460546FDF76D
:103BB00049FE044618B11F215420E5F703F92846B1
:103BC000019EFFF7EEFF28B10123738684814481B3
:103BD0000482C48102B070BD0023012203804380AF
:103BE000038143814FF44863C280828083817047A0
:103BF00008B5FAF7A7FEBDE8084000F036B8801A0D
:103C000000F3070038B50D46144659B240B2F7F735
:103C1000F9FA0023287020446B7040B238BD0023AD
:103C2000036070477047002070474FF0FF307047C7
:103C30004FF0FF30704770474FF0FF307047002063
:103C40007047002070470023037070470022FFF781
:103C5000D6BF002070474FF0FF3070474FF0FF3065
:103C600070474FF0FF30704770477047F7F7F2BA70
:103C7000704770B50024F7F71BFE05462646E0B2F4
:103C8000854200D870BDF7F719FE0134868480F8AC
:103C90002660F4E7FAF72EBE002070470020704738
:103CA0000020704700207047704720BF70470028F1
:103CB0000CBF6FF0150000207047002070470723ED
:103CC000037000207047002070470020704710F8F4
:103CD000012B11F8013B012A28BF9A42F7D0D01AD4
:103CE0007047034613F8012B002AFBD1181A01383C
:103CF00070470000014809F0F7B800BF1009002123
:103D000003462DE9F34113F8016B0746022E0D46D9
:103D100001F1FF323DD0052E51D0012E73D1022A80
:103D200007D83D4A01213D4802B0BDE8F0410BF003
:103D3000F4BE03223046CDE900320022002304F015
:103D400011FB044670B1FB78043D9D420CD0344A0F
:103D5000012132480BF0E1FE204602B0BDE8F041FF
:103D600003F072BF2F4ADDE700F10C0840460CF06B
:103D70004EFE854201D92C4AEAE72A464046391DC3
:103D80000CF04DFE2146294802B0BDE8F0410DF08F
:103D9000A0BE032A01D8264AC4E704200022CDE9A8
:103DA0000030002304F0DEFA044630B1B7F80330E7
:103DB000053D9D421CD01F4ACAE71F4AB2E7032AAD
:103DC00001D81E4AAEE704221020CDE900320022BD
:103DD000002304F0C7FA044640B1B7F80330053DAC
:103DE000C3F30D039D4203D0154AB1E7154A99E785
:103DF00004F10C0630460CF00AFE8542BBD82A4678
:103E00003046791DBCE7012133460F4A034802B012
:103E1000BDE8F0410CF0C4BCA62903011C2203013B
:103E2000E7290301C92903010D2A03015C090021C7
:103E3000282A0301612A0301472A0301832A030177
:103E4000BC2A0301A22A0301DE2A0301F8B50D4DA5
:103E50000D4E0E4F4FF0FF334FF0FF32284608F063
:103E6000B7FF044604F0BCFA034638B101213846D6
:103E700032460CF095FC204603F0E6FE0AF0D4FA38
:103E8000E8E700BF5C090021F22A03011C220301BC
:103E900098B500AFEFF31183402383F31288BFF38B
:103EA0006F8F6C468AB06A46094BD161C2E9053012
:103EB0004FF400731384074B42F8103F00234FF474
:103EC0001151054802F0AAFAA54602F03BF9FEE7B7
:103ED0000A2B0301040000011C2203012DE9F04319
:103EE0003B4889B004F088FA00220023CDE906237C
:103EF00000236FF00802CDE90133CDE903230093DD
:103F00004FF4C062334B3449344809F027FD34493B
:103F100032480DF02CFE334801F0CAFB031E07DACD
:103F200013F1780F04D001212F4A30480CF038FCEF
:103F30002F4A30492B4801F0DBFB034620B1012119
:103F40002D4A2A480CF02CFC4FF0FF324FF0FF3383
:103F50002A4809F031F81E4E264FDFF8A4804FF0B2
:103F6000FF334FF0FF32304608F032FF037E044645
:103F7000082B0CD0202B26D0022B26D00121214A41
:103F80001A480CF00DFC204603F05EFEE7E7022124
:103F900004F10C000CF034FD0025DFF85090384699
:103FA000228AE16801F0C6FB0028ECDA0135EDB2A7
:103FB0000B2D05D14246022148460BF0AEFD0025EF
:103FC0000AF032FAEBE70521E2E70421E0E700BF5F
:103FD000400900214D3E020120410021381B0021F3
:103FE000292B030180200301342B03011C22030130
:103FF00048070021183C0021642B0301100900210F
:10400000982B0301882B0301F8B50F4600293BD0FC
:104010000668012230460BF0BAFD014604463046E0
:104020000BF07DFDC3070DD4AF23184A184919487A
:104030000BF0B6FF394618480BF0B2FFAF2113481A
:104040000BF0A5FF214630460BF07FFD25182946D1
:10405000002230460BF063FD2D1AAC420BD0B72383
:104060000A4A0E490B480BF09BFF39460C480BF0EF
:1040700097FFB721E3E7214630460BF06CFD214660
:10408000BDE8F8400BF0A8BEF8BD00BFD62B030179
:10409000F92B03010A2C0301272C03015F2C0301D8
:1040A000852C03012DE9F8430F4606681446B268D3
:1040B0004B1EB2F5004F34BF042108213B4010D005
:1040C000C7F1000909EA0709494503F1FF3028BF94
:1040D000494618420CD11F46DCB900252846BDE8E8
:1040E000F8838F4213D82146BDE8F8430BF0B6BEE3
:1040F0002E494FF4A2732E4A2E480BF051FF2E4842
:104100000BF04EFF4FF4A27129480BF040FF994687
:10411000E2E7B2EBD40FE0D9E319591A10460BF0DD
:1041200040FD014630460BF096FD80460028D4D075
:10413000B36809EBC005B3F5004F34BF042308236F
:104140001D4435447B1E1D44B5FBF7F57D43A5EBAF
:104150000905294630460BF01AFD2C44073424F09B
:104160000704A41B804507464FEAE40408D2024630
:10417000414630460BF0A9FD414630460BF0EAFDC2
:10418000394630460BF0E1FC3844844208D23946C7
:10419000304622460BF099FD214630460BF0DAFD01
:1041A0000122394630460BF0D6FC97E7C12C0301BB
:1041B000D62B03010A2C0301DC2C0301B2F5802F5E
:1041C0002DE9F04110D2042A28D843494FF4F9735D
:1041D000424A43480BF0E4FE42480BF0E1FE4FF444
:1041E000F9713E480BF0D3FE0823D21ACC1D1144BE
:1041F00024F0070421F00701091B17294FEAD10613
:104200000ED8394940F2FB13344A35480BF0C8FE4A
:1042100034480BF0C5FE40F2FB11E2E70423E4E76B
:104220000027046031463046A660E7600BF0C2FC10
:104230000121421D804630460BF0B3FC9200D51D93
:10424000ED082844B0423AD8B8F1FF3F3946A2F110
:10425000100204F11000B8BF3A460DF0C8FD2A461E
:10426000394620460BF08FFC3B463A4639462046FD
:104270000BF060FCA6EB05082046394601220BF046
:104280006AFC424629460BF07EFC2B463A462946FC
:1042900020460BF04FFC314620460BF074FC4346A1
:1042A0003A46314620460BF045FC31462046012275
:1042B0000BF051FC2946BDE8F0410BF04BBD0B491A
:1042C0004FF40373054A06480BF06AFE05480BF0ED
:1042D00067FE4FF4037184E7F92C0301D62B030129
:1042E0000A2C03011A2D0301332D03015C2D030158
:1042F0002DE9F04F91B0009302F004030193C2F353
:10430000C20301330493830705460E46DDF8689027
:10431000029240F0FC81041D30B1072909D86FF0EA
:104320001B0011B0BDE8F08F01F007063444C6F160
:1043300008064FF000084FF0040B009B4746591E3B
:104340004FF0FF324346DA46CDF80C800DB10098AD
:1043500020600498002800F3DF809B48DDF800C04F
:10436000844503D399488445C0F0D680DDF808C061
:10437000A4EB050E1CF0020F4FEA9E0000F0E78050
:104380004FF0000CD1E07A2862D84B280FD847288C
:104390005ED829282DD8252859D059D820287DD055
:1043A000A0F12309D9F1000343EB090376E04C386F
:1043B0002E284DD8DFE800F0724C4C4C4C4C4C4C45
:1043C0004C4C4C4C4E4C4C4C4C4C4C4C4C5C4C4E19
:1043D0004E5C5C5C724E6F4C724C184E184C4C81AB
:1043E0007E4E4C4C4E4C7E00002000234FF0040BC0
:1043F0003CE04FF0010E2A38C0B20EFA00F04FF642
:10440000DA7E10EA0E0F49D110F0625E30D110F062
:10441000010343D07046013C5C44B4FBFBF40BFB4E
:1044200004F4002D5ED0AAEB050EA644B6453FF677
:1044300076AF002868D1BAF1040F43D1E14659F8AC
:10444000040B2060CC464FF0040A043426E0013A05
:10445000002323E011F8013C6C2B30D1002011F82F
:10446000023C6C2B0346C1D14FF0080BDA46D2E771
:104470000CF1070929F0070C073424F00704FCE8C5
:1044800002AB35B105982044B0423FF648AFC4E9CD
:1044900000AB002308344FF0080BDA4611F8010F87
:1044A000002800F0BC80002B7FF46DAF2528F5D1EB
:1044B000012301324FF0040BEFE7184695E7002087
:1044C0000346A8E7BAF1080F40F09B800CF10709FA
:1044D00029F0070CFCE8029AC4E9009A4FF0080A98
:1044E0000834DBE780B9BAF1040F02D10CF10409FA
:1044F000A8E7BAF1080F40F084800CF1070929F011
:10450000070909F1080CE9E7E1460498013804902D
:1045100059F8040B009019E70298800748D54FF02E
:10452000010CA4EB050E4FEA9E00BEF5007F1DD3E3
:1045300027494FF41F73274A27480BF031FD2748BE
:104540000BF02EFD4FF41F7122480BF020FD0F2FB2
:104550000ED8002D46D007F1400CEC440CF8200C8E
:104560000CF8102C03980130039020E00F2F0CD989
:10457000174940F28123174A17480BF011FD1848DC
:104580000BF00EFD40F28121DEE7BDB107F1400ED8
:10459000EE44C0B20EF8200C0EF8102CBCF1000F47
:1045A000E0D060F07F000EF8200C08F10108013720
:1045B000C5F10800CC46043405906FE7BCF1000F4C
:1045C00010D00136F3E700BF4C1F030178550301FB
:1045D00012550301872D03010A2C0301B52D030198
:1045E000D62D0301019802360028E0D10098CDE9CC
:1045F00006310592FFF775FBDDE90631059A0644A1
:10460000D5E740F2C623434A434944480BF0C8FC6F
:10461000514643480BF0C4FC40F2C62194E7631BAB
:10462000B3F5806F0CD33C4940F2D223394A3B4862
:104630000BF0B6FC3B480BF0B3FC40F2D22183E711
:104640001DB9A6F10804E0186BE6019A9B082860E2
:104650002B709DF80C30C2B1EB7085F80280B8F178
:10466000000F05D0002208A8C5F1010C97420ED119
:104670004FF0000AC5F101030DF1200902930DF17D
:10468000300B574512D1601B4BE66B70E5E710F815
:10469000013B190608D50CEB040EB64503F07F0369
:1046A0003FF63DAE04F8013B0132DFE7B8F1000F01
:1046B00003D099F90020002A17DB019BD3B11AF827
:1046C0000B2004F8012B0022029B18191044B04261
:1046D0003FF625AE99F80000009904F8010B20463A
:1046E00003920DF077FB039A14440AF1010A09F1D1
:1046F0000109C6E799F8002055F822300093019B84
:10470000009845F82230FFF7ECFA421CDCE76FF026
:104710000D0006E6872D0301125503010A2C030143
:10472000F02D0301052E03012DE9F04F97B000AFE6
:1047300089460446D7F880B0FA627B6258B9A94925
:1047400040F29933A84AA9480BF02AFC40F299316B
:10475000A5480BF01CFCCBF3C00390F802A07B61D2
:1047600041B9457800780AEB800020444D4517D8C0
:10477000A0EB0409E3783B62BAF1000F02D01BF012
:10478000010F16D13B6A53BBFB6A1BB14946204659
:104790007A6A98474D4628465C37BD46BDE8F08F9B
:1047A000461C3046FFF79DFA0130304409F10109FB
:1047B000DCE762682378BA62FA6A9900B96104EBAF
:1047C0008301002A40F002810E464FF000084D465A
:1047D00001EB0A094E454CD101EB0A0610E01BF033
:1047E000020FD1D023789A00BA61626804EB83018A
:1047F000BA62FA6A002A77D14D46904601EB0A0662
:104800001BF0050F0CBF02230123FB623B6A06EB82
:10481000430A0BF002037B625645BCD016F8021B1C
:1048200016F8013C54F82390714B994502D3714B13
:10483000994536D37B69002B40D0B86A0BF071FBE9
:1048400000283BD0E9468AB06A466B4B5361BB6A8D
:10485000C2E906314FF400731384684B42F8103FED
:1048600000234FF41251664801F0D8FD023DCD46B9
:10487000D2E716F8013BF96254F82300FFF731FA4A
:10488000D7F88430F96A01304BB1D7F888309845B1
:104890003EBFD7F8843023F8180008F1010805441A
:1048A00098E77B6923B1B86A0BF03BFB0028C9D1BC
:1048B0001BF0010F05D1FB6AED1AADE77B6A002BF7
:1048C000AAD04846FFF70DFAD7F8843053B1D7F88D
:1048D000883098453FBFD7F88420431C22F8183011
:1048E00008F10108054497E7BAF1000F74D01BF0F6
:1048F000040674D0D046002607F1480052463B61BA
:10490000F9610DF067FAF9693B6901EB0A02FA6196
:104910003A6A5200FA60D7E9072102EB41023A6194
:104920000BF00202BA60FA6939698A426AD1627888
:104930001BF0020F18BF0021BA6208BF4FEA5801EE
:10494000B2181BF0010FD2B240F0E7801BF0040F49
:1049500014BF404600207B616270A070E170204669
:104960007A6AB969FB6A9847051EFFF614AF7B693E
:1049700041462370BB6A7A6A63703B6A84F802A07E
:10498000E37007F14800FB6A9847B0F10008C0F2F5
:10499000F880BB69A9EB0A01C91AFB687A6AC91ACF
:1049A000F869FB6A98470028C0F2ED804FF0000BD1
:1049B000A84408EB000507F1380AB345C0F0AF8002
:1049C00000217A6A0846FB6A9847E4E656464FF0AB
:1049D000000807F1380091E75646D04695E7B04603
:1049E00093E700BF1C2E0301872D03010A2C03014E
:1049F0004C1F030178550301372E03010400000109
:104A00000C220301FA6912F8021B12F8015CFA6128
:104A100054F825005D4A904202D35D4A904218D373
:104A20007A693AB1B86A7B600BF07BFA7B68002840
:104A30007FF479AFBA68002A4CD00F2E40D955497F
:104A400040F24D43544A55480BF0AAFA40F24D410A
:104A50007EE67A693AB1B86A7B600BF062FA7B68ED
:104A600000287FF460AF1BF0010F0BD00F2E27D969
:104A7000484940F24343484A48480BF091FA40F213
:104A8000434165E61BF0040F3FF44DAFB8F10F0F43
:104A900009D9434940F246433F4A40480BF080FA67
:104AA00040F2464154E608F1280207F1300008F1CF
:104AB000010102EB000808F8105C5FFA81F832E7A8
:104AC00006F1280207F13000711C161806F8205C68
:104AD000CEB228E7B8F10F0F09D931494FF48A63F4
:104AE0002D4A2E480BF05CFA4FF48A6130E608F14B
:104AF000280208F1010007F1300CC0B294440CF810
:104B0000101C00F1280207F1300108F102085018CA
:104B10005FFA88F800F8105C05E700201BE71BF837
:104B20000A3054F8239087F83730D7F884302BB305
:104B3000D7F888309B4521D2D7F8843033F81B80D2
:104B400001217A6AFB6A07F13700984700281ADBCF
:104B50000544B8F1000F06D14846FFF7C2F800F14E
:104B600001081FFA88F8414648467A6AFB6A984766
:104B7000002808DB05440BF1010B1EE74FF000088D
:104B8000DEE7454607E6054605E600BF4C1F030184
:104B900078550301DA2E0301872D03010A2C030146
:104BA000F92E0301014B1860704700BF6007002118
:104BB00080B505460E461746984609F0DDFD0346CA
:104BC0000DF0BAF90446DFF81890424649F8003073
:104BD00039463046A84754F8090002F0F1FA00BF00
:104BE0000800000038B50D460446202200210DF0D3
:104BF000FEF80022EB68E361AB68A3612B682362D7
:104C00006B68A26263622A6923B1591E194208BF08
:104C100042F0010222610122002104F12C000CF07B
:104C20006DFF48B1054906482F23064A0BF0B8F935
:104C30002F2104480BF0ABF938BD00BF502F030102
:104C40000A2C03012A2F03012DE9F04F002789B018
:104C5000CDE90123436A04468B428846BA4605974C
:104C6000079754D300F11406EFF31185402383F323
:104C70001288BFF36F8F3046A94609F0CBFF58B9B1
:104C800088234D4A4D494E480BF08AF931464D482C
:104C90000BF086F9882163E0304609F0DFFF079AC0
:104CA0002AB1394620460BF05CFA0023079306A987
:104CB00020460BF082F906998346414530D322689D
:104CC000236A204613F8221003EB820A21F0030125
:104CD00003F82210216842460BF093F9E368206044
:104CE000984218D04FF0000B304609F0A1FF50B3A6
:104CF00089F31188BFF36F8F059929B1A2690AB1B1
:104D00002046904700230593BBF1000FACD15046DD
:104D100009B0BDE8F08F236943F008032361E1E7A0
:104D200018B120460BF087F9DEE7DDE901321343C5
:104D300039D003910CF015FF0399A0BB9DBB304601
:104D400009F076FF78B940F231131B4A1E491C481E
:104D50000BF026F931461D480BF022F940F23111D3
:104D600015480BF014F985F31188BFF36F8F04F128
:104D70002C00DDE9012308F01FF98346EFF31189C8
:104D8000402383F31288BFF36F8F304609F042FF50
:104D900000283FF475AFBBFA8BFB304609F05EFF8D
:104DA0004FEA5B1BA0E7204607AB05AA27680BF07C
:104DB00061F9834698E700BF592F0301862F03014D
:104DC0000A2C03019B2F0301B12F0301C82F0301FC
:104DD0002DE9F0410446C36908460E46984704F1A0
:104DE00014050746EFF31188402383F31288BFF3BD
:104DF0006F8F284609F00EFF68B988231A4A1B49AD
:104E00001B480BF0CDF829461A480BF0C9F8882149
:104E100015480BF0BCF8284609F020FF33783A46D5
:104E200043F001033370616820460BF0EAF86060DC
:104E300020460BF0B1F9284609F0FAFE68B940F2B5
:104E40003113094A0C490A480BF0AAF829460B48C5
:104E50000BF0A6F840F23111DAE788F31188BFF3BE
:104E60006F8FBDE8F08100BF592F0301862F03012A
:104E70000A2C03019B2F0301B12F0301C82F03014B
:104E80002DE9F843044600F11407EFF3118840239D
:104E900083F31288BFF36F8F384609F0BBFE0546D7
:104EA00068B98823344A354935480BF079F83946D2
:104EB00034480BF075F888212F480BF068F8384615
:104EC00009F0CCFE2369A26813F0080F02D16368D1
:104ED0009A4200D9636A9B1A002B3FD0216A11F8CD
:104EE000223001EB820913F003003AD0022803D1EB
:104EF00051F82260B60805D1D8071FD44846E369A7
:104F000098470646A168324620460BF07AF83146AB
:104F1000A06020460BF083F8384609F089FE10BBEC
:104F200040F23113144A184915480BF039F8394644
:104F300016480BF035F840F23111BDE743F002039B
:104F400001F82230E3694846A56898472946024699
:104F500020460BF056F80025A060DDE71D46A94667
:104F6000DAE70546FBE788F31188BFF36F8F002D62
:104F70008BD14846BDE8F883592F0301862F0301E2
:104F80000A2C03019B2F0301B12F0301C82F03013A
:104F90002DE9F0410446C36908460D46984704F1DF
:104FA00014060746EFF31188402383F31288BFF3FA
:104FB0006F8F304609F02EFE68B98823274A2849AA
:104FC00028480AF0EDFF314627480AF0E9FF88211A
:104FD00022480AF0DCFF304609F040FE2B786FF3E0
:104FE00000032B7023699B0705D5E268236A03EB56
:104FF00082039D4222D12B786FF341032B70D4E9B9
:105000000231994204D13A4620460AF0FAFFA060E4
:10501000394620460BF003F8304609F009FE90B9F6
:1050200040F231130D4A11490E480AF0B9FF3146DA
:105030000F480AF0B5FF40F23111C9E72B6867F35A
:105040009F032B60E8E788F31188BFF36F8F04F1AB
:105050002C00BDE8F04107F047BF00BF592F030106
:10506000862F03010A2C03019B2F0301B12F03019B
:10507000C82F030170B5044600F11405EFF3118643
:10508000402383F31288BFF36F8F284609F0C2FDD7
:1050900068B988231A4A1B491B480AF081FF294630
:1050A0001A480AF07DFF882115480AF070FF28464B
:1050B00009F0D4FD2369A06813F0080F02D16368DA
:1050C000984213D9646A241A284609F0B1FD78B9C8
:1050D00040F231130A4A0E490B480AF061FF294693
:1050E0000C480AF05DFF40F23111DDE71C1AEBE7D6
:1050F00086F31188BFF36F8F201E18BF012070BD8B
:10510000592F0301862F03010A2C03019B2F030152
:10511000B12F0301C82F03012DE9F84F0446A38BDB
:1051200008461907154612D4022803F0070165D175
:1051300020460BF03EF888B10138042800F2378190
:10514000DFE810F05C0035018200D4000401012882
:105150000CBF43F0100143F02001A183143420461A
:1051600009F066FD002840F09D819A4940F2311314
:10517000994A9A480AF014FF2146B1E003F0070269
:10518000501F01281ED80020062A2768C4E9000005
:1051900014D13A4603E0E08B0130E0831268002A24
:1051A000F9D123F0070343F002022046A2830BF05B
:1051B00000F890B342F02002A2832EE023F0070310
:1051C0009AB2F2E7042A33D123F007039AB22046B9
:1051D000A2830AF0EEFF10B142F02002A283A38B5B
:1051E00003F00709894540F0EC80A18BCA0640F125
:1051F000508121F01003A38301F00701D4F8188037
:10520000A38BB8F1000FB9DA0022276823F0070357
:10521000C4E9002243F00103A383A38B03F0070931
:10522000894540F0CF80002FDFD00026B24644E011
:105230006B4940F21B136B4A68480AF0B1FE40F21A
:105240001B1168480AF0A3FE49B167494FF4AB73DC
:10525000644A62480AF0A4FE4FF4AB71F1E7236898
:105260004BB9624940F257135E4A5C480AF098FE17
:1052700040F25711E5E723691E684EB95C494FF4C7
:10528000AD73584A55480AF08BFE4FF4AD71D8E71C
:105290000F4688464FF00609A38B23F0070343F01F
:1052A00006039BB2A383A268002A40F08D80002FE2
:1052B00040F08D80002E98D0BA4643F0080304F1E8
:1052C000140B5846A38309F0B3FC002840F09A80E1
:1052D000404940F23113404A40480AF061FE5946C5
:1052E00044480AF05DFE40F23111ADE0022909D0D8
:1052F000414940F25D133B4A38480AF051FE40F202
:105300005D119EE7E78B4FB13C494FF4AF73354ACF
:1053100032480AF045FE4FF4AF7192E723695E68A8
:105320004EB9334940F261132E4A2C480AF038FE38
:1053300040F2611185E7A38BB84623F0070343F0E1
:1053400004039BB24FF00409A383ACE7012909D001
:105350002B494FF4B273234A20480AF021FE4FF440
:10536000B2716EE723684BB9204940F265131D4ABC
:105370001A480AF015FE40F2651162E723699E683B
:105380004EB91B494FF4B473164A14480AF008FE8C
:105390004FF4B47155E70027A38BB84623F00703F9
:1053A00043F005039BB24FF00509A3837BE70C494B
:1053B00040F26B130B4A09480AF0F2FD40F26B1100
:1053C0003FE7002700266EE74FF0010A75E7924697
:1053D00073E700BFB12F0301592F03010A2C03010A
:1053E00012550301DD2F0301023003010E300301CA
:1053F00031300301C82F0301483003015E3003013F
:105400006D30030185F31188BFF36F8FBAF1000F80
:105410001CD177BB16B120462549B047EFF3118563
:10542000402383F31288BFF36F8F584609F0F2FBD5
:1054300038BB88231F4A204920480AF0B1FD59464D
:105440001F480AF0ADFD88211A48FBE6A168002933
:10545000DFD00D680029DCD043464A462046D1F80B
:1054600004A0D0471DB12B6829461D46F2E72B4604
:10547000FAE7394643464A4620463F680AF0C5FEE9
:10548000C7E7584609F0EAFBA38B23F00803A38380
:10549000ABE68B067FF562AE21F02003A38301F01B
:1054A000070145E685F31188BFF36F8FBDE8F88FDC
:1054B000C5540201592F0301862F03010A2C030151
:1054C0009B2F0301F8B504460D4600F11406EFF3D7
:1054D0001187402383F31288BFF36F8F304609F0A2
:1054E00099FB68B988230C4A0C490D480AF058FD0D
:1054F00031460C480AF054FD882107480AF047FD60
:10550000304609F0ABFBA5613A462046BDE8F840BD
:105510000121FFF701BE00BF592F0301862F0301B0
:105520000A2C03019B2F03012DE9F04704460F4687
:105530000AF05BFE051E68DB04F11409EFF3118A23
:10554000402383F31288BFF36F8F484609F062FB54
:10555000804660B98823384A384939480AF020FD26
:10556000494638480AF01CFD8821334842E0484645
:1055700009F074FB4FF6FF72E38BA68B934206F0A3
:10558000070645D0022E15D135460133E383484640
:1055900009F04EFB002841D140F23113264A2A4936
:1055A00027480AF0FDFC494628480AF0F9FC40F279
:1055B0003111DAE7062E13D8DFE806F0092D1212B2
:1055C000090409006FF085054FF00008DFE70023AC
:1055D0003B60636883B9C4E9007786B13546F3E779
:1055E0001B4917484FF4E4731A4A0AF0D9FC4FF4E8
:1055F000E47118480AF0CBFC1F606760EDE7524683
:1056000002212046FFF788FD35462846BDE8F08791
:105610006FF00A05D8E76FF00405D5E78AF3118823
:10562000BFF36F8FB8F1000FEFD000233246394639
:1056300020460AF0EAFDE8E7592F0301862F03010F
:105640000A2C03019B2F0301B12F0301C82F030173
:105650006D300301DD2F030108B54268034602F0F7
:105660000302022A81600AD0032A4FF0000103D00E
:10567000012A0AD1596006E01868596008BD186807
:1056800000225A6058B90020F8E706490648452329
:10569000064A0AF085FC452104480AF078FC09F026
:1056A000B7FEF0E7125503010A2C03018330030112
:1056B00010B530B90B480C490AF0E5FD6FF0150044
:1056C00010BD836833B9074808490AF0DCFD6FF064
:1056D0000400F5E71B6813B1BDE8104018471846F1
:1056E000EEE700BF24220301A9300301BA30030111
:1056F00070B508B101B132B90B480C490AF0C3FDCD
:105700006FF0150070BD84680CB1E56835B90648C6
:1057100007490AF0B8FD6FF00400F3E741F8040B05
:10572000E368BDE87040184724220301D830030124
:10573000BA30030170B51346044630B91048114918
:105740000AF0A1FD6FF0150070BD006830B90C487B
:105750000D490AF098FD6FF00100F5E782680AB183
:10576000956835B9064809490AF08DFD6FF00400C7
:10577000EAE70A46AC466168BDE87040604700BF92
:10578000242203010431030115310301BA3003015E
:1057900030B50C460E4985B00291D0F8D4110546BB
:1057A000CDE9003100F1F0014FF0FF33204606F063
:1057B0007DF950B9012384F86C30D5F8D03123B18C
:1057C000204605B0BDE83040184705B030BD00BFE9
:1057D0007F03030138B50C46114605460AF0D1FD9A
:1057E000034638B9284604490AF0CBFD0346002099
:1057F000236038BD0120FBE74E3D03012DE9F04F4A
:10580000012381460569466887B005F55D77D7E8CD
:10581000EF2F002A03D1C7E8E13F0029F7D10CBFE1
:105820001A46002240F0B080B368B16A05F5F878F6
:105830001C1F10460AF02CFE84426ED8013A00F07C
:105840009D80B2FA82F24FF00044D4407268204644
:10585000073222F00302C5F83C22B16A0AF018FEB2
:10586000C5F84002B36A40466343033323F00303A1
:1058700002EB4302230103EB4403093323F0030348
:1058800003EBC403C5F834221A440832C5F83022A9
:105890007368C5F83842C5F82C323D4BC5E9AD6395
:1058A000316800F0E5F90446002834D1D9F810B089
:1058B000D9F804A0D9F800300BF534790590049399
:1058C0004846DAE90734012B08BF103C07F0CCFE4C
:1058D000DAF824002F4904AB01EB80214FF48062F9
:1058E00048460093234607F0D9FE2B490BF530704C
:1058F00007F04CFDDAE9050183685C684CB15B4652
:10590000264AA047044630B9DAE9050183681B69D5
:105910002BB96FF05704002129E0013289E70122F9
:10592000984704460028F6D11D4B2846C5F8D031CB
:105930001C4BC5F8D4311C4B0393D5F8403202936D
:10594000D5F83C32CDE9008305F51173B26AD5F87C
:10595000701300F055F904460028DCD105F1F00081
:1059600006F04AF90028C5F878030ADB0221384618
:105970000AF03BFD204607B0BDE8F08F6FF00B0446
:10598000C9E76FF01504C6E76FF07704F2E700BFD0
:10599000D503030120470021BB030301AF0303012B
:1059A000AD590201670503011B04030113B5044649
:1059B00040B100230122CDE90032074BD0E90912A2
:1059C00006F048F8236F1B6823B1606F02B0BDE892
:1059D0001040184702B010BD4E3D030113B50446F8
:1059E0000846216901F55D71D1E8AF1F022910D188
:1059F00093B1A0B10121CDE900311346D0E90912DC
:105A000006F028F8074B984208BF6FF00B0002B071
:105A100010BD6FF00F00FAE76FF04C00F7E76FF082
:105A20000100F4E72EF8FFFF2DE9F34789461546FC
:105A3000066906F55D73D3E8AF3F022B64D11368A6
:105A400023B96FF0150002B0BDE8F0871B78002B7A
:105A5000F7D0D6F870A3BAF1000F36D106F5EC777F
:105A60004FF0FF324FF0FF33384606F031FF30463B
:105A70002A6801A9FFF7AEFE019C80461CB9384692
:105A80000AF0B1FCDDE705F1080323676B6984F8D0
:105A90006CA06367646460B138460AF0A4FC2146D8
:105AA0003046A36E2A68FFF773FE0020C9F8004055
:105AB000C9E71F22296804F148000CF0C2F93846F2
:105AC00084F867800AF08FFCEFE7304610490AF04F
:105AD00058FC04460028B4D0002705F108030367EA
:105AE0006B6980F86C70436740641F2229684830F6
:105AF0000CF0A7F922460121304684F8677000F0C7
:105B000061F80028D1D09CE76FF00F009BE700BF41
:105B10004E3D030110B50C46006900F55D73D3E8F6
:105B2000AF3F022B0FD189B10A4900F5307007F061
:105B30000DFD20460BF085FD7822002120460CF05B
:105B400056F9002010BD6FF00F00FBE76FF0010069
:105B5000F8E700BF203C00212DE9F04F05460E4636
:105B600090460027D0F8C4A085B0AAF5BE7421469F
:105B70003046FEF7ACF8E0B9114BA4F1480B0293A4
:105B8000DAF810303246CDE9008329464FF0FF3372
:105B90005846AAF5E27905F089FF60B97823012219
:105BA00003FB079383F86C20DAF80C300BB15846EE
:105BB0009847783417B105B0BDE8F08F0127D6E7D4
:105BC000950503011FB5144690B18AB1012912D180
:105BD0000A4B00F1F0010293D0F8D431483201931E
:105BE0004FF0FF332046009305F060FF04B010BD76
:105BF0006FF01500FAE70020F8E700BF95050301F4
:105C00002DE9F04387B00E46DDE90E811446DDE94B
:105C100010251F4630B329B3DFF850C000F1F0095A
:105C2000002D08BF65469EB9CDE9034400F5E27436
:105C3000204605960BF0BDFE03ABCDE900432A4696
:105C40003B464146484606F093F907B0BDE8F0836D
:105C5000002241460E9248462A4607B0BDE8F0436E
:105C600006F0D6BA6FF01500EFE700BF595B0201EE
:105C7000F0B504462B4A87B004AB0E4692E8030009
:105C800083E80300002C49D0184605F0E9FD0546DD
:105C9000B0B94FF0FF33E16C04F15407A163CDE9D3
:105CA000010000933846236D04F138020BF07BF9B4
:105CB000A06C0AF09EFCC4F8BC0020B96FF00B0584
:105CC000284607B0F0BDA06C0AF093FCC4F8C000F1
:105CD0000028F3D0236CD4F8BC10C4F8903004230F
:105CE000C4F89430C4F8AC300223E3620E4BB4F82D
:105CF0004820C4F88C10616C236204F18C03C4F852
:105D0000A070A4F89820C4F8B870C4F8A810A4F83B
:105D1000B020C4F8A400A6612363D1E76FF0150595
:105D2000CEE700BFA02203016427030130B50022A3
:105D300089B00F490F480BF0D4FF00220023002444
:105D4000CDE906230E230C4DCDE903344FF4006258
:105D50002846CDE90144094B0949009407F0FEFDAE
:105D6000084928460BF003FF204609B030BD00BFAC
:105D7000CD5E0201C0230021381F0021B96102015C
:105D8000204B00213F3103012DE9F047044607462F
:105D90004FF00109DFF8508014B93846BDE8F087AC
:105DA00094FAA4F5B5FA85F509FA05F32E0108EB86
:105DB00005156FEA030A24EA03042B7B002BEBD0C2
:105DC00058F806301B694BB94644736804222846CC
:105DD000196807EA0A0700F0FBFADDE7284698474A
:105DE0000028D9D1F0E700BF8C2203012DE9F0474C
:105DF000DFF8B8902E4C8046A9EB04038F2B0F469A
:105E00000BD92C4940F241132B4A2C480AF0C8F810
:105E100040F2411128480AF0BAF829480AF035FC46
:105E2000064660B300252846BDE8F087237B6BB1AA
:105E30002368DB680BB12046984723681B69B3B918
:105E4000636804222046196800F0C2FA0136103453
:105E50004C4518D91B494FF4A773174A17480AF045
:105E60009FF819480AF09CF84FF4A771D2E7204632
:105E700098470028E4D00AFA06F31D43E6E70546F2
:105E80004FF0010AE4E7D1D3B8F1000FCBD0002DD9
:105E9000C8D02846FFF778FF0546002FF7D000212D
:105EA0004FF4A47008F0DCFBF1E700BF9C22030173
:105EB0008C22030174310301473103010A2C0301D1
:105EC0005C3C0021A4310301C5310301014807F006
:105ED0000BB800BF28090021014B53F82000704780
:105EE000A427030108B5034608462BB1044A1360F2
:105EF00000F0ACFD002008BD6FF01500FBE700BF0F
:105F00009007002110B5044C237813B9034806F01C
:105F1000EBFF0123237010BD0C3F00212809002155
:105F200010B5044609480AF0B0FB3CB1084BD3E871
:105F3000EF1F0139C3E8E21F002AF8D105480BF032
:105F4000DCFEBDE81040044806F0CEBF543C002102
:105F5000583C0021C02300212809002100200146CF
:105F6000034BD3E8EF0FC3E8E21F002AF9D17047D3
:105F7000543C002170B5FFF7F1FF05460F4C104E61
:105F8000B44219D90F4940F201230F4A0F480AF0D1
:105F900007F80F480AF004F840F201210A4809F016
:105FA000F6FF63685B792BB123685B6813B1294600
:105FB000204698471034E3E7F3D370BD8C220301E9
:105FC0009C220301A4310301473103010A2C030180
:105FD000C531030110B5044C04492046FEF702FE0A
:105FE000034B1C6010BD00BF9C08002190270301DB
:105FF000483C002108B50023074A4FF400411370C4
:10600000064A07481360074A1360FFF76BFFBDE8B5
:106010000840FFF7DFBF00BF0D3F0021543C0021C7
:1060200087060301583C0021014600220023014855
:10603000FEF70ABE9C0800210148FEF721BF00BF01
:106040009C080021024B01461868FEF7A1BF00BF63
:10605000483C00210148FFF70DB800BF9C08002113
:1060600070B52E4B1878002857D0FFF7E5FF05468E
:1060700040B32B4BD3E8EF1F0139C3E8E21F002ADE
:10608000F8D1284C284EB44218D9284940F2F513CB
:10609000274A284809F084FF274809F081FF40F289
:1060A000F511234809F073FF63685B7923B1236816
:1060B000294620461B6898471034E4E7F4D3284665
:1060C000FFF7C0FF1D4B1E4C1B68002B19DD0BF0AA
:1060D000C1FD4FF47A72A0FB020302FB0131C30B36
:1060E00043EA4143D4E900209B1A40F2E9324FEAE7
:1060F000D13161EB0001934271F1000101D3FFF74F
:1061000039FFD4E9003213F57A7342F10002C4E991
:106110000032BDE87040FFF79DBF70BD0C3F00210D
:10612000583C00218C2203019C220301A43103016D
:10613000473103010A2C0301C5310301543C0021FE
:10614000B823002170B5154D297829BB0120FFF730
:106150004DFE134C134EB44217D913494FF4DD735F
:10616000124A134809F01CFF124809F019FF4FF4B6
:10617000DD710E4809F00BFF63685B791BB1236882
:1061800020469B6898471034E5E7F5D3FFF768FF92
:106190000028FBD101232B7070BD00BF0D3F0021F3
:1061A0008C2203019C220301A43103014731030126
:1061B0000A2C0301C53103012DE9F047304B314F63
:1061C000FB1A1B090BD1304940F29E332F4A30484D
:1061D00009F0E6FE40F29E312C4809F0D8FE00217D
:1061E0000846FFF703FE044650B340F267684FF0DD
:1061F00000090BF0A1FE274B274A1B58136033B14F
:10620000264B1B68092B02DD254806F06DFE002594
:10621000DFF88CA044B12046FFF7B6FD044618B95C
:106220004FF0FF384FF0FF39FFF71AFF064628B945
:106230005DB942464B46504606F0BEFE3546E9E79C
:106240004FF0FF384FF0FF39D3E70D4D08E0F0D2A3
:106250002B689B691BB100222846114698471035D0
:10626000BD42F4D90F4940F29233084A084809F078
:1062700097FE0D4809F094FE40F29231ACE700BF62
:106280008C2203019C220301E43103014731030105
:106290000A2C030108000000503C0021583C00215A
:1062A00028090021A4310301C531030113B52C488D
:1062B0000AF0EBF92B4B1B78002B35D0EFF3118450
:1062C000402383F31288BFF36F8F274808F0A2FCA6
:1062D00068B98823254A2649264809F061FE2249E3
:1062E000254809F05DFE8821204809F050FE1E482F
:1062F00008F0B4FCFFF7B4FE1B4808F099FC68B93D
:1063000040F23113194A1D491A4809F049FE16494D
:106310001B4809F045FE40F23111E5E784F311888E
:10632000BFF36F8F02B010BD164B1B68002BF9D066
:1063300050B9002200231448CDE900234FF4004255
:10634000002308F0A3FFEDE70928EBD10E480BF07E
:10635000D4FC0E4802B0BDE8104006F0C5BD00BF39
:10636000583C00210D3F00214C3C0021592F0301D6
:10637000862F03010A2C03019B2F0301B12F030178
:10638000C82F0301503C0021C0230021280900210F
:1063900010B5064B04461B6898472146A060044888
:1063A000FEF716FDBDE81040FFF780BF9007002103
:1063B0009C080021044A054B9B1AB1EBD30F34BF54
:1063C00052F8310000207047EC2103018C220301B8
:1063D0000E4B10B5C31A1B110133DBB248B90C497F
:1063E0000C48DF230C4A09F0DBFDDF210A4809F0E5
:1063F000CEFD4468237143689A7101224368196095
:1064000043685A71BDE81040FFF77CBD8C22030140
:10641000843203010A2C03014C3203012DE9F04FB1
:106420008FB0C1F34A2804AF0D469146B8607B6037
:106430000C0DB8F1000F68D000264FF0040B4FF0A0
:106440000A0A07F11403C7F80C80C7E907667E62E1
:106450000193CDF808B0CDF800A007F11C03324637
:106460004846F968FEF760F9B0F5006F03461CD3A3
:106470006C468AB0D9F8041004AB2C481A46C3E91C
:10648000050140F2FF71D9614FF400711984284B66
:1064900042F8103F4FF4125133462648FFF7BEFF33
:1064A000A5462C37BD46BDE8F08FC0F30A0804F1BD
:1064B0001700184420F0070080083B60FFF7B4FD88
:1064C00068F35325044640B33B6800F11001C7E967
:1064D000083607F11403F961CDE900A3CDF808B03F
:1064E0004846154AF96807F11C03FEF71DF9002814
:1064F00013DA124912484FF4A373124A09F050FDFF
:106500004FF4A3710F4809F042FD04F1170020F089
:1065100007008008FFF788FD044668F353252A46E4
:1065200020467B68B9680AF0E2F8BAE7A4320301B2
:10653000040000012C220301C306030110330301F0
:106540000A2C0301E33203012DE9F04F87B0044622
:10655000DDE9106ADDE9127993469846039127B385
:106560003B46524610210020CDF80090CDF8149003
:10657000FDF7BEFE051E0BDA264940F26513264ADA
:10658000264809F00DFD40F26511234809F0FFFC93
:10659000B5F5006F0ADB40F2FF730221204A214863
:1065A00007B0BDE8F04F0AF0FBB83D4606F1170012
:1065B000284420F007008008FFF736FD04F00704A8
:1065C0000BF0070BE40044EA8B1444EA452444EA48
:1065D00006540646A0B19FB13B4652462946CDF827
:1065E00000901030FDF784FE002809DA094940F2D6
:1065F0008513094A094809F0D3FC40F28511C4E724
:10660000434622463046039907B0BDE8F04F0AF0F2
:106610006EB800BF0F330301E33203010A2C0301FC
:10662000193303012C220301406820B1034BC01A27
:1066300040F3CF0070474FF0FF307047EC2103016B
:106640000EB403B503AB53F8042B01460448019381
:1066500001F06AF902B05DF804EB03B0704700BFC7
:1066600081660201CA0605D48B064CBF0249034964
:10667000FFF7E6BF704700BF4D3D0301D84503015A
:1066800038B54B6805461A68CB680C469A4202D169
:1066900008460AF0A9F86368D3E8EF2F511CC3E855
:1066A000E01F0028F8D1A3689D5463681A68E36866
:1066B0009A4209D9054906487223064A09F070FC36
:1066C0007221044809F063FC002038BD80330301C7
:1066D0000A2C0301513303012DE9F04F89B09B4689
:1066E000149B9DF84CA00693159B04460593169B9E
:1066F0000D469046179E0493BAF1000F00F0AD804E
:10670000BAF1040F0BD9A34940F24623A24AA34889
:1067100009F046FC40F246219F4809F038FC06F497
:106720008073079309F0CBFF06F0020902460028A8
:106730003FD020469A49FFF783FF0746B9F1000F83
:1067400008D016F0440F36D12A4620469549FFF767
:1067500077FF074406F0010353B1934B204653F8EB
:106760002A20924B9249002A08BF1A46FFF768FF79
:1067700006F48073002B4AD006F00803002B64D186
:10678000B8F1000F67D0424620468A49FFF758FF0C
:106790000546069B3D44002B6ED1049B002B40F028
:1067A0008380F30700F1F08031462046FFF75AFF5F
:1067B000E4E00746C2E7804B18680028C9D07F4B49
:1067C0004FF47A791B684FF03C0CB5FBF3F5B5FB41
:1067D000F0F14FF4616300FB115509FB05F5B1FBC6
:1067E000F3F2B5FBF0FE03FB121100FB1E55B1FBEB
:1067F000FCF309FB05F5B5FBF0F50CFB1311204686
:106800000091CDE901E56E49FFF71AFFA1E706F017
:106810000803EBB16B4B204653F82A206A49FFF777
:106820000FFF0546B8F1000F05D0424620466149EA
:10683000FFF706FF0544BBF1000FAAD05A462046D9
:106840006249FFF7FDFE0544A3E74FF0000BE1E7C7
:1068500006F00805E6E745469BE7BBF1010F069BFE
:1068600006D1DBB9049B002B00F0888000251BE0DB
:10687000002BF7D0564812E056482246069B564950
:1068800009F01EFB00280CDA54494FF42873424AE1
:10689000424809F085FB4FF428713DE74D485546C5
:1068A000EBE7049B002B65D0DFF83481DFF83491EF
:1068B000049F3146102F204628BF10274FF0000BB1
:1068C000FFF7D0FE5D4542DC059B494620461A781D
:1068D000FFF7B6FE4FF0010B1BF0070F03D1414647
:1068E0002046FFF7ADFE5F4538D9059B4946204657
:1068F00013F80B20FFF7A4FE0BF1010BBBF1100FF7
:10690000EAD14FF0000B20463749FFF799FE5A466F
:10691000059B20469A5CA2F120015F2928BF2E2208
:106920003249FFF78DFE0BF1010BBBF1100F1AD0AE
:106930001BF0070F03D141462046FFF781FE5F455C
:106940005A46E5D841462046FFF77AFEEBE7414636
:106950002046FFF775FE0BF1010BB3E720462449F3
:10696000FFF76EFEC8E7059B3B440593049BDB1BCA
:1069700004939DD1BAF1000F7FF413AF204609B004
:10698000BDE8F04F09F030BF2046084A0849FFF73C
:1069900057FE09E7B5330301513303010A2C030104
:1069A000C0330301C4330301B4270301B03303012F
:1069B000E9330301EC330301643C0021603C002116
:1069C000CD330301C8270301F0330301F63303017C
:1069D000030803018166020129790201FB330301E7
:1069E000E6480301043403010A3403010C340301B3
:1069F000E448030142F20F7373B58B4228BF0B4684
:106A000005680446052168460D4A08F0FFFD064664
:106A1000636828460B225B680A4909F0D7FE636861
:106A20003246694628465B6809F0D0FE63681B223F
:106A300028465B68044909F0C9FE02B070BD00BF7A
:106A4000D73503012B3403010F3403010021012347
:106A5000064A904206D8064A01B901231360054B45
:106A600018607047012140085B00F2E740420F00C8
:106A7000603C0021643C0021F8B50D460446064FF9
:106A80004618B44201D12846F8BD14F8011BBB6872
:106A900001485B689847F4E74420030110B5436858
:106AA0001C6809480AF0C2FF48B9084908489923F8
:106AB000084A09F075FA9921064809F068FA23682E
:106AC0005B685C6010BD00BF442003019534030186
:106AD0000A2C030157340301014B03600020704767
:106AE0001028030108B5044809F044FABDE808403D
:106AF000024809F03FBA00BFC9340301FE34030164
:106B00002DE9F04706460C4600AF002936D0D1E902
:106B10000012E9468AB06D46A3684FF0050AA84600
:106B20001F48C5E90723C5E9050148F810AF002350
:106B300042464FF421511B48FFF770FCD4E9031281
:106B4000CD466369AD461848C5E90723C5E9050187
:106B5000C5F810A0002342464FF421511148FFF719
:106B60005DFCCD46E3690121104A0E4809F018FE8C
:106B7000A36901210E4A0B4809F012FE012E07D12C
:106B8000EFF305830B4A31460648103B09F008FE37
:106B90002146304605F084FBBD46BDE8F08700BFC6
:106BA0002C3503016C2203015B3503018A35030197
:106BB00099350301C735030130BFFFF7FDBF00BFA3
:106BC0002DE9F04105460B4EDFF82C80324606EBEE
:106BD0000807CC1B204609490BF0FCF8A0194246D7
:106BE0000021083C0BF003F96C6707F10800BDE8D1
:106BF000F08100BF00000000040000009C2203019F
:106C0000074A936893F90E10002907DB52699342F3
:106C10001FBF044A536843F080535360704700BF5E
:106C2000B83E002100ED00E070B52D4C06460D4643
:106C30002C482D4909F066FEA36ADB0645D5294894
:106C40002A4909F05FFE1120A36A1C0704D52548D4
:106C5000274909F057FE1220214CA36A990712D543
:106C60002449204809F04EFE636BA26A120609D53A
:106C70000121214A1B4809F093FD1EB1A36A23F0AC
:106C80008003A3621320164CA36ADE0704D51548BF
:106C90001A4909F037FE1420A36AD90602D4A36A60
:106CA0009A0714D50E4B9B6ADB0610D5144940F2A7
:106CB0003313144A144809F073F9144809F070F9B1
:106CC00040F233110F4809F062F91020BCE7044A82
:106CD000936A43F0FF03936200232B7070BD00BFE3
:106CE00000ED00E06C220301DA350301F035030109
:106CF00023360301363603014E36030164360301A1
:106D0000B5360301833603010A2C0301FF36030164
:106D100010B5244C2449254809F0F4FDA36A9901D3
:106D20003ED52248224909F0EDFD1E20A36ADA0172
:106D300004D51E481F4909F0E5FD1F20194CA36A20
:106D4000DB0204D519481C4909F0DCFD0220A36AC6
:106D50001C0304D51548194909F0D4FD2120114C14
:106D6000A36A590304D51148154909F0CBFD222027
:106D7000A36A9A0304D50D48124909F0C3FD2320E4
:106D8000084CA36ADB0304D508480F4909F0BAFD93
:106D90002420A36A6FEA03436FEA1343A36210BD82
:106DA0001D20C3E700ED00E0633703016C220301FF
:106DB0007B3703018E370301A8370301D237030164
:106DC000F0370301153803012F38030170B5244C47
:106DD00006460D462348244909F094FDA36AD904C8
:106DE0003CD52048214909F08DFD1720A36A1A05DA
:106DF00004D51C481E4909F085FD1820184CA36ACB
:106E00009B0512D51B49174809F07CFDA36BA26AAC
:106E1000110409D50121184A124809F0C1FC1EB11C
:106E2000A36A23F40043A36219200D4CA36A5A05F8
:106E300004D50C48114909F065FD1A20A36ADB0549
:106E400004D508480E4909F05DFD1B20044A936AE9
:106E500043F47F43936200232B7070BD1620C5E777
:106E600000ED00E06C2203015A3803017038030181
:106E700023360301813803019A380301AF38030137
:106E8000CA380301F0B58BB0784B04465868002629
:106E900000AFC0F3080386F31188BFF36F8F02F0D1
:106EA0007F45B5F17F4F07D102F00C05082D12D1B7
:106EB0006F49704809F026FD6F494FF485636F4AAA
:106EC0006F4809F06DF86F4809F06AF84FF4856172
:106ED0006A4809F05CF815074CBF0C460126002CE7
:106EE000EAD00022FA71DA1E092A00F29D80DFE85A
:106EF00002F0059396769B9B9B9B9B9962495D480C
:106F000009F000FD0023594DFB71EB6A9A0705D586
:106F10005E49584809F0F6FC002329E0EB6A002B93
:106F200001DA5B49F5E7EB6A5B0068D559495148DE
:106F300009F0E8FC6B69A26943F480736B61BFF3ED
:106F40004F8FBFF36F8F6B6932F8022C23F480737D
:106F50006B61BFF34F8FBFF36F8F4DF602739A4291
:106F600027D1236801214C4A424809F019FC2368C3
:106F7000FA79DAB907F1080504F1200C2A462068ED
:106F80006168083403C264451546F7D17A6A002E59
:106F900066D0C2F3080121B96FEA52226FEA422299
:106FA0007A62184607F10801FFF7AAFD2C37BD46A3
:106FB000F0BDAB6ADBB22BB10120F91DFFF734FE47
:106FC0000346D5E7AB6A13F47F4F04D00120F91DC7
:106FD000FFF7FCFEF4E7AB6AB3F5803F02D3FFF79F
:106FE00097FEEDE72D4940F2FA23244A244808F0A1
:106FF000D7FF2B4808F0D4FF40F2FA2168E7274971
:1070000040F2FE231D4A1E4808F0CAFF254808F03A
:10701000C7FF40F2FE215BE70020F91DCEE700200C
:10702000F91DD5E7204974E7204A6D4610F4F87F32
:107030008AB01F4918BF11466A46103BD3614FF40E
:1070400000731C4813841C4BC2E9050142F8103F31
:1070500000234FF411510748FFF7E0F9AD465BE715
:1070600022F4FF7222F001029AE700BF00ED00E077
:10707000103903016C2203013B39030183360301FC
:107080000A2C03014E3903018C390301A339030192
:10709000C4390301D2390301F13903011255030147
:1070A0000D3A0301313A0301613A0301F738030154
:1070B000E2380301853A030104000001064B5A69D6
:1070C00042F010025A615A6942F480625A615A6968
:1070D00022F008025A61704700ED00E0EFF30880EB
:1070E000EFF3098101B57246FFF7CCFE01BD00BF89
:1070F000002080F31488BFF36F8F002080F30A888C
:1071000080F30B880F4880F3088803F093FC00207D
:107110000D490860BFF34F8F00F02CF8402080F33A
:1071200011880A484FF40061401880F30988EFF392
:1071300014800221084380F31488BFF36F8F00F09E
:1071400001F900002062002194ED00E020570021A9
:10715000002318460649D1F89020C2F30722934233
:1071600000DB7047C1F89830C1F8A0000133F6E7A2
:1071700000ED00E010B572B6002484F31388FFF729
:10718000E7FF23464FF0FF300C4A03F120010133A3
:10719000102B42F82100F8D100234FF0FF30074AAE
:1071A00003F160010133102B42F82100F8D162B6DF
:1071B000BFF34F8FBFF36F8F10BD00BF00E100E042
:1071C000084B9B6883420BD1EFF3058343B1064B19
:1071D0005A6842F080525A605A6A22F400425A6257
:1071E00007F0D0BAB83E002100ED00E016498A68E9
:1071F0004FF030001044EFF3098C80E8F01F40207E
:1072000080F31288BFF36F8F104F4FF000664A690A
:107210008A603E604FF07404141920680C4C2060A2
:10722000906F0023936780F3118802F1300090E89B
:10723000F01F8CF3098802F1000004B509F06AFB25
:10724000BDE8044070470000B83E002104ED00E0B6
:10725000943C00211EF0040F0CBFEFF30880EFF305
:107260000980816911F8021C0229FFD001B572461C
:1072700009F03DFB01BD00BF40B2002807DB012340
:107280004109034A00F01F00834042F82130704753
:1072900000E100E040B200280CDB0122064943096E
:1072A00000F01F008240203341F82320BFF34F8FAE
:1072B000BFF36F8F704700BF00E100E0054B42094C
:1072C00053F82220012300F01F0003FA00F01040C1
:1072D000704700BF00E100E038B5D30704460D4613
:1072E00012D48B1C072B10D95823114A114912486C
:1072F00008F056FE294611480623224608F050FEA3
:1073000058210B4808F043FE002360B20028ACBFB0
:1073100000F160400A4A4FEA4313DBB2ABBF00F50D
:10732000614000F00F0080F80033135438BD00BFF7
:10733000983A0301CF3A03010A2C0301EA3A030108
:1073400014ED00E008B5084B084A23F07F03936072
:10735000BFF34F8FBFF36F8F05F0CAF807F086FCBD
:1073600000F048F805F004F90088000100ED00E0A5
:1073700042F8203C009B0B4942F81C3C019B21F049
:10738000010142F8183C029B42F8081C42F8143CE8
:107390004FF0807342F8043C0023203A0265836773
:1073A000704700BFB14B020100B50B4B154698600A
:1073B000426F0A4B0E461A60436E83F30B882C46CD
:1073C00086F309880020064B9847204600210022BA
:1073D0000023044C204700BFB83E0021943C00210C
:1073E0001D090301B14B02011022014B1A617047C4
:1073F00000ED00E0002340210348C21801331E2B9A
:1074000082F80013F9D1704700E100E008B5EFF30E
:107410000583064A103B02EBC30152F8330049686A
:107420008847BDE80840FFF7EBBB00BF942003018D
:107430001FB5094C094A23460121094800F012F9F9
:1074400000230393074B0121E41A01A8019302943E
:1074500000F02CF904B010BD000001210000002153
:1074600010280301180A002110B50C7A0B6804F0EB
:107470001F0223F01F031A43CB68640923F01F0384
:10748000054943EA440343F00103C1F89800C1F8F9
:107490009C20C1F8A03010BD00ED00E010B50A4BF3
:1074A000D3F89030C3F30723013B984208D9012158
:1074B0000346064A064809F073F96FF0150010BD3F
:1074C000FFF7D2FFFBE700BF00ED00E02E3B03011A
:1074D000542203012DE9F04F8946144606464FF029
:1074E0000008514D85B0C84527DAD6F804A0BAF196
:1074F000000F44D0BAF11F0F17D91AF01F0F14D183
:10750000D6F800B01BF01F0F0FD1584609F046FA0D
:1075100007460AEB0B00013809F040FA874210D009
:107520006FF01507414A3B4601E04346404A0121BE
:10753000404809F035F96FF01504204605B0BDE864
:10754000F08F17F1160FEDD0BC42EBDDC5F8987047
:10755000D5F89C10C5F89870D5F8A03021F01F011F
:1075600043F01F0BD6E900321A44994202F1FF3A68
:107570001DD1D34507D13146F8B209F018FA08F108
:1075800001080C36AFE73146C5F89870D5F89C3045
:1075900022F01F0203F01F031343C5F89C30E0B232
:1075A00009F005FA10F1160FC5D0441CE7E7C5F83D
:1075B0009870D5F8A020013B23F01F0302F01F02B2
:1075C0001343D3453146E0B2C5F8A030E8D009F006
:1075D000EEF910F1160FAED0C5F89870D5F89C20D2
:1075E0009DF808300BF1FF3B62F304038DF808307F
:1075F000D5F8A0309DF808205B0863F347128DF89A
:107600000820D6E900321344009323F01F035B44A3
:10761000A3EB0A03013023F01F036946C0B20393B2
:10762000FFF73CFFBEE700BF00ED00E0773B030142
:10763000543B0301542203010522044BC3F8942058
:10764000BFF34F8FBFF36F8F704700BF00ED00E0B7
:10765000BFF35F8F0022024BC3F89420704700BF36
:1076600000ED00E038B50C4D0C462A78FFF732FFEC
:10767000287016300FD140F26F13084A08490948A4
:1076800008F08EFC2146084808F08AFC40F26F1191
:10769000024808F07CFC38BD0F3F00219A3B0301F3
:1076A000125503010A2C0301C93B03012DE9F74FD1
:1076B000314E894605464FF00008B3462F4FC84566
:1076C00002DB03B0BDE8F08FD5F804A0BAF1000FDB
:1076D0004CD029680846019109F060F901990446E7
:1076E0000AEB0100013809F059F984424FF0140205
:1076F000234B15D002FB08F36FF015024BF8032063
:1077000040F27F131F4A2049204808F049FC4946AF
:107710001F4808F045FC40F27F111A4808F037FC7A
:1077200014F1160F3460EBD01978A142E8DD02FBAA
:1077300008B0C7F89840C7F89840D7F89C4000F1C7
:107740000801007B64F304000871D7F8A0000C79ED
:10775000400860F347140C71D7F89C1021F01F010A
:107760007160D7F8A01021F01F01316108F1010804
:1077700014360C35A3E700BF983C002100ED00E073
:107780000F3F00219A3B0301125503010A2C03010C
:10779000F53B03012DE9F041574C584ED4F8903099
:1077A0003568C3F307239D4286B013D94FF4D373D2
:1077B000534A5449544808F0F3FBD4F89020294622
:1077C0005248C2F3072208F0EBFB4FF4D3714C4848
:1077D00008F0DDFB0020FFF73BFF4D4BC4F8C03045
:1077E00085421AD14B4C01A82570FFF775F9002589
:1077F00006464FF04108484FAE4215D1002023788D
:107800003D49D1F89020C2F3072293426DDB00205E
:10781000FFF712FF06B0BDE8F081716801EB0011BF
:10782000FFF722FE0130DBE7019A290102EB051385
:10783000D3F80CC00CEA0700B0F5001F27D0B0F554
:10784000800F40D0B0F5801F4DD1586852589B68CA
:10785000CDE902022122013B20F01F010B4423F05D
:107860001F038DF810200593207802A9FFF716FE5C
:10787000002835DA23494FF4E873214A224808F0FA
:107880008FFB264808F08CFB4FF4E8719FE758689F
:107890009B685258013B20F01F010B4423F01F034B
:1078A0001CF0010FCDE902028DF810800593DBD0AA
:1078B0001B497423124A144808F072FB194808F057
:1078C0006FFB742183E758689B685258013B20F096
:1078D0001F010B44CDE9020223F01F030622C0E77B
:1078E000237801332370013586E7C1F89830C1F859
:1078F000A000013385E700BF00ED00E01C28030174
:107900009A3B0301125503010A2C0301243C030195
:10791000AAFF44000F3F00210000F0FFAD3C03012F
:10792000583C03017E3C0301F0B587B007460E4684
:1079300014460021102268461D460AF058FA022318
:107940008DF80230054B2A4621466846CDE904767B
:10795000019307F087FE07B0F0BD00BFE109030106
:1079600008B5024B1B689847002008BDAC3C0021BD
:10797000034B044A1860937843F0020393707047F6
:10798000AC3C00219C07002108B50649064821F0BF
:107990000701C1F1045202F58032FCF70FFC002010
:1079A00008BD00BFFFA10021B03C002170B54169B6
:1079B0000446867A0A4D59B1437ADB0706D434234C
:1079C00003FB0653DB6A1B689B68984700236361CF
:1079D0003420214600FB0650BDE870400AF084B810
:1079E000780900213422024B02FB0030704700BFAF
:1079F000780900213421827A064B01FB02331A6B8D
:107A000093F82430801A1B3323F00303B0FBF3F008
:107A1000704700BF7809002138B53424827A064BBC
:107A200004FB0233DB6AD3E901240C601568FFF71D
:107A3000E1FF04FB005038BD7809002108B5437A06
:107A40004BB10C495A230C4A0C4808F0A9FA5A21A8
:107A5000094808F09CFA43683BB109495B23064A90
:107A6000064808F09DFA5B21F2E703824369C36090
:107A700008BD00BF0B3D0301E63C03010A2C0301D6
:107A80001C3D03012DE9FF470546684617461C4685
:107A900003910AF0E1F8DDE9008945B95E49EE237A
:107AA0005E4A5F4808F07CFAEE215C4818E005F178
:107AB0001C06EFF3118A402383F31288BFF36F8F04
:107AC000304607F0A7F868B98823564A5649544803
:107AD00008F066FA3146554808F062FA88215148A4
:107AE00008F055FA304607F0B9F86B8C002B5CD0E3
:107AF0002A8C9A4239D900220023284605F068F9D9
:107B00000446002831D0304607F092F868B940F2B8
:107B10003113444A4649424808F042FA3146454842
:107B200008F03EFA40F23111D9E78AF31188BFF329
:107B30006F8F039D002D5ED042464B4668460AF08B
:107B4000AFF83421A27A3C4B204601FB0233DB6ABA
:107B500003A91B681E68DDE90023B04760610028A7
:107B600039D12046FFF722FF30E06C8C3046631E8F
:107B70006B8407F05DF80028C9D08AF31188BFF341
:107B80006F8F95F824302A8C1B33121B2C6B23F03B
:107B9000030302FB0344284B284AEB1A9B10534370
:107BA000A37295F82430E372C3E7304607F040F83B
:107BB0000028ACD08AF31188BFF36F8F23463A4672
:107BC000284605F005F904460028B2D100242046D5
:107BD00004B0BDE8F087039B9D420DD9184940F2DF
:107BE00045130E4A0E4808F0DBF9164808F0D8F99C
:107BF00040F2451159E76561012300212381039B70
:107C0000E27A6160638204F118000AF0F0F820461D
:107C1000FFF714FFDBE700BF363D0301E63C03013D
:107C20000A2C0301592F0301862F03019B2F030107
:107C3000B12F0301C82F030178090021C54EECC400
:107C40003B3D03014C3D030170B5044698B1342619
:107C5000104D2046037A6468013BDBB203724BB9D6
:107C6000C3604360837A06FB03539B6A7BB19847EA
:107C7000002CEED170BD084908484FF4E373084A60
:107C800008F08EF94FF4E371054808F080F9FFF72A
:107C90008DFEEDE778090021583D03010A2C030110
:107CA000E63C030108B548B90B492B230B4A0C48A5
:107CB00008F076F92B21094808F069F983883BB16F
:107CC00008492C23054A064808F06AF92C21F2E7F6
:107CD00083680B44036008BD583D03015C3D03010C
:107CE0000A2C0301883D030108B5034600689A6821
:107CF000821A91420BD90949094840F25513094AA1
:107D000008F04EF940F25511064808F040F99A88FB
:107D1000401A11441860998008BD00BF973D0301C7
:107D20000A2C03015C3D0301F8B5858803680E4603
:107D300004465F1908F06BFEB04209D206490748B5
:107D40003E23074A08F02CF93E21054808F01FF9A8
:107D50003544A5803846F8BDBB3D03010A2C03011C
:107D60005C3D0301064AD2F8AC3123F00043C2F86F
:107D7000AC310022034BC3F84C21D3F84C3170478F
:107D800000200141006001410122024B0020C3F8A4
:107D900040257047000008415023142213B51F4CA2
:107DA0000DF10700C4F80C351D4BC3F820214FF42A
:107DB00000621C4BC3F8BC254FF48062C3F8382521
:107DC00002F044FF184B984225D118499DF807004E
:107DD00002F0E0FE16499DF8070002F0F3FE154997
:107DE0009DF8070002F0D6FE21469DF8070002F03C
:107DF000E9FE01209DF80730984002F0BFFE4FF4E5
:107E0000002200200C4BC3F84423C3F84C01D3F8E4
:107E10004C3102B010BD6FF00B00FAE700B000412A
:107E200000302041002001410000AD0B4C610141B8
:107E3000282001412C2101410060014173B5354BDF
:107E4000D3E84F3F00233449CDE90033334BD3F817
:107E50000445BFF35F8FD1F80465BFF35F8FD3F89C
:107E600004259442F3D16B46224603212B4808F0A7
:107E7000E2FD324605460F21274801AB08F0DBFD45
:107E8000E0B1019B0DB9009302E0009A9342FAD34E
:107E9000009B22481C44013CD0F84C3524F07F4420
:107EA0009C421F4932D0FFF75DFFC0F84C451D4B87
:107EB000009A9A4218D901230B7001E0002DE7D1F6
:107EC000194AD2F8AC3143F00043C2F8AC31134B3D
:107ED000D3F84C2132B90121144A5160D3F84C3106
:107EE00003B1116001230DE0BFF35F8FD0F80435BB
:107EF000E41A24F07F440E4B033C9C42DBD9002360
:107F00000B7000230B4A137002B070BD0B78002B6E
:107F1000F7D0D5E7143F0021001001410060014176
:107F2000123F0021FEFF7F000020014100B0004110
:107F3000FBFF7F00133F0021F8B51E490023C1E875
:107F4000423F52BB1C4B1D783DB305231B4E1C4FBB
:107F500034780134B4FBF3F303EB8303E41A08F041
:107F600086FE184A137823B157F82430C01A072820
:107F700013D9154BD3F8141141B10021C3F81411D2
:107F8000D3F8143134700CB901231370347808F02D
:107F90006EFE47F824002846F8BD0C4A0025D2F8AA
:107FA000AC3123F00043C2F8AC310122084B5A60D7
:107FB000F1E700BF143F0021133F0021113F0021D2
:107FC000BC3C0021103F0021005000410020014135
:107FD00000B0004120B1034B800143F0010318477A
:107FE000704700BF3027030108B507F049F8024B7E
:107FF0001B68184408BD00BFAC070021F0B500267F
:1080000087B0404B03A904A804938DF8146002F0D4
:1080100023FE3D4B984271D101F0DCFC041E0BDACB
:108020009DF80C1004A802F01FFE01212346374AD8
:10803000374808F0B5FB5EE04FF4E163354D8DF84D
:108040000D40AF68ADF80E307C68039B14B96FF03B
:108050005704EAE7072128462F4AA047041EE4DB1D
:108060003B69002BF3D00122072128469847041EC4
:10807000DBDB01209DF80C30984002F07FFD9DF87D
:108080000D009DF80E509DF80C7001F0B3FA0F2D05
:1080900001460BD92149224840F2ED13214A07F04D
:1080A0007FFF40F2ED111F4807F071FF1E4BAD003E
:1080B00047F00042EDB238465A5102F06BFDEFF343
:1080C0001185402383F31288BFF36F8F01F0E2FA2A
:1080D000164B00F164021A60039B9DF80D0001939A
:1080E000134B0093334601F089FB85F31188BFF3EE
:1080F0006F8F002C99D1204607B0F0BD6FF01204AD
:1081000093E700BF00F000410000AD0B2F3E0301DC
:108110007C22030158200301F5810201243E030162
:108120000A2C0301F23D030180200141D03C0021D3
:10813000918102010F2AF8B50446154608461F46EC
:108140000BD90F490F4840F2F3130F4A07F028FFED
:1081500040F2F3110C4807F01AFF01F065FA0B4EDC
:10816000AD0001462E4420462FB144F0004402F0F9
:1081700029FD3460F8BD02F053FD3760FAE700BF17
:10818000243E03010A2C0301F23D03018021014139
:108190002DE9F041069DC5F30727384601F02AFA7C
:1081A000C5F307440F2C0146EEB20BD90D490E481A
:1081B00040F2ED130D4A07F0F3FE40F2ED110B48CB
:1081C00007F0E5FE304602F015FD0022084BA40042
:1081D000E4B21A51394630462A0E0123BDE8F04177
:1081E000FFF7A8BF243E03010A2C0301F23D03015F
:1081F000802001412DE9F341154683681B694BB985
:108200002349CA23234A244807F0CAFECA21214829
:1082100007F0BDFE0022984704460028F0D1C5F3C0
:108220000728404601F01AFAEFB241462A0E2346CB
:1082300006463846FFF77EFF0120184BB8400093F2
:108240008DF8044002F0A0FC404601F0E1FB394605
:10825000684602F009FD124B984207D01149762377
:108260000C4A0D4807F09CFE7621D0E70E4B4FF4E8
:1082700000411A686FF06303A3EB42031E440B48EE
:108280000B4B1E6002B0BDE8F041FDF72BBE00BFF6
:10829000502F0301573E03010A2C030100F0004157
:1082A0000000AD0B863E0301D03C0021E97F0201B6
:1082B000AC07002170B50446807AFFF793FB616933
:1082C000054649B1637ADB0704D4C36A20461B68BC
:1082D0009B689847002363612146284609F004FC07
:1082E000034B1B681BB1BDE870402A20184770BDC6
:1082F000D43C002108B5034B186809F0EAFB0020C4
:1083000008BD00BFD83C0021811EC9B21E2938B566
:10831000054604D80C4820FA01F1C90708D4012108
:108320002B460A4A0A4808F03BFA0024204638BD8A
:10833000084808F061FB04460028F7D001210C3002
:10834000FFF7B0FC2576F1E741000040AA3E0301AB
:10835000EC210301E0090021014B1860704700BFC8
:10836000D43C00212DE9F04101280546DDE90687CE
:108370000BD0042824D001210346154A154808F0E3
:108380000FFA00242046BDE8F081134808F034FBC2
:1083900004460028F5D000F10C0601213046FFF715
:1083A00081FC2576B8F1000FECD0002FEAD03046E2
:1083B00008F02DFBB84205D22046FFF745FCE0E768
:1083C0000648E3E73A464146304608F028FBD9E73D
:1083D000BE3E0301EC210301AC0900217809002114
:1083E000038A014623B1034B186883689B681847CA
:1083F00012207047B007002110B50F4B0F4C1860CA
:10840000206809F013FB40B901210D4A0D4808F01E
:10841000BEF96FF01204204610BD20680A49836837
:108420001B68984704460028F5D001210346074AF7
:10843000044808F0B5F9EEE7D83C0021B007002168
:10844000D23E0301EC210301F5820201EA3E030161
:1084500037B540230C460A490093411A4911054695
:108460002346084A084808F01CFB011E05DA284686
:10847000234603B0BDE83040184703B030BD00BF0D
:10848000F03C00210B0B0301F41F0301C9B20129C9
:1084900008B509D9084909487F23094A07F080FD32
:1084A0007F21074807F073FD0C22036901FB0233AB
:1084B000986C00F0070008BD4E3F03010A2C030131
:1084C000113F030170B5C9B2012903690BD91849DD
:1084D00018484FF4DF73184A07F062FD4FF4DF715C
:1084E000154807F054FDEFF31185402484F31288FA
:1084F000BFF36F8F0C2606FB0134A46C14F0C0048C
:1085000008D0A24206D085F31188BFF36F8F4FF0D9
:10851000FF3070BD012271430B449A6485F31188CA
:10852000BFF36F8F43680B445B6898470020F0E708
:108530004E3F03010A2C0301113F030170B50D46A4
:1085400006490446411A491140220548FFF7BAFF7F
:108550002B4601462046BDE870401847F03C0021FC
:10856000F41F0301052170B5002204460846FEF7FA
:10857000B3FE0F4802F056FA0E4B984215D108F0A0
:1085800061FC26690C49304607F055FE00280BDBDC
:108590000125B5642469084904F1200007F04BFE69
:1085A000002801DB0020656570BD6FF00400FBE76B
:1085B000798602010000AD0B802803017FB50022FF
:1085C0000123CDE9022304ABCDE90433094A6B460C
:1085D000CDF800D0CDF804D008F090FA002805DBE3
:1085E0004FF480420023684604F0E6FC07B05DF8D3
:1085F00004FB00BF230B030110B5EFF311844023EC
:1086000083F31288BFF36F8F074A136823F00201C8
:10861000DB07116002D4012002F0E6F984F311882F
:10862000BFF36F8F10BD00BF483D00210C22104BDF
:10863000014602FB0033002030B4D3E91052186425
:10864000EFF31180402484F31288BFF36F8F9C6C8A
:1086500004F0C00444F002049C6480F31188BFF36A
:108660006F8F1DB12B4630BC0248184730BC704795
:10867000F03C0021F41F0301012808B506D00728AB
:1086800008D098B90F4B9B6C5B0719D1BDE8084027
:10869000FFF7CCBF0C4940F2DD230C4A0C4807F031
:1086A0007FFC40F2DD21094807F071FC064940F2E9
:1086B000ED23064A064807F073FC40F2ED21F2E78D
:1086C00008BD00BFF03C002112550301113F03011A
:1086D0000A2C030110B4EFF31182402383F31288B4
:1086E000BFF36F8F1748016841F002040460C807A8
:1086F00007D482F31188BFF36F8F012010BC02F002
:108700004BB91149D1F80C04D1F80C14C907F0D5B4
:10871000EFF3118083F31288BFF36F8F0B498B6CDB
:1087200003F0C00343F002038B6480F31188BFF3AE
:108730006F8F82F31188BFF36F8F002010BCFFF79B
:1087400075BF00BF483D002100500041F03C0021B2
:108750002DE9F041012206464149D1E8EF3FC1E849
:10876000E02F0028F9D1A3B93E493F484B60CB60C8
:108770008A60FCF7D9FE00280BDA3C4940F29123CD
:108780003B4A3C4807F00CFC40F29121384807F086
:10879000FEFB5EB3731E012B57D8012E06D1364B5C
:1087A000D3F81C3403F00303022B1FD009F0D9F9CE
:1087B0000546E8B9314B1B78D3B1022207462E4B50
:1087C000C3F808232C4CDFF8B880D4F81824D4F868
:1087D0001834D20315D503F00303022B01D0012E68
:1087E0000FD16DB387F31188BFF36F8FBDE8F081B0
:1087F000EFF31187402383F31288BFF36F8F0125B6
:10880000E0E7C5B1384608F0ABF8D4F81835DBB26C
:10881000012BDAD1D4F80421002AD6D00022C4F8E2
:108820000421D4F804210222C4F818252022C8F813
:108830008021A360C9E70021212005F011FFE4E7B2
:1088400002220D4BC3F80423D0E70E4940F2A323C4
:10885000074A084807F0A4FB40F2A32196E700BFAF
:10886000EC3C0021DC3C0021103D0021FB330301E6
:10887000113F03010A2C0301005000411D4100215A
:1088800000E100E01255030108B5074809F0CEF8F1
:1088900038B10648FFF76CF80448FCF783F900206C
:1088A00008BD6FF01200FBE744200301B18802010C
:1088B0000A2838B50446074D04D1AB680D21284677
:1088C0005B689847AB6803485B68E1B2984720460D
:1088D00038BD00BF44200301EFF31182402383F32E
:1088E0001288BFF36F8F0A4BD3F8001161B10021DA
:1088F000D3F80805C3F80011D3F80031C0B282F3F1
:108900001188BFF36F8F70476FF00A00F7E700BF61
:10891000009000410346F0B510469C7893F803C0E0
:10892000EFF31182402585F31288BFF36F8F1F7814
:1089300093F801E0E41B04EA0C04A04288BFA0B253
:108940003E180CEA06063D461E7082F31188BFF3FE
:108950006F8F0A188A4216D177450CD1EFF3118236
:10896000402181F31288BFF36F8F1978597082F319
:108970001188BFF36F8F1B79241AA34222BF0122F3
:10898000054B1A60F0BD5E197679013501F8016B6F
:1089900005EA0C05DEE700BF009000412DE9F04735
:1089A0002D4D00690E46A84214460BD02B492C4889
:1089B00040F203132B4A07F0F3FA40F2031129485F
:1089C00007F0E5FADB4313F0010504D03030FFF780
:1089D000A1FFBDE8F0879AB3EFF31188402383F33A
:1089E0001288BFF36F8F0920FEF768FC0746092045
:1089F000FEF750FC88F31188BFF36F8FDFF868A093
:108A00004FF40079CAF80051DAF800310123254605
:108A1000DFF85880CAF80030C8F88091DAF80031E1
:108A200083B1FFF759FF031EC8F88091F6DB013DC3
:108A3000ADB27355002DF1D117B10920FEF71CFC22
:108A40002046C6E7EFF31180402383F31288BFF37B
:108A50006F8F07F085FFE1E74C3D0021CD3F03011B
:108A60000A2C03019B3F03010090004100E100E05C
:108A70002DE9F041194B07690D469F42144605D177
:108A800007F1450864B92046BDE8F081144915484E
:108A9000E523154A07F084FAE521134807F077FA31
:108AA0004FF0FF334FF0FF32384604F085FA22468C
:108AB00029464046FFF72EFF0646384604F014FAD2
:108AC0003EB94FF0FF324FF0FF33084804F074FA1C
:108AD000E6E7A41BA4B23544D4E700BF4C3D002117
:108AE000CD3F03010A2C03019B3F0301643D00219C
:108AF00038B5214B04699C420BD02049204840F2F4
:108B00004713204A07F04CFA40F247111D4807F07E
:108B10003EFA01222046114608F0F0FF0122002112
:108B200004F1180008F0EAFF40F20743A4F84830C7
:108B30004FF0706323630C23002584F83430124B0C
:108B400084F84550A4F84650D3F80425052122F0B6
:108B50000102C3F80425C3F80051D3F80021012213
:108B60000920C3F804231A602A46FEF7B5FB092042
:108B7000FEF782FB284638BD4C3D0021CD3F030166
:108B80000A2C03019B3F03010090004110B5FFF741
:108B9000A3FE002820DB174BC0B293F8322093F8D5
:108BA000314093F83310141B31EA04040DD193F8CB
:108BB000472093F8464093F84810141B31EA040408
:108BC0000BD101220C4B5A600EE09C18013211406F
:108BD00084F8350083F8321010BD9C180132114022
:108BE00084F84A0083F847100448BDE8104004F0B8
:108BF0007BB900BF4C3D002100900041643D002145
:108C000010B5036961B920493F23204A204807F085
:108C1000C7F9204807F0C4F93F211C4807F0B7F90D
:108C2000486850B91C494023184A194807F0B8F958
:108C30001A4807F0B5F94021EFE75868F8B18842C3
:108C400019D19C680868A142586000D19860002042
:108C500008602AB15A680A609A68596002B9996036
:108C6000002010E0814206D10868206098688142A7
:108C7000EDD19C60EBE7044600680028F2D1002AA1
:108C8000E8D16FF0150010BD39400301FD3F03012D
:108C90000A2C0301424003015140030163400301D8
:108CA00038B545682B69B3B11035284602F006FB8C
:108CB000044680B90146284602F0C8FA084B98429B
:108CC0000BD122462846074902F08EFA224605219A
:108CD0000A20FEF701FB002038BD6FF00400FBE71F
:108CE0000000AD0BC18F020108B5036802465909A7
:108CF00014D0012906D14FF6FF7103F01F03D940AC
:108D0000C80712D40A490B484FF46C730A4A07F09B
:108D100047F94FF46C71084807F039F94FF0FF310B
:108D2000D940C907EED5054800E00548136008BDE5
:108D3000AD4003010A2C03017A40030100058C4178
:108D400000088C41F0B5406801F01F04057B87B036
:108D500044EA45140569002D5BD0B2F5001F00F10F
:108D6000100506D12146284608F01BF9002007B05F
:108D7000F0BD0027B2F5800F01AE0197776033D1C7
:108D8000B3F1007F14BF052304238DF804300023C2
:108D9000CDE9046303938368CB40D90716D4B2F1BD
:108DA000A07F13D168460094FFF79EFF009B80339D
:108DB00050F82330DB0709D46A462146284602F0E2
:108DC00019FA174B98421AD0CDF808D021462846F8
:108DD00003AA02F0D3F8134B98421DD10122214679
:108DE000284602F081FAC1E7B3F1C06F05D0B3F1B4
:108DF000007F14BF01230223C7E70323C5E76946A9
:108E0000284602F06BFA074B9842DDD06FF00B005A
:108E1000ADE76FF08500AAE76FF01500A7E700BF88
:108E20000400AD0B0000AD0B2DE9F043466840F2A5
:108E30000635337BD00601F01F0747EA431748BFCA
:108E4000032302EA050558BFC2F3401387B0B5F506
:108E5000837F14468DF8033044D00FD8062D18D0E8
:108E600007D8B5B1022D3FD06FF0150007B0BDE8AF
:108E7000F083B5F5807FF7D101250AE040F20222A8
:108E8000954233D0B5F5407F32D0B5F5007FEBD1B8
:108E900002250123220303FA01F12BD5736899609F
:108EA000336963BB03A80397FFF71EFF039B00EB27
:108EB000830084F48033C3F30043C4F34044D0F808
:108EC000002244EA43049DF8033022F4706244EA2D
:108ED000830422F00F0244EA05231343C0F8003252
:108EE0000020C3E70725D4E70425D2E70525D0E70E
:108EF0000325CEE7630344BF7368D960D0E710361B
:108F0000394630460DF1020202F074F914F4403F84
:108F1000804617D13946304608F041F8244B984531
:108F2000DED130469DF8021002F0D2F94045D7D08C
:108F300020492148EC23214A07F032F8EC211F4850
:108F400007F025F84FF0000901AB3946304603AA77
:108F5000CDE90439CDE90199CDF80C9002F00EF875
:108F6000134B984280D114F4003315D09DF8033090
:108F700084F48034C4F300448DF80E3039464B46F7
:108F8000304603AA8DF80C508DF80D4002F0ACF875
:108F9000074B9842C2D067E7CDE9043339460DF15B
:108FA0000303304603AA039301F0E8FFF0E700BF94
:108FB0000000AD0B863E03010A2C0301D0400301E3
:108FC0004209034670B502D0012A1ED070BD144E6E
:108FD000326951680029F9D0012503F01F030C689C
:108FE0009D400029F2D08A682A4012D04B6873B99C
:108FF0000C4964230C4A0D4806F0D2FF0C4806F0D9
:10900000CFFF6421084806F0C2FF0A4EE0E7304671
:1090100098471CB1236821461C46E2E72346FAE73D
:109020001C200301FC400301FD3F03010A2C030146
:10903000634003010820030110B504460269A2B091
:10904000C2F880001F49002002F0A6FA0022052184
:109050001220FEF741F964688422002101A808F07B
:10906000C6FE6368B3F5803F04D30221164A174851
:1090700007F08DFB2368B3F5803F04D30221144A27
:10908000124807F084FB00230120219301AA6168A4
:109090000432D940C90744BF00FA03F142F8041C66
:1090A0002168D940C90748BF00FA03F103F1010361
:1090B00048BFD163102BEAD101A802F095FA002035
:1090C00022B010BDAD9102012441030144220301ED
:1090D0005041030138B50F290C4605693CD8436857
:1090E0001B68CB40DB0737D5D5F88430CB4003F085
:1090F00001031AB9EBB96FF077002CE0002BFAD11D
:1091000055F8213023B90221154A164807F03FFBD4
:10911000D5F8843013B91220FEF7AEF80122D5F845
:109120008430A2401343C5F88430E0B202F09EFAC6
:109130000AE0C8B202F0B8FA0122D5F88430A240A1
:1091400023EA0203C5F88430D5F8843013B912201D
:10915000FEF7A0F8002038BD6FF01500FBE700BF58
:109160007C4103014422030138B505460C4622B177
:1091700002210C4A0C4807F00AFB0F2C0ED86B6832
:109180005B68E340DB0709D501230020A400E4B2BB
:1091900004F1824404F59034236038BD6FF015006B
:1091A000FBE700BFAC4103014422030170B5D1F8D5
:1091B00080600F2804460D46736803D81B68C340BF
:1091C000DA0704D402210E4A0E4807F0E0FAD5F877
:1091D0008430E340DB0704D402210B4A094807F03E
:1091E000D6FA05EB840255F824503DB121463046AD
:1091F000AC46BDE870400023126C604770BD00BFF4
:10920000C741030144220301E341030108B5036898
:109210000246590914D0012906D14FF6FF7103F017
:109220001F03D940C80712D40A490B484FF46C7386
:109230000A4A06F0B5FE4FF46C71084806F0A7FE26
:109240004FF0FF31D940C907EED5054800E0054889
:10925000136008BDAD4003010A2C03017A400301ED
:1092600000058C4100088C412DE9F04F9346824661
:1092700040F2FF17DFF8CC9085B000EB8106B245D5
:1092800003D1002005B0BDE8F08FDAF80030C3F359
:10929000C322082AC3F308044DD82B491B0EBC4235
:1092A00008BF4FF0FF348D5C032B47D8DFE803F095
:1092B00002093336CBF80C45631C32D10AF1040A9B
:1092C000DDE7CBF81445621CF8D00021DAF8003055
:1092D00003A803F40042002A16BF002188464FF07D
:1092E0000108019300910394FFF790FF039C019BF9
:1092F00000EB8400D0F80042C3F3412C00992B020C
:1093000043EA8C030B4304EA0904234343EA48037A
:10931000C0F80032D2E7CBF80845CDE7CBF81045CE
:10932000D1E703A80394FFF771FF0121039B01FA22
:1093300003F38360CAE76FF01500A3E76FF08500C1
:10934000A0E700BFF0F0FCFF1C4203012DE9F04153
:1093500004460D46476808F004FC4FF0400888B901
:10936000264B1B7873B16426606807F043FCF0B9A4
:10937000012007F06BFD013EF6D10021212005F010
:109380006FF9F0E7EFF31186314688F31288BFF3E7
:109390006F8F606807F02EFCA8B986F31188BFF3C1
:1093A0006F8FEFE786F31188BFF36F8FE5E7EFF379
:1093B0001186314688F31288BFF36F8F606807F01B
:1093C00019FC0028EED0FB6900201D706368FA6963
:1093D0001B68C3F844250122C3F84825C3F82001BF
:1093E000D3F82041C3F85801D3F858019A6081F3AB
:1093F0001188BFF36F8FBDE8F08100BF1D410021D0
:10940000F7B50546002205211320FDF765FF13205F
:10941000FDF732FF6B681A691868C0F82425997D3A
:109420005A7D0A43198B1B7D0B431343C0F86C35DF
:109430006E68D6E9004313F0010350D02F6907F19D
:10944000080001F003FC334B984208D03248012158
:10945000324A07F09CF96FF0040003B0F0BD387A8F
:1094600004F10C0204F5907107F0F2FC387A012740
:1094700007FA00F001F082FB0823C4F80035F36915
:10948000C4F844350023C4F84835A760D4F85831EF
:10949000002BFBD00021C4F800156B6801AADC6822
:1094A000204607F07AFB002805DB019B226819792A
:1094B0001868FFF7D9FE08216A681368C3F8001519
:1094C000117A51B9126AC3F834250122C3F838253C
:1094D000C3F81011D3F810111A600020BDE708225C
:1094E000C4F80025F269C4F84425C4F848350123BE
:1094F000A360D4F82031002BFBD00023C4F8203126
:10950000D4F820310123E3604FF48073C4F80433AE
:10951000BCE700BF0000AD0B84220301254203011C
:109520000123834070B5DC430B4AD2E8EF1F01EA08
:109530000405C2E8E65F002EF7D14FF48032824086
:109540000648C0F80823BFF35F8FBFF36F8F0B424D
:1095500014BF0120002070BD543E00210060014175
:1095600070B40E4922F07F46D1E90034D01AC318F6
:1095700044F10004C1E90034A6F50013B3F5400F2F
:1095800009D2074B1B681A0A1B069C19054B42F1AE
:109590000005C3E9004570BC05F0CEBC18240021CD
:1095A000583E002120240021D9B101230D4A8340D7
:1095B000D2E8EFCF4CEA030CC2E8E1CF0029F7D1A3
:1095C0004FF48033084A8340C2F80433074BD3E892
:1095D000AF3FC340DB0742BF4FF48002044BC3F8E8
:1095E00000217047543E0021006001414C3E0021A3
:1095F00000E100E0012808B509D90749074886239A
:10960000074A06F0CDFC8621054806F0C0FC830021
:109610000448184408BD00BF934203010A2C03010B
:109620006242030140610141012808B509D9074997
:1096300007488D23074A06F0B3FC8D21054806F044
:10964000A6FC0028044808BF002008BD934203017F
:109650000A2C03016242030144600141012808B55C
:1096600009D908490848C123084A06F099FCC121D4
:10967000064806F08CFC064B00F5A87053F8200055
:1096800008BD00BF934203010A2C0301624203019B
:10969000006001410D4B1868010A0006BFF35F8F9F
:1096A0000B4BD3F80435181841F10001B3F5801FB6
:1096B0000AD2084BD3E90023904271EB030303D293
:1096C00010F1807041F10001704700BF583E002149
:1096D00000600141202400212DE9F04F85B016469D
:1096E0001F4604469DF840A0FFF71AFF0190FFF7C0
:1096F000D1FFB04271EB070352D23B4B301A67EBFC
:109700000101984271F100014DD2384B03EB041373
:10971000D3E902239F4208BF964258D04FF48038C5
:10972000334908FA04F8204626F07F4BC1F84883F5
:1097300007F091FA4FF00309584604F15005AD00C7
:10974000ADB205F1824504F5A87305F5B035029375
:10975000029A20F07F4341F82230C1F84483D1F8C7
:109760000435244AC01A033820F07F4090422ED995
:10977000286868B1D1F80435A3EB0B0020F07F40D6
:10978000B0F5000F039322D9204607F064FA039B3B
:10979000BAF1000F07D109EB030009F10109D7E77E
:1097A000BAF1000F09D06FF0150520460199FFF7B7
:1097B000FBFE284605B0BDE8F08F01230E4AA3400A
:1097C000D2E8EF0F1843C2E8E10F0029F8D10749AA
:1097D0000E982301C8500F9B01EB04120025C2E92B
:1097E00002675360E1E700BF01008000F823002119
:1097F00000600141FDFF7F004C3E002101281FB5A4
:109800000BD00B490B4840F28B130B4A06F0C8FBF8
:1098100040F28B11084806F0BAFB0021029107992B
:10982000019106990091FFF757FF05B05DF804FB21
:10983000AF4203010A2C0301624203017FB50025F8
:109840004FF0FF304FF0FF314FF480321C4C1D4B76
:109850000226C4F80833C4F848331B4BC4F8085533
:10986000C3E90201C4F80423C3E906014FF400333D
:109870004FF48002C4F80433144B0521C4F8046388
:109880001620C3F880212A46FDF726FD1620FDF795
:10989000F3FC01230322A36023600D4B28461A60CA
:1098A0000C4B0D4A1E600D4BCDE901550093002372
:1098B000FFF712FF3046FEF74BFF284604B070BD9D
:1098C0000060014103000F00F823002100E100E0E7
:1098D000543E0021503E0021FFFF7F0061950201B0
:1098E0002DE9F04F85B007F0D7F8354BD3F80423B6
:1098F00092070BD5D3F8042142B10022C3F804210A
:10990000304AD3F804311368013313602E4D00241C
:10991000A8464FF480362A4FD7F8043306FA04F9E4
:1099200019EA030F28D00123A340DB432749D1E8DC
:10993000EF2F02EA0300C1E8EC0FBCF1000FF6D1F3
:1099400022FA04F3DB0703D4214B53F824309BB1F4
:10995000204607F080F9FFF79DFEEFF31083029396
:1099600072B608EB041CDCE902AB504571EB0B014D
:1099700009D2029B83F31088103514B105B0BDE8FD
:10998000F08F0124C8E70020D5E900134FF0FF3223
:1099900003934FF0FF3328600948CCE90223C0F855
:1099A0004893204607F057F9029B83F3108800295B
:1099B000E2D0039B524600935B468847DCE700BF3A
:1099C00000600141583E0021F82300214C3E002157
:1099D0004061014170B501240C4B186890B1B0FA98
:1099E00080F0C0F11F0004FA00F1C943D3E8EF2F63
:1099F00002EA0105C3E8E65F002EF7D1C240D207B4
:109A0000EBD570BD6FF00B00FBE700BF503E0021AF
:109A1000012808B50BD00B490B484FF415730B4ABE
:109A200006F0BEFA4FF41571084806F0B0FA084B7C
:109A3000D3E8EF1F41F00201C3E8E21F002AF7D18B
:109A400008BD00BFAF4203010A2C030162420301BB
:109A5000503E002130B5431C124C85B005D08442E5
:109A6000A8BF0446012CB8BF0124FFF713FE0E4B1C
:109A70000C4DD3E90013401AB0F5000F0FD2221895
:109A8000AA4228BF2A46002052180849CDE9010001
:109A9000009143F10003FFF71FFE05B030BD2A46D9
:109AA000F1E700BFFFFF7F0018240021619502014C
:109AB00008B5FFF7EFFD024B1B68C01A08BD00BFD9
:109AC0001824002102460B46014802F001BF00BFE6
:109AD000FC080021014802F0CBBF00BFFC080021B8
:109AE00003460A4610B5114881680C6864B91049EC
:109AF0005B23104A104806F053FA104806F050FA5B
:109B00005B210C4806F043FA1946A04768B10C499E
:109B10004FF42D730B4A084806F042FA0A4806F043
:109B20003FFA4FF42D710748ECE710BD30200301D8
:109B3000FE420301CA4203010A2C03011E43030132
:109B4000502F0301444303017D43030108B50A4933
:109B50000A4807F0F6FF00280CDA09492F23094AC2
:109B6000094806F01DFA094806F01AFA2F2105489F
:109B700006F00DFA08BD00BF603E00213839002113
:109B800012550301B74303010A2C0301E04303010B
:109B9000094B93F80231042B02D1810709D4704795
:109BA000022B02D1020704D47047082B03D183068D
:109BB00001D5FFF7CBBF7047173F0021F0B5064630
:109BC0008BB00D462B482C4903F0E0FB05A8DFF7CE
:109BD000B3FA2A4807F02AFF48B90121284A294840
:109BE00006F0D5FD6FF0120420460BB0F0BD264BF9
:109BF00002A80293DFF74EFB034638B10121234A46
:109C0000204806F0CDFD6FF01504EDE74FF0FF3072
:109C10004FF0FF31FFF756FF04460028E4D11C49FE
:109C20001C48DFF747FA044610B1FFF753FFDBE7A4
:109C300041F64C5703A80397F5F7E6FC20B1FFF770
:109C400049FF6FF08504CFE7012301A88DF80430A8
:109C5000F5F7D2FC0028F2D104A80497F5F7DCFC54
:109C60000028ECD1FFF736FF33690B481D60FEF783
:109C700073FBB9E7603E0021170D0301302003019B
:109C80000344030104220301E19A02012344030176
:109C900028240021D19D0201919B020130B5494841
:109CA00087B0DFF7F1F820B9DFF758FA18B16FF095
:109CB000850007B030BDDFF765FA0028F7D1DFF780
:109CC00075FA0028F3D1DFF79FFA0028EFD1DFF70C
:109CD0008DFA0028EBD1DFF7A5FA0028E7D1DFF7EE
:109CE000BDFA0028E3D1DFF7C7FA0028DFD1DFF79C
:109CF000A7FA0028DBD1DFF7B1FA0028D7D1DFF7C8
:109D0000BBFA04460028D2D1012503AA29468DF8C2
:109D10000C50DFF705F90028CBDB0221204603AA0F
:109D20008DF80C50DFF7FCF80028C2DB0823072170
:109D3000204603AAADF80C30DFF7F2F80028B8DBB4
:109D40004FF0FB13039340F203230321204603AAA1
:109D5000ADF81030DFF7E4F80028AADB0421204634
:109D600003AA8DF80C50DFF7DBF80028A1DB1F23D6
:109D70000621204603AAADF80C30DFF7D1F8002801
:109D800097DB03230521204603AA8DF80C30DFF76B
:109D9000C7F800288DDB41F20A53984210DD0A4AC9
:109DA00000902946094806F005FD002383F3118839
:109DB000BFF36F8F0423184602DF6FF00B0078E7C4
:109DC000002076E7770C03014744030104220301D6
:109DD00073B5454C94F80231CBB194F80231042BA1
:109DE0003FD120783E2825D0FF2829D00025002209
:109DF0000023294606F052FE064630BBC5B10023BB
:109E000084F8023102B0BDE87040FFF79FBE4FF00A
:109E1000FF304FF0FF31FFF755FE48B9204604F5FB
:109E2000817100F09DFC0546FFF754FE002DD4D053
:109E300002B070BDA578022D14BF00250125D6E71C
:109E4000A57805F0FD05802DF6E7627826490232F7
:109E50000C3006F0E4FD3146244B1B68244898473B
:109E6000CDE7022B24D1002200230820FEF74CFA74
:109E700005460028DCD063880433B3F5817F23D9FD
:109E80004FF48172012100921A481B4A06F092FC9D
:109E90006FF00B030121194A164806F081FC0023DC
:109EA00083F31188BFF36F8F0423184602DFA6E700
:109EB000082B13D1002300222020FEF725FA638807
:109EC00005460028D8D1B3E71A46074905F10C002A
:109ED00006F0A5FD054B29461B68BFE70121084A8E
:109EE000044806F05DFC8AE7173F00215C3E002134
:109EF0006C2003010422030169440301C2440301ED
:109F000089440301F7B5AD4C064623780588002B3C
:109F100040F01F8404238DF80730A94B1F68AFB1B0
:109F20000DF106030DF10702611CB84701280DD0A1
:109F30009DF80630002B6FD19DF807300E22A370DC
:109F400001236270E370A580A0716EE0B5F5105F2B
:109F50004FEA95230ED2002B5DD0013B072B0CD886
:109F6000DFE813F00D000B004500C40012010B00E8
:109F70000B0032013F2B00F0CD8201208BE03046F8
:109F800040F2064230F9033B934210D040F21D42AA
:109F9000934229D0012040F206439D4240F0AF8316
:109FA0000F2363700423E070A3700123F7E0F5F73B
:109FB000ABFB42F264039D4240F28F8342F2850381
:109FC0009D4268D842F267039D4200F29E8342F2AE
:109FD00066039D425FD10F2363700423A3700123A6
:109FE0006622E0702371A7E3F5F790FBE1E73046C6
:109FF00040F6354130F8032B13B28B423ADC40F681
:10A000002C418B421DDC40F60142934241D040F688
:10A010000342934242D001200F2363700423A370B4
:10A020000123E0702371A4F805500123237040F64A
:10A0300035439D4240F08580A379002B00F0B2802B
:10A040007FE0A2F62D43082BE5D801A252F823F0B9
:10A05000A3A0020117A0020117A0020117A002018C
:10A06000B5A0020117A00201BBA0020117A00201C6
:10A07000C3A0020140F67B42934225D040F67C42C9
:10A0800093422AD040F663429342C4D1F5F704FAD2
:10A0900001E0F5F7F4F90128BDD04DE7DFF7DEF96F
:10A0A000F9E79DF80730474903338DF80730F5F796
:10A0B000EBF9F0E7F5F7EAF9EDE706F075FEC0B267
:10A0C000E9E7F5F7E7F9E6E79DF807303D4904339E
:10A0D0008DF80730F5F7E5F9DDE79DF807303949E8
:10A0E00002338DF80730F5F7DEF9D4E73388A3F5AE
:10A0F0008053013B082B4CD8DFE803F0050E264BBC
:10A100004B4B4B4B3D009DF807302E4808338DF8E4
:10A110000730F5F79AFABEE79DF80730294E40332D
:10A1200030468DF8073006F0F8FD0E229DF8073016
:10A130006270A37000220123A580E370A27106F86B
:10A14000073C002003B0F0BD00239DF807100E204F
:10A150000831A17001211B4AA37113605360E37A97
:10A16000607023F0600343F06003E170A580E37248
:10A1700002F8071CE5E79DF80730124806338DF812
:10A180000730F5F764FA86E741F2054332889A42D0
:10A190000AD00F2363700423A3700123E37023719B
:10A1A000A4F805502370CCE79DF807300549033328
:10A1B000F01C8DF80730F5F7ABFA6CE71A40002178
:10A1C000703E002121400021304630F8033BA3F5CA
:10A1D0000053013B7B2B7DD8DFE813F08A0097000A
:10A1E000A0007C00BC00BF00C200CB00CE00D100AC
:10A1F000D700DA00DD00E000E300EC00EF00F20041
:10A20000F500F800FB0004010701100119011C0111
:10A2100025012E017C007C007C007C007C004B0131
:10A2200054015D017C007C006001630166016901ED
:10A230007C007C0072017501780181018A018D0129
:10A240007C007C007C007C007C007C007C007C002E
:10A250007C007C007C007C007C007C007C007C001E
:10A260007C007C007C007C007C007C007C007C000E
:10A2700090017C007C0099017C007C007C007C00CB
:10A280007C007C007C007C007C007C007C007C00EE
:10A290007C007C007C007C007C007C007C007C00DE
:10A2A0007C007C007C007C007C007C007C007C00CE
:10A2B0007C007C007C007C007C007C007C007C00BE
:10A2C0007C007C007C007C007C007C007C007C00AE
:10A2D0007C00D40042F264039D4240F0F8810F23D9
:10A2E00063700423A3700123E3706422237123E2CB
:10A2F000F5F7AFF942F264039D427FF45AAE0F23A3
:10A3000063700423E070A370B1E09DF80730CF487C
:10A3100003338DF80730F5F7A1F9EBE79DF8073027
:10A32000CA4808338DF8073006F030FD42F2640366
:10A330009D4240F08D800F23637004236422A3703C
:10A3400000236271E37020220123A271237100F8BF
:10A35000073CF6E6F5F784F9CCE7F5F783F9C9E7AA
:10A360009DF80730B94801338DF80730F5F77CF9CF
:10A37000C0E7F5F77BF9BDE7F5F77AF9BAE7F5F746
:10A3800079F9B7E7F5F7BEF9B4E7F5F775F9B1E78D
:10A39000F5F774F9AEE7F5F773F9ABE7F5F772F98E
:10A3A000A8E79DF80730A94801338DF80730F5F785
:10A3B0006BF99FE7F5F76AF99CE7F5F769F999E713
:10A3C000F5F768F996E7F5F767F993E7F5F766F9B2
:10A3D00090E79DF807309D4907338DF80730F5F772
:10A3E0005FF987E7F5F75EF984E79DF8073097494D
:10A3F00010338DF80730F5F757F97BE79DF80730F4
:10A40000924808338DF80730F5F750F972E7F5F701
:10A410004FF96FE79DF807308C4902338DF807300C
:10A42000F5F748F966E79DF80730884902338DF85B
:10A430000730F5F743F95DE79DF8073008338DF8ED
:10A440000730FF23E371E37242F264039D4208D0B8
:10A4500040F2428142F285039D4240F27881002021
:10A4600019E60F2363700423A3700023E370012314
:10A470003BE79DF80730754902338DF80730F5F753
:10A4800021F937E79DF80730704804338DF807301D
:10A49000F5F71AF92EE7F5F719F92BE7F5F718F99B
:10A4A00028E7F5F717F925E7F5F716F922E79DF8FC
:10A4B0000730664801338DF80730F5F70FF919E7D3
:10A4C000F5F70EF916E7F5F70DF913E79DF80730E4
:10A4D0005E4808338DF80730F5F706F90AE79DF86E
:10A4E00007305A4904338DF80730F5F7FFF801E7D4
:10A4F000F5F7FEF8FEE6F5F7FDF8FBE69DF8073008
:10A50000524802338DF80730F5F7F6F8F2E6F5F722
:10A51000F5F8EFE630464FF60B4230F8033B934236
:10A5200022D8B3F57C4F01D801206BE0A3F57C4322
:10A53000013B0A2BF8D801A252F823F0F5A502013D
:10A5400011A6020129A5020129A5020129A50201DE
:10A5500063A6020129A5020129A502013BA6020169
:10A5600051A6020169A6020103F2FE2292B21B2A41
:10A57000DAD8A3F57D43023B1B2BD5D801A252F8B4
:10A5800023F000BF7BA6020181A6020187A602017B
:10A590008DA6020129A5020129A5020129A5020112
:10A5A00093A6020129A5020129A5020199A602018B
:10A5B00029A5020129A5020129A5020129A5020157
:10A5C00029A502019FA6020129A50201A5A6020153
:10A5D00029A50201B7A6020129A5020129A50201A8
:10A5E00029A5020129A50201BDA60201C3A60201F7
:10A5F000C9A602019DF8073014480C338DF80730C6
:10A60000F4F753FF4FF6025225F00803934279E026
:10A6100000209DF8073040338DF807300B4B188031
:10A62000E37923F0230343F02303E371237A23F038
:10A63000070343F007032372E4E79DF8073003485C
:10A6400017338DF80730F4F74EFFDBE72140002188
:10A650009DF80730404820338DF80730F4F767FF46
:10A66000D0E7F4F73EFFCDE79DF807303A480133D5
:10A670008DF80730F4F778FFC4E7F4F78BFFC1E7F4
:10A68000F4F7BAFFBEE7F4F7B9FFBBE7F4F7BCFF96
:10A69000B8E7F4F7BBFFB5E7F4F7BCFFB2E7F4F7B0
:10A6A000BBFFAFE79DF807302B4904338DF8073027
:10A6B000F4F7B4FFA6E7F4F7C0FFA3E7F4F7BFFF92
:10A6C000A0E7F4F7BEFF9DE7F4F7BDFF9AE714D9C2
:10A6D00042F28503012073E4002042F219039D42F7
:10A6E0001ED842F20C039D427FF655ACA5F50053EF
:10A6F0000D3B41F241229BB20CE00120EDE740F21C
:10A700001D439D423FF44CACC5E4A5F50153283BE5
:10A71000124A9BB222FA03F3DB077FF5BCAC3FE49D
:10A7200042F232039D420BD10F2363700423A370C6
:10A7300001233222E070237162712022A27131E57F
:10A74000A5F50153033B012B3FF6A5AC28E40020FF
:10A7500038E44FF0FF30F5E4214000212F80402005
:10A7600038B5094C0D4623781BB9BDE83840F4F7DD
:10A7700076BEA278611C023207F02CFB0020042375
:10A7800020702B7038BD00BF1A40002104460D46D2
:10A79000094E08B5324640F233130849084805F01F
:10A7A000FFFB214607482A4605F0FAFB40F2331129
:10A7B000304605F0ECFB00BF1A45030112550301BA
:10A7C0000A2C030147450301322337B50125ADF8B3
:10A7D000043000231A216846104A8DF80630ADF87F
:10A7E00000508DF80230F3F739FE044690B94FF46B
:10A7F000AF60F1F74DF82A4621460C20FCF76CFDBE
:10A800002A4621461120FCF767FD2A4621460820EA
:10A81000FCF762FD204603B030BD00BF8DA70201EA
:10A8200008B54FF0FF304FF0FF31FFF74BF948B15B
:10A8300007490848BC23084A05F0B2FBBC2106487A
:10A8400005F0A5FBF9F726FABDE80840FFF742B985
:10A850005E4503010A2C03011A45030108B50A49A4
:10A860000A4807F06EF900280CDA09492F23094A33
:10A87000094805F095FB094805F092FB2F21054892
:10A8800005F085FB08BD00BF743E0021383900216A
:10A8900012550301B74303010A2C0301E0430301EE
:10A8A00037B500240C4D6FF009034FF48062284641
:10A8B0000A49009402F0F2FE0949284607F057F9C8
:10A8C0000849094802F062FD224604211A20FCF7DB
:10A8D00003FD204603B030BD38390021205300214C
:10A8E0006B45030121A80201743E00212DE9F043CC
:10A8F000224885B006F09BFA002604461F4B204FE5
:10A90000D3F83880DFF87C90B04503D8002005B03C
:10A91000BDE8F083636A97E807001D6801AB83E830
:10A9200007000C221946284607F069FA78B975B174
:10A9300022692B699A420AD1AB69A2699A4206D868
:10A94000E2699A4203D963696A6993430CD0256A24
:10A9500075B10D4805F00EFB002383F31188BFF39A
:10A960006F8F0423184602DFE36801361C44CBE7EF
:10A97000484605F0FFFA636A1D60F5E7008A0001AA
:10A98000A8220301A84503017F450301014B0020D4
:10A990001B681847843E002110B530B101280AD148
:10A9A000BDE810400A48F0F7A9BE0A4B0120BDE8F7
:10A9B00010401B68184708492023084A084805F03A
:10A9C000EFFA084805F0ECFA2021044805F0DFFA18
:10A9D0008DA90201843E002112550301DB450301CC
:10A9E0000A2C03011846030108B590B1012803D1D0
:10A9F000BDE80840F0F798BE06492E23064A0748EE
:10AA000005F0CEFA064805F0CBFA2E21024805F0F3
:10AA1000BEFA08BD12550301DB4503010A2C0301F0
:10AA200018460301014B186001487047843E00211D
:10AA30000000AD0B0022D30003F1FF7303F5803358
:10AA4000D3F80013013107D0D3F800130132D3F843
:10AA50000433202A0B60EED1224BD3E94C32072B72
:10AA600026D1023A032A204B28D9D3F80024D10753
:10AA700032D41C4BD3F83021072A19D1D3F8343102
:10AA8000023B032B02D8194AD35C8BB17F23184AAF
:10AA90001849C2F818310023C1F8043EC1F8083E35
:10AAA000C2F82431C2F82C3102F57F22C2F81031ED
:10AAB000114B1A68114BC3F84425704710498A5C42
:10AAC000002AD2D0D3F80024D207CED50022C3F872
:10AAD0001421C3F81821C8E76FF00102C3F800245D
:10AAE000C7E700BF0000FF010050004128460301F6
:10AAF00000200041000008410080FF01006000418B
:10AB00002C46030130B50468ACB1B4FA84F30122D9
:10AB1000C3F11F03DBB29A4024EA0202D0E8EF5FE0
:10AB2000A54204D1C0E8EC2FBCF1000FF6D1EAD168
:10AB300002480B7030BD0248FCE700BF0000AD0BBF
:10AB40000200AD0B10B50368CB40DB0710D4012326
:10AB50008B40026843EA0201D0E8EF4F944204D1EF
:10AB6000C0E8EC1FBCF1000FF6D1F2D1014810BDD6
:10AB70000148FCE70000AD0B0400AD0B014BC3F82E
:10AB80000405704700F00041014BC3F80805704709
:10AB900000F0004108B549B9074908484823084A68
:10ABA00005F0FEF94821064805F0F1F940F00040B3
:10ABB000C1F8800008BD00BFCD4603010A2C030187
:10ABC0009046030108B549B9074908484E23084A89
:10ABD00005F0E6F94E21064805F0D9F940F00040AD
:10ABE000C1F8800008BD00BFD14603010A2C030153
:10ABF0009046030108B549B9064907486023074A4A
:10AC000005F0CEF96021054805F0C1F90023C1F82F
:10AC1000803008BDCD4603010A2C03019046030194
:10AC200008B549B9064907486723074A05F0B8F946
:10AC30006721054805F0ABF90023C1F8803008BD55
:10AC4000D14603010A2C0301904603010146014845
:10AC500000F002B8BC0700210079024B03EB0010A2
:10AC6000FFF750BFC40700210123027900688B4021
:10AC7000C0F80835024800EB0210FFF763BF00BFC1
:10AC8000C4070021034A4309D35C00F01F001844A5
:10AC9000C0B27047C747030108B5026801461046B5
:10ACA00006F0E1F858B910494FF46C730F4A104898
:10ACB00005F076F94FF46C710C4805F068F902F074
:10ACC0001F0352090B600BD0012A0BD0094940F237
:10ACD000B933064A064805F063F940F2B931EBE7AB
:10ACE000054808BD0548FCE7AD4003017A40030173
:10ACF0000A2C03011255030100058C4100088C4108
:10AD0000072808B50BD90849084840F2AA33084A71
:10AD100005F046F940F2AA31054805F038F98000FF
:10AD200000F5807008BD00BF0A4703010A2C03012B
:10AD3000D546030170B50546FFF7A4FF0C4C08305B
:10AD400034F810300E46DA0508D5C3F3432304EB7C
:10AD5000C302284654F8333052689847A3682BB191
:10AD600031462846E268BDE87040184770BD00BF14
:10AD7000D407002108B5FFF785FF034B083033F8EF
:10AD80001000400B08BD00BFD407002108B5FFF735
:10AD900079FF034B083033F81000C0F3400008BDC2
:10ADA000D407002108B5FFF76DFF044B083033F8D6
:10ADB000100010F01C0018BF012008BDD4070021AE
:10ADC00008B5FFF75FFF034B083033F81000C0F3FE
:10ADD000401008BDD4070021034611F0010010B552
:10ADE000CCB20BD1A207C4F340000DD5074A106ABC
:10ADF00058601062003818BF012005E004490A6A53
:10AE00001A600A62002AEDD010BD00BF00088C4114
:10AE100000058C4110B5FFF735FF184A083032F8AD
:10AE20001030D9051DD5C3F3432123F4F85322F87C
:10AE30001030002002F10E0434F8023F13F4807F3A
:10AE400003D0C3F3432399420BD001303028F3D110
:10AE500000230B4842F83130FFF774FE094B98424B
:10AE600000D110BD084909484FF4DC73084A05F0C9
:10AE700097F84FF4DC71064805F089F8D4070021F3
:10AE80004C0800210000AD0B863E03010A2C030193
:10AE9000144703012DE9F843002407460E462546D2
:10AEA0004FF00108A146B5420DD1124BD3F87C21D9
:10AEB00032B10022C3F87C21D3F87C3144F0004445
:10AEC0002046BDE8F883E8B2FFF71AFFA0F58072CC
:10AED000920808FA02F2174209D000F1824303F502
:10AEE0002043196819B1C3F800901B681443013559
:10AEF000D9E700BF00A00041F7B506460846FFF7B6
:10AF0000C1FE1A4F00F1080537F815300C46DB0773
:10AF100029D5304606F020F82046FFF751FF50B102
:10AF20002046FFF727FF0023316801EB8000C0F8BF
:10AF30001035C0F810352046FFF76CFF002301A83C
:10AF400027F815300194FFF7A7FE019B00EB830063
:10AF5000D0F80022064B134043F00203C0F8003241
:10AF6000044803B0F0BD0448FBE700BFD40700214C
:10AF7000F0F0FCFF0000AD0B0400AD0B2DE9F04339
:10AF80001646804685B00846FFF77CFE37680D46BA
:10AF90000446E7B1084605F0D4FF08BB3B46CDE9BF
:10AFA00000008DF80E008DF80F000DF10F020DF16D
:10AFB0000E01284605F069FF474A04F1080132F8FE
:10AFC000113023F0020343F0010322F811307368BB
:10AFD0007BB328461F785968FFF7D8FE10B1E9B156
:10AFE0003E4829E03C4A04F1080032F8103023F0D2
:10AFF0002003DB04DB0C22F8103079B1032FEFD8EB
:10B000007168496891F800C0D8F800104FEA8C09BF
:10B010004944A7B9C1F81075C1F810752E4A04F15A
:10B02000080132F8113023F01C0343EA870322F8A9
:10B030001130B3683BBB2A4805B0BDE8F083D1F8B6
:10B0400010E543EA4C332EF0030EC1F810E5D8F8B2
:10B05000001043F0200301EB090EDEF8101522F872
:10B06000103021F44F3121F44071CEF8101529022F
:10B07000DEF8108501F47C5141EA074141EA0801FC
:10B08000CEF81015CAE72846D3E90067FFF7C2FEDD
:10B09000002ED0D0104DD5E90023964203D19F4217
:10B0A00001D1002209E00F480DF10F01FFF72AFD41
:10B0B0000B4B9842C0D19DF80F2005EBC20308341A
:10B0C0005F6035F8143045F8326043EA422343F4B8
:10B0D000807325F81430AEE7D40700210400AD0BCF
:10B0E0000000AD0B4C0800212DE9FF410C468046C5
:10B0F000204611461E46FFF7C5FD054621B32046F2
:10B10000FFF744FE18B92046FFF75AFE10BB204651
:10B11000FFF748FE10B14B78012B1BD001238DF8AF
:10B120000F3000234A1CCDE9001320468B1C0DF183
:10B130000F0105F0AAFE294A05F1080132F8113085
:10B1400043F0030322F81130002E44D02046FFF7CD
:10B150001DFE18B9224804B0BDE8F081002296F81F
:10B1600000C0D8F800301D4F03EB8C03C3F8102546
:10B17000C3F8102505F1080237F812104FEA8C0EBB
:10B1800021F02001C904C90C27F81210757815B3F5
:10B19000D8F80000B6787044D0F810352D0423F4A8
:10B1A000991323F4F853C0F81035230203F47C53A9
:10B1B00005F440353605D0F810E52B4306F480162B
:10B1C000334341EA4C3143EA0E0341F02001C0F819
:10B1D000103527F812100348BDE700BFD40700213F
:10B1E0000400AD0B0000AD0B014BC3E90212704728
:10B1F000D407002110B514465AB90E490E4840F242
:10B200000D330E4A04F0CCFE40F20D310B4804F031
:10B21000BEFE0846FFF7D4FD50B10846FFF732FDE9
:10B22000074B083033F8103006485B0B237010BD15
:10B230000548FCE7B24703010A2C03011447030148
:10B24000D40700210000AD0B0400AD0B2DE9F04147
:10B25000174D064695F880403CBBA046602221462B
:10B2600005F1100006F0C3FD36682F6FA7420FD11D
:10B27000002346F30730C6F87C31D6F87C31FBF763
:10B28000FBFF01230B4885F88030AB67BDE8F081F8
:10B29000E0B2FFF735FDA0F580739B081F2B04BFBC
:10B2A00046F8008033580134E0E70348EEE700BF7A
:10B2B000D40700210000AD0B0C00AD0B034B93F83D
:10B2C0008000003818BF0120704700BFD40700215C
:10B2D0000148FFF737BC00BF480800210148FFF7CD
:10B2E00011BC00BF480800212DE9F341054608467E
:10B2F0000C461646FFF756FD58B9344940F2FA336A
:10B30000334A344804F04CFE40F2FA31304804F03D
:10B310003EFE2B680846D3F80423002AA4BF4FF052
:10B320000042C3F80423FFF74BFD10B30846FFF7B4
:10B330002DFD0746E8B90846FFF71CFD0446FFF758
:10B34000DFFCD5F8008048F8007058F800302B6812
:10B3500003EB8403D3F8102542F00102C3F8102553
:10B3600026B101232A68A340C2F8043302B0BDE825
:10B37000F0814EB9184940F20E43154A154804F0C1
:10B380000FFE40F20E41C1E72046FFF77BFC134B56
:10B39000083033F81030C3F38203042B11D0052B8F
:10B3A00011D001A80194FFF777FC019B0169D940F6
:10B3B00001F001010231204602B0BDE8F04105F084
:10B3C000B1BD0321F7E70221F5E700BF9147030173
:10B3D000144703010A2C0301BC470301D4070021D1
:10B3E0002DE9F04F684BDFF8A481D3F80403D8F8B7
:10B3F0007010C0B289B040F00040FFF74BFD051E51
:10B400002FDAC24600235AF87C1F06A8CDE906337E
:10B41000FFF7E2FC4FF0000B5D4B0DF118090193B3
:10B42000019A12F8013B0192DA081AF8022003F09F
:10B43000070322FA03F3DA071CD409F10409BBF16C
:10B44000000F14D0D8F870104FF00040FFF722FD25
:10B45000D8F87C1006A8FFF7BFFC0028DAD125F049
:10B4600000450124002D76D109B0BDE8F08F4FF0E2
:10B47000010BD5E7474B5B440293D9F80010002934
:10B48000DBD091FAA1F1B1FA81F1029B1C7841EA7B
:10B4900044142046FFF7F6FB083038F81070C8084F
:10B4A000BB080393012319F8002001F0070103FAF8
:10B4B00001F122EA010209F8002005A80594FFF72E
:10B4C000EBFB059A039B803250F82220C7F38206DB
:10B4D0005B073746C2F3014222D539462046D6B231
:10B4E000FFF728FC05A80594FFF7D6FB059B8033E2
:10B4F00050F82330C3F301439E4207D10021204678
:10B5000005F010FD3146204605F00CFD05A8059418
:10B51000FFF7C2FB0122059B02FA03F30362ACE7CB
:10B52000022A0CD10321204605F0FCFC06F005039D
:10B53000012BEBD139462046FFF7FCFBE6E7022161
:10B540002046039205F0EEFC032EF3D0039A032A63
:10B55000DCD1022EEDE795FAA5F3B3FA83F304FAF2
:10B5600003F29B0003F1824303F52043D3F8100557
:10B57000D3F81015C0F30520C1F3014125EA0205F7
:10B58000FFF7D8FB6EE700BF00A00041D407002101
:10B59000D7470301D747030170B516460D4649B991
:10B5A0000B490C4837230C4A04F0FAFC37210A48AF
:10B5B00004F0EDFC094C237943B91220FBF75CFE43
:10B5C0000123074823712560A66070BD0548FCE78C
:10B5D000004103010A2C0301D9470301883E0021E1
:10B5E0000000AD0B0C00AD0B38B548B919494A2322
:10B5F000194A1A4804F0D4FC4A21174804F0C7FC41
:10B60000174B1B79012B07D016494B23124A1348BD
:10B6100004F0C6FC4B21F0E70023134A50F8234006
:10B6200003F5A2710133102B42F82140F6D100231B
:10B630000D4A00F13C0103F5B27451F8045F013387
:10B64000102B42F82450F6D1D0F88030C2F80433E1
:10B6500038BD00BF14480301D94703010A2C030178
:10B66000883E00211D4803010020014108B5094B17
:10B670001B79012B09D0084908487A23084A04F0AD
:10B680008FFC7A21064804F082FC064A8340C2F807
:10B69000043308BD883E00211D4803010A2C030124
:10B6A000D94703010020014108B5094B1B79012B43
:10B6B00009D0084908488223084A04F071FC822115
:10B6C000064804F064FC064A8340C2F8083308BD0B
:10B6D000883E00211D4803010A2C0301D9470301BC
:10B6E00000200141F8B501260027124B124DD3F876
:10B6F0000C4304B9F8BD94FAA4F0B0FA80F006FA4D
:10B7000000F30F2824EA03040BDD0C490C4840F237
:10B71000F3130C4A04F044FC40F2F311094804F01E
:10B7200036FC094B82009F502B68002BE1D0A968A2
:10B730009847DEE700200141883E0021243E0301B6
:10B740000A2C0301F23D0301002101412DE9F041E2
:10B750000E4617460C4D55F81C4FAC4203D16FF006
:10B760001200BDE8F081314654F8440CA4F14408BD
:10B77000F8F7ADFA30B9C7F800804046BDE8F041AF
:10B7800005F0E1BC2468E8E7943E002110B5D0E95B
:10B7900009124A60416A00F124031160C0E90933CB
:10B7A0004368044603B19847054A936833B1127958
:10B7B000062A03D90720226802499847002010BDB5
:10B7C000943E0021464803012DE9F04107460D460D
:10B7D0000B4E56F80C4FB44202D16FF001000AE054
:10B7E000394654F8240CA4F12408F8F770FA20B96B
:10B7F0001DB1C5F80080BDE8F0812468EBE700BF0B
:10B80000943E002138B5044600B30068F0B10378D7
:10B81000E3B10021FFF7D8FFD8B104F11C03C4E95C
:10B8200007330D4B04F12402196903F10C00A162E6
:10B8300060621A610A609D6835B11B79062B03D9D5
:10B84000072022680549A847002038BD6FF0150081
:10B85000FBE76FF01000F8E7943E00214848030131
:10B8600038B5114C0546216819B10020013121601D
:10B8700038BD2422204606F0BAFA2B682846A36079
:10B880002B79237104F10C03C4E9033304F114038D
:10B89000C4E9053304F11C03C4E9073300F018F8C8
:10B8A0000028E5D12168E0E7943E002138B5074D36
:10B8B0002C68013C2C6044B900F012F8214628465F
:10B8C000BDE83840242206F092BA38BD943E0021EB
:10B8D00008B50248FFF796FF002008BD5808002170
:10B8E0000148FFF753BF00BF580800210EB4431EA4
:10B8F000062B33B588BF0020094B05AC54F8045B18
:10B9000053F82010074804F035FB214628460194DF
:10B9100004F02EFB02B0BDE8304003B0704700BF1A
:10B9200028290301E93303012DE9F04F87B01746B9
:10B930009B460446DDF840A000284BD0056A35B18F
:10B940002D6825B1AC4607B0BDE8F04F6047E36A0B
:10B950009F4242D80026BE4203D1002007B0BDE876
:10B96000F08F182303FB06F8D4F83090A26909EB96
:10B9700008052B1D0593CAB9686969680368B5F89D
:10B980000CC0C91AAB680CF1030E5D1E05EB0C155B
:10B990005B4205EB4E051D4005EBCC038568063385
:10B9A000A94228BF4FF0FF3105F09AFB59F8083043
:10B9B00020460293236AB1B29B6A01935AF826305B
:10B9C00000935BF82620059B05F0DBFB0028C5D122
:10B9D0000136C0E76FF01500C0E70148BEE700BFC1
:10B9E00040F4FFFF10B5044690B1028D43899A429E
:10B9F00009D0084A936833B11279032A03D94268FF
:10BA00000549042098472046BDE8104006F0D7B904
:10BA100010BD00BF943E0021FB48030130B54489AE
:10BA20008C4212D9436A013C5D882C4003EBC4036D
:10BA300059609A60BFF35B8F426A53880133538029
:10BA4000438D01334385002030BD0148FCE700BF32
:10BA500041F4FFFF70B4039E144660B1006A50B118
:10BA60004BB1013407D0002E05DBD0F8844014B16F
:10BA7000A44670BC6047014870BC70472DF8FFFFBA
:10BA800070B4039E144660B1006A50B14BB10134EA
:10BA900007D0002E05DBD0F8944014B1A44670BC4A
:10BAA0006047014870BC70472DF8FFFF2DE9FF4744
:10BAB000DDF834800E4691469A460546002876D039
:10BAC000002974D0B8F1000F71D001F16407384635
:10BAD00005F0E7FCBAF1FF3F49D1346E06F15002A0
:10BAE00004F18000844204F01F0C07D2C4F341111A
:10BAF00052F8211021FA0CF1C90736D4012104F0C3
:10BB00007F04600952F8203004F5806A01FA0CF1D4
:10BB100004F201440B4304F07F0442F82030346601
:10BB20006B6C4A4603930E9B2946CDE901830C9B1F
:10BB300030460093534605F063FD384601F0D4F9D2
:10BB40002C7874B196F8A4405CB1AB6A013330D163
:10BB50000021284605F0E4FC044610B1284605F013
:10BB6000B5FC204604B0BDE8F0870134BAE7BAF569
:10BB7000806FD5D3AAF580637F2B06F150010FD8D3
:10BB8000580951F8204003F01F0324FA03F2D207AA
:10BB90000BD4012202FA03F3234341F82030BFE71C
:10BBA000054C384601F0A0F9DBE7044CF9E7024CFC
:10BBB000D7E70024D5E700BF2DF8FFFF29F8FFFFE6
:10BBC00008B583681A0C0AD1094A93682BB1127917
:10BBD000022A02D9032007499847002008BDA3F58F
:10BBE000803383601B0C0CBF01200020F6E700BFF0
:10BBF000943E00211D49030138B50446E0B100F12F
:10BC00006405284605F04DFDD4F8B4309B6953B95E
:10BC1000D4F8A840103C002C00DC084C284605F065
:10BC20003EFD204638BD012BF7D1D4F8BC0005F00D
:10BC300020FCA0F11004EEE7014CF2E72EF8FFFF24
:10BC40002DF8FFFF38B50446E0B100F16405284641
:10BC500005F027FDD4F8B4309B6953B9D4F8AC4053
:10BC6000103C002C00DC084C284605F018FD20464E
:10BC700038BD012BF7D1D4F8B80005F0FAFBA0F1DC
:10BC80001004EEE7014CF2E72EF8FFFF2DF8FFFF5E
:10BC90002DE9F041A3F1100853F8087C002388B087
:10BCA0000693ADF81E301023CDE904120E9D044614
:10BCB000D0F8C000ADF81C5001688668A8EB0101FF
:10BCC000B14228BF4FF0FF310DEB030205F0CEF972
:10BCD0001028BFB20BD024494FF4DF73234A244805
:10BCE00004F05EF94FF4DF71204804F050F904F1DC
:10BCF0006406304605F0D5FCD4F8B4309B69D3B95E
:10BD0000D4F8A820D4F8B430D4F8BC009B69CBB9DF
:10BD1000CDE90282CDF80080012202A905F05EFA89
:10BD2000B0B1144940F2C913104A114804F038F96F
:10BD300040F2C911D8E73946D4F8BC0005F0E4FA5E
:10BD40000246DFE7012B03D13946FFF767FEE7E73D
:10BD5000D4F8BC0005F056FB304605F0A0FC2846A0
:10BD600008B0BDE8F08100BF814903013E490301ED
:10BD70000A2C03019A490301F0B504468E680D466A
:10BD8000B6B23146D0F8B80085B005F0BDFAD4F8A7
:10BD9000B43007469A699AB90095CDE9025001235B
:10BDA000D4F8B80002A905F019FA48B10F497D236B
:10BDB0000F4A104804F0F4F87D210D4804F0E7F82C
:10BDC000D4F8B4309B69012B0ED13A463146D4F8F1
:10BDD000B800FFF723FE38B104498323044A05481D
:10BDE00004F0DEF88321E8E705B0F0BDA6490301C1
:10BDF0003E4903010A2C03012DE9FF4103689E6AB5
:10BE000006F16408404605F04CFCD6F8B4309B6956
:10BE10003BB1012B12D0404605F041FC04B0BDE817
:10BE2000F081D6F8B8000DF10A0203A905F032FA44
:10BE3000D6F8B43004469B69012B07D1D6F8B80078
:10BE400003AA0DF10A0105F08FFA0446002CE2D096
:10BE5000BDF80A3000216268A36030464FF0FF331E
:10BE600005F094FB054605F022FBA368404603F568
:10BE70008033A36005F013FCE5B1AB6A696C013354
:10BE800008BF2368284608BFAB622368A2890091D7
:10BE90006F6B04F11001B84700280BDA1049114804
:10BEA00040F25A23104A04F07BF840F25A210E481F
:10BEB00004F06DF8404605F0F4FB284605F0FCFA66
:10BEC0002046FFF77DFE38B130462146FFF754FF8C
:10BED000D6F8B80005F096FA404605F0E0FB91E789
:10BEE000AF4903010A2C03013E4903012DE9F04348
:10BEF00085B00F46904603A90D9A0646994605F06F
:10BF0000B1FC044650B30C9D039BD6F8C0009D4283
:10BF1000A8BF1D460168D0F808C0611A614528BF56
:10BF20004FF0FF312B464A4605F0A0F885420BD072
:10BF30000B490C484FF405730B4A04F031F84FF4E9
:10BF40000571094804F023F8234642463946304635
:10BF50000095FFF79DFE05B0BDE8F0830348FAE7C2
:10BF6000BB4903010A2C03013E4903012EF8FFFFE0
:10BF70002DE9F0478AB00D46DDE91297164698463E
:10BF8000044620B9924E30460AB0BDE8F087002939
:10BF9000F8D0002BF6D00021A822C0F8D01005F070
:10BFA00026FF012204F16400114605F0A7FD894B2C
:10BFB000C4F8B450E667AC62C4F88430864BC4F869
:10BFC0008830864BC4F88C30854BC4F89030854B54
:10BFD000C4F89430844BC4F89830844BC4F89C3037
:10BFE000834BC4F8A030AB693BB9002FCAD097E8A7
:10BFF000070004F1A80383E80700AB69012B06D012
:10C000002B6ADBB96FF00506BDE74307F8D4D4F817
:10C01000B400002800F0D980036A002BF2D09B689E
:10C02000002BEFD098474206EFD50021D4F8B4009A
:10C0300005F025FB06460028E9D0A4E71B69002B84
:10C04000E0D028469847AB69012B04BF0023286144
:10C0500000F0010008BF6B6184F8A400AB69DBB994
:10C060003B7A002B00F0838009F10C03C4F8C43044
:10C07000B9F1000F86D0D9F80820002A00F0A3807B
:10C080009B68002B00F09F805A4B04935A4B0593FA
:10C090005A4B06935A4B0793AB69012B07D1564B6A
:10C0A0000493544B0593564B0693544B079300212E
:10C0B00004F1C803C4E9323306ABC4F8C0800222DD
:10C0C00000932846019104ABFFF72EFC064600289A
:10C0D0007FF459AFAB693BB92B6B1B68C4F8B83020
:10C0E0002B6B9B69C4F8BC30AB69012B07D12B6B60
:10C0F0009B69C4F8B8302B6B1B68C4F8BC30D4F80B
:10C10000BC0005F051F92B6B1B68C3F82C802B6B1E
:10C110009B69C3F82C80D5F818A0BAF1000F07D19D
:10C12000D4F8AC300993D4F8B8305B89534520D8A3
:10C1300094F8A430C4E9004463B100230293314B66
:10C14000204601933523304A0394009304F10801FB
:10C1500005F056FAAB69002B7FF415AF0421284691
:10C1600005F08DFA074600283FF40DAF26E04B4658
:10C170007CE74846D4F8AC1005F065FB0746E0B113
:10C18000D8F800100890411AD8F80800002281421F
:10C1900028BF4FF0FF31D4F8AC30404604F0A0FF88
:10C1A000009701230022D4F8B80008A905F016F87A
:10C1B000074618B90AF1010AB5E7144F284605F0F9
:10C1C00057FA3E46DFE6114EDDE66FF01506DAE679
:10C1D0002DF8FFFFEDBE0201F7160301131803014E
:10C1E0006518030191BC0201AF16030145BC0201B1
:10C1F000F9BB0201C9490301CF490301F9BD02019D
:10C200009D1603011B170301D54903012EF8FFFFFB
:10C21000F0B505460E46174687B0074A03AC07CA75
:10C2200084E807000C9A3146009228463A46019469
:10C23000FFF79EFE07B0F0BDC022030108B50A4A11
:10C240000A4B93420ED90A4918230A4A0A4803F0B6
:10C25000A7FE0A4803F0A4FE1821064803F097FE43
:10C260001433EEE7FCD308BD94200301F41F03014F
:10C27000FB490301D84903010A2C0301C53103011D
:10C2800010B50446F9F75EFF03480121034A04F0A4
:10C290007EFA204605F0D5FB6C220301134A030108
:10C2A0002DE9F84304460D4600AFEFF31188402313
:10C2B00083F31288BFF36F8F0428314A98BF314B44
:10C2C000E9468AB09668117C98BF53F820306A46D8
:10C2D00088BF2D4BC2E9073140F201332B489384CC
:10C2E0002B4BC2E9050442F8103F00234FF43151B3
:10C2F0002848FAF793F8CD4645B1EB69C3F3080334
:10C3000023B10121244A234804F041FA2EB13046DA
:10C3100005F030FC08B1037803B92048E9468AB03B
:10C320006A461F4BD061C2E9053640F201331384DF
:10C330001C4B42F8103F00234FF411511548FAF7F7
:10C340006DF82946CD462046FFF79AFF042C0CD104
:10C3500015498723154A164803F022FE154803F0B5
:10C360001FFE8721114803F012FE88F31188BFF3E6
:10C370006F8F3046FAF724FFBD46BDE8F88300BF53
:10C38000B83E002148290301224A0301384A03012B
:10C39000050000016C220301604A0301304A0301D9
:10C3A000814A030104000001BB4A0301994A0301C9
:10C3B0000A2C0301D84A030138B5094B53F8204031
:10C3C000013053F82050A54200D838BD636823B12E
:10C3D000204605F03EFB0834F5E723689847FAE766
:10C3E0005C290301012270B5384B032086B01A7016
:10C3F000FFF7E2FFFAF776FB05F047FB0420FFF7B3
:10C40000DBFF334C334DAC42264628D93249422318
:10C41000324A334803F0C4FD324803F0C1FD4221E3
:10C420002E4803F0B4FD54F80C3C059354F8103C2E
:10C43000049354F8143C039354F8183C029354F8B2
:10C440001C3C019354F8203C009354E90A2354E91E
:10C450000C0101F01FFA54F8303C5E65D3E7AE42A0
:10C4600004F13004DFD301F0D9FE194C1E4EAC426A
:10C470001FD919496623194A194803F091FD194833
:10C4800003F08EFD6621CBE7D4E90A23B3F1FF3F29
:10C4900008BFB2F1FF3F05D052EA0301206803D183
:10C4A00002F010F93034E2E73146183002F028FC8F
:10C4B000F8E7E9D301F020FFF7F710FD0B4A137BF3
:10C4C00023F00103137306B070BD00BF1D410021AE
:10C4D0008421030184210301784B0301574B03019D
:10C4E0000A2C0301C5310301D91B0301583A00216D
:10C4F00008B50348034A0021121A05F0C2FA08BD24
:10C50000180A0021204100210023012270B586B0C5
:10C51000CDE904230F220193CDE9023214230F4DFC
:10C520000F4E03FB00550F4906EBC016044601EB06
:10C5300000214FF4807230460B4B009501F0AAF9B0
:10C54000737B2C7423F004037373084B013403EBE7
:10C55000C423EE606B6006B070BD00BFB83E002122
:10C56000D8390021205F002189C80201205700210D
:10C57000BFB50020FFF720FF2E4B03F5006282F3CA
:10C58000088883F30A88E0232B4D002485F82230A5
:10C590002023EB772C766C76AC7685F820406B6A9E
:10C5A000264E43F4E0236B6285F82340FAF786FDBC
:10C5B000FAF71AFF4FF0FF33AB62EB62FBF7EAF8D2
:10C5C000FAF736FFF9F716FD40F201131C4D1D4F27
:10C5D0002846AB81C5E9194402F0E0FFB560FFF7DA
:10C5E0002DFE0120FFF7E8FE0220174DFFF7E4FEC5
:10C5F00001F012FF154B75610593012314494FF4A7
:10C600000072CDE9034328463B46CDE9014400943E
:10C6100001F040F906466A7B284622F004026A735C
:10C6200001F052FB2046FFF76FFF3A46314628469D
:10C63000FAF7BAFE2057002100ED00E0B83E0021D5
:10C64000D83A0021E5C30201583A0021A54B030165
:10C650002060002138B50D4C0D4DAC4213D90D4969
:10C6600019230D4A0D4803F09BFC0D4803F098FC7C
:10C670001921094803F08BFC2046D4E9011205F08A
:10C6800005FA1834E9E7F7D3002038BDE4080021A3
:10C69000FC080021CF4B0301AD4B03010A2C030121
:10C6A000C53103012DE9F04F064689B09046DDE91A
:10C6B000122306A899461746059105F0CDFADDE943
:10C6C0000634CDE9023406F11404EFF3118540235A
:10C6D00083F31288BFF36F8F204602F09BFA60B994
:10C6E0008823364A3649374803F05AFC21463648F3
:10C6F00003F056FC8821314833E0204602F0AEFAC0
:10C70000EFF30583FBB94FF0400B06F10C0A4246EC
:10C7100030460599F7F7C6FC034620B3204602933E
:10C7200002F086FA029B00283FD140F23113234ADF
:10C730002649244803F034FC2146254803F030FC08
:10C7400040F23111D7E757EA0903DCD021494B23E6
:10C75000214A1C4803F024FC204803F021FC4B2113
:10C760001D4803F014FC57EA0907D7D0DDE902237E
:10C7700006A805F095FADDE906232946CDE9002350
:10C78000174620465246994601F080FBEFF311858B
:10C790008BF31288BFF36F8F204602F03BFA00281C
:10C7A0009ED0204602F05AFAB1E785F31188BFF314
:10C7B0006F8F184609B0BDE8F08F00BF592F0301F5
:10C7C000862F03010A2C03019B2F0301B12F0301C4
:10C7D000C82F0301E84B0301AD4B03014C3D03019E
:10C7E000F8B505460E4600F11404EFF31187402317
:10C7F00083F31288BFF36F8F204602F00BFA68B9FB
:10C8000088231B4A1B491C4803F0CAFB21461B48CE
:10C8100003F0C6FB8821164803F0B9FB204602F05E
:10C820001DFA28463146F7F7EFFB05F10C0005F03D
:10C83000E1F928B139462046BDE8F84001F094BC42
:10C84000204602F0F5F968B940F23113084A0C4964
:10C85000094803F0A5FB21460A4803F0A1FB40F27A
:10C860003111D8E787F31188BFF36F8FF8BD00BF90
:10C87000592F0301862F03010A2C03019B2F03016B
:10C88000B12F0301C82F030108B50D4B9B6893F925
:10C890000E30002B09DB4024EFF3118384F3128860
:10C8A000BFF36F8F04F041F8F6E7064906481B23F3
:10C8B000064A03F075FB1B21044803F068FB00BF28
:10C8C000B83E00214F4C03010A2C03012E4C0301FA
:10C8D0002DE9F341044617461E46EFF3058565B181
:10C8E00058496F23584A594803F05AFB584803F0F7
:10C8F00057FB6F21544803F04AFBEFF311884023A4
:10C9000083F31288BFF36F8F524802F083F960B946
:10C910008823514A51494D4803F042FB4D49504844
:10C9200003F03EFB88214C48E5E74A4802F096F9BF
:10C93000E3684C4A9BB1A0689168884229D057EAC5
:10C9400006032ED1434802F073F9A0B188F3118891
:10C95000BFF36F8F6FF00F0002B0BDE8F0819168F8
:10C9600091F90E100133E36093683A482161A360A6
:10C9700002F05EF978B940F23113374A3A49334848
:10C9800003F00EFB3349394803F00AFB40F2311142
:10C99000C9E72169E6E788F31188BFF36F8F0020AC
:10C9A000DAE791F90E1090F90E306FF07E0299429D
:10C9B000A8BF19469142B8BF11468B4202DD05F06F
:10C9C0006DF8054622464146CDE90076214801F042
:10C9D0005DFA0028E3D0EFF31186402383F3128839
:10C9E000BFF36F8F1B4802F015F9002890D019484B
:10C9F00002F034F9A068C0B1236821699C420AD0D2
:10CA00004BB193F90E309942A8BF19466FF07E03DF
:10CA10009942B8BF194605F041F830B131460D488A
:10CA200001F0A2FB6FF00A0096E7002DF6D109484D
:10CA300002F0FEF800289ED086F31188BFF36F8FB6
:10CA4000F0E700BF994C0301774C03010A2C030166
:10CA5000AB4C0301D83E0021592F0301862F03015F
:10CA60009B2F0301B83E0021B12F0301C82F030102
:10CA7000F8B50546EFF3058363B15449D723544A0B
:10CA8000544803F08DFA544803F08AFAD7215048ED
:10CA900003F07DFA8368002B00F092804F4A926881
:10CAA000934240F09080C3683BB94D49EF23484A18
:10CAB000484803F075FAEF21E9E7012B03D0013B69
:10CAC000C3600020F8BDEFF31187402484F312887F
:10CAD000BFF36F8F434802F09DF860B98823424A44
:10CAE00042493C4803F05CFA3E49414803F058FA99
:10CAF00088213D48CCE73B4802F0B0F82969A86896
:10CB000004F0CCFFEFF3118384F31288BFF36F8F2F
:10CB100083F31188BFF36F8F5BB93649B023364A70
:10CB20002C4803F03DFA354803F03AFAB021324878
:10CB3000AEE72C68AC4215D100232A48C5E9023380
:10CB400002F076F8002836D140F23113264A2C49FB
:10CB5000204803F025FA23492A4803F021FA40F23D
:10CB60003111C6E7002CE7D0A3683BB926499923C9
:10CB7000214A184803F014FA9921D8E70026D4E98D
:10CB8000003213605A60637BC4E9006623F002033D
:10CB90006373A66004F1180002F076F9AC6094F9B2
:10CBA0000E3020462B61E66701F08EF839460D48BD
:10CBB00001F0DAFA85E787F31188BFF36F8F80E71A
:10CBC0006FF015007EE74FF0FF307BE7994C0301D3
:10CBD000774C03010A2C0301AB4C0301B83E002142
:10CBE000D04C0301D83E0021592F0301862F0301A9
:10CBF0009B2F0301124D0301E74C03014C3D030140
:10CC0000B12F0301C82F03012A4D030108B5836822
:10CC10004BB90B490B4899230B4A03F0C1F99921F1
:10CC2000094803F0B4F9D0E9003213605A600023D8
:10CC3000427BC0E9003322F002024273836008BDE8
:10CC40002A4D03010A2C0301E74C03012DE9F047AB
:10CC500004460E4691469A469DF8207000F108055C
:10CC6000EFF31188402383F31288BFF36F8F2846B8
:10CC700001F0D0FF60B988234C4A4D494D4803F07C
:10CC80008FF929464C4803F08BF9882147481BE06F
:10CC9000284601F0E3FF07B16668EFF311834022F5
:10CCA00082F31288BFF36F8F83F31188BFF36F8F06
:10CCB00063B94249B023424A3E4803F071F9414802
:10CCC00003F06EF9B0213E4803F061F9234653F8B2
:10CCD0000C7F9F4214D09FB13846FFF797FF07F1B2
:10CCE000180002F0D1F800233846FB67C7F814900B
:10CCF00000F0EAFF2846414601F036FA00201FE026
:10CD0000BAF1000F2ED00821002002F04DFCC8B966
:10CD1000284601F08DFF68B940F23113234A2A49B1
:10CD2000244803F03DF92946284803F039F940F238
:10CD30003111ABE788F31188BFF36F8F6FF00B00F1
:10CD4000BDE8F0870122C0F804900260016801F09C
:10CD500003015EB922680A430260626820606AB912
:10CD600060600BE04846C9F800A0EFE73268032A8C
:10CD700010D80160616839B9C4E90000042104F1E8
:10CD8000140002F0F3FAB5E70A6802F00302024366
:10CD90000A60E5E722F003020A430260326802F00B
:10CDA000030240EA02033360E8E700BF592F0301A2
:10CDB000862F03010A2C03019B2F0301124D03014F
:10CDC000E74C03014C3D0301B12F0301C82F0301C0
:10CDD0002DE9F743064690461F4600F10805EFF39C
:10CDE0001189402383F31288BFF36F8F284601F027
:10CDF00011FF68B98823254A2549264803F0D0F851
:10CE00002946254803F0CCF88821204803F0BFF8D4
:10CE1000284601F023FF3468FCB12368726823F0D0
:10CE20000303944220464FF00101336008BF736052
:10CE300004F043FE0446284601F0FAFEE8B940F249
:10CE40003113124A1549134803F0AAF82946144829
:10CE500003F0A6F840F23111D7E758EA0703EAD009
:10CE600049462846CDE9008706F10C0201F00EF88C
:10CE700038B90C4B9B685C6903E089F31188BFF3F8
:10CE80006F8F204603B0BDE8F08300BF592F030128
:10CE9000862F03010A2C03019B2F0301B12F0301ED
:10CEA000C82F0301B83E002108B583684BB90B4970
:10CEB0000B4899230B4A03F073F89921094803F0B2
:10CEC00066F8D0E9003213605A600023427BC0E963
:10CED000003322F002024273836008BD2A4D030131
:10CEE0000A2C0301E74C030170B50446EFF31186E9
:10CEF000402585F31288BFF36F8F274801F08AFE23
:10CF000068B98823254A2649264803F049F822496A
:10CF1000254803F045F88821204803F038F81E48DA
:10CF200001F09CFEEFF3118385F31288BFF36F8F3E
:10CF300083F31188BFF36F8F5BB91C49B0231C4A80
:10CF4000184803F02DF81B4803F02AF8B0211848C0
:10CF5000E3E72568AC4212D08DB12846FFF7A4FF65
:10CF600005F1180001F090FF00232846EB6700F060
:10CF7000ABFE3146BDE87040074801F0F5B8D4E992
:10CF800002329A4218BF01330221A36004F110005B
:10CF900002F0ECF9EDE700BFDC3E0021592F030160
:10CFA000862F03010A2C03019B2F0301124D03015D
:10CFB000E74C03014C3D0301F7B5044616461D46F8
:10CFC000EFF305837BB152EA05030CD02D4988238A
:10CFD0002D4A2E4802F0E4FF2D4802F0E1FF88219F
:10CFE000294802F0D4FFEFF31187402383F312881E
:10CFF000BFF36F8F274801F00DFE60B98823264AE2
:10D000002649224802F0CCFF2249254802F0C8FFF9
:10D0100088212148E5E71F4801F020FEA368D3B12D
:10D02000013B1C48A36001F003FE68B940F23113D4
:10D03000194A1C49154802F0B3FF16491A4802F074
:10D04000AFFF40F23111E4E787F31188BFF36F8F30
:10D05000002003B0F0BD56EA05030BD10D4801F0E6
:10D06000E7FD0028E2D087F31188BFF36F8F6FF0E0
:10D070000F00EEE722463946CDE90065054800F08D
:10D0800005FFE6E7614D0301414D03010A2C030151
:10D090004C3D0301DC3E0021592F0301862F030183
:10D0A0009B2F0301B12F0301C82F03012DE9F0438A
:10D0B0000446764E764F85B0EFF31188402383F314
:10D0C0001288BFF36F8F304601F0A4FD68B9882342
:10D0D000704A7149714802F063FF6C49704802F070
:10D0E0005FFF88216B4802F052FF304601F0B6FD29
:10D0F000D4F88050F5B9022104F1980004F00EFD37
:10D10000002840D004F1900500220121284601F0BA
:10D1100039FC0028F8D100234FF0FF3202934FF082
:10D12000FF334146CDE90023304604F1880201F087
:10D1300087FCC1E7D4F884202B68954208BFC4F867
:10D140008430C4F88030D4F89830304643F002037D
:10D15000C4F89830EB68D5F8049023F0040343F04A
:10D160000103EB6001F064FDF8B940F23113494A64
:10D170004C494A4802F014FF44494B4802F010FF62
:10D1800040F23111AEE7D4F89830DD06C3D5C4F8CB
:10D1900098003E4801F04CFD0028E6D088F3118845
:10D1A000BFF36F8F05B0BDE8F08388F31188BFF33C
:10D1B0006F8FB9F1000F0AD13C49384840F2AB23D8
:10D1C0003B4A02F0EDFE40F2AB2139488BE728469E
:10D1D000C847EFF31188402383F31288BFF36F8FA2
:10D1E000304601F017FD00283FF471AF304601F0E2
:10D1F00035FDEB68D90623F0010231D4EA60EB6813
:10D200009A0716D5386823F00203EB6088B1002135
:10D21000036870B14268954230D1036841BB7A68B7
:10D220003B60824200D17B60002340F8083BFFF75F
:10D230005BFED4F89830304623F00203C4F89830EF
:10D24000C3F3002501F0F4FC00288ED088F3118888
:10D25000BFF36F8F002D7FF42FAF01F0E5F82BE7C0
:10D2600023F01103EB6005F11000FFF73DFEC6E768
:10D270000B607B68834208BF7960D5E723B11A68E9
:10D28000014618461346C4E71A46F9E7E83E00216E
:10D29000E03E0021592F0301862F03010A2C0301D0
:10D2A0009B2F0301B12F0301C82F0301054E03017A
:10D2B000AF4D0301F8B5C36804469A070F46C3F3A0
:10D2C000400639D45B0725D40B680BB983680B6023
:10D2D000E368DD0721D5A3685BB9284928484FF4E6
:10D2E000AA73284A02F05CFE4FF4AA71254802F0A6
:10D2F0004EFE02263B603D68002D3CD0224B9B68D1
:10D30000AB420CD0D5F89830D807C3F3800216D4BE
:10D310006FF0120600233B6027E00126EBE704F0E4
:10D3200020FCD5F898300028EED1D907C3F3C0020D
:10D33000EED552B15B0708D46FF00F06EAE7002A7A
:10D34000FAD1C3F3C003002BF6D100232360D5F834
:10D35000843063B9C5E92044284604F0EBFBE36858
:10D3600043F00403E3603B68A3603046F8BD1C60F3
:10D37000C5F88440F0E76FF01506CBE7D04D030108
:10D380000A2C0301AF4D0301B83E002138B50D460C
:10D39000044648B90C4999230C4A0D4802F000FE96
:10D3A00099210A4802F0F3FD39B90A499A23074A3C
:10D3B000074802F0F5FD9A21F3E71022002104F05E
:10D3C00016FD656038BD00BFEB4D0301AF4D030195
:10D3D0000A2C0301054E0301F8B5C368064603F0A5
:10D3E0000503002B0C4614BF0127002729D08568B0
:10D3F0005DB91D491D484FF4DF731D4A02F0D0FD91
:10D400004FF4DF711A4802F0C2FD0122002104F13D
:10D41000100004F073FB20461649FFF7B7FFE368DE
:10D4200043F01003E360F3685B0712D533682360B1
:10D430006BB9D5F8843033B9C5E92044284604F0E7
:10D4400079FB3846F8BD1C60C5F88440F6E73460C7
:10D45000F4E7D5F880302360D5F88430C5F88040F3
:10D46000002BEBD1F0E700BFD64D03010A2C0301DE
:10D47000AF4D0301331B030137B50C46019059B979
:10D4800028494FF4BD73284A284802F089FD4FF41B
:10D49000BD71254802F07BFD4B684BB9244940F231
:10D4A0007B13214A214802F07BFD40F27B11F0E71B
:10D4B000EFF31185402383F31288BFF36F8F1D486C
:10D4C00001F0A8FB60B988231B4A1C49174802F0E9
:10D4D00067FD18491A4802F063FD88211648D9E70C
:10D4E000144801F0BBFB204601A9FFF7E3FE044608
:10D4F000104801F09DFB68B940F231130E4A114902
:10D500000A4802F04DFD0B490F4802F049FD40F278
:10D510003111E3E785F31188BFF36F8F204603B025
:10D5200030BD00BFEB4D0301AF4D03010A2C0301D9
:10D53000FF4D0301E83E0021592F0301862F03010F
:10D540009B2F0301B12F0301C82F030170B50C46B7
:10D55000054658B938494FF4E573384A384802F05F
:10D560001FFD4FF4E571354802F011FDC368DB057E
:10D5700009D5344940F2CB13304A314802F010FD4E
:10D5800040F2CB11EFE704F0ECFA48B12E494FF42A
:10D59000E6732A4A2A4802F003FD4FF4E671E2E7F7
:10D5A0004CB92A4940F2CD13244A254802F0F8FC30
:10D5B00040F2CD11D7E7EFF31186402383F31288B1
:10D5C000BFF36F8F224801F025FB60B98823214A01
:10D5D00021491B4802F0E4FC1D49204802F0E0FC10
:10D5E00088211C48C0E71A4801F038FB284621462C
:10D5F000FFF7F2FE0546164801F01AFB68B940F243
:10D600003113144A16490E4802F0CAFC1049154855
:10D6100002F0C6FC40F23111E3E786F31188BFF354
:10D620006F8F3DB14FF0FF324FF0FF3304F1100028
:10D63000FFF7C2FC284670BDEB4D0301AF4D03015F
:10D640000A2C03011C4E03014B4E03015A4E0301E9
:10D65000E83E0021592F0301862F03019B2F030170
:10D66000B12F0301C82F030108B558B9084909486B
:10D670004FF43373084A02F093FC4FF433710648B9
:10D6800002F085FCA022002104F0B1FB08BD00BF20
:10D69000D64D03010A2C0301AF4D0301F0B589B04B
:10D6A00004460E9D58B92E4940F2DB232D4A2E48E0
:10D6B00002F076FC40F2DB212A4802F068FC49B90E
:10D6C0002A494FF43773274A274802F069FC4FF480
:10D6D0003771F1E7D0F8980010F0010009D0244923
:10D6E00040F2DD231F4A204802F05AFC40F2DD21BF
:10D6F000E2E7C4E9200004F18800C4E9220004F153
:10D700009000C4E924004DB32879002840F20110AC
:10D7100008BF0120C4F8980000204FF0FF364FF0FA
:10D72000FF37CDE90330CDE90100CDE9066720469A
:10D73000104B009400F012F955B1296811B1204640
:10D7400004F015FA6B791BB1237B43F001032373BB
:10D75000204609B0BDE8F04000F0B4BF0120D9E791
:10D760006E4E0301AF4D03010A2C0301744E0301F9
:10D770007A4E0301ADD002017FB50D46044658B97B
:10D780003A494FF441733A4A3A4802F009FC4FF4DF
:10D790004171374802F0FBFB04F0E3F948B1364928
:10D7A00040F20533324A334802F0FAFB40F20531C9
:10D7B000EFE7EFF31186402383F31288BFF36F8FF7
:10D7C0002E4801F027FA60B988232D4A2D492948AF
:10D7D00002F0E6FB29492C4802F0E2FB88212848A8
:10D7E000D8E7264801F03AFAD4F8983013F0060F3B
:10D7F0001DD1B5B143F00C03C4F89830204604F0B5
:10D8000099F900234FF0FF3202934FF0FF33314676
:10D81000CDE90023194804F1900201F011F904B098
:10D8200070BDD4F880504DB143F00403E4E743F0F9
:10D830000402C4F89820002DE0D0DBE70F4801F087
:10D84000F7F968B940F231130D4A1049094802F05E
:10D85000A7FB0A490E4802F0A3FB40F23111BEE7D4
:10D8600086F31188BFF36F8F2846D8E76E4E030109
:10D87000AF4D03010A2C03014B4E0301E83E00218A
:10D88000592F0301862F03019B2F0301B12F0301A1
:10D89000C82F03012DE9F04385B00F9D04460F2DDD
:10D8A0000E46984637D1274B984538D104F1580396
:10D8B000C4E91633109B0027237304230732A57392
:10D8C00022F0070506EB0509494663732046C4E9C3
:10D8D0000677A760E773F9F773F90E9B073020F01E
:10D8E0000700E066C4E9196502930D9BA9EB0009E6
:10D8F00001930C9B4A460093314643462046F9F774
:10D9000037FD114B67659B6803B11B6F4846236762
:10D9100005B0BDE8F08305F110031E2BC6D94FF406
:10D9200001730A4A0A490B4802F03AFB29460A48A1
:10D930006FF00F030E2202F033FB4FF40171034826
:10D9400002F025FB89C80201B83E0021AE4E03015A
:10D95000D14E03010A2C0301514F0301F0B587B0EA
:10D960000446DDE91276EFF3058575B1194940F2F9
:10D970009123194A194802F013FB194802F010FBD1
:10D9800040F29121144802F002FB0595109D049588
:10D990000F9D03950E9D02950D9D01950C9D009583
:10D9A000FFF778FFB6F1FF3F08BFB7F1FF3F05D0A3
:10D9B00056EA070305D1204600F084FE204607B052
:10D9C000F0BD3A463346074904F1180001F098F9D2
:10D9D000F4E700BF994C0301AE4E03010A2C03018A
:10D9E000824F0301D91B03016FF00A01084A9368B3
:10D9F000D967084998674B6843F080534B60002310
:10DA000083F31188BFF36F8F9368D86F704700BF9F
:10DA1000B83E002100ED00E038B590F90D20014638
:10DA2000002A437B11DA03F07F0343731B4B9842B8
:10DA300009D11B491B4856231B4A02F0B1FA562153
:10DA4000194802F0A4FA04F097F8184D2A4652F843
:10DA5000184FAB68944200D004B9EC688B4214D0E4
:10DA60005BB91349D623134A0E4802F099FA1248BB
:10DA700002F096FAD6210F48E3E75A7BD20604D18A
:10DA8000DA897F2A01D9A2692AB1A34202D02046AD
:10DA900001F034F823466B6138BD00BFD83900214E
:10DAA000C94F03010A2C0301A74F0301B83E00210F
:10DAB00016500301EA4F03014C3D030108B583688A
:10DAC0004BB9094909489923094A02F069FA992191
:10DAD000074802F05CFA04F04FF8437B23F002039E
:10DAE00043730023836008BD2A4D03010A2C030100
:10DAF000E74C030170B590F90D20437B002A55DBFC
:10DB0000D90653D18269002A50D163F07F03437351
:10DB1000284B984209D1284928484F23284A02F027
:10DB20003FFA4F21264802F032FA264C224652F89C
:10DB3000183F93422AD1E169C0E900210860E06101
:10DB400011E09942F8D01B68002BF5D090F90E50E7
:10DB500093F90E60B542F4D0AE42F2DD5968C0E9E7
:10DB6000003108605860A569954200D005B9E568A4
:10DB7000A3686BB91449D623144A104802F010FA6E
:10DB8000134802F00DFAD6211048CCE7E169DBE733
:10DB90005A7BD20604D1DA897F2A01D9AA6932B127
:10DBA000AB4202D0284600F0A9FF656170BD6361F9
:10DBB000FCE700BFD8390021C94F03010A2C03013B
:10DBC000A74F0301B83E002116500301EA4F03019D
:10DBD0004C3D030170B590F90D200146002A437BAE
:10DBE000314C10DA03F07F03A042437309D12F496F
:10DBF00056232F4A2F4802F0D3F956212C4802F021
:10DC0000C6F903F0B9FF4B7BA14263F07F034B736E
:10DC100007D126494F23264A264802F0C1F94F2151
:10DC2000ECE7254C224652F8183FE069934207D1B1
:10DC3000C1E900200160E16111E09842F8D01B6861
:10DC4000002BF5D091F90E5093F90E60B542F4D047
:10DC5000AE42F2DD5868C1E9003001605960A56943
:10DC6000A368954200D005B9E5688B4214D05BB932
:10DC70001249D623124A0F4802F092F9114802F0D5
:10DC80008FF9D6210E48BAE75A7BD20604D1DA8939
:10DC90007F2A01D9AA692AB1AB4202D0284600F0F6
:10DCA0002DFF2B46636170BDD8390021C94F030198
:10DCB000A74F03010A2C0301B83E002116500301AF
:10DCC000EA4F03014C3D030138B50446EFF31185DB
:10DCD000402383F31288BFF36F8F174800F09AFF39
:10DCE00068B98823154A1649164802F059F91249AD
:10DCF000154802F055F98821104802F048F90E48FD
:10DD000000F0ACFF2046FFF7F5FE0B4800F090FF57
:10DD100068B940F23113094A0C490A4802F040F947
:10DD200005490B4802F03CF940F23111E4E785F374
:10DD30001188BFF36F8F38BDEC3E0021592F0301CE
:10DD4000862F03010A2C03019B2F0301B12F03012E
:10DD5000C82F030138B50446EFF31185402383F340
:10DD60001288BFF36F8F184800F054FF68B98823FA
:10DD7000164A1749174802F013F91349164802F0DA
:10DD80000FF98821114802F002F90F4800F066FFF0
:10DD9000A36813B12046FFF791FE0B4800F048FF3F
:10DDA00068B940F23113094A0C490A4802F0F8F800
:10DDB00005490B4802F0F4F840F23111E2E785F32F
:10DDC0001188BFF36F8F38BDEC3E0021592F03013E
:10DDD000862F03010A2C03019B2F0301B12F03019E
:10DDE000C82F030138B50446EFF31185402383F3B0
:10DDF0001288BFF36F8F1E4800F00CFF68B98823AC
:10DE00001C4A1D491D4802F0CBF819491C4802F074
:10DE1000C7F88821174802F0BAF8154800F01EFF2D
:10DE2000637B13F0280F0BD1A36813B12046FFF7D3
:10DE300045FE637B204623F004036373FFF75AFE1D
:10DE40000B4800F0F5FE68B940F23113094A0D495C
:10DE50000A4802F0A5F806490B4802F0A1F840F282
:10DE60003111D7E785F31188BFF36F8F38BD00BF3D
:10DE7000EC3E0021592F0301862F03010A2C0301D8
:10DE80009B2F0301B12F0301C82F03012DE9F04798
:10DE9000DFF8D4A0354D1746DDE90898DAF80820F8
:10DEA000334BA84204460E461A600BD13149324822
:10DEB00040F26D23314A02F073F840F26D212F4891
:10DEC00002F065F8EFF31183402383F31288BFF368
:10DED0006F8F284600F09EFE60B98823284A2949A2
:10DEE000254802F05DF82946274802F059F88821B4
:10DEF0002348E5E7284600F0B1FEDAF80850394635
:10DF0000284603F041FEB8F1FF3F08BFB9F1FF3FDB
:10DF100006D04A4643461D4905F1180000F0F0FEC0
:10DF2000204600F085FE68B9194940F26B13144A87
:10DF3000114802F035F82146164802F031F840F257
:10DF40006B11D5E7094800F073FE40B9104940F263
:10DF50006B130B4A084802F023F80449ECE73046FB
:10DF6000BDE8F047FFF740BDB83E0021EC3E002180
:10DF7000F03E00213D5003010A2C0301A74F03018D
:10DF8000592F0301862F03019B2F0301D91B030186
:10DF9000B12F0301C82F030170B50546EFF31186B9
:10DFA000402383F31288BFF36F8F1B4800F032FECB
:10DFB00068B98823194A1A491A4801F0F1FF16492D
:10DFC000194801F0EDFF8821144801F0E0FF1248E4
:10DFD00000F044FE2C68A54215D014B12046FFF78E
:10DFE0006DFD0D4800F024FE78B940F231130B4A64
:10DFF0000E490C4801F0D4FF07490D4801F0D0FF4D
:10E0000040F23111E0E70024EBE786F31188BFF31B
:10E010006F8F204670BD00BFEC3E0021592F0301D9
:10E02000862F03010A2C03019B2F0301B12F03014B
:10E03000C82F0301F8B504460D46EFF311874023BE
:10E0400083F31288BFF36F8F3C4800F0E3FD064670
:10E0500060B988233A4A3B493B4801F0A1FF374960
:10E060003A4801F09DFF8821354815E0334800F01B
:10E07000F5FD637BDA0611D1A2697AB903F07F035B
:10E080006373334B9C421ED132492F485623324A88
:10E0900001F086FF5621304801F079FF0026A57374
:10E0A000264800F0C5FD002841D140F23113244A32
:10E0B0002A49254801F074FF2049294801F070FFE2
:10E0C00040F23111D0E769B2264D204603F054FDED
:10E0D0002A46637BA17363F07F03637352F8183F92
:10E0E000934222D1E869C4E900200460EC610FE0AA
:10E0F0008342F8D01B68002BF5D093F90EC0614520
:10E10000F6D08C45F4DD5968C4E900310C605C60E0
:10E11000AC69944200D004B9EC68AB689C4202D070
:10E12000204600F0EBFC6C61BAE7E869E3E787F3AF
:10E130001188BFF36F8F3046F8BD00BFEC3E002161
:10E14000592F0301862F03010A2C03019B2F030182
:10E15000D8390021C94F0301A74F0301B12F030193
:10E16000C82F0301B83E002170B504460D46F9B929
:10E17000EFF30586E6B91A4B5A699B689A4217D0A5
:10E1800000F056FD78B940F26B13164A164917484D
:10E1900001F006FF2146164801F002FF40F26B1124
:10E1A000104801F0F4FE3046BDE87040FFF71CBC9B
:10E1B000204600F03DFD68B940F23113094A0A4992
:10E1C0000A4801F0EDFE2146094801F0E9FE40F25F
:10E1D0003111E5E785F31188BFF36F8F70BD00BF84
:10E1E000B83E0021592F0301B12F03010A2C03016E
:10E1F000C82F0301034648B9EFF3058232B9064A36
:10E2000051699268914201D0FFF7EEBB83F3118808
:10E21000BFF36F8F704700BFB83E002110B5EFF31A
:10E220001184402383F31288BFF36F8F264800F0D8
:10E23000F1FC60B98823254A2549264801F0B0FE43
:10E240002149254801F0ACFE8821204810E01E48F5
:10E2500000F004FDEFF3058363B120498F23204ACA
:10E260001C4801F09DFE1F4801F09AFE8F211C48BA
:10E2700001F08DFE1C4B9A68D37B012B0AD11B4900
:10E280009023174A134801F08BFE164801F088FED0
:10E290009021ECE7013BD3730B4800F0C9FC68B94F
:10E2A00040F23113094A12490A4801F079FE064941
:10E2B000104801F075FE40F23111C6E784F3118871
:10E2C000BFF36F8F10BD00BFEC3E0021592F03013B
:10E2D000862F03010A2C03019B2F0301994C030194
:10E2E000E74C03014C3D0301B83E00217650030189
:10E2F000B12F0301C82F030170B5EFF3118640233E
:10E3000083F31288BFF36F8F374800F083FC60B946
:10E310008823364A3649374801F042FE32493648AA
:10E3200001F03EFE8821314813E0344D2E4800F0C4
:10E3300095FCAB68DA7B72B9314940F2FE23314A71
:10E340002C4801F02DFE304801F02AFE40F2FE215B
:10E350002C4801F01CFEEFF3058161B12B4940F21E
:10E36000FF23284A234801F01BFE274801F018FE2E
:10E3700040F2FF21ECE70132DA732A4652F8184FD7
:10E38000944200D004B9EC685A7BD20604D1DA89F1
:10E390007F2A01D9A2692AB1A34202D0204600F007
:10E3A000ADFB234610486B6100F042FC68B940F2B7
:10E3B00031130E4A16490F4801F0F2FD0A4915487B
:10E3C00001F0EEFD40F23111ADE786F31188BFF3A5
:10E3D0006F8FEFF31180402383F31288BFF36F8FA9
:10E3E000BDE87040FFF706BFEC3E0021592F030146
:10E3F000862F03010A2C03019B2F0301B83E002145
:10E40000A7500301A74F03014C3D0301994C0301A1
:10E41000B12F0301C82F0301024B03F11802C3E916
:10E4200006227047B83E002170B5EFF3058373B143
:10E43000394940F21443394A394801F0B1FD3948AD
:10E4400001F0AEFD40F21441344801F0A0FDEFF3BD
:10E450001186402383F31288BFF36F8F324800F098
:10E46000D9FB60B98823314A31492D4801F098FD24
:10E470002D49304801F094FD88212C48E5E72E4CC9
:10E48000294800F0EBFBA168E0690B68814214BFEA
:10E490001A46002249680B605960A368E1692AB9ED
:10E4A000264AC3E900210B60E3610CE093F90E00FA
:10E4B00092F90E50A84225D0854223DD5168C3E968
:10E4C00000210B605360A5691C4B9D4200D005B92B
:10E4D000E568A3689D4202D0284600F00FFB124871
:10E4E000656100F0A5FB88B940F26B130F4A14492F
:10E4F0000B4801F055FD0C49124801F051FD40F266
:10E500006B11BAE78A42CBD01268C8E73046BDE843
:10E510007040FFF769BA00BF994C0301A74F030190
:10E520000A2C03014C3D0301EC3E0021592F03014D
:10E53000862F03019B2F0301B83E0021D03E00210E
:10E54000B12F0301C82F03012DE9F04105460E4606
:10E55000EFF3058474B1354940F22F43344A35480E
:10E5600001F01EFD344801F01BFD40F22F41304800
:10E5700001F00DFD50EA010304D1FFF755FF2046DD
:10E58000BDE8F081831C71F1FF331ADB03F05EFB01
:10E590002C18EFF31188402383F31288BFF36F8F99
:10E5A000264800F037FB80B98823254A25492148B1
:10E5B00001F0F6FC2149244801F0F2FC88212048B2
:10E5C000D6E76FF00104241AE3E7204F1B4800F060
:10E5D00045FBB8681E4B1860FFF71EFAB8682A465C
:10E5E000334618301B4900F08BFBBA681348537B45
:10E5F00043F00403537300F01BFB68B940F26B1344
:10E600000F4A15490B4801F0CBFC0C49134801F0A7
:10E61000C7FC40F26B11D2E74046FFF7E5F903F083
:10E6200015FB201A20EAE070AAE700BF994C03010D
:10E63000A74F03010A2C03014C3D0301EC3E0021CE
:10E64000592F0301862F03019B2F0301B83E0021A0
:10E65000F03E0021D91B0301B12F0301C82F030194
:10E6600070B506460D46EFF3058474B1114940F2CA
:10E670005B43114A114801F093FC114801F090FCF2
:10E6800040F25B410C4801F082FCFFF75DFFB5F101
:10E69000FF3F08BFB6F1FF3F1FBF47F6FF734FF4C0
:10E6A0007A72C0FB0234D80B0CBF4FF0FF3040EA47
:10E6B000444070BD994C0301A74F03010A2C03018C
:10E6C0004C3D030138B50446183000F0DDFBEFF394
:10E6D0001185402383F31288BFF36F8F1F4800F02A
:10E6E00099FA68B988231E4A1E491F4801F058FC50
:10E6F0001A491E4801F054FC8821194801F047FCD2
:10E70000164800F0ABFA637B5A0711D4134800F0A7
:10E710008FFAE8B940F23113114A1549124801F055
:10E720003FFC0E49134801F03BFC40F23111E4E795
:10E7300023F0040320466373FFF7DCF9EFF305834E
:10E74000002BE3D12946BDE838400448FFF70CBD53
:10E7500085F31188BFF36F8F38BD00BFEC3E0021F9
:10E76000592F0301862F03010A2C03019B2F03015C
:10E77000B12F0301C82F0301014B9868704700BFF8
:10E78000B83E00212DE9F8430446EFF311874023FA
:10E7900083F31288BFF36F8F694800F03BFA68B9C2
:10E7A0008823684A6849694801F0FAFB6449684867
:10E7B00001F0F6FB8821634801F0E9FB604800F0B6
:10E7C0004DFA267B16F0010624D05D4800F030FAA1
:10E7D00068B940F231135B4A5E495C4801F0E0FBE6
:10E7E00057495D4801F0DCFB40F23111E3E787F364
:10E7F0001188BFF36F8F40F23553584A5849534838
:10E8000001F0CEFB2146574801F0CAFB40F23551DA
:10E810005248D1E7637B1A070AD5494800F008FA45
:10E820000028D6D087F31188BFF36F8FBDE8F88337
:10E83000D90943F008025FD16273A36813B120467F
:10E84000FFF73CF904F1180000F01EFBA56D04F180
:10E850005808A84511D04FF0000975B12846FFF7B8
:10E860002DF905F1180000F00FFB2846C5F87C9043
:10E87000FFF740F9A56DA845EFD13B4DAB689C4231
:10E8800004D1EFF30586003E18BF0126D5F81880A5
:10E89000364A904502D0B8F1000F01D1D5F80C806E
:10E8A000434502D0404600F029F9C5F8148056B11E
:10E8B00040F201132E4EB38100233046C6E91933CE
:10E8C00000F06CFEAE60AB689C42A6D1EFF305830E
:10E8D000002BA2D11A4800F0ABF908BB40F26B1331
:10E8E000184A1C49194801F05BFB15491A4801F008
:10E8F00057FB40F26B115EE703F07F0343F0080320
:10E9000063731C4B9C4207D11B495623134A0F4883
:10E9100001F046FB56217BE7204603F02DF98CE7FA
:10E920003846FFF761F8154940F2B5130B4A07481E
:10E9300001F036FB124801F033FB40F2B51167E7F6
:10E94000EC3E0021592F0301862F03010A2C0301FD
:10E950009B2F0301B12F0301C82F0301A74F030110
:10E9600012550301D8500301B83E0021D03E0021CA
:10E97000D83A0021D8390021C94F0301F7500301CB
:10E98000025103012DE9F843064688461746EFF386
:10E990001189402383F31288BFF36F8F214800F061
:10E9A00039F9054668B988231F4A2049204801F0F3
:10E9B000F7FA1C491F4801F0F3FA88211A4801F0C0
:10E9C000E6FA184800F04AF93468A6421FD004B3AA
:10E9D0002046C4F87C806761FFF770F804F11800E6
:10E9E00000F052FA2046FFF785F80E4800F020F9B3
:10E9F00088B940F231130C4A0F490D4801F0D0FAA2
:10EA000008490E4801F0CCFA40F23111D6E7002552
:10EA1000EBE72546E9E789F31188BFF36F8F2846B6
:10EA2000BDE8F883EC3E0021592F0301862F030136
:10EA30000A2C03019B2F0301B12F0301C82F0301EF
:10EA4000D3B5DDE90667089CCDE90067FFF71EFA3C
:10EA50001CB1034B9B685B69236002B0D0BD00BF53
:10EA6000B83E002108B568B10F4B98420AD303F1B4
:10EA70001802904206D21822C01AB0FBF2F302FB31
:10EA800013034BB109490A4838230A4A01F088FAAE
:10EA90003821084801F07BFA0122074BC010584387
:10EAA000064B1A5408BD00BF583B00214C510301CE
:10EAB0000A2C030124510301ABAAAAAA1E4100217A
:10EAC000C3897F2B12D80A4B1B6863B1094B90F99D
:10EAD0000E201B689A4209DB437BDB0606D1064BFE
:10EAE000C31A18BF012303F0010070470023FAE79F
:10EAF000F83E0021F43E0021D839002170B50E4BBC
:10EB00000E4C1E7C182303FB06440546204600F0ED
:10EB1000BBF900220A4B28469A55FFF7D1FF48B1AE
:10EB2000084B2046BDE870401A680749013AD317E0
:10EB300000F0E6B870BD00BFB83E0021583B002190
:10EB40001E410021F83E002165EA020138B5EFF3CD
:10EB50001185402383F31288BFF36F8F234800F0A1
:10EB600059F868B98823224A2249234801F018FA43
:10EB70001E49224801F014FA88211D4801F007FAC5
:10EB80001A4800F06BF81E4B1E4A9C681068A042A1
:10EB900013D1FFF7B3FF154800F04AF808BB40F265
:10EBA0003113134A1849144801F0FAF90F4917486C
:10EBB00001F0F6F940F23111DFE700211B7C116012
:10EBC000134AD35C002BE6D02046FFF779FF0028DC
:10EBD000E1D0637BDB0602D12046FEF7FBFF204637
:10EBE000D7E785F31188BFF36F8F38BDEC3E002166
:10EBF000592F0301862F03010A2C03019B2F0301C8
:10EC0000B83E0021F03E0021B12F0301C82F0301BF
:10EC10001E410021006838B1044B00F003001B7C4A
:10EC2000C01A18BF0120704701207047B83E00216C
:10EC3000002302680360EFF30581074B19B199685F
:10EC4000497BC90706D4197C98680843831A58423F
:10EC50005841704701207047B83E0021024B1A7C92
:10EC60009B68134303607047B83E0021074808B50E
:10EC7000074A0849121A02F006FFBDE80840064894
:10EC8000064A0749121A02F0FEBE00BF000000212A
:10EC9000140A002178550301000000210000002122
:10ECA00078550301024B1868984208BF002070474E
:10ECB00084080021034B1B680BB9FAF7F9BE00204A
:10ECC000704700BFFC3E002130B570B10B4B5B6854
:10ECD00098420AD0036843B1D3E90421D0E904453E
:10ECE000121941EB0501C3E90421D0E90032136098
:10ECF0005A600023C0E9003330BD00BF8408002102
:10ED0000B3F1FF3F08BFB2F1FF3F2DE9F0470446E2
:10ED100092461D46164600F09B80D0F80080B8F160
:10ED2000000F0CD04B496E234B4A4C4801F038F988
:10ED30004B4801F035F96E21474801F028F9816010
:10ED4000EFF31187402383F31288BFF36F8F454899
:10ED5000FFF760FF60B98823434A44493F4801F008
:10ED60001FF94049424801F01BF988213E48E4E779
:10ED70003C48FFF773FFBAF1FF3F75F1FF3321DA2B
:10ED80006FF001033B49D1E900209B1A4FF0FF329D
:10ED900062EB0000B3EB0A0660EB0500012E70F198
:10EDA000000301DA01264046C4E90460324EFFF751
:10EDB00079FFD6F804C070B9C4E9006CCCF8004003
:10EDC00074601AE0FFF776FF013645F1000536184A
:10EDD00045EBE070E8E7D0E90425D4E9043193423B
:10EDE00071EB050E27DAD21A436865EB0105C0E91D
:10EDF0000425C4E900031C604460FFF753FF84420C
:10EE000007D11E4B1C6824B902F007FF2146FAF710
:10EE100021FE1448FFF70CFFB0B940F23113124A3B
:10EE200017490E4801F0BCF80E49164801F0B8F831
:10EE300040F231119AE79B1A61EB05016045C4E984
:10EE40000431B9D00068B6E787F31188BFF36F8F3C
:10EE5000BDE8F08721530301FD5203010A2C030191
:10EE60004C3D0301003F0021592F0301862F030170
:10EE70009B2F0301703B002184080021FC3E0021F0
:10EE8000B12F0301C82F030170B50446EFF31186BB
:10EE9000402383F31288BFF36F8F2048FFF7BAFE39
:10EEA00068B988231E4A1F491F4801F079F81B4999
:10EEB0001E4801F075F88821194801F068F81748D4
:10EEC000FFF7CCFE2368FBB1FFF7ECFE05462046BA
:10EED000FFF7FAFEA54204D102F09FFE0021FAF7E7
:10EEE000B9FD00240D48FFF7A3FE80B940F23113AD
:10EEF0000B4A0F490C4801F053F808490D4801F03E
:10EF00004FF840F23111D7E76FF01504EAE786F3C6
:10EF10001188BFF36F8F204670BD00BF003F0021F6
:10EF2000592F0301862F03010A2C03019B2F030194
:10EF3000B12F0301C82F03012DE9F0470446EFF379
:10EF40001188402383F31288BFF36F8F4348FFF784
:10EF500061FE68B98823424A4249434801F020F8DB
:10EF60003E49424801F01CF888213D4801F00FF865
:10EF7000DFF8FC903948FFF771FEC9F80040FFF751
:10EF800091FE002604460027DFF8E8A0D9F80030FB
:10EF9000DAE900C0D91754B1D4E90452AB4271EB9D
:10EFA000020E1EDAED1A62EB0102C4E904520024DB
:10EFB00013EB0C0340EB0101CAE90031C9F8004032
:10EFC00002F02BFE2146FAF745FD2448FFF730FEFC
:10EFD000B0B188F31188BFF36F8FBDE8F047FFF73A
:10EFE000B5BD15EB0C0340EBE570CAE90030C4E990
:10EFF00004672046FFF768FE1848FFF719FE68B956
:10F0000040F23113164A1C49174800F0C9FF134952
:10F010001A4800F0C5FF40F23111A6E788F31188C5
:10F02000BFF36F8F2046A3689847EFF31188402302
:10F0300083F31288BFF36F8F0848FFF7EBFD0028BA
:10F0400088D00648FFF70AFED9F800305B1BC9F8E4
:10F050000030FFF727FE044698E700BF003F00217D
:10F06000592F0301862F03010A2C03019B2F030153
:10F07000FC3E0021703B0021B12F0301C82F03018A
:10F0800070B5EFF31186402383F31288BFF36F8FBF
:10F090001A48FFF7BFFD68B98823194A19491A4869
:10F0A00000F07EFF1549194800F07AFF88211448C6
:10F0B00000F06DFF1148FFF7D1FDFFF7FBFD144A8B
:10F0C000D2E90045041945EBE0750C48FFF7B0FDA7
:10F0D00068B940F231130A4A0E490B4800F060FF4C
:10F0E00006490D4800F05CFF40F23111DFE786F37E
:10F0F0001188BFF36F8F2046294670BD003F002165
:10F10000592F0301862F03010A2C03019B2F0301B2
:10F11000703B0021B12F0301C82F0301F8B504464D
:10F12000EFF31187402383F31288BFF36F8F4F48AB
:10F13000FFF770FD68B988234D4A4E494E4800F0EC
:10F140002FFF4A494D4800F02BFF8821484800F026
:10F150001EFF4648FFF782FD226892B14348FFF741
:10F1600067FD00287CD140F23113414A44494248AE
:10F1700000F016FF3D49434800F012FF40F2311104
:10F18000E4E7D4E90A36581C46F10001022871F17F
:10F19000000127D3012B76F10001BCBF01231646E5
:10F1A0005D1E46F1FF3602F055FD013041F10001D0
:10F1B000401946EB0101012871F100014BDB02F01F
:10F1C00049FD013041F100016FF00102401946EBA9
:10F1D00001034FF0FF31121A61EB030320462A4965
:10F1E000FFF78EFD236B01332363236AD3B11F48DE
:10F1F000FFF71EFD0028B6D087F31188BFF36F8F8D
:10F200002046236A9847EFF31187402383F312883F
:10F21000BFF36F8F1548FFF7FDFC00288BD0134814
:10F22000FFF71CFD54F8185FA54297D0002D95D02C
:10F230002846FEF78FFD00230C48EB67FFF7F8FC2C
:10F24000002890D087F31188BFF36F8F2846BDE860
:10F25000F840FEF739BD6FF001024FF0FF33BDE714
:10F2600087F31188BFF36F8FF8BD00BF043F002103
:10F27000592F0301862F03010A2C03019B2F030141
:10F28000B12F0301C82F03011DF102012DE9F8433D
:10F29000064614461D4691469846EFF311874023D3
:10F2A00083F31288BFF36F8F2848FFF7B3FC68B968
:10F2B0008823274A2749284800F072FE2349274817
:10F2C00000F06EFE8821224800F061FE1F48FFF723
:10F2D000C5FCB5F1FF3F08BFB4F1FF3F11D11B489A
:10F2E000FFF7A6FC60BB40F23113194A1C491A48CB
:10F2F00000F056FE15491B4800F052FE40F2311155
:10F30000E1E7631C75F1FF330ADB012C75F10003A3
:10F310002246BCBF0122002512F1FF3945F1FF381A
:10F320003046FFF7B1FDDDE90823C6E90A230023D3
:10F330004A463363304643460B49FFF7E1FCCEE7CC
:10F3400087F31188BFF36F8FBDE8F883043F002176
:10F35000592F0301862F03010A2C03019B2F030160
:10F36000B12F0301C82F03011DF1020170B504463E
:10F370000D46EFF31186402383F31288BFF36F8F9E
:10F380001C48FFF747FC68B988231B4A1B491C48E7
:10F3900000F006FE17491B4800F002FE88211648BF
:10F3A00000F0F5FD1348FFF759FC2068844209D0AE
:10F3B000D0E9003213605A6000232946C0E90033C7
:10F3C00002F0B7FC0B48FFF733FC68B940F2311389
:10F3D000094A0D490A4800F0E3FD06490B4800F0D0
:10F3E000DFFD40F23111DAE786F31188BFF36F8F4A
:10F3F00070BD00BF083F0021592F0301862F030174
:10F400000A2C03019B2F0301B12F0301C82F030115
:10F4100070B504460D46EFF31186402383F312883E
:10F42000BFF36F8F2148FFF7F5FB68B98823204AA7
:10F430002049214800F0B4FD1C49204800F0B0FDEF
:10F4400088211B4800F0A3FD1848FFF707FC0121A5
:10F450002068E5608442A16011D11448FFF7E8FB01
:10F46000E8B940F23113124A1549134800F098FDEB
:10F470000E49144800F094FD40F23111E1E7D0E963
:10F48000003213605A600023C0E9003302F051FCDF
:10F49000314604460548FEF767FE204670BD86F3F8
:10F4A0001188BFF36F8F0024F7E700BF083F0021EA
:10F4B000592F0301862F03010A2C03019B2F0301FF
:10F4C000B12F0301C82F030104322DE9734306460F
:10F4D0000D4620D24FF000084FF0000941F0040122
:10F4E000CDE90089FDF7DEF80446A0B144F8046BCD
:10F4F00095B16B1E1C420FD02523094A09490A48C1
:10F5000000F04EFD214609482A4600F049FD25211C
:10F51000034800F03CFD0024204602B0BDE87083A3
:10F52000595403017D5403010A2C0301AF54030114
:10F5300003280A4608B501D983070CD01049432394
:10F54000104A114800F02CFD104800F029FD43211D
:10F550000C4800F01CFD431E03420AD00C4947230F
:10F56000084A094800F01CFD0A4800F019FD47212F
:10F57000EEE70146BDE808400748FFF7A5BF00BF1A
:10F58000D7540301595403010A2C030114550301F4
:10F59000C12C0301DC2C0301E4080021014B0367AB
:10F5A000704700BFE408002138B504460D4602F05C
:10F5B000D8FA20B9064B9B681B6F0BB938BD054BB9
:10F5C0002A4621461846BDE83840FFF77DBF00BFF8
:10F5D000B83E0021E40800211FB5094A02AB92E8B9
:10F5E00003004FF4006283E80300009305494FF0E5
:10F5F000FF330548FEF752F8002005B05DF804FB24
:10F60000CC22030120820021783B00210CB430B5CC
:10F6100089B005460C461C22002101A802F0E7FB38
:10F62000022305958DF806300D4B029323462CB12D
:10F63000B4F1004F28BF4FF00043013B1D440DAA19
:10F640000C9901A80695009200F00CF814B1059BE6
:10F6500000221A7009B0BDE8304002B0704700BF08
:10F66000271F03012DE9F04F43688DB015468046F2
:10F67000029383789A0740F10D8100240E78002EC2
:10F6800000F00A81252E0BD04B1C03930134414618
:10F690003046029B98470028C0F2F6800399EDE7B8
:10F6A0004E788B1C252E0393F0D00027B946BB461D
:10F6B000BBF11F0F38D8A6F12003102B0AD8DFE8C2
:10F6C00003F02A0909300909092109090928092D26
:10F6D00009091F00A6F13003092B33D92A2E37D18F
:10F6E0001BF0400F55F8043B40F08280002BA7BF71
:10F6F0004BF0200B9946C3F100094BF0280B01E0B9
:10F700004BF0010B039B13F8016B0393002ECFD139
:10F7100030E04BF0020B4BF0040BF3E74BF0080B1F
:10F72000F0E74BF0100BEDE7BBF17F0F19D8A6F116
:10F730003003092BD2D81BF0400F03D00A2101FB64
:10F740000737DFE70A214BF0200B01FB0939D9E726
:10F750002E2E06D11BF0400F40F09E804BF0400B48
:10F76000D0E76C2E31D02BD8682E36D06A2E3CD004
:10F770004C2E3AD0002F46F02003B8BF2BF04002A9
:10F78000A3F16501BCBF00271FFA82FB022901D942
:10F79000612B2FD107350727DFF8ACA225F007052D
:10F7A00008351BF0080F66D00AEB070B56465E457E
:10F7B00063D1A4EB0A0AA9EB070906EB0A026FE181
:10F7C000742E9FD07A2E9DD0D4E71BF0800F18BFE7
:10F7D0004BF4007B4BF0800B94E71BF4807F18BF49
:10F7E0004BF4007B4BF4807B8CE74BF4207B89E768
:10F7F0001F4687E7A6F16301122900F2F080DFE8D7
:10F8000011F013004F00EE00EE00EE00EE004F008E
:10F81000EE00EE00EE00EE00EE00FE00E900EE006D
:10F82000EE001B00EE00AF0055F8043B01270DF180
:10F83000180A8DF81830B4E755F804AB834BBAF1C9
:10F84000000F08BF9A461BF0400F504614BF3946C0
:10F850004FF0FF3102F005FB0746A2E741462020AA
:10F86000029B984700280FDB013EB742F6D34C4479
:10F87000B146A41B98E74E46F7E7414616F8010B40
:10F88000029B9847002892DA98F8023043F004036C
:10F8900088F802304FF0FF3420460DB0BDE8F08FFD
:10F8A0001BF0800F34D01BF4007F2CD0073525F0DF
:10F8B0000705AA4669685AF8080B2BF010050029BD
:10F8C000ADB237DA404245F4806561EB41010DF19C
:10F8D000180B0A235A4602F0D0FAA0EB0B0301934F
:10F8E0006B0662D5019B25F001019F4289B240F36E
:10F8F000A180002E00F0998015F0100240F09C804D
:10F90000BB460D4623E0AA465AF8040BC117D4E7BC
:10F91000AA461BF4807F5AF8041B01D10846F5E77C
:10F920001BF4007F19BF48B241F3C01108B241F384
:10F93000C031C2E750EA0103C9D11BF0400FC6D065
:10F94000002FC4D12BF01102BB46019795B240F2B3
:10F95000064115EA01021CBF0BF1010B00222CE04D
:10F960002BF010020A231FFA82FB1BF0800C49D0F7
:10F970001BF4007115BF0735AA4625F007055AF894
:10F98000040B1EBFAA4669685AF8080B50EA010525
:10F9900045D12BF016051BF0400FADB242D0002F21
:10F9A00040D12BF01702019795B215F0100248D004
:10F9B000019B002E42D103F1010B29075AD4EB071A
:10F9C00006D5D9456FDDA9EB0B030199CB465F182E
:10F9D0005B4649E04BF0100B10237826C5E7782BE7
:10F9E00004D1C6F1780343F01003BEE74146252059
:10F9F000029B98470028FFF647AF023447E60823EA
:10FA00000026B2E7AA461BF480715AF8040BBDD059
:10FA10001BF400711ABFC0B2614680B2B6E72BF08A
:10FA2000060295B20DF1180B54E725F01105BB46FF
:10FA3000ADB28CE70D46B8E73B460D4603F1020B2D
:10FA4000BBE7DDF804B082E76C550301655503019F
:10FA5000CDE9043241462020029B98470028FFF65A
:10FA600013AF049B059A01339945F1DCA4EB0B011C
:10FA70009B46CC180AB341463020029B9847002889
:10FA8000FFF602AF8EB901342744391B019B99421E
:10FA900024DC1D4655BB019AA9EB0B0955462244AF
:10FAA0001446914433E0019F92E7023441463046C8
:10FAB000029B98470028E7DAE6E640F206410D424D
:10FAC000E2D015F0020F04F10104414614BF2B20CF
:10FAD000202015F4806F18BF2D20E9E74146302023
:10FAE000029B013498470028CFDACDE606AB013DF2
:10FAF0004146585D029B98470028CBDAC4E6414650
:10FB00002020029B013498470028FFF6BDAEA9EBE8
:10FB10000403002BF3DCC1E5704700F038BE8368B6
:10FB200000EBC101B3F5004F2CBF51F8220031F8B2
:10FB30001200704700EBC1018068B0F5004F2CBF88
:10FB400041F8223021F812307047012208B5FFF742
:10FB5000E6FFD04008BD836800EBC101B3F5004F5C
:10FB600008D34B681AB143F001034B60704723F090
:10FB70000103FAE74B881AB143F001034B80704749
:10FB800023F00103FAE753000122FFF7D3BF836894
:10FB9000B3F5004F34BF04230823C91A081AC0085C
:10FBA0007047B0F5004F34BF042308230731C8184D
:10FBB000C00870470A4608B50121FFF7F2FF01327D
:10FBC000121AB2FA82F0C0F11F0008BD2DE9F0410F
:10FBD000174603220E460446FFF7A1FF864205465C
:10FBE00007F104080AD10122E368BA4023EA0203BC
:10FBF000E360002344F82830BDE8F081314602225A
:10FC00002046FFF78CFF06462B460146032220467E
:10FC100044F82850FFF78EFF334629462046BDE8BA
:10FC2000F0410222FFF786BF70B50D468668044694
:10FC3000FFF78BFFB6F5004F014601D3012809D02D
:10FC40003046FFF7B7FF294602462046BDE8704020
:10FC5000FFF7BCBF70BD2DE9F047054680688846B8
:10FC6000FFF7A8FF05EB800ADAF810900646B9F115
:10FC7000000F1BD00327DAF8104028462146FFF773
:10FC800064FF404507D3324621462846FFF79EFFD2
:10FC90002046BDE8F087032221462846FFF73FFFB4
:10FCA000013FCAF8100001D08145E4D14FF0FF3484
:10FCB000EB680136B4401C40EAD094FAA4F2B2FAE0
:10FCC00082F2131D55F82340DEE72DE9F04114467A
:10FCD0000E460546FFF739FFA4EB0608371B07441D
:10FCE000424631462846FFF74EFF3A46214628460F
:10FCF000FFF749FF4346002221462846FFF71AFF37
:10FD000021462846FFF721FF3B46211800222846BE
:10FD1000BDE8F041FFF70EBF2DE9F041164604465D
:10FD20000F46FFF712FF314605462046FFF70DFF4D
:10FD300005442A4639462046FFF725FF314620462E
:10FD4000FFF703FF2B46311800222046BDE8F041A3
:10FD5000FFF7F0BE2DE9F0410D4686680446FFF737
:10FD6000F4FEB6F5004F014601D3012832D03046EB
:10FD7000FFF720FF04EB80010E6996B90122E368CA
:10FD800082401343E36002220D612B462946204640
:10FD9000FFF7D0FE032229462046BDE8F041FFF7D9
:10FDA000C9BE022231462046FFF7B9FE0746034688
:10FDB00029462046FFF7BEFE032233462946204649
:10FDC000FFF7B8FE39462B462046FFF7B3FE022266
:10FDD0003146E1E7BDE8F081F8B50C460546FFF78E
:10FDE000B4FE2618012231462846FFF798FEC307C5
:10FDF0000CD431462846FFF717FF21462846FFF767
:10FE0000A4FE214622182846FFF786FF002221463D
:10FE10002846FFF784FE271A012239462846FFF7B5
:10FE20007EFE10EA020613D139462846FFF7FCFE93
:10FE3000214632462846FFF772FE2246211A2846FE
:10FE4000FFF76AFF214632462846FFF768FE241A6C
:10FE500021462846BDE8F840FFF77CBF70B506682C
:10FE600009B9002070BDB068B0EBD10FF9D9FFF728
:10FE700098FE014605463046FFF7EDFE0446002891
:10FE8000EFD001463046FFF760FEA84209D925446D
:10FE9000214630462A46FFF718FF29463046FFF72D
:10FEA00059FF304601222146FFF755FEB368B3F5EE
:10FEB000004F34BF0423082303EBC4031844D1E7E5
:10FEC0002DE9F04706460D46174698462BB34FF0EE
:10FED000000A98F8004093F80190DB78A40004EB46
:10FEE000430498F802301C444444CA4509D33946B7
:10FEF0003046AC46D8F8042008F10803BDE8F047C6
:10FF0000604714F8013B0AF1010A204648F82340F3
:10FF1000F3F7E7FE01300444E7E76FF01500BDE8B2
:10FF2000F08770B5002502462846144614F8013BB8
:10FF30000BB9184609E098B18D4207D1702B04D057
:10FF4000A3F140023A2A0BD8002070BDA3F140066D
:10FF50003A2E05D853780135941C002BE9D00020A7
:10FF6000252B224608BF80F00100DEE70020704705
:10FF700000F094BB0FB407B504A951F8040B01912C
:10FF800000F08CFB03B05DF804EB04B07047002375
:10FF900083F31188BFF36F8F0423184602DF704785
:10FFA0000FB407B504A951F8040B0191FFF7E0FF66
:10FFB00003B05DF804EB04B0704710B50369024666
:10FFC00013F0080009D11368D4689C429BBF01203C
:10FFD000526AE31AD31A0B6010BD00231846FAE7E1
:10FFE00013B501A90446FFF7E8FF20B1019BE268C1
:10FFF000013B13440193606A019BC01A013802B0AF
:020000040103F6
:1000000010BD10B5044650182269636AD20702D5A4
:10001000013B184010BD984228BFC01AFAE710B53E
:1000200004460A46C168FFF7ECFF2369E06023F04D
:100030000803236110BD38B50D46026A8B000168C4
:1000400043F00203044642F8213001682A46FFF7D4
:10005000D8FFE3686168984208BF2369206008BF41
:1000600043F008032A46204608BF2361FFF7C9FF73
:10007000606038BD2DE9F74FC768066A9B4616F8E1
:100080002730044603F00303022B884691464FF0C5
:10009000000306EB870A09D01360CBF80030236910
:1000A000990710D4002003B0BDE8F08F56F8271050
:1000B00013608908CBF80030F1D0FFF7B0FFE36898
:1000C000A3600120EFE7E3695046984716F8273010
:1000D0000546DA07E6D513F002031DD0B8F1000F8C
:1000E00003D041462046FFF7A6FF61682A46204616
:1000F000FFF787FFD4E902319942606004D12A46B4
:100100002046FFF77EFFA060A3682360E3602369B9
:1001100043F008032361D4E7014620460193FFF72B
:100120007EFFE268A260B8F1000F04D02168226A65
:10013000019B42F8213005EB0802CBF80020216832
:100140002046FFF75EFF2369206043F00803236128
:1001500016F827306FF3000306F82730C9F800A01F
:10016000AFE770B504461546FFF74BFF236883429F
:1001700005D12369216023F00803236170BD226A41
:10018000AB0043F0020342F8213061682A46204662
:10019000FFF737FF6060F1E738B5036904465B0796
:1001A00006D5856AFFF71CFF85422CBFA562A062B9
:1001B00038BD838B13F0070305D10368002B0CBFF8
:1001C000002003207047022B05D1C08BB0FA80F0CD
:1001D000400980007047012B05D10368002B0CBF3C
:1001E0000020052070470020704710B50C4600B174
:1001F00011B96FF0150010BD081D00F02FF8002890
:10020000F9D1A368032BF6D9F3E72DE9F0410D46A8
:1002100007461946281D90461E46F5F71DFA044666
:1002200038B13346424629463846A446BDE8F04137
:100230006047BDE8F08138B50C46054658B151B16C
:100240000B6843B14B6833B12022002101F0CFFD90
:1002500000202C6138BD6FF01500FBE7034640B16C
:10026000426802F00302022A06D0032A04D0012ABF
:1002700005D06FF0150070471A68002AF9D00020E9
:100280009860704770470A46012100F080BA036900
:10029000D3F8780370476FF085007047084608B5BB
:1002A000114618B101F05FF9002008BD6FF00100A0
:1002B000FBE7084608B5114618B101F04BF90020DC
:1002C00008BD6FF00100FBE713B50446084621693D
:1002D00001F55D71D1E8AF1F022909D15BB168B1A9
:1002E00000931346D0E90912FBF7CAFB02B010BD18
:1002F0006FF00F00FAE76FF04C00F7E76FF00100C6
:10030000F4E72DE9F8431C46DDE908531646984604
:100310000F46006939B34AB344B36A1C43F1000382
:10032000022A73F1000324D2226842B1D0F8783354
:100330009A4204D96FF00B002360BDE8F88305EA08
:10034000080909F101035A425A412146384601F091
:1003500013F988B9B8F1FF3F08BFB5F1FF3FF0D0FE
:100360006FF06800E9E76FF00100E6E76FF0150055
:10037000E3E76FF08500E0E730600020DDE701F0A3
:1003800060B938B50D46044600F148012846F3F738
:100390009EFC30B1284604F1C001F3F798FC20B967
:1003A0000120782303FB004038BD0020FCE702F564
:1003B000307102F5347001F0C4BBD0F8B030A0F554
:1003C0003070003B18BF012300EB8300D0F8AC0273
:1003D00001F061B8C86828B1096983681B680BB16E
:1003E000002218477047FCF743BBD0E8EF3FC0E856
:1003F000E21F002AF9D1704710B5436804691B68F1
:10040000C4F8703304F5EC7001F050FB002104F5E2
:100410005D70FFF7EAFF084610BD2DE9F743174668
:100420000D4691B30B7883B3D0F8C440A4F5E279BC
:1004300014344FF0FF324FF0FF332046FCF748FAF8
:100440002A46484601A9F5F7C5F9019E80462EB90E
:10045000204603B0BDE8F043FFF7C5BF58B12046C2
:10046000FFF7C1FF3B462A463146484603B0BDE888
:10047000F043F5F78DB91F22294606F1480001F037
:10048000E0FC86F86780B766E2E703B0BDE8F0837A
:10049000030103EB4003093323F0030303EBC00321
:1004A00048430330083320F00300184440007047ED
:1004B0002DE9F84306464FF001090569D0F804809C
:1004C00005F55D77D7E8EF3F022B03D1C7E8E29F40
:1004D000002AF7D141D195F86C30002B40D195F826
:1004E000E430002B3CD12846D5F8701300F054F8C6
:1004F000044680BB73683669D3E9050183681B69CC
:100500003BB322469847044628BB06F53476494655
:100510003046FDF731F9304605F5F876F6F750FE2E
:100520003046D8F8001000F072F8044698B9014639
:10053000D022304601F05BFC21464FF4F67228468B
:1005400001F055FC21463846FFF74FFF2046BDE835
:10055000F8836FF057040221F5E76FF07704F5E7B1
:100560006FF00F04F2E710B50846029B114652B92E
:1005700093F86C202AB90122184683F86C20F5F70D
:1005800015FA002010BD1A6F5468002CF9D05A6F6C
:10059000A047F6E701F055B838B50D46044660B1FE
:1005A000F03001F00DFA0DB1002038BDC4F8C4518F
:1005B000C4F8C851C4F8CC51F6E76FF01500F4E761
:1005C0000268D2F8C83013B1D2F8C4101847704787
:1005D000704783690BB9C36B19707047012070476E
:1005E0008369012B03D1C36B1878C0B27047042014
:1005F000704738B5C41DE400204601F0E7FB05460E
:1006000018B12246002101F0F2FB284638BD38B56A
:1006100004463822002101F0EAFB1822002104F1EF
:10062000A40001F0E4FB1822002104F18C0001F089
:10063000DEFBD4F8C000FBF7D5F9D4F8BC00FBF71B
:10064000D1F9D4F8803004F154050BB1284698470D
:1006500038220021284601F0CAFBFBF727F90020C9
:1006600038BD03785B075FBF03684288C3F34A2342
:1006700003EB12105DBF173020F007008008002048
:1006800070470020704700F0F2BA0346D3E8EF0F3E
:10069000421CC3E8E12F0029F8D170471FB50023A1
:1006A000CDE902011A4619461846CDE90033F5F79F
:1006B0004BFF05B05DF804FB0120F5F731BC0020CD
:1006C000704770B5D2E901369B1B8B420C4615462C
:1006D0000AD313680A460146981901F07BFB2046AD
:1006E000AB682344AB6070BD6FF01B00FBE770B5D7
:1006F0000E4615461946044618B9BDE87040F5F790
:100700000FBC33B1C2F34A231030120D184401F06C
:1007100061FBC4E900562046BDE87040F5F738BEDD
:100720002DE9F3415F1C4FEA8708064608F11700E0
:1007300020F0070080080C461546F5F775FC0023ED
:100740008DF80470ADF805308DF8073068B10346B8
:10075000019AA8F1040143F8102F2A46294452F8BF
:10076000045B8A4243F8045FF9D100233146A201B9
:1007700002F4E07242EA482222F07F4222F4700240
:1007800022F03F0202B0BDE8F041FFF7B0BF07B56D
:100790000123019201AAFFF7C3FF03B05DF804FB38
:1007A00007B5CDE9002302236A46FFF7B9FF03B07E
:1007B0005DF804FB1FB5CDE90123069B01AA039355
:1007C0000323FFF7ADFF05B05DF804FBF8B506465F
:1007D0000D4614461F4604B9F8BD214628463A4640
:1007E000B047241A0544F6E710B542680446D2E93A
:1007F000002381680068FFF7E9FF002263681A6040
:1008000010BD0A2838B504460D4602D10D20F5F773
:1008100037FF29462046F5F733FF002038BD2DE984
:10082000F043054687B008460E8891F800900C46C4
:10083000D1F808801746F5F7F7FE011EC6F38216B9
:10084000C9F3C2091EDB4846F5F7B4FD034621464D
:1008500051F8102B6088C2F34A22002A01EB0204EF
:1008600008BF00210022C0F30B10CDE90407CDE939
:1008700002142846414601960092F5F72DFF07B075
:10088000BDE8F0830023E2E7436800201B685B6853
:100890009961704701212DE9F04143681B685A684E
:1008A00011771D682F68D5E90136D3E900481CB9D6
:1008B0006B681C60BDE8F081214630464246B8476F
:1008C000241A0644F3E743681B681868F6F792B8E1
:1008D00070B543680C461D686B689869F5F7FCFABB
:1008E000214603460F222868BDE87040184701469C
:1008F0000068F6F705B908B5F6F75EF9BDE80840F7
:10090000F6F77EB90A460121FFF741BF0021012019
:10091000F6F7F6B8436E83F30B88704761B662B69C
:1009200080F31188BFF36F8F704708B5F7F786FA29
:1009300072B6002383F31188BFF36F8FF7F7FCFAC9
:1009400050B1BFF34F8F30BF00BF00BF00BF00BF2B
:1009500000BF00BF00BF00BF62B6BFF36F8F08BD0E
:1009600010B50446F7F76AFA72B6002383F31188CC
:10097000BFF36F8FF7F7E0FA50B1BFF34F8F20BF8F
:1009800000BF00BF00BF00BF00BF00BF00BF00BF6F
:1009900084F31188BFF36F8F62B610BD40E800F397
:1009A00013F4803FD8B208BF6FF01500704730B520
:1009B0000C684B6885B00A894D890094013B24F08E
:1009C0001F04234402F01F0242EA451223F01F03D2
:1009D00069468DF808200393F6F760FD05B030BD39
:1009E00008B5D1E904319847002008BD08B5F6F7ED
:1009F000B7FF002008BD7047C16A8968F7F742B8A1
:100A000010B50C460121F7F76FF9047010BD83880B
:100A1000C2888168D21A03685B1AD01A704738B549
:100A20000D4614461146F7F77FF922462946BDE8E0
:100A3000384001F0CFB9F0B5D0F80473064617F08E
:100A400002001CBFC2F1807018604FF0000518BF93
:100A500001204FF0010C4FF4803E0CFA05F40C42DB
:100A600014D00EFA05F43C4210D005F5A87456F8DF
:100A70002440A41A34F07F4408BF4FF0807408B9B2
:100A80001C6002E01868A042FAD801200135042D4C
:100A9000E3D1F0BDF7F766B9F7F764B90220F7F7CD
:100AA00033BCF8B5069F0469C9B2EFF3118640253F
:100AB00085F31288BFF36F8F0C2569430C44A56C36
:100AC00005F0070CBCF1010F0BD1A76486F3118868
:100AD000BFF36F8FC4E9102343685B589847002029
:100AE000F8BD05F0C005AF4286F31188BFF36F8FE4
:100AF0000CBF6FF077004FF0FF30F1E713B58024A3
:100B00000094FFF7CEFF02B010BD0069CBB200EB3E
:100B10004310002110470020F9F73EBF0020F9F7ED
:100B200063BF1046FCF7E0B98022F7F7CBBC4368FF
:100B300000205B681B690B607047436802EA010094
:100B40005B6821EA020198600020D9607047436821
:100B500000205B6899607047436800205B68D9603B
:100B6000704743685A68536821EA03000B4090605D
:100B70000020D360704710B500690F299FBF00EBBC
:100B8000810440F821202364002088BF6FF0150005
:100B900010BD002070471020704730B543681360C7
:100BA000057A446804EBC504A34202D36FF0010048
:100BB00030BD5C798C4201D00833F0E70020F7E7C4
:100BC00043681B68D3F88004C3F880047047426808
:100BD0001368D3F8100150B10020126A12780A701D
:100BE000C3F81001D3F8102101221A6070474FF0AA
:100BF000FF30704702680346D2F8580140B95B687D
:100C0000DB0706D4D2F82001003818BF0120704756
:100C10000120704743681B68D3F80423D20517D519
:100C2000D3F82021A2B1EFF31182402181F3128881
:100C3000BFF36F8FD3F8201131B10021C3F8201119
:100C4000D3F820110121D96082F31188BFF36F8F8F
:100C5000D3F858317047002200F150039B009BB23B
:100C600003F1824303F5B0331A601B68704708B57F
:100C7000F8F710FD08BDF3F70BB910B54FF0FF30D2
:100C80004FF0FF31F8F71EFF044628B9D8F742FAB3
:100C9000044618B1F8F71EFF204610BDF8F71AFFFA
:100CA0002046F7F759FBF7E738B50B8A0D467BB3BB
:100CB0000B7E012B14D0042B2AD14FF0FF304FF0C4
:100CC000FF31F8F7FFFE044640B9E868EEF7BDFBD8
:100CD0000446F8F7FFFEB4B1F8F738FF204638BDF8
:100CE0004FF0FF304FF0FF31F8F7ECFE04460028DC
:100CF000F4D1E868F9F706F90446F8F7EBFE002CA2
:100D0000ECD1F8F723FF2846F6F79EFF0024E5E72D
:100D10006FF01504E2E7F9F75BB810B53122002156
:100D2000044601F064F8202323708023A3706FF041
:100D30003F0363716FF01B03A3722823A373222365
:100D4000E3730423A3756FF008036376FF23A37690
:100D5000E3767F232377302384F820306FF03F033E
:100D600084F82130792384F822306FF0010384F86D
:100D70002330012384F82430802384F82630042390
:100D800084F82730402384F82D3010BD0023036001
:100D90004360037863F002030370437823F0490350
:100DA00043F0490343707047034607B59A880068CB
:100DB0009B790090ADF804208DF80630BDF8033023
:100DC0006846092B28BF0923ADF80330EEF760FB16
:100DD00003B05DF804FB684620F007018D4601B5BD
:100DE000EBF7C8FAF5F70CFFBDE801408546704700
:100DF000684620F007018D4601B5FFF74BFEEBF783
:100E00003FFABDE8014085467047684620F007017B
:100E10008D4601B5EAF77AFEF5F7F2FEBDE801402E
:100E20008546704708B5F2F7E3FE002008BD03468B
:100E30005A6B00233C309A4200D17047C16801339D
:100E40000844F8E77047EAF701BB004700F0EABD45
:100E500038B504461546F9F79DFE29462046BDE8FB
:100E60003840F9F7AFBE43090AD0012B0BD14FF63A
:100E7000FF7300F01F0023FA00F000F0010070473C
:100E80004FF0FF33F5E7002070472DE9F341174697
:100E9000DDE90858019001A80C461E46F9F7FCFE52
:100EA000019B391E18BF012100EB8300231E18BFD0
:100EB0000123002E43EA410314BF0C210021002D21
:100EC00043EA010314BF4FF470610021B8F1000F31
:100ED00043EA010314BF4FF440310021D0F800224F
:100EE0000B4322EA030304B124780FB13F787F005B
:100EF0001C430EB13678B6003C438DB12978090207
:100F00003443B8F1000F03D098F800804FEA084846
:100F1000214341EA0801C0F8001202B0BDE8F081A7
:100F20002946EDE71FB50DF10F03019300238DF85E
:100F30000F101A4619460093FFF7A7FF05B05DF89A
:100F400004FB08B50146F9F721FF10B10846F9F78F
:100F500037FF00F0010008BD38B5054608460C46CD
:100F6000F9F72EFFA8B10846F9F710FF88B908462F
:100F7000F9F700FF01232A688340C2F808332B6881
:100F800003EB8000D0F8103523F00303C0F81035D0
:100F900038BD2046BDE838400021FFF7C3BFF9F750
:100FA000ABBFFFF7D9BF2DE9F04389B0109E0446CF
:100FB000894690460021202268461F46129D00F077
:100FC00016FF1F2E97BF01234FF0FF33B34003F1ED
:100FD000FF332361119BC4E90098C4E90276636181
:100FE000183445B10FCD0FC495E80F0084E80F0009
:100FF00009B0BDE8F0836D46F4E773B50468661C7C
:1010000031D08568A9422ED264182CD05E18AE4229
:1010100088BF6B1A056A35B100930523A8470346BC
:10102000184602B070BDBFF35B8F1946A41A1019A1
:1010300019B140EA0205AD070AD103290DDC0138D8
:1010400011448A42ECD010F8014F02F8014BF8E746
:101050000078013902F8010BE9E750F8044B043934
:1010600042F8044BE9E76FF02103D9E773B5046850
:10107000651C32D08568A9422FD264182DD05E1825
:10108000AE4288BF6B1A456ACDB100930523A847CD
:1010900002B070BD12F8015B013905701546A01849
:1010A00019B140EA0206B607F4D103290ADC013D72
:1010B000014488420CD1BFF35B8F1846E8E719461C
:1010C000A41AEBE755F8042B043940F8042BECE79D
:1010D00015F8012F00F8012BEBE76FF02100D7E79F
:1010E00073B51C46036815465A1C29D08268914284
:1010F00026D25B1824D066189642866A88BF541A96
:1011000036B105232A460094B047204602B070BD90
:10111000184622464AB9294600F069FEBFF35B8FA4
:10112000F3E700F8015B013AF4E78307F9D14FF0E8
:1011300001336B43032AEEDD40F8043B043AF9E740
:101140006FF02100E2E70020704710B4046B024604
:101150000B4684B9C1681F2998BF23FA01F441687E
:1011600061B18068834209D21069184051F8243077
:10117000184410BC7047234610BC18474FF0FF308E
:10118000F7E730B5059CC4E90002039A218119896B
:10119000E260049A618121856261D3E9002502EB56
:1011A0000113C4E906128A1C236203EB42036A1C82
:1011B00013446D422B406362836953B90139E2697C
:1011C0008B4202EB031206DB002393736FF07F0365
:1011D000D373002030BD0133D381F0E72DE9F04F08
:1011E000B0F830A004465546002685B002EB03084F
:1011F00091460E9A00EBCA031FFA88FB9A63A3F884
:101200003CB008F1FF32C3690F1D0192B0451ADCF2
:10121000238D2586A3EB0B032385236A61895A88D6
:1012200001390A4003EB4203A3F804A0BFF35B8F2C
:101230000020226A538801335380638D0133638514
:1012400005B0BDE8F08FE06A2A0157F8041C03EBF3
:101250000515029303680392C91A836808379942F7
:1012600028BF4FF0FF31FFF770FFDDE902329850E1
:1012700000226A6057F8082CAA60019A9642ACBF17
:1012800000220122B145D8BF42F00202AA810136F4
:10129000ED89BBE7F0B550B3456A448E6B88A34235
:1012A00030D0631C43864389BFF35B8F013B1C40F6
:1012B00005EBC4056B689EB209B1AD680D60D0F84E
:1012C0001CC09BB20CEB031100EBC3039D8F078D79
:1012D0002F44013D07859D878D896F070ED5058EAB
:1012E000CD8100210686986B996302B11480F0BD10
:1012F0009D8FC989013D0CEB01119D878D89ED07FB
:10130000F6D4ECE70020F2E7C36903EB0113986819
:10131000704770B5C369C56A09015E586B6BE3B964
:101320002C69621C09BF6B6834401C68341B214661
:101330002846FFF70AFF864207D02B6901331C4479
:10134000AB689C42F3D34FF0FF342868431C09D0AC
:10135000AB68A34206D9204470BD31462846984761
:101360000446F2E70020F7E770B5BFF35B8F0D4648
:10137000016A1646838E4A8804469A4212D05A1C45
:1013800082864289013A134001EB43018988298012
:1013900089B2FFF7BEFF2A88E36903EB02139B685B
:1013A000336070BD0020FCE710B5026893691269D4
:1013B000920017D543B9438E026A81694489013B83
:1013C0001B1B02EB4102938003689B69012B08D130
:1013D000838E426A81694089013B1B1A02EBC1027C
:1013E000938010BD23B9026A138843F00103138070
:1013F00003689B69012B01BF426A138843F0010314
:101400001380EEE710B5BFF35B8F036804461A69DB
:101410009B6912F0005F1AD07BB9036A426A5B884D
:101420008169013B02EBC10292889B1A628D9BB2DB
:101430009A4214D80023638510BD012BFAD1436A68
:10144000026A5B888169013B02EB4102ECE763B908
:10145000436A1B88DB4303F00103002BEAD0636976
:10146000002BE7D020469847E4E7012BE2D1036A3E
:10147000EFE7036A828E598891420AD04189013987
:101480000A4003EB42039A88C36903EB021398688E
:10149000704700207047BFF35B8FC36803B11847E4
:1014A00070474FF0FF324FF0FF33FBF785BD10B1AF
:1014B000C36A0133C362704738B1C26A013AC2627B
:1014C0001AB9026B02B110470262704770B5044648
:1014D000056A05F164063046FFF7E3FF636AA3F58A
:1014E00080637F2B0BD801225909503503F01F036D
:1014F0009A4055F8213023EA020345F82130D4E917
:101500000F124A60E16B04F13C0311602046C4E90C
:101510000F33FFF7D1FF3046BDE87040FBF7E4BC66
:1015200010B5436A8CB00A932023044602460B91FF
:1015300002A8194600F057FA28230122CDE900320B
:1015400020463522616A02ABFAF784FA00EAE070BD
:101550000CB010BD30B1006A20B119B1D0F888309C
:1015600003B11847704730B1006A20B119B1D0F803
:101570008C3003B11847704730B1006A20B119B1FF
:10158000D0F8903003B11847002070472DE9F84398
:1015900006468846174699460468A64201D10025AA
:1015A00020E07A1CA4F13C0502D06B6ABB4219D042
:1015B000B8F1000F22D020224146284600F02FFC2F
:1015C000E0B9B9F1FF3F02D0AB6A4B450AD07B1CB2
:1015D0000BD02468B442E2D054F8183CA4F13C0586
:1015E0009F42E8D12846BDE8F883AB6A0133F9D0C1
:1015F0002468B442D3D0A4F13C05D9E72468CCE7F1
:1016000070B505460C461E46CAB120232046194631
:1016100000F0E9F90123E362049B6662A362059B83
:1016200025626363069BA363079B63646A6804F196
:101630003C03C4E90F526B60226C136070BD0A70EA
:10164000E8E710B5044690B1036A83B102784AB165
:1016500093F8A43033B1436AB3F5806F02D301210C
:10166000FFF75EFF2046BDE81040FFF72FBF10BD1B
:1016700020B1036A13B15B6803B11847704708B51E
:1016800030B1036A3BB1DB682BB19847002008BD3D
:101690006FF01500FBE76FF00500F8E77047FBF708
:1016A00023BC4FF0FF324FF0FF33FBF785BCF8B59A
:1016B0000C4600F164070546A4F110063846FFF712
:1016C000F0FF3046FAF77CFA80B154F8083C24F871
:1016D000083CD5F8CC3044F80C3C05F1C80344F87C
:1016E000103CC5F8CC6054F80C3C1E603846FFF73F
:1016F000D6FF0020F8BD38B50D4600F16404204641
:10170000FFF7CFFF55F8083C204603F5803345F836
:10171000083CBDE83840FFF7C2BF2DE9F04188B072
:101720000E9C282A8846D4F8C0006ED101688568CE
:10173000A8EB0101A94228BF4FF0FF3120236A46E0
:10174000FFF75BFC04F16406D8F820703046FFF721
:10175000A8FF3B464FF0FF3269462046FFF716FFD1
:10176000D8F824300546E0B1D0F8308003F001030A
:10177000B8F1000F02D0DBB9AF6230E0002BFBD034
:101780004FF0FF3383623046FFF789FFAB6B83BBBB
:10179000D4F88030002B38D03A4669462046984726
:1017A00033E0DB071FD43046FFF779FFE36FF1E743
:1017B0004FF0FF338362FFF77AFE3046FFF76FFF8B
:1017C000AB6BA3B9D4F880301BB13A4669462046CA
:1017D00098473046FFF765FF2846FFF76DFE304615
:1017E000FFF75DFF11E03046FFF759FFD0E74FF0FC
:1017F000010828469847D4F880301BB13A4669461C
:1018000020469847B8F1000FE3D1002008B0BDE8AA
:10181000F08170B500F16406A1F110050446304670
:10182000FFF73FFF2846FAF7CBF938B120462946A3
:10183000FAF7A2FAD4F8B800FFF7E4FD3046BDE8A5
:101840007040FFF72CBF10B548B149B143688B42D7
:1018500006D382680468D21A5B1A4360A01810BDD0
:101860000020FCE72DE9F3470546D0F8B4000E460A
:10187000904618B9002002B0BDE8F087036A002B3B
:10188000F8D09B68002BF5D098474307F2D543F674
:101890009823B8F1000F18BF984605F1640705F1C9
:1018A000C8093846FFF7FDFED5F8C8404C452BD097
:1018B00054B3D4E90023536022681A60C4E9004499
:1018C000D5F8B43021899B69ADF806107BB1012BA6
:1018D00014D03846FFF7E3FEBDF8063004F11000DF
:1018E00003F58033A3603368103B3360C3E7D5F85A
:1018F000A8303360D5F8B4309B69E8E7D5F8BC0070
:10190000FFF702FD3060E4E7D5F8B430D3F818A053
:10191000BAF1000F36D13146D5F8BC000DF1060200
:10192000FFF7B8FC04460028D3D1D5F8BC301B8D96
:10193000B3B93846FFF7B3FEB8F1000F9AD0D5E936
:101940002D32182112891B6B01FB0233D5F8D020F0
:1019500022BB21200021FCF783FE08F1FF38A0E71D
:10196000D5F8A810D5F8C400FFF76DFF0446D5F8E8
:10197000A830ADF806A033603846FFF790FE002C83
:10198000DAD0A9E7BAF1010FD3D13246D5F8BC00BD
:101990000DF10601FFF7E8FC0446EDE7196928465A
:1019A00090476FF4FB639842D3D000283FF479AF9F
:1019B00060E720B119B112B1C0E90122016070479E
:1019C00010B5044618B910BD3C38FFF73AFE206840
:1019D0008442F9D10023C4E92E33D4F8B400BDE821
:1019E0001040FFF745BE70B505461C4699B18B42C5
:1019F00028BF0C46661C013E05D012F8013B00F8DA
:101A0000013B002BF7D1A14207D9091B8A190021FC
:101A100000F0EDF9A11B084670BD00230D4405F848
:101A2000013CF7E708B1F6F7D5BA704740B1C36893
:101A3000587810F001001EBF1878B0FA80F0400905
:101A40007047EFF31183402383F31288BFF36F8F46
:101A5000FEE710B5D0E9003433B90020E2685378CE
:101A600043F00103537010BD204698470028F4D07E
:101A70000028B8BF4042FF28A8BFFF20E3681870C5
:101A8000ECE700F0B4B900F0A5B9704710B400F16C
:101A90000C04C0E9034410BCF2F790BB90F90E307F
:101AA0008B4201D0FCF7C6BA0020704703460020E5
:101AB000C3E90033C3E90200704710B5044630B1F2
:101AC0000268930703D0446809B100F078F9204612
:101AD00010BD012307B5009300230A461946FBF702
:101AE000B5F803B05DF804FB002307B50A46009380
:101AF0001946FBF7ABF803B05DF804FB5AB18A4214
:101B000009D300F11003C0E90212C0E90000C0E9E6
:101B10000433002070476FF01500704701230268FE
:101B20008B4022EA0303036022FA01F000F0010077
:101B30007047704720B1002288301146FCF722BF61
:101B4000704710B5FBF798FC041E08DDEFF3118019
:101B5000402383F31288BFF36F8FFCF74BFB2046C3
:101B600010BDEFF30580003818BF012070476FF0FB
:101B70005700704700207047D0E9003213605A6068
:101B80000023C0E90033704738B504460D46FBF723
:101B900043FF637B43F002036373E5B1A5602B68E9
:101BA0009D4209D16B68C4E900531C606C6012E06F
:101BB0006A689A42F6D01B68002BF3D094F90E2085
:101BC00093F90E108A42F3D09142F1DD5A68C4E9CC
:101BD000003214605C6038BD01211838FCF702B98E
:101BE00010B50446FCF7B6F804F11800BDE8104043
:101BF000FDF74AB938B5054604680020AC4200D16B
:101C000038BD002CFCD02046FFF7EAFF2046FCF749
:101C10005BF82C680120A542F1E710B5FDF742F80A
:101C20000446FDF747F874B1D4E904321B1A62EB9D
:101C3000E072B3F1004F72F1000104DA002AACBF88
:101C40001846002010BD6FF00040FBE708B5FDF717
:101C500017FA08BDFDF714BAB3F1FF3F08BFB2F1A0
:101C6000FF3F70B504461D46164613D01A4315D0E3
:101C70006FF001024FF0FF33921B63EB0501002967
:101C800004DAFDF7FDF9821941EB0501C4E90021F1
:101C9000204670BD4FF0FF321146F7E70022FBE708
:101CA000B3F1FF3F08BFB2F1FF3FF8B50746164654
:101CB0001C4610D054EA020311D0FDF7E1F9B042FE
:101CC0000A46A14103460AD2F31A64EB0204C7E9AB
:101CD00000343846F8BD4FF0FF331C46F7E70023C9
:101CE000FBE70023C0E9081200F11802C0E9062250
:101CF000C0E9003303634363704710B50446FDF742
:101D0000C3F8A8B9636A0BB12046984704F11800DC
:101D1000FCF742F960B1FBF7D7FFEFF311804023E6
:101D200083F31288BFF36F8FBDE81040FCF762BAEF
:101D300010BD2DE9F041846805460E46ECB163788C
:101D4000012B25D114F8533C9A0714D5A4F1600750
:101D50003846FFF745FF082E0CBF6FF00303002342
:101D6000E36114F8533CDB0605D154F8483C13B941
:101D70003846FBF7A9FF002323700020EB68A8601A
:101D8000C3F38632164366F39433EB60BDE8F0810B
:101D9000022BF0D12378002BEDD054F8048CB8F14D
:101DA000000FE8D004F11400FDF76EF80023A4F151
:101DB000140739464046E362FBF75EFBDBE720B1E0
:101DC000011F50F8040CFAF70BBD704701460420C0
:101DD000FDF7AEBB0A44431E914200D1704710B5D7
:101DE00011F8014B914203F8014FF9D110BD0244A3
:101DF0000346934200D1704703F8011BF9E701390C
:101E0000024410B5904201D1002005E0037811F89A
:101E1000014FA34201D0181B10BD0130F2E710B5ED
:101E20006AB10139841810F8012B11F8013F9A4268
:101E300003D1A04201D0002AF5D1D01A10BD10461E
:101E4000FCE710B50139044632B111F8013F013AFF
:101E500000F8013B002BF7D10021FFF7C8FF204617
:101E600010BD0246014410B58A42134603D01C78C7
:101E70000132002CF8D1181A10BDF0B5C3F13707A4
:101E8000044603F01F031046FFB2082BE6B232D01F
:101E9000102B3DD06508A40845EAC17544EA817459
:101EA0008A082D1942EB5102290941EA02716D1885
:101EB00042EB1212290A41EA02616D1842EB12222A
:101EC000290C41EA02416D1842EB1242AD1842F171
:101ED0000002EC0844EA4274D10804EB8402A6EB49
:101EE0004205EDB2092D0CD90134A5F10A0541F1E5
:101EF0000001EDB212E0E40806F0070544EA41747F
:101F0000C908303554EA010200F8015BBDD1F0BDCB
:101F1000240906F00F0544EA01740909092D84BF5C
:101F2000ED19EDB2EDE7D1E9043293421EBF5A1C20
:101F30000A6118707047000001480068704700008F
:101F4000943C00218A1DFF7F01000000897D020171
:101F50000000000065850201F41F030155C602015F
:101F600000000000A18C02011C200301A18C0201D1
:101F700008200301C9A7020100000000250E03018B
:101F800000000000F18A02013020030101940201E7
:101F90004420030189880201000000003D980201ED
:101FA000000000002D5D020100000000997D02018B
:101FB0000000000089790201000000003990020150
:101FC000582003019D9C02016C200301A1A802017D
:101FD00000000000D9F5020100000000F903030130
:101FE00080200301FD7F020100000000EDA8020136
:101FF00000000000723F03018C280301C42103018B
:102000008E080021F03C002108410301A4280301AF
:102010008C21030192080021A03D002116410301FB
:10202000BC2803018C21030194080021AC3D002150
:10203000ED3F03010000000084210301900800210E
:102040004C3D002144420301D4280301E021030157
:1020500098080021403E002100420301B4070021FE
:10206000B021030196080021B83D0021EF4403018F
:10207000000000001C2903019A0800215C3E002199
:102080003A31030164070021382703018C0800213D
:10209000B81B0021000000000D0903010000000032
:1020A0000D090301000000000D09030100000000FC
:1020B0000D090301000000000D090301470E030193
:1020C0004B0E0301000000000D0903010000000099
:1020D0000D090301000000000D0903014C3D002122
:1020E0008D8B0201E1B302014B0E030100000000E1
:1020F0000D090301000000000D09030100000000AC
:102100000D090301000000000D090301000000009B
:102110000D090301000000000D090301000000008B
:102120000D090301E5B602014B0E03014420030132
:10213000150C0301000000000D0903010000000060
:102140000D09030100000000E198020100000000F9
:102150000D090301000000000D090301000000004B
:102160000D090301000000005DA80201000000004D
:102170000D090301000000000D090301000000002B
:102180000D090301718A02019D890201298E020154
:102190002F0B03013B0B03014F0B0301590B0301F1
:1021A000630B0301458D0201018C02010000000058
:1021B00069910201770B0301930B0301970B030154
:1021C000D5900201BD850201290B0301FD0A03011F
:1021D000000000008D8402010000000000000000EB
:1021E000CF0B03014D930201C10B0301063F030115
:1021F00002000000A33E0301020000000C450301A1
:1022000002000000FA44030102000000192F03013C
:10221000020000008D3F030102000000CE2B0301ED
:10222000020000002E310301020000000032030111
:10223000020000009B32030102000000C0340301D1
:10224000020000000E420301020000007545030178
:10225000020000002A3B030102000000543D03017C
:1022600002000000DF3D030102000000AA4B030151
:1022700002000000EE3D0301020000009A3E03014F
:10228000020000005242030102000000F427030193
:0C22900094070021AF340301010000009E
:1022A000EDB8020106000000DEE61E28EAAC45B8E3
:1022B00002350000DEE61E284CBBCE8F0235000042
:1022C0000002000000020000000000004155030170
:1022D000000100000001030200002CA6E0A120A8DC
:1022E00020A80000F401FA00960064004B003200C0
:1022F0001E0014000A000500020001000102040093
:10230000252627000102040301020303250D0F0FF8
:102310000102040000000000141E00003011000043
:1023200060EA000060EA000000002CA6E0A120A8FE
:1023300020A8000000002CA6E0A120A820A80000F2
:102340000001030200002CA6E0A120A820A80000A4
:1023500001020303F401FA00960064004B0032000E
:102360001E0014000A0005000200010000002CA657
:10237000E0A120A820A8000000000000141E00001A
:102380003011000060EA000060EA0000F401FA0089
:10239000960064004B0032001E0014000A00050085
:1023A0000200010001020303010100020700010213
:1023B0000401000100000101000001000100000112
:1023C000000100000000F401FA00960064004B00D8
:1023D00032001E0014000A00050002000100010086
:1023E0000B0002000A00050009000A0008001400A2
:1023F00007001E000600320005004B0004006400C8
:10240000030096000200FA000100F401000001023E
:102410000303020301000C0802170D010102090960
:102420000101060209181803010109090303050344
:102430000201230202240910040405050B0B040BFE
:102440002B1B1B151A1A1C021D16130501490D150D
:102450000508061B0F02020801010000FEFEFEFE39
:10246000FEFEFEFEFEFEFEFEFEFEFEFEFE16FEFE74
:10247000FEFEFEFEFEFEFEFEFEFEFEFEFE26FEFE54
:10248000FEFEFEFEFEFEFEFEFEFEFEFEFEFEFEFE6C
:10249000EAEA00002CA6E0A120A820A800002CA6B3
:1024A000E0A120A820A80001020201020400A3016B
:1024B000B103BF05EF024906A309C505F50B2512B7
:1024C0000E021C045A03B4063006600C010203031A
:1024D0000102030300002CA6E0A120A820A801020D
:1024E00004010203030000002CA6E0A120A820A8FC
:1024F000F401FA00960064004B0032001E00140044
:102500000A0005000200010000000000141E000087
:102510003011000060EA000060EA000000002CA614
:10252000E0A120A820A800002CA6E0A120A820A8B7
:102530000102030300000000141E0000301100001F
:1025400060EA000060EA00000102040003000000ED
:102550002CA6E0A120A820A800000000141E000066
:102560003011000060EA000060EA000000002CA6C4
:10257000E0A120A820A8F401FA00960064004B0016
:1025800032001E0014000A000500020001000000D5
:1025900000002CA6E0A120A820A8F401FA009600D3
:1025A00064004B0032001E0014000A000500020007
:1025B0000100000000000000141E000030110000A7
:1025C00060EA000060EA0000010203030001020269
:1025D0000102040000002CA6E0A120A820A8000110
:1025E00003020000E3A3C30000003408E803280A44
:1025F000280A000000002CA6E0A120A820A80000C6
:102600000406080A0C0E10121416181C1E20222490
:1026100026282A2C2E30323436383A3C3E4042446A
:1026200046484A4C4E021A500100000007000000C4
:10263000000000000000000000000000000000009A
:1026400028000000180000005001000050010000A8
:1026500000000000141E00003011000060EA0000BD
:1026600060EA000000000000141E000030110000AD
:10267000B45F00003C730000B80BD0076C396C39B4
:102680000000000000000001000080630000806383
:102690000000000070170000A00F00003C280000A0
:1026A0003C2800000000DC05E8030000D41700000F
:1026B00000000000141E00003011000060EA00005D
:1026C00060EA0000000103020000000000000000BA
:1026D00000000000000000000000000001010101F6
:1026E00002020202030303030405060708090A0B9A
:1026F0000C0D0E0FD8ECF0F4F8F9FAFBFCFDFEFF20
:102700000001020306080801020600100200FA0098
:1027100000000000AF3C0201BB3C0201BF3C0201D3
:10272000C73C0201CB3C0201000000000000000099
:102730000338FDD870470000FD570201B1040301C2
:10274000DD590201295A0201155B02018F020301C2
:102750000303030197020301C9020301B30203014A
:102760009D0203010000000000000000E1050301DC
:10277000D3050301DD050301D105030100000000BD
:10278000000000000000000000000000C10503017F
:10279000B81F002100010000B90603016306030110
:1027A000020000001F0803010000000000000000FC
:1027B0000000000000000000373403013F34030133
:1027C000000000000000000000000000473403018A
:1027D0004B3403014F34030153340301E427030155
:1027E000683C0021796A0201883C00210E3F0021EB
:1027F00001000000D1080301C70803019508030187
:102800009D6A020100000000890803010000000029
:10281000000000210000000006000100020000008E
:102820002428030100000001D73C0301060000003A
:10283000E0FF030100000021DF3C03012100000054
:10284000E0FF0021197A020100000000F7090301EE
:10285000442803015C28030100010000208A0021B4
:10286000442803016C280301450000000093002167
:10287000442803017C28030102010000CC960021BA
:10288000518402013D85020100000000D58602014D
:10289000F9850201813F0301170B03011D0B0301A1
:1028A000873F0301FFFF000000088C41000000008B
:1028B0000100000000A0004100000000FFFFFFFF3A
:1028C00000058C41000000000000000000A0004155
:1028D0000000000000300141010000000000000085
:1028E000F82803010000D6010000000000000000ED
:1028F000163F0021153F002100300141042903014A
:10290000010000000C290301040000002100000068
:10291000250000022006000124060003BD9B0201E1
:102920007B0C0301A90C03016348030176480301F2
:10293000894803019C480301AF480301C2480301D1
:10294000D5480301E84803010D4B03011B4B03016C
:102950002F4B03013E4B03014A4B03014C1F030164
:102960004C1F03019C1F0301A41F0301F41F03015B
:10297000F41F0301647261676F6F6E2F6C6962737D
:102980002F7363686564756C696E672F7372632F4C
:1029900072656D5F68616C5F6576656E745F7469A2
:1029A0006D65722E63004E6F7420656E6F7567687B
:1029B000206461746120666F7220636F6D6D616E5B
:1029C0006420686561646572004E6F20617661699C
:1029D0006C61626C6520636F6D6D616E6420627501
:1029E00066666572732100436F6D6D616E64207061
:1029F00061796C6F6164206C656E677468206973BF
:102A0000206E6F7420636F7272656374004E6F7412
:102A100020656E6F75676820737061636520696EED
:102A200020627566666572004E6F7420656E6F7504
:102A30006768206461746120666F722041434C2096
:102A4000686561646572004E6F20617661696C61D2
:102A5000626C652041434C20627566666572732125
:102A60000041434C207061796C6F6164206C656E2D
:102A7000677468206973206E6F7420636F7272656B
:102A80006374004E6F7420656E6F756768206461B3
:102A9000746120666F722049534F206865616465D8
:102AA00072004E6F20617661696C61626C652049CD
:102AB000534F2062756666657273210049534F203B
:102AC0007061796C6F6164206C656E6774682069F1
:102AD00073206E6F7420636F727265637400556E3D
:102AE0006B6E6F776E20484349207479706520259E
:102AF0007500556E61626C6520746F2073656E643D
:102B000020286572722025642900436F6E74726FED
:102B10006C6C65722061737365727420696E3A2003
:102B2000257320617420256400484349206970633F
:102B300020545800495043207365727669636520BC
:102B4000696E7374616E636520696E697469616C26
:102B5000697A6174696F6E206661696C65643A2098
:102B600025640A005265676973746572696E67202F
:102B7000656E64706F696E74206661696C6564204F
:102B80007769746820256400556E6B6E6F776E20D0
:102B900074797065202575004950432073656E6413
:102BA00020686173206265656E20626C6F636B657F
:102BB0006420666F7220312E35207365636F6E64FA
:102BC000732E006E72665F62745F6863690068638B
:102BD000695F69706300574553545F544F504449CF
:102BE000522F7A65706879722F6C69622F686561FF
:102BF000702F686561702E63006368756E6B5F751A
:102C000073656428682C206329004153534552544E
:102C1000494F4E204641494C205B25735D204020A2
:102C200025733A25640A0009756E657870656374CA
:102C30006564206865617020737461746520286420
:102C40006F75626C652D667265653F2920666F72CF
:102C5000206D656D6F72792061742025700A006C9B
:102C60006566745F6368756E6B28682C207269678F
:102C700068745F6368756E6B28682C20632929204F
:102C80003D3D20630009636F727275707465642046
:102C90006865617020626F756E6473202862756666
:102CA000666572206F766572666C6F773F29206665
:102CB0006F72206D656D6F72792061742025700AC6
:102CC0000028616C69676E20262028616C69676E38
:102CD000202D20312929203D3D20300009616C69DB
:102CE000676E206D757374206265206120706F7748
:102CF0006572206F6620320A006279746573203E27
:102D000020686561705F666F6F7465725F62797469
:102D1000657328627974657329000968656170209C
:102D200073697A6520697320746F6F20736D616CAD
:102D30006C0A00686561705F737A203E2063687575
:102D40006E6B737A2873697A656F6628737472750F
:102D50006374207A5F686561702929006368756E05
:102D60006B305F73697A65202B206D696E5F6368D5
:102D7000756E6B5F73697A65286829203C3D206811
:102D80006561705F737A00574553545F544F5044E8
:102D900049522F7A65706879722F6C69622F6F7350
:102DA0002F63627072696E74665F7061636B6167D6
:102DB00065642E630009537472696E6720776974C5
:102DC0006820746F6F206D616E7920617267756D18
:102DD000656E74730A00097374725F7074725F7049
:102DE0006F735B5D20746F6F20736D616C6C0A0094
:102DF00009756E65787065637465642073697A65BA
:102E00002025750A0009746F6F206D616E79206648
:102E10006F726D617420617267730A00696E5F7012
:102E200061636B6167656420213D202828766F69A6
:102E300064202A2930290028756E7369676E6564DD
:102E4000292063686172202A207573656420666F8B
:102E5000722025257020617267756D656E742E2055
:102E600049742773207265636F6D6D656E64656468
:102E700020746F206361737420697420746F2076EE
:102E80006F6964202A2062656361757365206974C7
:102E9000206D6179206361757365206D697362656A
:102EA000686176696F7220696E206365727461690A
:102EB0006E20636F6E66696775726174696F6E7399
:102EC0002E20537472696E673A2225732220617234
:102ED00067756D656E743A256400736370795F631E
:102EE0006E74203C2073697A656F66286370795F21
:102EF0007374725F706F7329006B6565705F636ECA
:102F000074203C2073697A656F66286B6565705F15
:102F10007374725F706F73290063627072696E748C
:102F2000665F7061636B61676500574553545F541A
:102F30004F504449522F7A65706879722F6C6962DC
:102F40002F6F732F6D7073635F706275662E6300F1
:102F5000657272203D3D203000574553545F544FF9
:102F6000504449522F7A65706879722F696E636C8C
:102F70007564652F7A65706879722F7370696E6CED
:102F80006F636B2E68007A5F7370696E5F6C6F633E
:102F90006B5F76616C6964286C290009496E766103
:102FA0006C6964207370696E6C6F636B2025700AA6
:102FB000007A5F7370696E5F756E6C6F636B5F76BE
:102FC000616C6964286C2900094E6F74206D79204A
:102FD0007370696E6C6F636B2025700A00574553E0
:102FE000545F544F504449522F7A65706879722F5C
:102FF0006C69622F7574696C732F6F6E6F66662EC5
:1030000063007374617465203D3D20305500217369
:1030100079735F736C6973745F69735F656D7074E6
:103020007928266D67722D3E636C69656E7473290D
:10303000007472616E73697420213D202828766FB8
:103040006964202A293029007374617465203D3D2C
:10305000202831554C203C3C2028312929006D671F
:10306000722D3E72656673203D3D203000737461A1
:103070007465203D3D202831554C203C3C202830B3
:10308000292900574553545F544F504449522F7AD1
:1030900065706879722F6C69622F7574696C732F13
:1030A0006E6F746966792E6300496E76616C69642F
:1030B00020696E7374616E636500496E76616C6938
:1030C00064206261636B656E6420636F6E6669671E
:1030D00075726174696F6E00496E76616C69642007
:1030E000696E7374616E63652C20656E64706F69C0
:1030F0006E74206F7220636F6E666967757261749B
:10310000696F6E00496E76616C696420656E6470EB
:103110006F696E7400456E64706F696E74206E6FB7
:103120007420726567697374657265640A006970FA
:10313000635F736572766963650069706330006C04
:103140006F6767696E6700574553545F544F50442B
:1031500049522F7A65706879722F7375627379732B
:103160002F6C6F6767696E672F6C6F675F636F7235
:10317000652E63006C6F675F6261636B656E645F91
:10318000636F756E745F6765742829203C2028285A
:103190003332202F20335529202D202831202B2079
:1031A000302929006261636B656E64203C3D205FBD
:1031B0006C6F675F6261636B656E645F6C6973748B
:1031C0005F656E640009756E65787065637465642B
:1031D000206C69737420656E64206C6F6361746920
:1031E0006F6E0A006C6F675F6261636B656E645F30
:1031F000636F756E745F6765742829203E20300008
:103200006C6F6700574553545F544F504449522FD9
:103210007A65706879722F7375627379732F6C6F2A
:103220006767696E672F6C6F675F6D676D742E637C
:10323000006C696E6B203C3D205F6C6F675F6C6952
:103240006E6B5F6C6973745F656E640057455354B1
:103250005F544F504449522F7A65706879722F69D4
:103260006E636C7564652F7A65706879722F6C6F08
:103270006767696E672F6C6F675F6261636B656E0E
:10328000642E68006261636B656E6420213D2028B6
:1032900028766F6964202A293029006C6F675F6D7A
:1032A000676D74004D65737361676520282225730F
:1032B00022292064726F7070656420626563617595
:1032C000736520697420657863656564732073692C
:1032D0007A65206C696D69746174696F6E20282548
:1032E000752900574553545F544F504449522F7A23
:1032F00065706879722F7375627379732F6C6F675D
:1033000067696E672F6C6F675F6D73672E63007000
:103310006C656E203E3D2030004D657373616765BE
:103320002064726F70706564206265636175736597
:1033300020697420657863656564732073697A65B4
:10334000206C696D69746174696F6E202825752918
:1033500000574553545F544F504449522F7A65707B
:103360006879722F7375627379732F6C6F676769F1
:103370006E672F6C6F675F6F75747075742E630066
:103380006F75745F6374782D3E636F6E74726F6CCB
:103390005F626C6F636B2D3E6F6666736574203C75
:1033A0003D206F75745F6374782D3E73697A650094
:1033B0001B5B306D006C6576656C203C3D203400F5
:1033C000257320005B2530386C755D20005B25304F
:1033D00032753A253032753A253032752E25303324
:1033E000752C253033755D200025730025732F0063
:1033F0003C25733E200025733A2000657272203E02
:103400003D2030002530327820007C0025630020EC
:103410006D657373616765732064726F7070656446
:10342000202D2D2D0D0A1B5B306D001B5B313B33B6
:10343000316D2D2D2D20001B5B313B33316D001B79
:103440005B313B33336D006572720077726E0069D9
:103450006E660064626700574553545F544F504492
:1034600049522F7A65706879722F73756273797318
:103470002F6C6F6767696E672F6261636B656E643F
:10348000732F6C6F675F6261636B656E645F7561FC
:1034900072742E63006465766963655F69735F7239
:1034A0006561647928756172745F64657629006C62
:1034B0006F675F6261636B656E645F7561727400F4
:1034C0006C6F675F75617274002A2A2A20426F6FE1
:1034D00074696E67206E524620436F6E6E6563742A
:1034E0002053444B2076332E302E322D38396261F2
:1034F0003132393461633962202A2A2A0A002A2AA1
:103500002A205573696E67205A6570687972204F5A
:10351000532076342E302E39392D663739316334C5
:10352000396634393263202A2A2A0A0072302F6120
:10353000313A2020307825303878202072312F61C0
:10354000323A2020307825303878202072322F61AE
:10355000333A20203078253038780072332F6134A8
:103560003A2020307825303878207231322F697037
:103570003A2020307825303878207231342F6C7220
:103580003A20203078253038780020787073723AED
:103590002020307825303878004661756C74696E6B
:1035A0006720696E737472756374696F6E206164ED
:1035B000647265737320287231352F7063293A2045
:1035C00030782530387800556E68616E646C6564BB
:1035D000204952516E3A202564002A2A2A2A2A209C
:1035E0004D5055204641554C54202A2A2A2A2A005B
:1035F0002020537461636B696E67206572726F720D
:103600002028636F6E746578742061726561206D27
:1036100069676874206265206E6F742076616C69DA
:103620006429002020556E737461636B696E672096
:103630006572726F7200202044617461204163637F
:103640006573732056696F6C6174696F6E0020201A
:103650004D4D46415220416464726573733A203087
:10366000782578002020496E737472756374696FD1
:103670006E204163636573732056696F6C61746972
:103680006F6E00574553545F544F504449522F7A40
:1036900065706879722F617263682F61726D2F6334
:1036A0006F72652F636F727465785F6D2F666175D9
:1036B0006C742E6300212828285343425F5479708C
:1036C00065202A2920282830784530303045303090
:1036D00030554C29202B20307830443030554C293F
:1036E00020292D3E434653522026202831554C2078
:1036F0003C3C20283055202B20345529292900090D
:10370000537461636B696E67206F722044617461EA
:10371000204163636573732056696F6C6174696FD0
:103720006E206572726F7220776974686F7574208D
:10373000737461636B2067756172642C20757365A7
:10374000722D6D6F6465206F72206E756C6C2D70BC
:103750006F696E74657220646574656374696F6EF9
:103760000A0A002A2A2A2A2A205553414745204678
:1037700041554C54202A2A2A2A2A002020446976BE
:103780006973696F6E206279207A65726F002020FC
:10379000556E616C69676E6564206D656D6F7279D9
:1037A00020616363657373002020537461636B2031
:1037B0006F766572666C6F772028636F6E746578BC
:1037C000742061726561206E6F742076616C69642B
:1037D000290020204E6F20636F70726F63657373D2
:1037E0006F7220696E737472756374696F6E7300A3
:1037F0002020496C6C6567616C206C6F6164206F80
:1038000066204558435F52455455524E20696E74A8
:103810006F205043002020496C6C6567616C2075F7
:103820007365206F662074686520455053520020F0
:1038300020417474656D707420746F2065786563C1
:1038400075746520756E646566696E656420696E61
:10385000737472756374696F6E002A2A2A2A2A208B
:10386000425553204641554C54202A2A2A2A2A00E0
:103870002020537461636B696E67206572726F728A
:103880000020205072656369736520646174612053
:10389000627573206572726F720020204246415239
:1038A00020416464726573733A2030782578002073
:1038B00020496D707265636973652064617461206D
:1038C000627573206572726F72002020496E737486
:1038D00072756374696F6E20627573206572726FA2
:1038E0007200526573657276656420457863657011
:1038F00074696F6E20280053707572696F7573203C
:10390000696E746572727570742028495251200076
:10391000535053454C20696E207468726561642071
:103920006D6F646520646F6573206E6F7420696EBF
:10393000646963617465205053500065736620218B
:103940003D202828766F6964202A293029000945FE
:10395000534620636F756C64206E6F74206265201F
:1039600072657472696576656420737563636573E7
:103970007366756C6C792E205368616C6C206E6573
:10398000766572206F636375722E0A002A2A2A2ACE
:103990002A2048415244204641554C54202A2A2A84
:1039A0002A2A002020427573206661756C74206F8E
:1039B0006E20766563746F72207461626C6520722C
:1039C0006561640020204465627567206576656ED8
:1039D000740020204661756C7420657363616C61AE
:1039E00074696F6E20287365652062656C6F772936
:1039F00000415243485F455843455054207769740D
:103A00006820726561736F6E2025780A000946612F
:103A1000756C7420657363616C6174696F6E207777
:103A20006974686F75742046535220696E666F0A18
:103A30000009486172644661756C74207769746826
:103A40006F7574204846535220696E666F20536824
:103A5000616C6C206E65766572206F636375720AA7
:103A6000002A2A2A2A2A204465627567206D6F6E13
:103A700069746F7220657863657074696F6E202A4F
:103A80002A2A2A2A002A2A2A2A2A2025732025645B
:103A900029202A2A2A2A2A00574553545F544F5076
:103AA0004449522F7A65706879722F617263682F6A
:103AB00061726D2F636F72652F636F727465785FCB
:103AC0006D2F6972715F6D616E6167652E63007045
:103AD00072696F203C3D20282831554C203C3C2009
:103AE00028332929202D2031290009696E76616C3F
:103AF0006964207072696F72697479202564206628
:103B00006F7220256420697271212076616C756561
:103B100073206D757374206265206C6573732074F7
:103B200068616E20256C750A0A006D70750046612B
:103B3000696C656420746F20616C6C6F636174657F
:103B4000206E6577204D505520726567696F6E2035
:103B500025750A00506172746974696F6E2025754D
:103B60003A2073616E69747920636865636B2066BF
:103B700061696C65642E00496E76616C69642075BC
:103B80006E6465726C79696E6720726567696F6EC5
:103B900020696E64657820257500574553545F543D
:103BA0004F504449522F7A65706879722F61726361
:103BB000682F61726D2F636F72652F6D70752F6145
:103BC000726D5F6D70752E630009436F6E66696775
:103BD0007572696E6720257520737461746963203E
:103BE0004D505520726567696F6E73206661696C10
:103BF00065640A0A00094D61726B696E672025755C
:103C000020617265617320666F722064796E616DE8
:103C1000696320726567696F6E73206661696C65A0
:103C2000640A0A00095265717565737420746F2007
:103C3000636F6E6669677572653A202575207265D7
:103C400067696F6E732028737570706F7274656426
:103C50003A202575290A0A002128726567696F6E66
:103C60005B6964785D2E64745F61747472202620D1
:103C70002831554C203C3C20283029292900095264
:103C8000414D5F4E4F43414348452077697468205A
:103C900044545F4D454D5F434143484541424C4587
:103CA000206174747269627574650A0A000946615C
:103CB000696C656420746F20616C6C6F63617465FE
:103CC000204D505520726567696F6E732066726F64
:103CD0006D2044540A0A00464C4153485F3000535B
:103CE00052414D5F3000574553545F544F50444943
:103CF000522F7A65706879722F6C69622F6E6574C5
:103D00005F6275662F6275662E63006275662D3E72
:103D1000666C616773203D3D203055006275662DED
:103D20003E6672616773203D3D202828766F696486
:103D3000202A29302900706F6F6C007265715F73E3
:103D4000697A65203C3D2073697A6500090A006C38
:103D5000697374006E65745F6275660057455354ED
:103D60005F544F504449522F7A65706879722F6CB6
:103D700069622F6E65745F6275662F6275665F7328
:103D8000696D706C652E63006275662D3E6C656EA4
:103D9000203D3D203055006E65745F6275665F732F
:103DA000696D706C655F68656164726F6F6D2862C4
:103DB000756629203E3D206C656E006E65745F62FD
:103DC00075665F73696D706C655F7461696C726F45
:103DD0006F6D2862756629203E3D206C656E006E11
:103DE00065745F6275665F73696D706C6500736F93
:103DF0006300574553545F544F504449522F6D6FE1
:103E000064756C65732F68616C2F6E6F7264696383
:103E10002F6E7266782F68616C2F6E72665F6970A4
:103E2000632E6800696E646578203C203136004658
:103E300061696C65642073796E6368726F6E697A0C
:103E40006564205254432073657475702028657230
:103E5000723A2025642900574553545F544F50440B
:103E600049522F7A65706879722F736F632F6E6F66
:103E7000726469632F6E726635332F73796E635F78
:103E80007274632E6300657272203D3D204E52466F
:103E9000585F535543434553530073796E635F72C4
:103EA00074630062745F72706100496E76616C6960
:103EB0006420727820747970653A20257500496E07
:103EC00076616C696420747820747970653A202575
:103ED00075004843492064726976657220697320D1
:103EE0006E6F742072656164790048434920647282
:103EF00069766572206F70656E206661696C6564B5
:103F000020282564290062745F6863695F726177A5
:103F100000574553545F544F504449522F7A6570AF
:103F20006879722F647269766572732F636C6F6340
:103F30006B5F636F6E74726F6C2F636C6F636B5F1C
:103F4000636F6E74726F6C5F6E72662E630074794D
:103F50007065203C20434C4F434B5F434F4E5452BF
:103F60004F4C5F4E52465F545950455F434F554E3C
:103F70005400636C6F636B40343130303530303017
:103F8000006866636C6B006C66636C6B00636C6FDF
:103F9000636B5F636F6E74726F6C00574553545F51
:103FA000544F504449522F7A65706879722F647269
:103FB00069766572732F656E74726F70792F656E96
:103FC00074726F70795F6E7266352E630026656E4F
:103FD00074726F70795F6E7266355F6461746120B0
:103FE0003D3D206465762D3E646174610072616EB2
:103FF000646F6D40343130303930303000574553C4
:10400000545F544F504449522F7A65706879722F2B
:10401000696E636C7564652F7A65706879722F6458
:104020007269766572732F6770696F2F6770696F39
:104030005F7574696C732E680063616C6C62616398
:104040006B00094E6F2063616C6C6261636B210AC7
:104050000063616C6C6261636B2D3E68616E646CC1
:10406000657200094E6F2063616C6C6261636B2046
:1040700068616E646C6572210A00574553545F5441
:104080004F504449522F6D6F64756C65732F686192
:104090006C2F6E6F726469632F6E7266782F686121
:1040A0006C2F6E72665F6770696F2E68006E726645
:1040B0005F6770696F5F70696E5F70726573656E60
:1040C000745F636865636B282A705F70696E29008E
:1040D000574553545F544F504449522F7A65706886
:1040E00079722F647269766572732F6770696F2FAA
:1040F0006770696F5F6E7266782E630063622D3E33
:1041000068616E646C6572006770696F4034313845
:104110006330383030006770696F40343138633055
:104120003530300074785F6D61736B20746F6F2071
:1041300062696720286F72204950435F434F4E46A3
:104140005F4E554D20746F6F20736D616C6C29004C
:1041500072785F6D61736B20746F6F206269672086
:10416000286F72204950435F434F4E465F4E554D76
:1041700020746F6F20736D616C6C2900456E6162F5
:104180006C696E67206368616E6E656C2077697418
:10419000686F7574206120726567697374657265F4
:1041A000642063616C6C6261636B0A0053656E64CA
:1041B000696E672064617461206E6F74207375701E
:1041C000706F72746564005258206576656E742055
:1041D0006F6E20696C6C6567616C206368616E6EE0
:1041E000656C005258206576656E74206F6E206491
:1041F000697361626C6564206368616E6E656C00F2
:104200006D626F78403431303132303030006D6261
:104210006F785F6E7266785F6970630000010203F9
:10422000040506070B4661696C656420746F2061A4
:104230006C6C6F6361746520505049204368616EF7
:104240006E656C00756172744034313031333030DA
:104250003000756172745F6E7266785F756172743A
:104260006500574553545F544F504449522F7A6567
:10427000706879722F647269766572732F74696DD4
:1042800065722F6E72665F7274635F74696D6572BA
:104290002E63006368616E203E3D2030202626207C
:1042A0006368616E203C202831202B203129006377
:1042B00068616E203E2030202626206368616E20D3
:1042C0003C202831202B20312900574553545F547E
:1042D0004F504449522F7A65706879722F696E6326
:1042E0006C7564652F7A65706879722F647269766F
:1042F0006572732F656E74726F70792E68006170CD
:10430000692D3E6765745F656E74726F70792021E8
:104310003D202828766F6964202A29302900094326
:10432000616C6C6261636B20706F696E7465722082
:1043300073686F756C64206E6F74206265204E55D3
:104340004C4C0A00574553545F544F504449522F28
:104350006E72662F7375627379732F626C756574F4
:104360006F6F74682F636F6E74726F6C6C65722FF1
:104370006863695F6472697665722E6300095468C8
:104380006520656E74726F707920736F75726365E6
:104390002072657475726E656420616E206572723C
:1043A0006F7220696E206120626C6F636B696E674B
:1043B0002063616C6C0A00574553545F544F50445E
:1043C00049522F6E72662F696E636C7564652F6D2E
:1043D00070736C2F6D70736C5F776F726B2E6800EB
:1043E000096B5F776F726B5F7375626D69745F7471
:1043F0006F5F71756575652829206661696C6564F4
:104400002E0A00456E74726F707920736F75726337
:104410006520646576696365206E6F7420726561DE
:104420006479004661696C656420746F2072656709
:1044300069737465722072616E6420736F75726344
:1044400065202825642900416C6C6F636174656484
:10445000206D656D6F727920746F6F206C6F773A85
:10446000202575203C202575004576656E742062F8
:10447000756666657220746F6F20736D616C6C2E4B
:10448000202575203E20257500556E657870656382
:10449000746564206D73675F747970653A20257563
:1044A0002E20546869732069662D656C7365206ED3
:1044B000656564732061206E6577206272616E634A
:1044C0006800556E6B6E6F776E206572726F72202A
:1044D0007768656E2070726F63657373696E6720AD
:1044E000686369206D657373616765202564006288
:1044F000745F6863695F7364630062745F736463AD
:104500005F6863695F6472697665720062745F7385
:1045100064635F63727970746F00574553545F54DE
:104520004F504449522F6E72662F737562737973C0
:104530002F6D70736C2F696E69742F6D70736C5F63
:10454000696E69742E6300094D50534C20415353DA
:104550004552543A2025732C2025640A0A006572BE
:1045600072636F6465203D3D2030004D50534C20F8
:10457000576F726B006D70736C5F696E6974004584
:1045800052524F523A2043616E6E6F742066756CC2
:1045900066696C6C204558545F41504920726571C2
:1045A000756573742E0D0A005741524E494E473AB5
:1045B000204F7074696F6E616C204558545F415094
:1045C000492072657175657374206E6F742066750D
:1045D0006C66696C6C65642E0D0A00574553545F18
:1045E000544F504449522F6E72662F64726976653B
:1045F00072732F6D70736C2F636C6F636B5F636F7F
:104600006E74726F6C2F6E7266785F636C6F636B23
:104610005F6D70736C2E6300094E6F74207375703C
:10462000706F727465640A000000000101000000F0
:10463000574553545F544F504449522F6D6F647522
:104640006C65732F68616C2F6E6F726469632F6E77
:104650007266782F68616C2F6E72665F6470706925
:104660002E68006368616E6E656C203C206E726619
:104670005F647070695F6368616E6E656C5F6E75B4
:104680006D6265725F67657428705F726567290087
:10469000574553545F544F504449522F6D6F6475C2
:1046A0006C65732F68616C2F6E6F726469632F6E17
:1046B0007266782F68656C706572732F6E7266789B
:1046C0005F677070695F647070692E630065657004
:1046D0000074657000574553545F544F504449521D
:1046E0002F6D6F64756C65732F68616C2F6E6F72C0
:1046F0006469632F6E7266782F68616C2F6E7266C4
:104700005F6770696F74652E6800696E64657820F4
:104710003C203800574553545F544F504449522F62
:104720006D6F64756C65732F68616C2F6E6F72644A
:1047300069632F6E7266782F647269766572732F63
:104740007372632F6E7266785F6770696F74652E1F
:1047500063006E7266795F6770696F5F70696E5F24
:1047600070726573656E745F636865636B287069EA
:104770006E290070696E5F69735F696E7075742869
:10478000705F696E7374616E63652C2070696E2949
:104790000070696E5F6861735F74726967676572E4
:1047A00028705F696E7374616E63652C2070696E2A
:1047B0002900705F6368616E6E656C00696E745F7E
:1047C000656E61626C650000203030303030303012
:1047D000303030303030300001574553545F544F43
:1047E000504449522F6D6F64756C65732F68616C0E
:1047F0002F6E6F726469632F6E7266782F647269B0
:10480000766572732F7372632F6E7266785F69704C
:10481000632E6300705F636F6E666967006D5F6330
:10482000622E7374617465203D3D204E5246585F80
:104830004452565F53544154455F494E495449418F
:104840004C495A454400756E7265676973746572A8
:104850006564202573206275730A0067656E657252
:104860006963006D6574616C3A20656D657267659A
:104870006E63793A20006D6574616C3A20616C65F5
:1048800072743A2020202020006D6574616C3A20FB
:10489000637269746963616C3A2020006D657461AC
:1048A0006C3A206572726F723A2020202020006DD1
:1048B0006574616C3A207761726E696E673A202088
:1048C00020006D6574616C3A206E6F746963653A9F
:1048D00020202020006D6574616C3A20696E666F3F
:1048E0003A202020202020006D6574616C3A2064FD
:1048F000656275673A20202020200025733A2066E3
:10490000726565696E67206E6F6E2D656D70747966
:10491000207669727471756575650D0A00756E652E
:104920007870656374656420627566666572206878
:10493000656C6420636F756E7465720D0A0057456F
:1049400053545F544F504449522F6D6F64756C65DA
:10495000732F6C69622F6F70656E2D616D702F6F94
:1049600070656E2D616D702F6C69622F72706D7342
:10497000672F72706D73675F76697274696F2E63EB
:1049800000737461747573203D3D2073697A656F9F
:10499000662872705F68647229007374617475733D
:1049A000203D3D203000726574203D3D2030007375
:1049B0007461747573203E3D2030007374617475AA
:1049C00073203D3D206C656E0072785F76710074D7
:1049D000785F7671004E5300574553545F544F50E3
:1049E0004449522F7A65706879722F6B65726E65D3
:1049F0006C2F6465766963652E6300646576203C80
:104A00003D205F6465766963655F6C6973745F659B
:104A10006E640048616C74696E67207379737465A5
:104A20006D00556E6B6E6F776E206572726F7200DF
:104A3000756E6B6E6F776E003E3E3E205A45504855
:104A4000595220464154414C204552524F52202544
:104A5000643A202573206F6E204350552025640052
:104A60004661756C7420647572696E6720696E7436
:104A70006572727570742068616E646C696E670A25
:104A80000043757272656E74207468726561643A71
:104A9000202570202825732900574553545F544F13
:104AA000504449522F7A65706879722F6B65726E27
:104AB000656C2F666174616C2E6300726561736F43
:104AC0006E20213D204B5F4552525F4B45524E4573
:104AD0004C5F50414E49430009417474656D7074D8
:104AE000656420746F207265636F766572206672EC
:104AF0006F6D2061206B65726E656C2070616E69F0
:104B00006320636F6E646974696F6E0A0043505569
:104B100020657863657074696F6E00556E68616EAC
:104B2000646C656420696E7465727275707400538C
:104B30007461636B206F766572666C6F77004B658E
:104B4000726E656C206F6F7073004B65726E656C72
:104B50002070616E696300574553545F544F504451
:104B600049522F7A65706879722F6B65726E656C29
:104B70002F696E69742E63007468726561645F6486
:104B8000617461203C3D205F5F7374617469635F91
:104B90007468726561645F646174615F6C69737489
:104BA0005F656E64006D61696E006F7300574553F9
:104BB000545F544F504449522F7A65706879722F70
:104BC0006B65726E656C2F6B686561702E63006833
:104BD000656170203C3D205F6B5F686561705F6C54
:104BE0006973745F656E640021617263685F6973E5
:104BF0005F696E5F6973722829207C7C2028287485
:104C0000696D656F7574292E7469636B73203D3D02
:104C1000202828286B5F74696D656F75745F74292F
:104C2000207B307D29292E7469636B7329005745D9
:104C300053545F544F504449522F7A6570687972CB
:104C40002F6B65726E656C2F69646C652E63005FF7
:104C50006B65726E656C2E637075735B305D2E6371
:104C6000757272656E742D3E626173652E70726925
:104C70006F203E3D203000574553545F544F504401
:104C800049522F7A65706879722F6B65726E656C08
:104C90002F6D757465782E630021617263685F699A
:104CA000735F696E5F697372282900096D75746599
:104CB0007865732063616E6E6F7420626520757312
:104CC000656420696E7369646520495352730A00F4
:104CD0006D757465782D3E6C6F636B5F636F756E79
:104CE00074203E20305500574553545F544F504474
:104CF00049522F7A65706879722F6B65726E656C98
:104D00002F696E636C7564652F6B73636865642EC1
:104D1000680021617263685F6972715F756E6C6FA4
:104D2000636B6564286B65792900746872656164DA
:104D30002D3E626173652E70656E6465645F6F6E93
:104D400000574553545F544F504449522F7A657071
:104D50006879722F6B65726E656C2F73656D2E634B
:104D6000002828617263685F69735F696E5F6973A9
:104D7000722829203D3D203029207C7C2028287461
:104D8000696D656F7574292E7469636B73203D3D81
:104D9000202828286B5F74696D656F75745F7429AE
:104DA000207B307D29292E7469636B732929005774
:104DB0004553545F544F504449522F7A6570687977
:104DC000722F6B65726E656C2F776F726B2E63003E
:104DD000776F726B2D3E717565756520213D2028BA
:104DE00028766F6964202A29302900776F726B203A
:104DF000213D202828766F6964202A2930290077F0
:104E00006F726B2D3E68616E646C657220213D206F
:104E10002828766F6964202A2930290021666C6170
:104E2000675F746573742826776F726B2D3E666CAE
:104E30006167732C204B5F574F524B5F44454C4189
:104E40005941424C455F4249542900216B5F6973C7
:104E50005F696E5F69737228290073796E63202120
:104E60003D202828766F6964202A29302900717531
:104E700065756500737461636B0021666C61675FC3
:104E800074657374282671756575652D3E666C6151
:104E900067732C204B5F574F524B5F51554555451B
:104EA0005F535441525445445F4249542900574589
:104EB00053545F544F504449522F7A657068797249
:104EC0002F6B65726E656C2F7468726561642E63FA
:104ED00000282828287072696F2929203D3D20313B
:104EE00035202626207A5F69735F69646C655F747C
:104EF00068726561645F656E7472792828656E7486
:104F00007279292929207C7C202828283135202DD8
:104F1000203129203E3D2028282D313629292920DD
:104F200026262028287072696F2929203E3D2028D6
:104F3000282D313629292026262028287072696FCD
:104F40002929203C3D20283135202D2031292929AF
:104F50000009696E76616C6964207072696F7269AC
:104F6000747920282564293B20616C6C6F77656417
:104F70002072616E67653A20256420746F20256475
:104F80000A000954687265616473206D6179206E4E
:104F90006F74206265206372656174656420696E58
:104FA00020495352730A00574553545F544F50449D
:104FB00049522F7A65706879722F6B65726E656CD5
:104FC0002F73636865642E6300217A5F69735F697C
:104FD000646C655F7468726561645F6F626A656363
:104FE00074287468726561642900574553545F548E
:104FF0004F504449522F7A65706879722F6B6572F1
:105000006E656C2F696E636C7564652F6B74687266
:105010006561642E68005F6B65726E656C2E6370EF
:1050200075735B305D2E63757272656E7420213D01
:10503000202828766F6964202A2930290073697A2C
:10504000656F66285F73636865645F7370696E6C13
:105050006F636B29203D3D2030207C7C206C6F638A
:105060006B20213D20265F73636865645F73706900
:105070006E6C6F636B005F6B65726E656C2E637038
:1050800075735B305D2E63757272656E742D3E6252
:105090006173652E73636865645F6C6F636B6564D1
:1050A00020213D203155005F6B65726E656C2E636B
:1050B0007075735B305D2E63757272656E742D3E14
:1050C000626173652E73636865645F6C6F636B65A3
:1050D0006420213D203055000961626F7274696E51
:1050E0006720657373656E7469616C20746872659E
:1050F00061642025700A00217465726D696E6174A7
:1051000065000961626F72746564205F6375727215
:10511000656E74206261636B2066726F6D206465DA
:1051200061640A00574553545F544F504449522F0D
:105130007A65706879722F6B65726E656C2F746911
:105140006D65736C6963696E672E630028287469E6
:105150006D656F75742920262620282875696E7460
:105160007074725F74292028736C6963655F746959
:105170006D656F7574732929203C3D202828756959
:105180006E747074725F7429202874696D656F7510
:1051900074292920262620282875696E7470747257
:1051A0005F7429202874696D656F75742929203C06
:1051B00020282875696E747074725F7429202826FF
:1051C00028736C6963655F74696D656F75747329A5
:1051D0005B282873697A655F742920282828696EFE
:1051E00074292073697A656F6628636861725B3120
:1051F000202D2032202A202128215F5F6275696CD2
:1052000074696E5F74797065735F636F6D706174DC
:1052100069626C655F70285F5F747970656F665F47
:105220005F28736C6963655F74696D656F7574730E
:10523000292C205F5F747970656F665F5F28262870
:10524000736C6963655F74696D656F757473295BF1
:10525000305D2929295D29202D203129202B202866
:1052600073697A656F6628736C6963655F74696DCD
:10527000656F75747329202F2073697A656F6628AE
:1052800028736C6963655F74696D656F75747329E4
:105290005B305D292929295D2929202626202828F7
:1052A0002875696E747074725F7429202874696D32
:1052B000656F75742929202D20282875696E7470F2
:1052C00074725F74292028736C6963655F74696DFB
:1052D000656F75747329292920252073697A656F94
:1052E000662828736C6963655F74696D656F757492
:1052F00073295B305D29203D3D20302900574553FF
:10530000545F544F504449522F7A65706879722F18
:105310006B65726E656C2F74696D656F75742E6345
:1053200000217379735F646E6F64655F69735F6C8E
:10533000696E6B65642826746F2D3E6E6F646529F7
:1053400000574553545F544F504449522F7A65706B
:105350006879722F6B65726E656C2F706F6C6C2E36
:10536000630009696E76616C6964206576656E74A8
:105370002074797065202830782578290A0A00651C
:1053800076656E742D3E73656D20213D202828764C
:105390006F6964202A2930290009696E76616C6979
:1053A000642073656D6170686F72650A0A006576C6
:1053B000656E742D3E717565756520213D20282828
:1053C000766F6964202A2930290009696E76616C3C
:1053D00069642071756575650A0A006576656E7485
:1053E0002D3E7369676E616C20213D202828766F01
:1053F0006964202A2930290009696E76616C696424
:1054000020706F6C6C207369676E616C0A0A0065AE
:1054100076656E742D3E6D73677120213D202828BE
:10542000766F6964202A2930290009696E76616CDB
:105430006964206D65737361676520717565756555
:105440000A0A0009696E76616C6964206576656E8A
:105450007420747970650A0A00574553545F544F9D
:10546000504449522F7A65706879722F6B65726E5D
:10547000656C2F6D656D706F6F6C2E6300616C696C
:10548000676E203D3D2030207C7C20282875696E89
:10549000747074725F74296D656D20262028616CAC
:1054A00069676E202D20312929203D3D20300009DB
:1054B0006D6973616C69676E6564206D656D6F728F
:1054C000792061742025702028616C69676E203D09
:1054D00020257A75290A00616C69676E202F207378
:1054E000697A656F6628766F6964202A29203E3DB7
:1054F00020312026262028616C69676E20252073C4
:10550000697A656F6628766F6964202A2929203DAB
:105510003D20300009616C69676E206D75737420E1
:1055200062652061206D756C7469706C65206F66B2
:105530002073697A656F6628766F6964202A290A64
:1055400000737973776F726B7100899A508A950135
:105550009C58FC39D2C11004EE0264CE25BE00FF77
:10556000FFFFFF1F00286E756C6C29002A666C6FA8
:1055700061742A0000880001FFFFFFFFFF1F000089
:105580001F000000000000007FFE0000E407000094
:10559000DD50000000010000FFFFFFFF1FFF1B00A8
:1055A000BAABBABA10101010A0354D00FF000000C1
:1055B000C40900000000000000C00041000000001D
:1055C000000000000C00000000FF7F000000000051
:1055D00000000000000000000000000000000000CB
:1055E000000000000000000029BF000161D100019F
:1055F000F1BD000121DA0001F1BD0001F1BD0001A2
:10560000F1BD0001F1BD0001F1BD000175D6000141
:1056100049D80001F1BD0001F1BD000129BF000121
:1056200061D1000135CF000121DA0001F1BD000197
:10563000DDD8000151D70001F1BD0001F1BD00012D
:1056400075D6000149D80001EDD70001D9D6000177
:105650006DBF00012DD1000159CE0001B5CE000172
:105660006DBF00012DD10001B1DB000195DB000110
:1056700025D5000171D5000119D60001C1D5000161
:10568000B1DB000195DB000171CF000141BF0001DA
:10569000B9BF0001B9BF000141CC000159BF0001F1
:1056A00071CF000141BF0001C1E1000149C100010A
:1056B00009E8000141E80001BDC9000135CA000147
:1056C00071D4000149C1000100000000F9DC0001B3
:1056D000D8000021F0000021A400002130010021A9
:1056E00010010021EDDB0001E8000021080100218C
:1056F00070000021480100212801002131C600016D
:10570000EDC6000199D90001E1D4000100000000BC
:105710000000000000000000000000000000000089
:105720000000000000000000000000007D370101C3
:1057300000000000571102010000000009120201E0
:1057400000000000D311020100000000EB11020173
:1057500000000000EF11020100000000BB11020177
:10576000000000009F11020100000000B937010194
:1057700000000000A3110201000000000000000072
:105780000000000000000000000000000000000019
:105790000000000000000000000000000000000009
:1057A00000000000000000000000000000000000F9
:1057B00000000000000000000000000000000000E9
:1057C00000000000000000000000000000000000D9
:1057D00000000000000000000000000000000000C9
:1057E00000000000000000000000000000000000B9
:1057F00000000000000000000000000000000000A9
:105800000000000000000000000000000000000098
:105810000000000000000000000000000000000088
:105820000000000000000000000000000000000078
:105830000000000000000000000000000000000068
:105840000000000000000000000000000000000058
:105850000000000000000000000000000000000048
:105860000000000000000000000000000000000038
:105870000000000000000000000000000000000028
:105880000000000000000000000000000000000018
:105890000000000000000000000000000000000008
:1058A00000000000000000000000000000000000F8
:1058B00000000000000000000000000000000000E8
:1058C00000000000000000000000000000000000D8
:1058D00000000000000000000000000000000000C8
:1058E00000000000000000000000000000000000B8
:1058F00000000000000000000000000000000000A8
:105900000000000000000000000000000000000097
:105910000000000000000000000000000000000087
:105920000000000000000000000000000000000077
:105930000000000000000000000000000000000067
:105940000000000000000000000000000000000057
:105950000000000000000000000000000000000047
:105960000000000000000000000000000000000037
:105970000000000000000000000000000000000027
:105980000000000000000000000000000000000017
:105990000000000000000000000000000000000007
:1059A00000000000000000000000000000000000F7
:1059B00000000000000000000000000000000000E7
:1059C00000000000000000000000000000000000D7
:1059D00000000000000000000000000000000000C7
:1059E00000000000000000000000000000000000B7
:1059F00000000000000000000000000000000000A7
:105A00000000000000000000000000000000000096
:105A10000000000000000000000000000000000086
:105A20000000000000000000000000000000000076
:105A30000000000000000000000000000000000066
:105A40000000000000000000000000000000000056
:105A50000000000000000000000000000000000046
:105A60000000000000000000000000000000000036
:105A70000000000000000000000000000000000026
:105A80000000000000000000000000000000000016
:105A90000000000000000000000000000000000006
:105AA00000000000000000000000000000000000F6
:105AB00000000000000000000000000000000000E6
:105AC00000000000000000000000000000000000D6
:105AD00000000000000000000000000000000000C6
:105AE00000000000000000000000000000000000B6
:105AF00000000000000000000000000000000000A6
:105B00000000000000000000000000000000000095
:105B10000000000000000000000000000000000085
:105B20000000000000000000000000000000000075
:105B30000000000000000000000000000000000065
:105B40000000000000000000000000000000000055
:105B50000000000000000000000000000000000045
:105B60000000000000000000000000000000000035
:105B70000000000000000000000000000000000025
:105B80000000000000000000000000000000000015
:105B90000000000000000000000000000000000005
:105BA00000000000000000000000000000000000F5
:105BB00000000000000000000000000000000000E5
:105BC00000000000000000000000000000000000D5
:105BD00000000000000000000000000000000000C5
:105BE00000000000000000000000000000000000B5
:105BF00000000000000000000000000000000000A5
:105C00000000000000000000000000000000000094
:105C10000000000000000000000000000000000084
:105C20000000000000000000000000000000000074
:105C30000000000000000000000000000000000064
:105C40000000000000000000000000000000000054
:105C50000000000000000000000000000000000044
:105C60000000000000000000000000000000000034
:105C700000000000000700211F3C0201253C02013A
:105C8000273C02014D3C02012B3C0201573C020122
:105C9000313C0201633C0201373C0201693C0201D4
:105CA000433C0201473C0201393C02013F3C0201F6
:105CB000533C02015D3C0201142703010100000076
:105CC000C32B030100000000F53C0201013D02016D
:105CD00000000000000000006DFF02010100000054
:105CE000000007200000010058200301010000000F
:105CF0005820030100000000020000000000000026
:105D0000000000000002000083060301DC270301FD
:105D10000000000000000000ED0903010000000089
:105D200000000000F0FFFFFF6C200301FFFF0000F8
:105D3000FFFF000000F000410000000000E0FFFF56
:105D40003F00000000E0FFFF3F00000000000000F7
:105D50000000000000000000000000000000000043
:105D60000000000000000000000000000000000033
:105D70000000000000000000000000000000000023
:105D80000000000000000000000000000000000013
:105D90000000000000000000000000000000000003
:105DA00000000000000000000000000000000000F3
:105DB00000000000000000000000000008000000DB
:105DC000FF000000000000000300000000000000D1
:105DD0005B480301000000004DB702010000000015
:105DE00000000000000000000000000000000000B3
:105DF00000000000000000000000000084080021F6
:105E000084080021000000000000000000000000E5
:105E10000000000000000000000000000000000082
:105E20000000000000000000000000000000000072
:105E30000000000000000000000000000000000062
:105E40000000000000000000000000000000000052
:105E50000000000000000000000000000000000042
:105E6000206200210020000000000000000000006F
:105E700000000000FC080021FC08002100000000D8
:105E8000000000000E000000100900211009002190
:105E9000000000000100000020090021200900216D
:105EA000280900212809002100000000010000004D
:105EB000380900213809002100000000000000001E
:105EC000000000004C0900214C0900215409002168
:105ED0005409002100000000000000000000000044
:105EE000680900216809002170090021700900215A
:105EF00000000000000000000000000084090021F4
:105F0000840900218C0900218C0900210000000077
:105F100008000800010000000000000050280301F4
:105F2000209200210000000000000000000000009E
:105F3000B8090021B8090021C0090021C0090021C9
:105F4000000000000A000A0001000000000000003C
:105F500060280301B495002100000000000000004B
:105F600000000000EC090021EC090021F4090021E7
:105F7000F4090021000000000A000A0001000000EE
:105F8000B582020170280301E0A0002115E015E0B0
:105F9000DEE61E2883845186023501000088000158
:105FA0007F21EEE7F07D2CB751101E54279F89BF4B
:105FB00092B23805471A49099274CE93CCD1CAC619
:105FC0002E0720968DFB245CEA8818E9ECFB003450
:105FD000D6E0675DB5C4C82D75038B92FA83A3D153
:105FE00082187250859DCD5D088AFDC941A849106F
:105FF000B8F8A22E0FBDAD742AC2AB6BE653B5E85C
:10600000956D190880CEB2E7550C83243779158732
:10601000A3B598C4263EE1AD9CD7B4E545F8E3703E
:10602000AA75AD47D67C46FC443B8F64B032400A2B
:106030001CECEF17A7123DF42B4D88756A14FF0B6B
:00000001FF
