:10000000D8A304206923000071820000552300005A
:100010005523000055230000552300005523000000
:10002000000000000000000000000000BD240000EF
:100030005523000000000000652400005523000047
:100040003526000035260000352600003526000044
:100050003526000035260000352600003526000034
:100060003526000035260000352600003526000024
:100070003526000035260000352600003526000014
:100080003526000035260000352600003526000004
:1000900035260000352600003526000035260000F4
:1000A00035260000352600003526000035260000E4
:1000B00035260000352600003526000035260000D4
:1000C00035260000352600003526000035260000C4
:1000D00035260000352600003526000035260000B4
:1000E00035260000352600003526000035260000A4
:1000F0003526000035260000352600003526000094
:100100003526000035260000352600003526000083
:100110003526000035260000352600003526000073
:100120003526000035260000352600003526000063
:100130003526000035260000352600003526000053
:100140003526000035260000352600003526000043
:040150003526000050
:1001540053B94AB9002908BF00281CBF4FF0FF312A
:100164004FF0FF3000F00CB8ADF1080C6DE904CE8F
:1001740000F008F8DDF804E0DDE9022304B070477C
:10018400704700BF2DE9F04786468C460846089E16
:10019400154674461946002B40F0C1808542B2FAD8
:1001A40082F245D94AB1C2F1200300FA02FC95401B
:1001B40094402EFA03F343EA0C0C4FEA154EA8B20E
:1001C400230CBCFBFEF80EFB18CC08FB00F943EA39
:1001D4000C43994528D9EB1808F1FF3704D2994507
:1001E40002D9A8F102072B44A3EB0903A4B2B3FB81
:1001F400FEFC0EFB1C330CFB00F044EA0344A0425B
:1002040014D92C190CF1FF3304D2A04202D9ACF159
:1002140002032C44241A43EA07401EB1D4400023AD
:1002240034607360BDE8F0874746DDE76346F1E775
:1002340092BB431B01214FEA154EAFB2200CB3FB16
:10024400FEFC0EFB1C330CFB07F840EA0343984505
:1002540061D9EB180CF1FF3004D2984502D9ACF106
:1002640002002B44A3EB0803A4B2B3FBFEFC0EFB79
:100274001C330CFB07F744EA0344A7424DD92C195D
:100284000CF1FF3304D2A74202D9ACF102032C448F
:10029400E41B43EA0040C0E7C2F1200395409440C8
:1002A40020FA03F12EFA03F34FEA154E9040AFB251
:1002B4000343B1FBFEFC0EFB1C10190C0CFB07F8EE
:1002C40041EA0041884522D969180CF1FF3004D273
:1002D400884502D9ACF102002944A1EB08019BB284
:1002E400B1FBFEFC0EFB1C110CFB07F743EA0143B8
:1002F4009F420ED9EB180CF1FF3104D29F4202D970
:10030400ACF102012B44DB1B41EA004193E7604658
:10031400E3E76146F7E76046A4E76346B8E783424C
:1003240006D916B9002108467CE7C6E900E0F9E7DA
:10033400B3FA83F78FB9834201D3724508D8BEEB71
:10034400020460EB030301209C461EB9002169E707
:100354003846FAE7C6E9004CF8E7C7F1200CBB4081
:100364000EFA07F522FA0CF42EFA0CF1BA401C43EB
:1003740020FA0CF3B8404FEA144901431FFA84FEF3
:10038400B3FBF9F809FB18300B0C08FB0EFA43EA2F
:1003940000439A4540D9E31808F1FF3004D29A4546
:1003A40002D9A8F102002344A3EB0A0389B2B3FBE8
:1003B400F9F809FB183308FB0EFE41EA03418E45A8
:1003C4002CD9611808F1FF3304D28E4502D9A8F163
:1003D4000203214443EA0040A1EB0E01A0FB029872
:1003E4004145CE46434602D306D14D4504D2013899
:1003F400B9EB020E68EB0403002EA7D0B5EB0E0296
:1004040061EB030101FA0CFC22FA07F3F9404CEA10
:100414000303C6E9003199E74046C5E74346D9E7F7
:10042400F0B5404B404A4921C2F80036C2F80436C0
:10043400C2F80836C2F80C36C2F81036C2F81436C0
:10044400C2F81836C2F81C3602F58052C2F80036DB
:100454003648C2F8043687B0C2F80836C2F80C36FB
:10046400C2F81036C2F81436C2F81836C2F81C3670
:1004740007F058FE00F06AF806F0C3FC03A800F089
:10048400BFFE2B4B1B68834204D04521294807F04B
:1004940049FEFEE74921059A274807F043FE0399E0
:1004A40026484B7D0A7DC98A0091492107F03AFE0E
:1004B4004921234807F036FE4FF44041002003F061
:1004C40093FE044620B145211E4807F02BFEFEE7AB
:1004D400012003F06FFF02A99DF8100000F05AF804
:1004E400029B059D1D44039B1E8903F065FEAF1905
:1004F40001F0ECF801F0CEF801F064FF84F30B880E
:1005040084F30A88AB5983F3088884F31488BFF30F
:100514006F8FBFF36F8F7B68984745210A4807F0B8
:1005240001FEFEE73546526E00800150B2A1000084
:1005340008240020CBA10000EEA100001DA20000B1
:100544003BA2000060A2000093A2000010B50F4C73
:10055400204608F090FF28B9BDE8104045210C481A
:1005640007F0E0BD2269A1681368204623F08003E8
:1005740013600B684FF40032072198472046BDE80A
:1005840010400022072106F02ABC00BFA0980000FA
:10059400B6A20000024608B538B10548002345213B
:1005A40007F0C0FD6FF0150008BD0860FCE700BF50
:1005B400EDA2000021B1012906D06FF015007047AB
:1005C400044B53F830007047024B03EBC0035868E8
:1005D400704700BF089C00002DE9F04F9B46D9B03E
:1005E400764B039038A8DDE963890E461446659F6F
:1005F4001D6801F023F8B8F1000F07D0B9F1000F1E
:1006040004DD4A46414638A807F016FC4FF00008BE
:1006140033897289D6F80CA013449A44C2453DD854
:1006240038A90CA807F02EFC27B1202238460CA9C3
:1006340007F0A0FE00232246009331464FF6FF73D5
:1006440006A806F0DFFB074628BB214603980B9E4D
:1006540006F0B3FC86421ED84FF0FF36DFF860B1D7
:10066400DFF860910DF1120304AA05A906A806F0AB
:1006740017FC00280FDB40F09A80059906A806F0C5
:100684005BFC10BB4FF6FF71BDF812004E4A32F806
:10069400023B8B4217D1494B1D688BE0629BAAEB4E
:1006A4000809994528BF99465A464B464146204673
:1006B40007F046FD0028EED14A46594638A807F00F
:1006C400BBFBC844AAE79842E1D1BDF81230102B15
:1006D40017D0222B4DD0012BC4D1BDF81030202BC4
:1006E400D9D82046059938AA07F02AFD06460028DD
:1006F400D1D19DF810A0BAF1200F19D94FF0FF36CF
:10070400B0E7BDF81070202FC5D13B4620460599AF
:1007140038AA07F015FD0028BDD13A4638A90CA81F
:1007240006F044FCDBF800308342B4D1012799E79A
:10073400D9F80030DFF894800393039B9E42DDDAFE
:100744001CA800F07BFFD8F804201CA8126858F8F5
:10075400081B07F071FB1CA914A807F093FB524671
:1007640038A914A807F0F6FD00283FF47BAF013642
:10077400E3E7731C3FF476AFD9F80030B342BDDD34
:10078400BDF81030802B86D82046059938AA07F08A
:10079400D7FC00287FF47FAFF6B22021BDF81030DB
:1007A400009638AA0CA800F013F80546A6E7002F17
:1007B4003FF471AF284659B0BDE8F08F08200020FF
:1007C40008240020189C000074A100001C9C000058
:1007D4002DE9F04798B016461D469DF88020394B08
:1007E400074653F8321003EBC2035B6803911868A1
:1007F400DFF8D4800144302304AA03A8D8F8009079
:1008040006F0D3FC002849D1DDE903431C4421460A
:1008140008AB05AA03A806F0F0FC00283ED1069A0E
:10082400072A3BD12949079807F094FD002835D1C0
:10083400099A082A32D126490A9807F08BFD68BB29
:10084400214604AA03A806F0C4FC38BBDDE903A3CF
:100854000AEB0302944221D1412B1FD135443023AA
:10086400294605AA04A8049606F09FFCA0B9DDE970
:10087400043213449D420FD32A4604A908A806F063
:1008840069FB48B92A4604A910A806F063FB18B905
:100894009AF80030042B05D0D8F80090484618B0D8
:1008A400BDE8F08700F0DCFD20220090394608AB5B
:1008B4000AF1010007F05DF90128EDD1054BD3F8E9
:1008C4000090EBE71C9C0000082000201CA3000003
:1008D40013A3000008240020034637B54FF4007228
:1008E400084693F8B84013490192620051F8225027
:1008F400A8420ED1582101FB043201FB0434526A90
:10090400283401A907F08EFC08B9019B236003B0C9
:1009140030BD013251F82220904208D1582101FB08
:10092400043201FB0433126D03F15404E9E701209E
:10093400EDE700BF249C000070B590F8B850104E4D
:100944006D0056F825100446FFF7C6FF98B9013527
:1009540056F825102046FFF7BFFF054668B9582210
:1009640094F8B83002FB0343186A07F02BFCC4F870
:10097400B400284670BD0125FBE70925F9E700BF4F
:10098400249C00002DE9F04F4FF02C08582508FB5B
:1009940001F890F8B890044605FB098303441E6AE5
:1009A40087B030460F4607F014FC024694F8B800AE
:1009B40015FB008525446B1E033513F8011F914276
:1009C40054D1AB42F9D1454B1D68284607B0BDE868
:1009D400F08F434B1D68434B1B68AB420DD057B19E
:1009E400B2680021304607F0D5FB3F4A45213F4815
:1009F40007F098FBE7E73E4AF8E7582294F8B83046
:100A04005343E218D16C8E42DFD1D2F82080002209
:100A140005922C2202FB0733234419890423304610
:100A240005AA194407F08CFB0028CCD194F8B830FF
:100A3400012B17D0002BC8D1D8E901231344059901
:100A4400914201D39942C0D945212A4807F06AFB53
:100A54004521294807F066FB00213046B26807F0BB
:100A640099FBB0E74FF08273244AE8E74FF0580B44
:100A74002C220BFB09F302FB0733E5182969CA068C
:100A8400A1D4E2581E4B9A42A3D1EB682A89D2180A
:100A94009FD26B899B189CD2B268934299D240F63C
:100AA4000C6A11EA0A0A94D1394603F08DFC054612
:100AB400144B1B6898428ED14FF4807309FB0B8151
:100AC400009332462046CDE902AA0F4BCDF804A08C
:100AD4002144FFF781FD05467DE700BF0420002087
:100AE40008200020082400202CA3000036A30000C6
:100AF40024A300005EA30000A7A300000088000157
:100B04003DB8F396002000207C7100202DE9F84FB9
:100B1400884691469A460026DFF88CB0234D244C33
:100B24000B9B9E4201D300200FE00B9B40469F1B72
:100B3400B7F5806F28BF4FF480671B4A3B4606EB2E
:100B44000A0107F0FDFA10B10120BDE8F88F0A99F7
:100B54003B465A464846711807F007FB0028F3D174
:100B6400144BC5F800463E44C5F80446C5F808468B
:100B7400C5F80C46C5F81046C5F81446C5F818461D
:100B8400C5F81C46C3F80046C3F80446C3F8084633
:100B9400C3F80C46C3F81046C3F81446C3F8184605
:100BA400C3F81C46BCE700BF0C24002000800150A1
:100BB4003546526E009001502DE9F04F0026044650
:100BC4000D46B046DFF85892DFF858B295B0012EC2
:100BD40084F8B86029D90026934F17F8011B01291E
:100BE40018D13046FFF7E6FC0EA9C0B201F00CF9AB
:100BF4000346002840F003810E981946826807F0E6
:100C0400C9FA0346002840F0FA8032464521874855
:100C140007F088FA002E00F0F080B8F1000F00F021
:100C24006E8100232C275826F5E0A31993F8B930D8
:100C3400002B56D1582707FB064109EB06324A62BE
:100C440002F500520A65304619460293FFF7B2FCDA
:100C540094F8B810824607FB0141C0B2203101F07C
:100C6400D3F8029B70B901213046FFF7A3FC94F836
:100C7400B810824607FB0141C0B24C3101F0C4F800
:100C840048B10123CDE90030524633464521684836
:100C940007F048FAFEE72046FFF74EFE064690B9F5
:100CA4000021204606F0E4F90746F8B157215846DA
:100CB40094F8B82007F036FA012294F8B8302344A7
:100CC40083F8B0200DE04FF400725721594807F023
:100CD40029FA012294F8B8309642234483F8B020CC
:100CE400DED194F8B8600136F6B270E7204600F021
:100CF40097FA0028E0D00AA806F0E3F906F0EAF92A
:100D04000646C0B994F8B83023B90021204606F04D
:100D1400AFF9D1E794F8B020042A04BF012284F883
:100D2400B020012BF1D094F8B130042BEDD1012384
:100D340084F8B130E9E79DF82F30012B4BD15822CC
:100D440094F8B8300E9702FB03433B4AD96AD86C37
:100D540091422AD1998E04230EAA194407F0F0F97E
:100D6400F0B1052794F8B830234483F8B07094F8B0
:100D7400B8306BB1E21892F8B020012AB1D0042A3D
:100D84000CD094F8B020042A02D1012284F8B020B7
:100D9400234493F8B030023B022BA2D8B046A0E71C
:100DA400022194F8B830204AD15494F8B80003F0E2
:100DB400B5FB831E022B0746D4D801212046FFF73A
:100DC400E1FD1E4B1B689842CCD01D4B1B6898421A
:100DD400C7D10127C6E701212046FFF7D3FD174BF2
:100DE4001B68984218BF052294F8B83008BF9DF8D4
:100DF4002F20234483F8B020B9E70126EDE63246DC
:100E04004521104807F08EF904E7E21892F8B9106A
:100E1400D1B10133DBB2012B84F8B830F5D96EE0DF
:100E24000C2800205DA400007C72002089A400002E
:100E3400CEA300001BA400003DB8F39608240020B4
:100E440004200020B4A4000092F8B0200EA802F000
:100E5400FB02013A18BF01227A4306FB0321214415
:100E6400D1F8208016FB032101234246009321443C
:100E7400402305F0C7FF00285FD100230DF11602BF
:100E840006A90EA806F00CF8002838DB52D1BDF8EC
:100E940016300C2B53D14046069907AA07F050F997
:100EA40068BB9DF81C30012B29D8E21892F8B020B9
:100EB4007343023A022A8CBF0022012207FB023349
:100EC4002344197D9DF820209142D6D80AD3597D18
:100ED4009DF821209142D0D804D3DA8ABDF822307B
:100EE4009A42CAD294F8B830234493F8B020012A25
:100EF4001ED0023A012A02D8012283F8B02000272A
:100F04004FF0FF094FF05808012F84F8B8701BD92F
:100F14000023DFF8CC82B34EB34F0E93012B84F839
:100F2400B83040F2EB800E9A022A00F03981FEE7D5
:100F34000422E2E794F8B8306BE70328DFD140F2EB
:100F44000113A4F8B030DAE7E21992F8B960002E80
:100F540040F0CF800AA806F0B4F892F8B030042B21
:100F64008DF82F3006D8012B06D800F0B38082F814
:100F7400B090AFE0052BF8E708FB07431946384665
:100F8400DA6C2C3108F0C2F80128824640F0A280C5
:100F940001460EAA20460E9606F012F894F8B87090
:100FA40049213A46914807F0BDF84921904807F095
:100FB400B9F894F8B83006A908FB03431B6A4FF04C
:100FC400580B187800F020FF0AEB4700B246894B13
:100FD40007A913F8200000F017FF94F8B83008FBB5
:100FE40003439B6A534519D094F8B82031460BFB50
:100FF4000242526A069802EBCA02526803930292B2
:1010040007F0C8F8029A039B16440E9A96426DD3D1
:10101400D4F8B460B2FBF6F206FB0266D4F8B4006E
:1010240005F0C6FF582394F8B82003FB0242536A24
:10103400926A1968013A03EBC2030022D3F804E070
:101044009C4672449042A3F10803F7D8DCF80030C0
:101054000698591A07F09EF833463A4649216648DD
:1010640007F060F8DDE9062100232046019600938D
:10107400FFF74CFD70BB069803F0DAF950BB582714
:1010840094F8B800324607FB0043196A08F04CF89C
:101094000146F8B994F8B830079807FB03431B6D71
:1010A4005A6807F077F894F8B83007FB0343D3E99C
:1010B4001423013B52F8331002EBC3001368426857
:1010C400C91A079807F066F8069807F038F80798E1
:1010D40007F035F894F8B830234493F8B030FF2B78
:1010E40007D14521454807F01DF8FEE70AF1010A3A
:1010F40078E794F8B8700137FFB205E7234493F812
:10110400B9208DF81C209DF81C2002F0FF013AB193
:101114000E9B01330E9394F8B8300133DBB2FDE635
:1011240093F8B030012B14D0204605F0A1FF80B114
:10113400D8F80050102200210AA807F026F95826F2
:101144000023012B84F8B83015D9284615B0BDE822
:10115400F08F00212046FFF715FC33689842E7D151
:10116400D8F800309842E3D03B689842D0D1DFE70A
:1011740084F8B82031E0E21892F8B9205AB906FB95
:101184000343D86C06F0DBFF94F8B83006FB034346
:10119400186A06F0D4FF94F8B8300133DBB2D0E714
:1011A40094F8B93023B194F8BA30002BE0D101237C
:1011B400582684F8B83006FB0343186A05F01FFE6E
:1011C400287194F8B83006FB03431B6A5B68AB6074
:1011D40094F8B83003FB06462E60024B1D68A9E75D
:1011E400082000200824002004200020EBA4000094
:1011F40020A50000249C00003EA5000088A5000056
:1012040038B5064D0446BC220021284607F0BDF837
:1012140021462846FFF7D0FC38BD00BF0C680020EB
:101224005822F8B590F8B83002FB0300D0F828C073
:10123400466DBCF5007F02D8B6F5007F36D957213C
:101244001E4806F06FFF0020F8BDA54216D1476A7C
:1012540007EBC2077F6801323D44076D07EBC30704
:101264007F6801333C449445EFD89E42EDD89445C1
:1012740001D19E4220D057211148E2E70CD2476A9F
:10128400022907EBC2077F683D4402D157210D486C
:10129400D7E701210132E6E7076D012907EBC30710
:1012A4007F683C44F2D002210133DCE700210B4685
:1012B4000A460C460D46D6E70120C5E794A5000072
:1012C400FAA50000C3A500000A4619B1024B00218B
:1012D4001B681847704700BF0C2000200822F0B597
:1012E40089B006F0C6F8CB6A002703930B6B0C4653
:1012F40004934B6B064605938B6BCDE901770693FC
:10130400CB6B0097079313466A461146104605F0C7
:10131400BEFF31460546304605F0B9FF216B054452
:101324000391616B10460491A16B0591E16BCDE9CA
:101334000617114605F0ABFF31460544304605F06B
:10134400A6FF0544206ACDE904770090606A0397FC
:101354000190A06A0290A06B0690E06B0790304663
:1013640005F095FF0544606AD4F838C00090A06A7F
:10137400CDF810C00190E06AD4F83CC00290606BD4
:10138400CDE905C00390206A0790304605F07FFF41
:101394000544E06ACDE904770090206B039701903F
:1013A400606B0290206A0690A06A0790304606F0AF
:1013B40093F8236B2D1A0093636B30460193A36B50
:1013C4000293E36B0393636A0693E36A0793082328
:1013D40006F082F8636B2D1A0093A36B30460193D9
:1013E400E36B0293236A0393636A0493A36ACDE9CC
:1013F4000537236B0793082306F06EF8A36B2D1AA9
:101404000093E36B3046CDE90137636A0393A36A23
:101414000493E36A0593636B0793082306F05CF86F
:101424002D1A10D40D4C35B908223146204606F049
:101434002CF801280FD0082322463146304606F006
:101444004BF82D1AEFE7054A08233146304605F0DC
:101454001EFF2D18F8D409B0F0BD00BF389C000061
:1014640000487047349C00002DE9F04F00270368C2
:101474009DB002934368DFF8BCA103938368DDE960
:1014840002460493C36805930369DDE904BE069329
:10149400436907938369DDE9062C0893C369984679
:1014A4000993089B0093CD590CAB2DBA5AF8049BB1
:1014B400DD514FEAF223A94483EAB213009D83EA83
:1014C40072634B4425EA020502EA0C0985EA090520
:1014D4002B44434486EA0B054FEA743888EAB4087F
:1014E400254006EA0B0985EA090588EAB458043759
:1014F400A844402F03EB0E054344DE46DDF800808C
:1015040040F088804FF0100A4B490A9151460AF185
:10151400010A0DF1700E0AF00F070EEB870757F85A
:10152400407C01F00F094FEAB748019788EAF718A1
:1015340001F10E0707F00F070EEB870757F8407C01
:1015440009314FEAF74E8EEA774ECDF82CE001F0E0
:101554000F010DF1700E0EEB81010EEB890959F8A4
:1015640040EC51F8401CBAF1400F7144DDF804E03E
:1015740088EADE08DDF82CE041448EEA972E7144B7
:1015840005EA02084FEAF52E2CEA050787EA080760
:101594008EEAB51EDDF828808EEA756E774458F819
:1015A40004EF49F8401C77440F4400994FEA733E16
:1015B400394484EA0607CDF828808EEAB30E07EA98
:1015C400030704EA06088EEAB35E87EA080777444D
:1015D4000F4401EB0B0ECDF800C0B34622D10299A3
:1015E4003944016003991944049B41602344836096
:1015F400059B3344C360069B73440361079B2B44E0
:101604004361089B13448361099B6344C3611DB018
:10161400BDE8F08FB346CDF800C0264694461C467C
:101624002A4640E7944626462A461C4675463B46CB
:101634006CE700BFE49C0000209D000010B5044648
:10164400C8B17022002106F07AFC0B4B0B4A0C49FE
:10165400C4E900230B4B0C48C4E902130B4BC4E947
:10166400040301200A4BA36103F17453A3F523037C
:10167400A3F69243E36110BD85AE67BB67E6096AD2
:1016840072F36E3C3AF54FA57F520E518C68059B60
:10169400ABD9831FBFF36F8F72B600234FF0FF30B7
:1016A400094A03F120010133102B42F82100F8D13B
:1016B40000234FF0FF30044A03F160010133102B83
:1016C40042F82100F8D1704700E100E02DE9F84329
:1016D4004FF0FF3501274FF00008204BDFF88090D2
:1016E4005F60C3F84853C3F8085303F580535F6041
:1016F400C3F84853C3F8085359F8044B002644F37D
:101704000730C4F8085300F0F7FE80226760C4F87D
:101714004C61D4F84C31C4F81061D4F81031C4F8D9
:1017240044613146D4F84431A018C4F8006506F089
:101734002CFE8022314604F5C07006F026FEB8F176
:10174400000F08D0074BC3F808554FF05023C3F8D7
:101754000853BDE8F8834FF00108CDE7004001507D
:10176400E89D000000700150014B1B68184700BF42
:1017740010200020014B1860704700BF102000208B
:1017840007B50B46002102460091034800F006F815
:1017940003B05DF804FB00BF6D1700002DE9F04FA6
:1017A40082464FF000098DB01D46531E01910393EC
:1017B400039B58785C1C252819D100204FF0FF3872
:1017C4001E46444603460236029031780396392970
:1017D40055D81F2914D8002900F0EF81019925203C
:1017E400D04701993078D04709F10209E0E7002891
:1017F40000F0E3810199D04709F101090394D7E787
:10180400A1F12002192AE9D801A757F822F000BF54
:101814007D180000E1170000E11700007D180000AA
:10182400E1170000FD180000E1170000E1170000B7
:10183400E1170000E1170000491900007D180000BD
:10184400E11700005D19000009190000E11700000C
:101854001719000037190000371900003719000064
:101864003719000037190000371900003719000034
:10187400371900003719000008460136A5E7582932
:1018840000F0EB80A1F16302D7B2172FA6D8172A74
:10189400A4D801A757F822F0051B00008319000003
:1018A400E1170000E1170000E117000063190000D0
:1018B40083190000E1170000E1170000631900001C
:1018C400E1170000E1170000E1170000391A0000D9
:1018D400E1170000E1170000D91A0000E117000029
:1018E40083190000E1170000E1170000391A000015
:1018F400E11700006319000025200199D04709F180
:10190400010955E7029A4FF0000802F0FE02029224
:10191400B3E7002C0DDAB8F1000F0DDA029A002AB1
:1019240000F043810A2224EAE47402FB0414303CEC
:10193400A3E7B8F1000FF5DB0A2202FB0812A2F1BB
:1019440030089AE7B8F1000F55F8042B80F22F8184
:10195400002A80F22E815442022202928DE76829E5
:1019640003D1682B06D1482387E76C2902D16C2B5D
:1019740000F02181002B7FF431AF0B467DE77A2BF9
:1019840006D1752955F8046B14D14FF0000B0CE007
:101994006C2BF6D04C2BF4D1073525F007037529B1
:1019A40003F10805D3E9006B06D120283BD1854F0C
:1019B400013C09E04FEAE67BBBF1000FF5DA764221
:1019C400814F6BEB4B0B013C0DF12D030593002371
:1019D4000493304659460A220023FEF7B9FB059BBF
:1019E400B446303203F8012D5A460593049BBCF1EA
:1019F4000A0F8B4672F1000203F1FF31064604918F
:101A0400E7D2C3F1010B30330DEB0306B8F1000F3D
:101A1400A6F104066DDA029BD9077DD4A8EB0B036B
:101A2400A4EB0B0413E02B280ABF684F684F04F1A2
:101A3400FF34C9E770290FD155F8042B0023FAB9F4
:101A44006FF004034FF0050B614F624E053C029AA0
:101A5400920770D4A04666E078216C2B03D1002352
:101A640055F8042B08E04C2BF9D1073525F0070372
:101A74001D465B6855F8082B232825D1880621D5F7
:101A8400554F023C002601F06001A1F1390B0DF124
:101A94002D0E02F00F01092988BF594430310EF888
:101AA400011D102A4FEA121141EA03714FEA131C77
:101AB40073F1000306F1FF3008D2C6F1010B06F101
:101AC4003003A1E7454FDCE7414FDBE706460A4612
:101AD4006346DEE755F8046B304606F034FCB8F193
:101AE400000F834602DB4045A8BFC3464FF0000801
:101AF400374FA8EB0B03002B92DDA4EB0804A6E7F9
:101B040055F8043B4FF0010B8DF81830304F4FF06F
:101B1400FF33013C06AE9AE7A046EAE70293202091
:101B24000199D047029BB8F10108F7D524EAE47281
:101B3400013C9144A41AB84606E004930292019928
:101B4400D047029A049B9046424612F8010B0028A3
:101B5400F3D11A46013A15D5002BACBFC7EB0307E6
:101B64007F425B46013B15D5BBF1000FA8BF5F4424
:101B740026464F44013E14D5002CA8BF3F1907EB5D
:101B8400080915E60493029230200199D047049B7A
:101B9400029ADFE70293019916F8010BD047029BE2
:101BA400E0E701992020D047E4E70122D5E69046FA
:101BB40063E6144661E64C235FE648460DB0BDE893
:101BC400F08F00BF85A6000083A6000087A6000052
:101BD400ECA200008FA6000089A600008CA60000DD
:101BE4002DE9F047058B04462807904611D40229B5
:101BF40005F0070540F0CC80204606F0BBF978B12B
:101C04000138218B042811D8DFE800F0C2106D855B
:101C1400950001290CBF45F0100545F020052583EA
:101C240088F31188BFF36F8FBDE8F08701F0070ACE
:101C3400AA4500F0A5800027B9463E46A368002BBC
:101C440000F0BC8041F00801218388F31188BFF3C0
:101C54006F8FA168002900F0BA800D68002900F098
:101C6400B680334652462046D1F80480C047002D42
:101C740076D02B6829461D46F0E701F007035A1F6A
:101C8400012A1BD8002221F00701062B276889B2FC
:101C9400C4E9002209D13B4603E0628B013262832E
:101CA4001B68002BF9D141F002012046218306F084
:101CB40061F900287AD041F0200176E0042B0AD1A2
:101CC40021F0070189B22046218306F053F910B1AF
:101CD40041F020012183218B01F0070AAA454FD04E
:101CE4000027B946AAE7236921F0070141F006015C
:101CF400062DD3F8009021832DD1B9F1000F3FD0E8
:101D040041F00801218388F31188BFF36F8F2046C7
:101D14003949C84729E021F00701236941F004014A
:101D240089B2042DD3F804902183E6D000274FF024
:101D3400040A3E4682E721F00701236941F00501C8
:101D440089B2052DD3F808902183D6D000274FF00F
:101D5400050A3E4672E700274FF0060A3E466DE745
:101D64002B4687E7B9F1000FD1D1EFF31188202377
:101D740083F31288BFF36F8F238B23F0080323832D
:101D8400258BEA062ED525F01003238305F00705DD
:101D94006669218B002EBFF670AF00232768C4E963
:101DA400003321F0070141F001012183218B4FF021
:101DB400000901F0070AAA457FF440AF002F9CD028
:101DC40041F00801218388F31188BFF36F8F002F3E
:101DD400C8D03D68394633465246204606F0F6F8E8
:101DE4002F46F4E7AB067FF51BAF25F020032383D2
:101DF40005F0070500E700BFFD7F0000014B03600D
:101E040000207047F09D000070B5104B0D461C6813
:101E1400B4B10F4B196800238B4202DB6FF0010051
:101E240070BD224612F8106B864202D0144601336C
:101E3400F2E7E06807F01FFB28B100202C60EFE711
:101E44006FF00C00ECE76FF01200E9E714200020BB
:101E5400F09D000010B5436888B0029383680C4677
:101E6400CDE9033200230A68C068CDE90623054999
:101E740001AA059306F036FB079808B9059B236071
:101E840008B010BDE581000008B5054806F05BF810
:101E9400044806F058F8BDE80840034806F053B873
:101EA40095A60000C6A60000F9A60000014804F0AB
:101EB40053BE00BF949E000038B5044618B90F4BBA
:101EC4000F485B6898476168B1F5683F10D0B1F579
:101ED400680F0DD00B4DA9420AD011F46861206837
:101EE40007D00146084807F021FB00232360656002
:101EF40038BD142206F049FAF9E700BF4C2100204E
:101F040027A700002C5F5CA9C86D002008B560B34A
:101F14004368B3F5683F0ED0B3F5680F18D0144A80
:101F2400934220D000684FF0FF324FF0FF3303F0AC
:101F3400E1FE58B115E001220368D3E8EF1F002940
:101F440003D1C3E8E02F0028F7D10AD1002008BD4F
:101F54000368084A1B7803F5807352F82330002B7A
:101F6400F4D00548F3E70548F1E76FF4E040EEE705
:101F74002C5F5CA900000350E98FFFFFEA8FFFFF8D
:101F840008B520B34368B3F5683F09D0B3F5680FCB
:101F940013D0114A93421DD0006803F023FF14E0CC
:101FA40000220368D3E8EF1F012903D1C3E8E02F1F
:101FB4000028F7D109D0094808BD00210368084A60
:101FC4001B7803F5807342F823100020F4E76FF4C4
:101FD400E040F1E70348EFE72C5F5CA9E98FFFFFDE
:101FE40000000350EA8FFFFF10B5044618B91D4BDB
:101FF4001D485B6898476368B3F5683F2FD0B3F515
:10200400680F2CD0194A934219D1236803BB4FF0AF
:10201400FF324FF0FF332146154803F03DFE08B967
:1020240023681BB90F4B13485B689847142200219F
:10203400206806F0AAF94FF46863636008E0B3F51A
:10204400683F0DD83A2B03D040F6BA629342DED1F2
:10205400206807F0B5FA636843F03A03636010BD83
:10206400054AF3E74C21002027A700002C5F5CA958
:10207400C86D00204DA700003A00003A08B5064993
:1020840040231422054807F043FABDE808400449F8
:10209400044804F0D3BD00BFC8680020C86D002008
:1020A4009C9E0000B09E000030BFFFF7FDBF00BF44
:1020B400074A936893F90E10002907DB526993428B
:1020C4001FBF044A536843F080535360704700BFF6
:1020D400746F002000ED00E0154B9A6A12F0007F47
:1020E4009A6A14BF1E201D2012F0807F9A6A18BFBE
:1020F4001F2012F4801F9A6A18BF022012F4002FC6
:102104009A6A18BF212012F4802F9A6A18BF2220DD
:1021140012F4003F9A6A18BF232012F4803F9A6A8F
:1021240018BF24206FEA02426FEA12429A62704793
:1021340000ED00E010B5194B0246986A9C6A10F451
:10214400805F14BF1720162014F4006F9C6A18BF18
:102154001820A40509D5986B986A000404D51AB10F
:102164009A6A22F400429A6219200C4B9A6A12F479
:10217400806F9A6A18BF1A20D2050CD49B6A13F494
:10218400005F18BF1C20054A936A43F47F4393629F
:1021940000230B7010BD1B20F5E700BF00ED00E02D
:1021A40010B51C4B0246986A9C6A10F0100F14BFBD
:1021B4001120102014F0080F9C6A18BF1220A407E5
:1021C40009D5586B986A000604D51AB19A6A22F0A8
:1021D40080029A6213200F4B9A6A12F0010F9A6AD6
:1021E40018BF142012F0200F9A6A18BF1520D406C5
:1021F40058BF9B6A074B9A6A920642BF5A6A22F4F6
:1022040000525A629A6A42F0FF029A6200230B70EB
:1022140010BD00BF00ED00E070B5444B06465B689E
:1022240000258AB0C3F3080385F31188BFF36F8FC9
:1022340002F07F40B0F17F4F11D102F00C0008286A
:102244000DD010074CBF0E4601250022033B8DF82C
:102254000720032B05D8DFE803F01E5C60592E46E7
:10226400F3E700249DF807309BB92022314602A8E9
:1022740006F080F8099B002D53D0C3F3080222B95D
:102284006FEA53236FEA43230993204602A905F01A
:10229400E3FF0AB070BD254BDA6A9107E1D4DA6A2C
:1022A400002ADEDBDA6A5200DBD55A69B16942F4EE
:1022B40080725A61BFF34F8FBFF36F8F5A6931F841
:1022C400021C22F480725A61BFF34F8FBFF36F8FE9
:1022D4004DF60272914209D09A6AD2B242B10120FB
:1022E4000DF10701FFF75CFF0446BBE73468B9E76B
:1022F4009A6A12F47F4F05D001200DF10701FFF710
:1023040019FFF1E79B6AB3F5803FAAD3FFF7E4FE18
:10231400EAE700200DF10701E4E700200DF10701D1
:10232400EDE723F4FF7323F00103ADE700ED00E0D4
:10233400064B5A6942F010025A615A6942F48062AB
:102344005A615A6922F008025A61704700ED00E0B0
:10235400EFF30880EFF3098101B57246FFF75CFFE4
:1023640001BD00BF002080F31488BFF36F8F0020ED
:1023740080F30A8880F30B880F4880F3088802F002
:1023840065F900200D490860BFF34F8F00F02CF869
:10239400202080F311880A484FF40061401880F32C
:1023A4000988EFF314800221084380F31488BFF3F3
:1023B4006F8F00F0D9F80000D8A3042094ED00E05A
:1023C40098720420002318460649D1F89020C2F3DD
:1023D4000722934200DB7047C1F89830C1F8A0008F
:1023E4000133F6E700ED00E010B572B6002484F383
:1023F4001388FFF7E7FF23464FF0FF300C4A03F141
:1024040020010133102B42F82100F8D100234FF0B2
:10241400FF30074A03F160010133102B42F8210019
:10242400F8D162B6BFF34F8FBFF36F8F10BD00BFFB
:1024340000E100E0084B9B6883420BD1EFF3058376
:1024440043B1064B5A6842F080525A605A6A22F4E9
:1024540000425A6204F042B8746F002000ED00E0BC
:1024640013498A684FF030001044EFF3098C80E878
:10247400F01F202080F31288BFF36F8F0D4F4FF0B1
:1024840000664A698A603E60506F0023536780F398
:10249400118802F1300090E8F01F8CF3098802F1F2
:1024A400000004B505F0EDFEBDE8044070470000EF
:1024B400746F002004ED00E01EF0040F0CBFEFF376
:1024C4000880EFF30980816911F8021C0229FFD00A
:1024D40001B5724605F0C6FE01BD00BF40B200283A
:1024E40007DB01234109034A00F01F00834042F83F
:1024F4002130704700E100E040B200280CDB0122EB
:102504000649430900F01F008240203341F823208C
:10251400BFF34F8FBFF36F8F704700BF00E100E040
:10252400054B420953F82220012300F01F0003FA4F
:1025340000F01040704700BF00E100E040B2002806
:1025440001F10101ACBF00F16040064B4FEA4111BB
:10255400C9B2ABBF00F5614000F00F0080F8001372
:102564001954704714ED00E00B4A08B50B4B22F0E8
:102574007F029A60BFF34F8FBFF36F8FD3F8882029
:1025840022F47002C3F8882003F0C6FA04F0B4F809
:1025940000F042F803F000FB0000000000ED00E052
:1025A40042F8203C009B0B4942F81C3C019B21F063
:1025B400010142F8183C029B42F8081C42F8143C02
:1025C4004FF0807342F8043C0023203A02654367CD
:1025D400704700BF657F000000B5094B0E46986048
:1025E4001546436E83F30B882C4686F30988002036
:1025F400044B98472046002100220023024C204728
:10260400746F00208F820000657F00001022014B50
:102614001A61704700ED00E0002320210348C2182E
:102624000133452B82F80013F9D1704700E100E033
:1026340008B5EFF30583064A103B02EBC30152F8D9
:10264400330049688847BDE80840FFF731BD00BF43
:102654002C9900001FB5094C094A23460121094859
:1026640000F0FAF800230393074B0121E41A01A8B0
:102674000193029400F0FAF804B010BD00000720A2
:1026840000200020C09E00004822002010B50C7AD3
:102694000B6804F01F0223F01F031A43CB6864097C
:1026A40023F01F03054943EA440343F00103C1F83F
:1026B4009800C1F89C20C1F8A03010BD00ED00E0E6
:1026C40010B5074BD3F89030C3F30723013B98426E
:1026D40002D8FFF7DBFF10BD6FF01500FBE700BF6A
:1026E40000ED00E02DE9F04F0F46144606464FF08A
:1026F40000084D4D85B0B84580F29280D6F804901C
:10270400B9F1000F36D0B9F11F0F40F2878019F0EC
:102714001F0F40F08380D6F800A01AF01F0F7DD160
:10272400504605F0EEFD834609EB0A00013805F03A
:10273400E8FD834572D11BF1160F6FD05C456DDD4A
:10274400C5F898B0D5F89C10C5F898B0D5F8A03065
:1027540021F01F0143F01F0AD6E900321A449942BE
:1027640002F1FF391ED1CA4508D131465FFA8BF018
:1027740005F0D0FD08F101080C36BCE73146C5F878
:1027840098B0D5F89C3022F01F0203F01F031343C6
:10279400C5F89C30E0B205F0BDFD10F1160F3DD038
:1027A400441CE7E7C5F898B0D5F8A020013B23F016
:1027B4001F0302F01F021343CA453146E0B2C5F8B5
:1027C400A030E8D005F0A6FD10F1160F26D0C5F80C
:1027D40098B0D5F89C209DF808300AF1FF3A62F3CE
:1027E40004038DF80830D5F8A0309DF808205B0864
:1027F40063F347128DF80820D6E90032134400939E
:1028040023F01F035344A3EB0903013023F01F03F8
:102814006946C0B20393FFF753FFBEE76FF0150498
:10282400204605B0BDE8F08F00ED00E00522044B22
:10283400C3F89420BFF34F8FBFF36F8F704700BF6F
:1028440000ED00E0BFF35F8F0022024BC3F8942039
:10285400704700BF00ED00E010B5034C2278FFF78D
:1028640041FF207010BD00BF7E7200202DE9F74F9C
:10287400294D8A4606464FF00008AB46274FD045FF
:102884001BDAD6F80490B9F1000F3FD0316808463E
:10289400019105F036FD0199044609EB0100013868
:1028A40005F02FFD84424FF014021D4B08D002FBAB
:1028B40008F36FF015024BF8032003B0BDE8F08F66
:1028C40014F1160F2C60F8D01978A142F5DD02FB43
:1028D40008B0C7F89840C7F89840D7F89C4000F172
:1028E4000801007B64F304000871D7F8A0000C7998
:1028F400400860F347140C71D7F89C1021F01F01B5
:102904006960D7F8A01021F01F01296108F10108BE
:1029140014350C36B3E700BFE46D002000ED00E091
:102924007E720020F0B54149414CD1F890302568C1
:10293400C3F307239D4287B075D80020FFF782FFB9
:102944003C4BC1F8C030854216D13B4C01A82570E0
:10295400FFF754FA00250646384FAE4213D1002043
:1029640023783249D1F89020C2F30722934254DBF2
:10297400FFF75CFF00202FE0616801EB0011FFF717
:1029840085FE0130DFE70199280101EB0513DA68C0
:102994003A40B2F5001F21D0B2F5800F2BD0B2F52A
:1029A400801F38D15A689B680958013B22F01F00E8
:1029B40003440120844623F01F0340EA4C10CDE970
:1029C40002218DF8100002A920780593FFF778FE04
:1029D40000281DDA6FF0150007B0F0BD5A689B6837
:1029E4000958013B22F01F0003444FF0020C012060
:1029F40023F01F03E1E75A689B680958013B22F062
:102A04001F0003444FF0000C022023F01F03D4E7FF
:102A140023780133237001359FE7C1F89830C1F85A
:102A2400A00001339EE74FF0FF30D5E700ED00E052
:102A3400CC9E0000AAFF44007E7200200000F0FF3C
:102A4400014B1860704700BF3820002000F01F02BF
:102A540040090DD001280DD1094B03EB8203D3F8B3
:102A6400002222F0E04242EA0171C3F800127047EA
:102A7400044BF2E70023803253F82230FFDE00BF1C
:102A8400002884500025845038B50124134B144D7C
:102A9400C3F8004502230321C5F8D0360020FFF710
:102AA400D5FF20460321FFF7D1FFC5F8044721468F
:102AB400C5F804492120C5F8004BFFF7C7FF21469C
:102AC4002020FFF7C3FF21462520FFF7BFFF214643
:102AD4002420FFF7BBFF002038BD00BF00100050CA
:102AE4000040005007B50DF1070001F0D3FE114B73
:102AF40098421CD14FF480620F4B1049C3F8B8259B
:102B04004FF40062C3F83C259DF8070006F082FBF1
:102B14000B499DF8070006F078FB01209DF807306B
:102B2400984001F0B1FE002003B05DF804FB6FF0A3
:102B34000B00F9E70000AD0B00A002502CA00250DE
:102B440028A10250052370B5144D154E2C7801347C
:102B5400B4FBF3F303EB8303E41A06F0A4FA114A7B
:102B6400137823B156F82430C01A072814D94FF02B
:102B74005023D3F8141141B10021C3F81411D3F830
:102B840014312C700CB9012313702C7806F08BFAD5
:102B940046F82400012070BD0020FCE7807200206C
:102BA400F86D00207F72002048B1054B054A1B6870
:102BB400B3FBF2F35843044B43F001031847704747
:102BC400A420002040420F00009C0000014902485C
:102BD40005F01FBAF49E00000C6E00204FF47F0332
:102BE4002DE9F041D3F830210646072A0D46D3F8E3
:102BF400343120D1023B032B02D8124AD35CD3B127
:102C04004FF050244FF0010800270520C4F818861F
:102C1400C4F8147606F0F7FA4046C4F8148606F0B1
:102C2400F2FAC4F81476C4F8187630462B46BDE898
:102C3400F041002118474FF050230022C3F8142616
:102C4400F3E700BF89A70000084B70B5C31A0D460F
:102C540007499B10044659434022064805F0B2FB3D
:102C64002B4601462046BDE8704018473C6E0020C4
:102C7400B76DDBB68C980000402373B50B4C009302
:102C8400041B0B460D460A49A41061430646094A33
:102C9400094805F0C2FB011E05DA30462B4602B096
:102CA400BDE87040184702B070BD00BF3C6E002004
:102CB400B76DDBB6878400008C98000010B5EFF385
:102CC4001184202383F31288BFF36F8F074A13689C
:102CD40023F00201DB07116002D4012006F0A6FAFA
:102CE40084F31188BFF36F8F10BD00BFDC6E00202A
:102CF4002DE9F8430022012106460520FFF71EFCBA
:102D0400114801F047FE114B984219D101F052FECF
:102D140000244FF01C090C27DFF834803569414644
:102D240009FB045005F075F9002807DB012307FBB4
:102D340004551C44042CAB67F0D10020BDE8F88393
:102D44006FF00400FAE700BF512E00000000AD0B45
:102D5400009F00001FB500220123CDE902236B462A
:102D6400084ACDF800D0CDF804D005F083FB002844
:102D740005DB4FF480420023684603F0B7F805B042
:102D84005DF804FBBD8400000C22104B014602FBDD
:102D94000033002030B4D3E91C521867EFF31180DC
:102DA400202484F31288BFF36F8F9C6F04F0C00457
:102DB40044F002049C6780F31188BFF36F8F1DB148
:102DC4002B4630BC0248184730BC70473C6E00208C
:102DD4008C98000010B4EFF31182202383F312883F
:102DE400BFF36F8F1748016841F002040460C807FD
:102DF40007D482F31188BFF36F8F012010BC01F058
:102E0400F1BD4FF05021D1F80C04D1F80C14C907CE
:102E1400EFD5EFF3118083F31288BFF36F8F0A4964
:102E24008B6F03F0C00343F002038B6780F31188B8
:102E3400BFF36F8F82F31188BFF36F8F002010BC34
:102E4400FFF7A2BFDC6E00203C6E0020092813D8D7
:102E5400DFE800F005101212121212120E0C074BCA
:102E6400986F10F0070007D1FFF78EBF0220FBE731
:102E74000320F9E70120F7E7704700BF3C6E00200C
:102E84002DE9F041012207463649D1E8EF3FC1E878
:102E9400E02F0028F9D133B9334934484B60CB6073
:102EA4008A6005F0C9F87B1E012B2BD8012F07D1AE
:102EB4004FF05023D3F81C3403F00303022B21D02A
:102EC40006F091FB0546F8B9294B1B78E3B14FF0A6
:102ED400502302220646C3F808234FF05024DFF89B
:102EE4009480D4F81824D4F81834D20315D503F0F8
:102EF4000303022B01D0012F0FD16DB386F3118888
:102F0400BFF36F8FBDE8F081EFF31186202383F3C5
:102F14001288BFF36F8F0125DFE7C5B1304605F096
:102F2400D4F9D4F81835DBB2012BDAD1D4F8042162
:102F3400002AD6D00022C4F80421D4F804210222A5
:102F4400C4F818252022C8F88021A360C9E700210D
:102F5400212006F0DFFBE4E74FF050230222C3F800
:102F64000423CFE7386E0020286E0020586E00201E
:102F74009372042000E100E008B5074806F07BFAEC
:102F840038B10648FFF75CFD0448FEF7F3FB002068
:102F940008BD6FF01200FBE7C8980000A52F0000E1
:102FA4000A2838B50446074D04D1AB680D212846DC
:102FB4005B689847AB6803485B68E1B29847204672
:102FC40038BD00BFC8980000C3780F2B14D9C96B53
:102FD4000B480B0E13708B0200EA911003F47C0370
:102FE4000906034301F0FE4110680B430549014003
:102FF4000B430020136070476FF08500704700BFDB
:1030040000FF0300FF000080024B0B6001231360EC
:10301400704700BFE06E0020004870473C9F0000EE
:1030240010B501220648114606F0D1FA06F09AF9C5
:10303400044C206006F093F96060002010BD00BFCE
:10304400E86E0020E06E002070B50C46154606F0D0
:1030540086F929460646204605F079FA08B3B4FBFA
:10306400F6F306FB1343E3B9B5FBF6F306FB135380
:10307400BBB9AE4201D9002070BD4FF0FF324FF012
:10308400FF33094802F032FF06F069F9064620468C
:1030940002F058F9AD1B3444F9D1034802F0F2FEB2
:1030A400E9E76FF01500E7E7E86E0020F8B50E4693
:1030B4001946304617461C4605F049FA08B346EA55
:1030C400040515F003051CD1A4B14FF0FF324FF0F5
:1030D400FF330D4802F00AFF24F00304A54206EB77
:1030E400050009D1094AD2F80034DB07FBD50648AC
:1030F40002F0C8FE0020F8BD795902F041F9043508
:10310400ECE76FF01500F6E7E86E0020009003503E
:1031140000487047BC9F0000024B0B600123136002
:10312400704700BFC49F000000487047CC9F000058
:10313400B1F5802F2DE9F7430D4617461C462ED2D4
:10314400C1F580239C422AD841EA040616F00306FE
:1031540025D10422FF210DEB020005F016F9DFF85A
:10316400448008EB0509A64209D33A4608EB050357
:103174003C44A2420CD1002003B0BDE8F0830422F9
:1031840009EB06010DEB020005F0E4F80436EAE76A
:10319400197812F8010B014003F8011BE9E76FF0FD
:1031A4001500E9E781720020B1F5802F104608B5BB
:1031B4001A4609D2C1F580239A4205D8044B194412
:1031C40005F0D8F8002008BD6FF01500FBE700BF3C
:1031D40081720020B1F5802F70B51DD2C1F5802316
:1031E4009A4219D841EA0206C6F30B06A6B90C4C5A
:1031F40021F47F6121F00F01150B0C44AE4201D183
:10320400002070BD20464FF48052FF2105F0BDF828
:10321400013604F58054F1E76FF01500F1E700BFC3
:103224008172002008B54FF48022FF21024805F086
:10323400ACF8002008BD00BF817200204FF4802349
:1032440001480B60704700BF81720020F0B54068F0
:1032540001F01F04057B87B044EA45140569002D7D
:1032640063D0B2F5001F00F1100506D121462846AF
:1032740006F06DF8002007B0F0BD0027B2F5800F0E
:1032840001AE0197776039D1B3F1007F14BF0523F4
:1032940004238DF804300023CDE904630393836889
:1032A40023FA01F111F001011AD1B2F1A07F17D173
:1032B40004F01F03620903F180032AD0012A3AD1E2
:1032C4001E4A52F82330DB070AD40DF103063246B6
:1032D4002146284601F08CFE194B98421BD00296D9
:1032E4002146284603AA01F03FFD164B98421FD100
:1032F40001222146284601F0DDFEBBE7B3F1C06F91
:1033040005D0B3F1007F14BF01230223C1E70323D7
:10331400BFE70D4AD5E73146284601F0C5FE094B03
:103324009842DCD06FF00B00A5E76FF08500A2E7B0
:103334006FF015009FE751F82330FFDE002884501A
:103344000400AD0B0000AD0B0025845038B5456872
:103354002B69B3B11035284601F096FE044680B9B6
:103364000146284601F05EFE084B98420BD12246E6
:103374002846074901F036FE224605210D20FFF7B5
:10338400DDF8002038BD6FF00400FBE70000AD0B52
:10339400993300004209034670B502D0012A17D0C0
:1033A40070BD0D4E326951680029F9D0012503F032
:1033B4001F030C689D400029F2D08A682A4002D07D
:1033C40030464B6898472CB1236821461C46F2E7E7
:1033D400024EE7E72346F8E7B4980000A0980000FF
:1033E4002DE9F04340F206354668D00648BF032075
:1033F400337B02EA050558BFC2F3401087B001F0E1
:103404001F07B5F5837F144647EA43178DF8030079
:1034140044D00FD8062D18D007D8B5B1022D3FD00F
:103424006FF0150007B0BDE8F083B5F5807FF7D1E4
:1034340001250AE040F20222954233D0B5F5407FDF
:1034440032D0B5F5007FEBD102250123220303FA24
:1034540001F12BD573689960326972BB07F01F03C1
:103464007F0928D0012F75D13C4A02EB830284F4F2
:103474008033D2F80012C3F30043C4F3404444EA57
:10348400430421F4706144EA800421F00F0144EA0A
:1034940005230B43C2F800320020C3E70725D4E715
:1034A4000425D2E70525D0E70325CEE7630344BF0F
:1034B4007368D960D0E72A4AD7E7103639463046D0
:1034C4000DF1020201F094FD14F4403F80460CD14A
:1034D4003946304605F039FF224B9845DCD1304659
:1034E4009DF8021001F0DAFDD6E74FF0000901ABB8
:1034F4003946304603AACDE90439CDE90199CDF81E
:103504000C9001F031FC174B984289D114F400332C
:1035140015D09DF8033084F48034C4F300448DF84E
:103524000E3039464B46304603AA8DF80C508DF8C0
:103534000D4001F0D5FC0B4B9842CDD070E7CDE99E
:10354400043339460DF10303304603AA039301F013
:103554000BFCF0E7803352F82330FFDE0028845060
:10356400002584500000AD0B036803F01F025B09C3
:10357400026004D0012B034818BF002070470248A2
:10358400704700BF00288450002584502DE9F04F77
:103594001546834640F2FF18DFF88891DFF888A1CA
:1035A40085B000EB8101594503D1002005B0BDE889
:1035B400F08FDBF80030C3F3C322082AC3F30804F6
:1035C40000F2AA801B0E444508BF4FF0FF3419F8DF
:1035D4000270222B00F2A380DFE803F012191F22ED
:1035E400252B22A1A1A1A13A67A1A1A1A1A1A1A1D9
:1035F400A1A16A7F8285A1A1A1888F9295989B0041
:10360400C5F80C45601C5DD10BF1040BCBE7C5F884
:103614001445621CF8D000265DE0C5F80845F1E7C2
:10362400C5F81045F5E7631CC5F80845ECD000263D
:1036340004E0661CC5F80C45E6D0012603A80394F3
:10364400FFF792FF0122039B02FA03F3C36008E031
:10365400C5F80845002FDCD1631CD5D00026062709
:103664003246DBF80030039403F40040002818BF0E
:10367400002203A818BF012601930092FFF774FFEC
:10368400039C019B00EB8400D0F80042C3F3412C5F
:10369400009A3B0243EA8C03134304EA0A042343DB
:1036A40043EA4603C0F80032AEE7C5F80C45D1E75B
:1036B400C5F86045601CDBF80030A5D0C3F30043B7
:1036C400002BBAD0012603A80394FFF74DFF039BF8
:1036D40006FA03F383603246C3E7C5F86445E9E7B5
:1036E400C5F86845E6E7C5F86C45E3E7C5F8244541
:1036F400621C89D001260022B3E7C5F8284581E77A
:10370400C5F83045F4E7C5F83445F1E7C5F8384560
:10371400EEE7C5F83C4575E76FF0150046E76FF036
:10372400850043E713A80000F0F0FCFF2DE9F04109
:1037340004460D46476805F056FF4FF0200888B947
:10374400264B1B7873B16426606805F003FBF0B95F
:10375400012005F058FD013EF6D10021212005F09D
:10376400D9FFF0E7EFF31186314688F31288BFF3EF
:103774006F8F606805F0EEFAA8B986F31188BFF37D
:103784006F8FEFE786F31188BFF36F8FE5E7EFF3F1
:103794001186314688F31288BFF36F8F606805F095
:1037A400D9FA0028EED0FB6900201D706368FA691D
:1037B4001B68C3F844250122C3F84825C3F8200137
:1037C400D3F82041C3F85801D3F858019A6081F323
:1037D4001188BFF36F8FBDE8F08100BF937204209E
:1037E400F7B50546002201210820FEF7A7FE0820B0
:1037F400FEF774FE6B681A691868C0F82425997D71
:103804005A7D0A43198B1B7D0B431343C0F86C3557
:103814006E68D6E9004313F0010348D02F6907F11D
:10382400080001F037F8304B98425AD1387A04F145
:103834000C0204F5907105F0F2FC387A012707FABE
:1038440000F001F021F80823C4F80035F369C4F846
:1038540044350023C4F84835A760D4F85831002B08
:10386400FBD00021C4F800156B6801AADC6820466F
:1038740005F043FA002805DB019B226819791868D2
:10388400FFF784FE08216A681368C3F80015117AEB
:1038940051B9126AC3F834250122C3F83825C3F894
:1038A4001011D3F810111A60002003B0F0BD0822E3
:1038B400C4F80025F269C4F84425C4F84835012346
:1038C400A360D4F82031002BFBD00023C4F82031AE
:1038D400D4F820310123E3604FF48073C4F8043337
:1038E400BBE76FF00400E0E70000AD0B2DE9FF41FA
:1038F40005690646D0F80480A86C2B6D002835D1E4
:10390400002B53D0B8F838406A6C9C4228BF1C4640
:10391400EF6CEB6C53B1296D41B107F06041B1F12B
:10392400005F03D0082C28BF08246F6E00926A6CD5
:10393400AC651AB1AA6C002A18BF2246CDE901274A
:103944001BB12B6D002B18BF23460022694640464D
:10395400039301F073FF184B984229D06FF00401D0
:10396400304604B0BDE8F04105F0FFBA696CEF6C75
:103974000A46B8F83840ABB1834228BF03469C429C
:1039840028BF1C460029C4D001F06043B3F1005F96
:10399400BFD0082C28BF0824286E224604F0EAFC75
:1039A4002A6EB6E7844228BF0446EBE71946D7E7F8
:1039B40004B0BDE8F08100BF0000AD0B2DE9F04F6D
:1039C4008FB001934368884602938B880746990415
:1039D400914604692CD44FF0FF324FF0FF3304F1C9
:1039E400100002F083FAC4F80480D7F810A0D7F8C6
:1039F40004B09AF85D30DBF808C023B1DAF800307F
:103A0400984500F0BB80B8F804E01EF4006F16D0AF
:103A14006FF0850523689B8813F4005304D1636019
:103A240004F1100002F02EFA28460FB0BDE8F08F22
:103A3400A369002BCFD163689845CCD1D5E71EF09C
:103A4400090F02D06FF01505E4E7CEF34513082BF8
:103A5400F8D1D8F800300393039A994B9A42F1D9DC
:103A6400984B9C4507D94FF05022D2F8582512F0B4
:103A7400030F18BF9C4604AD0BF10C060FCE0FC507
:103A84000FCE0FC5039B96E80300634528BF63462A
:103A94009C468D4B85E803009C4517D2894B9C4579
:103AA40014D28A4B9C4511D2894B9C4548D8894BEA
:103AB4009C4547D8884B9C4546D8884B9C4545D85F
:103AC4008749884B884A8C4588BF13461EF0020FED
:103AD40009930EF004033BD0002B14BF03230223ED
:103AE4008DF82830CEF300138DF82930DBF8003040
:103AF4001EF0020FD3F80825CEF340014FEA52130B
:103B040002F01F022AD13BB3012B40F0D480774945
:103B140001239340CB609AF85D302BB1584601F0F5
:103B240047FE00238AF85D303B465846704A04A994
:103B340001F008FE6F4B98421BD06FF0040569E753
:103B44006D4BC3E76D4BC1E76D4BBFE76D4BBDE7F5
:103B5400003B18BF0123C3E76B49D9E73BB1012BF5
:103B640040F0AB806149012393408B60D3E7664901
:103B7400F9E70123CAF800808AF85D30012384F84C
:103B84005C30029B196C4A1C03D003F1440005F01D
:103B940056FAB9F1000F68D1C4F834900023A36336
:103BA40004F1480204F1380104F1340005F008F985
:103BB400019B6064002B60D1E3630023236404F160
:103BC400500204F1400104F13C0005F0F9F800252D
:103BD40001212A46E0642563204605F028F9384689
:103BE400FFF784FE2A462B46A06B83424DD1002367
:103BF4001946256CA9424FD1934238BF1346264635
:103C04004FF4FA524FF0000802FB03F556F8203B3C
:103C14004FF4004C1B684146B5FBF3F540F2E73026
:103C2400C8354FF47A720023E5FB0C01FCF790FAD7
:103C340002460B46304602F059F9024618B9256B84
:103C440015F1740F2FD10298C4F8588001F0B0FD1B
:103C54006FF07301384684F85D8005F086F93046CC
:103C640002F06AF96FF07305D4E6D9F800306363A3
:103C7400002B93D0D9F8043091E7019B1B68E363D0
:103C8400002B9AD0019B5B6898E7616B01EBC30141
:103C9400496801330A44A8E7E06B00EBC1004068BF
:103CA40001310344A6E7002D3FF4B4AE0146386960
:103CB40005F0BDF8AEE6C960FFDE00239B60FBE7BC
:103CC40047E801000024F4000048E80100127A00EB
:103CD400FF083D007F841E003F420F001FA1070024
:103CE4008FD0030048E8010090D0030000288450DE
:103CF400918F00000000AD0B00093D0080841E0080
:103D040040420F0020A107000025845000F01F024C
:103D140040090DD001280DD1094B03EB8203D3F8E0
:103D24000002084A024042EA8102C3F800227047B6
:103D3400054BF2E70023803253F82230FFDE00BF48
:103D440000288450F0F0FCFF002584500123F0B5D6
:103D540087B08DF80230022300248DF804306B44C0
:103D640003930F4601AB0DF1030104930546029141
:103D7400059401F099F90C4B064698420FD1394647
:103D8400284603AA00F0F0FFB0420BD028469DF865
:103D9400031001F083F96FF0040007B0F0BD6FF079
:103DA4001200FAE72046F8E70000AD0B0123834038
:103DB40070B5DC430B4AD2E8EF1F01EA0405C2E800
:103DC400E65F002EF7D14FF4803282400648C0F8F7
:103DD4000823BFF35F8FBFF36F8F0B4214BF012023
:103DE400002070BD406F00200050015070B40E4997
:103DF40022F07F46D1E90034D01AC31844F10004FC
:103E0400C1E90034A6F50013B3F5400F09D2074BFE
:103E14001B681A0A1B069C19054B42F10005C3E9ED
:103E2400004570BC02F028BD58220020446F0020D9
:103E340060220020D9B101230D4A8340D2E8EFCF9C
:103E44004CEA030CC2E8E1CF0029F7D14FF48033E8
:103E5400084A8340C2F80433074BD3E8AF3FC3405A
:103E6400DB0742BF4FF40012044BC3F80021704734
:103E7400406F0020005001503C6F002000E100E042
:103E84000D4B1868010A0006BFF35F8F0B4BD3F884
:103E94000435181841F10001B3F5801F0AD2084B0C
:103EA400D3E90023904271EB030303D210F1807035
:103EB40041F10001704700BF446F002000500150E1
:103EC400602200202DE9F04F85B016461F460446B7
:103ED4009DF840A0FFF76AFF0190FFF7D1FFB042C1
:103EE40071EB070352D23B4B301A67EB0101984246
:103EF40071F100014DD2384B03EB0413D3E90223D3
:103F04009F4208BF964258D04FF48038334908FA8C
:103F140004F8204626F07F4BC1F8488305F0B7F833
:103F24004FF00309584604F15005AD00ADB205F158
:103F3400502504F5A87305F580350293029A20F004
:103F44007F4341F82230C1F84483D1F80435244A30
:103F5400C01A033820F07F4090422ED9286868B1F7
:103F6400D1F80435A3EB0B0020F07F40B0F5000F2F
:103F7400039322D9204605F08AF8039BBAF1000F77
:103F840007D109EB030009F10109D7E7BAF1000FE2
:103F940009D06FF0150520460199FFF74BFF28461D
:103FA40005B0BDE8F08F01230E4AA340D2E8EF0F1D
:103FB4001843C2E8E10F0029F8D107490E982301FC
:103FC400C8500F9B01EB04120025C2E9026753603D
:103FD400E1E700BF010080004822002000500150AA
:103FE400FDFF7F003C6F00207FB500254FF0FF30C0
:103FF4004FF0FF31194C1A4B0226C4F80833C4F8A9
:104004004833184BC4F80855C3E902014FF4803310
:104014004FF40012C4F80433134B0121C4F80463B1
:104024001520C3F880212A46FEF788FA1520FEF7EA
:1040340055FA01230D4AA360236013600C4B0D4A0B
:10404400009328460023CDE90155FFF73BFF304696
:10405400FEF716FF284604B070BD00BF00500150A3
:1040640003000F004822002000E100E0406F002020
:10407400F13D0000FFFF7F002DE9F7432E4BD3F8FD
:10408400042390070BD5D3F8042142B10022C3F8CE
:1040940004212A4AD3F80431136801331360264AF1
:1040A400D2F80433D90326D5254BD3E8EF1F21F0EA
:1040B4000100C3E8E40F002CF7D1CB0702D4D2F8F7
:1040C4004031C3B100251C4CC4F84051D4F84031F0
:1040D400FFF7D6FEEFF31182202383F31288BFF398
:1040E4006F8F184BD3E90267B042B94106D282F30D
:1040F4001188BFF36F8F03B0BDE8F0834FF0FF3832
:10410400D3E900104FF0FF391D60C3E902894FF471
:104114008033C4F84833C4F84051D4F8403182F3B2
:104124001188BFF36F8F0029E5D0009032463B46DB
:1041340028468847DFE700BF00500150446F002045
:104144003C6F00204822002030B5431C124C85B03F
:1041540005D08442A8BF0446012CB8BF0124FFF750
:104164008FFE0E4B0C4DD3E90013401AB0F5000F2F
:104174000FD22218AA4228BF2A4600205218084902
:10418400CDE90100009143F10003FFF79BFE05B068
:1041940030BD2A46F1E700BFFFFF7F005822002010
:1041A400F13D000008B5FFF76BFE024B1B68C01A17
:1041B40008BD00BF58220020012310B5074C15206C
:1041C4006360FEF799F94FF40012054BC4F8083305
:1041D400C4F84833034BC3F8802110BD005001508C
:1041E40003000F0000E100E040EA0103C3F30D0304
:1041F40030B58BB940F21515094C890BC0F38730E3
:10420400994201D1002030BDC218D2B202F5C07269
:1042140044F822500133F3E76FF01500F3E700BFD1
:10422400003000504FF0005318680D4B984210D0E6
:1042340003F11C53A3F58B13A3F6CC5398420AD075
:10424400084B984209D0084B98420CBF0420022026
:10425400704700207047032070470120704700BF5B
:10426400B6B3B4B55DCE03F1EC49F2B608B5FFF7C9
:10427400D9FF30B1034805F0A6FA0022024BC3F877
:10428400402408BDC0210020003000502DE9F04139
:104294004FF0502315460122C3F81426002858D0A5
:1042A400002956D04FF0005302F13642A2F14B12CE
:1042B400A2F59842C3E900204FF408429960DA60FD
:1042C400FFF7B0FF4FF47F03D3F830210646072AE7
:1042D400D3F834312DD1023B032B02D81E4AD35CD0
:1042E4003BB34FF050244FF0010800270520C4F8D9
:1042F4001886C4F8147604F086FF4046C4F8148681
:1043040004F081FFC4F81476C4F81876FDB1134C98
:10431400204605F0ABF8FFF785FF8642F8D0022867
:104324000F4B0CD100226FF00D00C3F84024BDE800
:10433400F0814FF050230022C3F81426E6E74FF033
:1043440050220121C2F814160022C3F84024002090
:10435400EDE76FF01500EAE72FA8000040420F00D8
:104364000030005010220B4B13B5C3F84024002238
:10437400FFF78CFF044650B94FF40042002306486F
:10438400CDE9002302F05EFB044805F06FF82046F7
:1043940002B010BD00300050C021002040420F0088
:1043A4001022034BC3F840240122FFF76FBF00BF64
:1043B40000300050034B000240F00400C3F8000733
:1043C400704700BF00300050012803D111B9024BDF
:1043D40018687047014BFBE70824002000200020E8
:1043E40013B50446104805F046F8B0B1002001A901
:1043F400FEF724FF0D4B02689A4211D10389C1686C
:1044040018444368B3F1807F0AD91CB1FFF7C8FF91
:1044140002B010BDFFF7A6FFFAE76FF01200F7E74E
:104424006FF03C00F4E700BFF09800003DB8F3964D
:1044340030B5816885B0103921F00704054603F0D2
:10444400C8FE10220146684603F09FFF102268460A
:10445400064903F08FFF10236A462146284603F0DD
:1044640084FE003818BF012005B030BD92A10000C1
:1044740030B50D46816887B0102302AA103904466E
:1044840003F05EFE002802DA012007B030BD1022DE
:10449400204602A904F06DFE00283AD110221E49DC
:1044A40002A803F057FF00280CBF012302232B703E
:1044B400204604F04AFE012301460DF1070220467E
:1044C40003F03EFE0028DFDB9DF80730204603F0B2
:1044D4000F021B096A702B7101220DF1070104F010
:1044E40048FE10B96B78042B03D901236B700023A9
:1044F4002B71A2682046183A22F00702083AA91C38
:1045040004F04AFE0028BFD12046E91C04F060FEF6
:10451400BBE70323CBE700BF92A10000F0B585B051
:104524006946054604F0F4FD0128044606D1344BDF
:10453400694653F8350004F051FE044614B1FF20D7
:1045440005B0F0BD2E4B02A903EBC503586804F077
:1045540045FE012837D12A4649212A4803F0E2FDC5
:10456400294B8DF80C40029300229DF800609DF8C1
:104574000870264C3146207804F0EDFD50B33946DE
:10458400607804F0E8FD28B3A378042B03D09DF8E9
:10459400031099421ED1E378042B03D09DF80B102D
:1045A400994217D12379042B10D16279022A1DD1A3
:1045B400174B18482A46492103F0B4FD6079831E3D
:1045C400022BBDD9BBE70028CED0B8E79DF8021076
:1045D4009942EAD00132032A04F10604CAD10E48F2
:1045E4002A46492103F09EFD0120A9E7032A05D0AC
:1045F4000A4B0B49042A08BF0B46DAE7094BD8E7F4
:10460400C0A0000056A8000003010303EBA80000AB
:1046140038A80000A1A80000C5A800003DA800001B
:104624004FA8000033A800004FF47F03D3F83021D3
:10463400D3F83431072A05D1023B032B02D8024AAE
:10464400D05C70470020704705A9000008B5FFF74B
:10465400EBFF58B1644BD3F8202A3AB90D21C3F8C3
:10466400201A0121C3F81C19C3F81C290022D30005
:1046740003F57F03D3F80013013107D0D3F80013F7
:104684000132D3F80433202A0B60F0D1FFF7CCFFBA
:10469400002840F0A080FFF7C7FF40B1534B544AB5
:1046A400C3F830254FF050230122C3F858254FF4A6
:1046B4007F03D3F83021D3F83431072A09D1023BE0
:1046C400032B06D84B4AD35C1BB100224A4BC3F8D8
:1046D4004C25FFF7A9FF50B14FF05023D3F8002425
:1046E400D10742BF0022C3F81421C3F818214FF4A4
:1046F4007F03D3F83021D3F83431072A09D14FF09E
:104704005023D3F80024D20744BF6FF00102C3F84A
:104714000024FFF789FF18B16522334BC3F80C2737
:104724004FF47F03D3F83021D3F83431072A16D15C
:10473400314BD3F82034002B11DA4FF050230322ED
:10474400C3F8182501229A60D3F80421002AFBD06B
:104754000022C3F804210122DA60C3F818254FF4BB
:104764007F03D3F83021D3F83431072A23D1023B15
:10477400032B02D8214AD35CEBB17E221A4B1B498E
:10478400C3F80C27C3F83C297F231D4AC2F818310B
:104794000023C1F8043EC1F8083E01F54821C1F8E0
:1047A4001031C2F82431C2F82C3102F5FF1202F59F
:1047B4008052C2F8A032134AD2F88C3043F44063DA
:1047C400C2F88C30104A114B1168C3F84415D269F1
:1047D400C3F84C2508BD2922034BC3F80C27032238
:1047E400C3F83C2757E700BF004000500090035037
:1047F4004400EFBE01A9000000200350FDA8000002
:104804000020005000ED00E00080FF000060005038
:1048140030B50468ACB1B4FA84F30122C3F11F03C8
:10482400DBB29A4024EA0202D0E8EF5FA54204D149
:10483400C0E8EC2FBCF1000FF6D1EAD102480B70AE
:1048440030BD0248FCE700BF0000AD0B0200AD0B19
:1048540010B50368CB40DB0710D401238B400268FA
:1048640043EA0201D0E8EF4F944204D1C0E8EC1FC0
:10487400BCF1000FF6D1F2D1014810BD0148FCE7AC
:104884000000AD0B0400AD0B014BC3F804057047E9
:10489400007001500146014800F044B9A8200020EE
:1048A4000328F7B506462ED84FF05021364B374A29
:1048B40033F81000925DC1F8080300250A44012171
:1048C40042F210744FF05027314B116033F8163018
:1048D4008E4203F150231D601B688DF8071008BF3A
:1048E4000DF10705022E32D0032E40D0012E1CD02C
:1048F400D7F8183403F480333DB923B1012004F010
:1049040082FC013CF0D103B0F0BDD7F8182402F0CA
:1049140003022A70002BF6D09DF807000128F2D17B
:1049240004F071FC013CDDD1EDE7D7F80C3403F45D
:1049340080333DB9002BE6D0012004F064FC013C37
:10494400F3D1E0E7D7F80C2402F00102E1E7D7F84D
:104954005C3403F480333DB9002BD4D0012004F03F
:1049640052FC013CF3D1CEE7D7F85C24ECE7D7F84E
:104974005434DB03C7D5002DCED1012004F043FC11
:10498400013CF4D1BFE700BFAAA1000009A90000BF
:10499400A2A10000044B1A7922B9012218601A71ED
:1049A4000248704702487047486F00200000AD0B72
:1049B4000C00AD0B08B50A4B1B6833B10520FDF79D
:1049C400AFFD10B90520FDF789FD4FF050230122FA
:1049D400C3F81825C3F81425C3F8802508BD00BF03
:1049E400486F002010B5032845D8DFE800F018020E
:1049F400554F00224FF480730121002003F150230E
:104A040018601C68012402F150221460284A1268BC
:104A1400002A47D04FF05023C3F804132BE04FF083
:104A24005023D3F81814D3F81824C90312D502F06C
:104A34000303022B05D0012B02D00020FFF730FF27
:104A440001234FF050220221C2F8183508224FF4F6
:104A54008273D2E7D3F81424D207F1D5D3F81C24F7
:104A640002F00302013A012AE7D8114A12681AB186
:104A74000222C3F8042310BDD3F80421002AFBD07A
:104A84000022C3F80421D3F80431F4E718224FF4C8
:104A940090734FF48071B0E720224FF492734FF477
:104AA4000071AAE71A68002AFCD018601B68E2E7C4
:104AB400486F0020F8B54FF0502301250026D3F8A5
:104AC4000443174F04B9F8BDB4FA84F0C0F11F00D1
:104AD400830003F580739BB203F1502305FA00F2BF
:104AE400196892B224EA02040029EBD01E601B6804
:104AF4004FF05023022AC3F808230DD1D3F8181419
:104B0400D3F8181401F00301012905D1C3F81825BD
:104B1400C3F804239960D5E73B68C0B29847D1E74E
:104B2400486F00200079024B03EB0010FFF770BEC2
:104B3400B0200020036803F01F025B09026004D068
:104B4400012B034818BF002070470248704700BF7C
:104B54000028845000258450034A4309D35C00F0A4
:104B64001F001844C0B270470DA9000070B5054677
:104B7400FFF7F2FF0C4C083034F810300E46DA051B
:104B840008D5C3F3432304EBC302284654F8333057
:104B940052689847A3682BB131462846E268BDE8BD
:104BA4007040184770BD00BFC020002008B5FFF753
:104BB400D3FF034B083033F81000400B08BD00BF8F
:104BC400C020002008B5FFF7C7FF034B083033F8B7
:104BD4001000C0F3400008BDC020002008B5FFF756
:104BE400BBFF034B083033F81000C0F3401008BD7E
:104BF400C0200020034611F0010010B5CCB20BD147
:104C0400A207C4F340000DD5074A106A5860106229
:104C1400003818BF012005E004490A6A1A600A62D4
:104C2400002AEDD010BD00BF002884500025845018
:104C340010B5FFF791FF124A083032F81030D90549
:104C44001CD5C3F3432123F4F85322F81030002079
:104C540002F10E0434F8023F13F4807F03D0C3F34F
:104C6400432399420AD001303028F3D1002342F87B
:104C740031300448BDE81040FFF7EABD10BD00BF65
:104C8400C020002038210020F0B505460020012670
:104C9400044607468C420BD1114BD3F87C2132B128
:104CA4000022C3F87C21D3F87C3140F00040F0BDF1
:104CB400E3B29B0003F580729B0806FA03F31D42DE
:104CC4000BD002F1A04202F55042D2F800C0BCF170
:104CD400000F02D01760126818430134DAE700BFEE
:104CE40000D00050F7B506460846FFF735FF1A4FC7
:104CF40000F1080537F815300C46DB072AD5304695
:104D040004F0FFFA2046FFF769FF58B12046FFF789
:104D14004DFF0022316800B201EB8003C3F8102577
:104D2400C3F810252046FFF783FF002301A827F8C6
:104D340015300194FFF7FEFE019B00EB8300D0F8D1
:104D44000022064B134043F00203C0F8003204482B
:104D540003B0F0BD0348FBE7C0200020F0F0FCFFE7
:104D64000000AD0B0400AD0B2DE9F0431646804660
:104D740085B00846FFF7F0FE0D463168044609B3D6
:104D84002846FFF71FFF18B12846FFF727FF10BB7F
:104D940000230DF10F02CDE900338DF80E308DF8AC
:104DA4000F3028460B460DF10E0104F041FA484A33
:104DB40004F1080132F8113023F0020343F0010337
:104DC40022F8113073687BB328461F785968FFF7BF
:104DD400F9FE10B1E9B13F4829E03D4A04F1080069
:104DE40032F8103023F02003DB04DB0C22F81030FF
:104DF40079B1032FEFD87168D1F804E0D8F8001026
:104E04009EF800C001EB8C01A7B9C1F81075C1F878
:104E140010752F4A04F1080132F8113023F01C03F5
:104E240043EA870322F81130B3683BBB2A4805B034
:104E3400BDE8F083D1F810E543EA4C332EF0030EBD
:104E4400C1F810E5D8F8001043F0200301EB8C0EF4
:104E5400DEF8101522F8103021F44F3121F440719E
:104E6400CEF810152902DEF8108501F47C5141EAD0
:104E7400074141EA0801CEF81015CAE72846D3E9EC
:104E84000067FFF7D5FE002ED0D0114DD5E90023E1
:104E9400964203D19F4201D1002209E00F480DF14F
:104EA4000F01FFF7B5FC0C4B9842C0D19DF80F20C1
:104EB40005EBC20308345F6035F8143045F83260FE
:104EC40043EA422343F4807325F81430AEE700BF6D
:104ED400C02000200400AD0B0000AD0B38210020E1
:104EE4002DE9F0430C46804685B0204611461D4608
:104EF400FFF732FE064629B32046FFF763FE18B9D2
:104F04002046FFF76BFE18BB334F06F1080937F84C
:104F1400193013F01C0F02D04B78012B18D0012349
:104F24008DF80F3000234A1CCDE9001320468B1C5A
:104F34000DF10F0104F07CF937F8193043F0030345
:104F440027F81930002D44D02046FFF73BFE18B94E
:104F5400224805B0BDE8F083002295F800C0D8F8D7
:104F640000301D4F03EB8C03C3F81025C3F8102544
:104F740006F1080237F812104FEA8C0E21F02001D6
:104F8400C904C90C27F812106E7816B3D8F80000BB
:104F9400AD787044D0F81035360423F4991323F413
:104FA400F853C0F81035230203F47C5306F440365A
:104FB4002D05D0F810E5334305F480152B4341EA61
:104FC4004C3143EA0E0341F02001C0F8103527F8B4
:104FD40012100348BDE700BFC02000200400AD0B41
:104FE4000000AD0B014BC3E902127047C020002042
:104FF40010B508461446FFF7F1FD50B10846FFF717
:10500400ABFD054B083033F8103004485B0B2370BC
:1050140010BD0348FCE700BFC02000200000AD0B1A
:105024000400AD0B70B5154D064695F880401CBBC9
:105034002146602205F1100003F0A7F921463068EB
:105044002E6F8E420ED10023C0F87C31D0F87C3113
:1050540040F30730FDF742FA0123094885F8803010
:10506400AB6770BDCBB29B0003F580727C2B04BF91
:10507400845083580131E4E70248F2E7C02000205D
:105084000000AD0B0C00AD0B034B93F8800000380F
:1050940018BF0120704700BFC02000200148FFF75F
:1050A400D7BB00BF342100200148FFF7B1BB00BFCC
:1050B4003421002073B503681646D3F8042305464B
:1050C400002AA8BF4FF000420846A8BFC3F8042333
:1050D4000C46FFF783FD00B30846FFF773FD014656
:1050E400D8B92046FFF762FD04B2A400034628683D
:1050F40004F580728150296882582144D1F8102522
:1051040042F00102C1F810252EB10122296802FAE9
:1051140003F3C1F8043302B070BD2046FFF71CFD51
:105124000E4B083033F81030C3F38203042B11D034
:10513400052B11D001A80194FFF7FCFC019A036927
:10514400D34003F00103991C204602B0BDE870402F
:1051540004F0B7B80321F7E70221F5E7C0200020E7
:105164002DE9F04F684BDFF8A481D3F80403D8F895
:105174007010C0B289B040F00040FFF785FD051EF5
:105184002FDAC24600235AF87C1F06A8CDE906335D
:10519400FFF730FD4FF0000B5D4B0DF11809019343
:1051A400019A12F8013B0192DA081AF8022003F07E
:1051B400070322FA03F3DA071CD409F10409BBF14B
:1051C400000F14D0D8F870104FF00040FFF75CFDCA
:1051D400D8F87C1006A8FFF70DFD0028DAD125F0D9
:1051E40000450124002D76D109B0BDE8F08F4FF0C1
:1051F400010BD5E7474B5B440293D9F80010002913
:10520400DBD091FAA1F1B1FA81F1029B1C7841EA59
:1052140044142046FFF7A0FC083038F81070C80882
:10522400BB080393012319F8002001F0070103FAD6
:1052340001F122EA010209F8002005A80594FFF70C
:1052440079FC059A039B803250F82220C7F382062A
:105254005B073746C2F3014222D520463946D6B20F
:10526400FFF784FC05A80594FFF764FC059B8033D5
:1052740050F82330C3F301439E4207D10021204656
:1052840004F01FF83146204604F01BF805A80594E5
:10529400FFF750FC0122059B02FA03F30362ACE71B
:1052A400022A0CD10321204604F00BF806F0050372
:1052B400012BEBD139462046FFF758FCE6E70221E3
:1052C4002046039203F0FDFF032EF3D0039A032A32
:1052D400DCD1022EEDE795FAA5F3B3FA83F304FAD1
:1052E40003F29B0003F1A04303F55043D3F81005E8
:1052F400D3F81015C0F30520C1F3014125EA0205D6
:10530400FFF734FC6EE700BF00D00050C02000203F
:105314001DA900001DA900000022034BC3F8842529
:10532400C3F80425704700BF00900350044AD2F824
:105334000034DB07FBD50160BFF35F8F704700BF0C
:105344000090035008B5C0F30B0383B90222094B44
:10535400C3F88425C3F804254FF0FF320260D3F864
:105364000024D207FBD5FFF7D7FF034808BD034845
:10537400FCE700BF009003500000AD0B0A00AD0B2A
:10538400012208B5054BC3F88425C3F80425FFF7AB
:10539400CDFFBDE80840FFF7BFBF00BF009003503A
:1053A400036803F01F025B09026004D0012B034869
:1053B40018BF002070470248704700BF002884507F
:1053C400002584504B69284A934247D00FD8274A76
:1053D400934243D009D8264A93423FD02549264ACE
:1053E40026488B4218BF104670472549F7E7254ADF
:1053F400934233D004D8244A93422FD02349EEE772
:10540400234A93422CD191F823301BBB0268214BD1
:105414009A4223D10B685A1C01D0082B20D14B6827
:10542400581C01D0092B1BD18B685A1C01D00A2BA4
:1054340016D191F8213023B1CB68581C01D00B2B25
:105444000ED1CB690D485A1C0CD00B4A0C2B18BF3B
:105454001046704791F82430002BD7D00748704786
:1054640005487047704700BF80841E0020A10700D4
:1054740048E8010090D003000400AD0B0000AD0B20
:1054840040420F000024F40000093D0000127A009D
:105494000048E80100A0005073B51646421C1C46A3
:1054A4000546069B18D0012902D1BBB103F0B0FF19
:1054B40001A80195FFF774FF019B240200EB830010
:1054C400D0F80022074B44EA86040C4313401C43E3
:1054D40044EA4101C0F8001202B070BD03F0A4FF19
:1054E400E6E700BFF0F0FCFF2DE9F04F91F8213022
:1054F40007460C4690F804A085B0002B00F0B48059
:105504004FF0010891F8223003936569784B9D426E
:1055140000F0C48000F2B480764B9D4200F0C1805C
:1055240000F2A680744B9D4200F0BE80734B9D42F6
:105534000CBF4FF080654FF080452422DFF8C09106
:1055440094F8230002FB0A93997F60F30001997792
:105554003B79217C02FB03939A7F61F341029A77A2
:1055640094F82360002E32D16269664B01219A427D
:105574000CBF4FF0030B4FF0000B237E3246012B80
:1055840094BF00230123009320685B46FFF784FF48
:1055940000965B46324601216068FFF77DFF009666
:1055A4005B463146A27EA068FFF776FF237C324635
:1055B40083F00103009301215B46E068FFF76CFF71
:1055C400012100915B463246E069FFF765FF242321
:1055D400B8F1000F71D04FF0FF3203FB0A931A6247
:1055E400A07C217E627EE66894F8108094F824E022
:1055F40094F820C03B68BEF1000F13D1D4E900BA7F
:10560400D4F808E0E469C3F808B5C3F80CA5C3F8F6
:1056140010E5C3F86C45039CC3F81465C3F86885AA
:10562400C3F86445003A18BF01220229C3F8C00533
:10563400C3F8245553D0032954D0012901D142F091
:105644000202C3F854252422C3F860C53B795343AE
:1056540059F80330002B48D0386840F3073005B0C0
:10566400BDE8F04FFCF73ABF9846022303934CE79A
:10567400254B9D420CBF4FF080554FF080455CE7B1
:10568400224B9D4213D01F4B9D4213D0204B9D4271
:105694000CBF4FF000454FF080454EE74FF00055EA
:1056A4004BE74FF0006548E74FF0007545E74FF0D2
:1056B400206542E74FF0A0553FE703FB0A9AE268F2
:1056C4009AF81E30CAF82020227C4FF0FF3662F38D
:1056D40041038AF81E30A07C217E627E86E742F078
:1056E4000402AEE742F00602ABE705B0BDE8F08F76
:1056F40080841E0020A1070048E8010090D0030028
:10570400506F00200048E80140420F000024F400DC
:1057140000127A00431C07B50ED0019001A8FFF7D0
:105724003FFE019B00EB8300D0F80022044B1340A2
:1057340043F00203C0F8003203B05DF804FB00BF7D
:10574400F0F0FCFF2DE9F84F242590F80490154C57
:1057540005FB09F504EB050B98469BF81C3006463F
:105764000F469246DBB961B96251CBF80480242319
:1057740003FB09440023637701230B482377BDE827
:10578400F88FFFF71FFE084B9842F8D13946304690
:1057940044F805A0CBF80480FFF7A6FEE7E703482A
:1057A400EDE700BF506F00200000AD0B0C00AD0B07
:1057B4002DE9F0410446067900681E4D40F3073098
:1057C400FCF79AFE24237343EB5853B123681A4A17
:1057D40006EBC601C3F80823206805EB810103F03A
:1057E4002FFE242101FB06512368D3F80805D3F8C2
:1057F4000C75D3F810858B7FDB0714D4FFF78AFF71
:105804004046FFF787FF3846FFF784FF086AFFF733
:1058140081FF2368D3F86C05D3F81415FFF77AFFDA
:105824000846FFF777FF242303FB065500232B7755
:10583400BDE8F081506F00205201080024232DE9B7
:10584400F0430779534D7B439046EA180E46517F47
:10585400814685B0002940F09B80EB5823B118F0B5
:10586400140F04BF01235377242496E80F0004FB8C
:10587400075404F10C0C8CE80F00206A421C04D07D
:10588400A37F9B071AD503F0C3FD3368D9F8004002
:1058940023B103F06043B3F1005F06D1B36883B171
:1058A40003F06043B3F1005F0BD02423002203FB19
:1058B400075339485A7705B0BDE8F08303F0B4FDC7
:1058C400E3E718F0010318BF0123C4F8503518F0BA
:1058D400020318BF0123EC46C4F8403596E80F00D4
:1058E4008CE80F00039BC4F84405C4F84815C4F8B9
:1058F4003425C4F838350023C4F81831D4F81831E5
:105904000723C4F8003524237B4318F0080F05EB64
:1059140003021DD10121E858216158B9D4F8183186
:10592400002BFBD062464021204603F033FD2423A4
:105934007B43EA18EB5813BB106A461C13D107EBE0
:10594400C707204605EB870103F07AFD1348B2E749
:10595400EB58A3B9106A411CF8D0937F9A070BD572
:1059640003F062FDF2E7937F9B0702D503F05CFD31
:10597400E5E703F04DFDE2E703F04AFDE6E74023E7
:1059840018F0040F14BFC4F80833C4F80433DDE777
:10599400034890E7506F00200A00AD0B0000AD0BE8
:1059A4000B00AD0B10B540210F4A104803F0F2FC78
:1059B400C8B10F4C206A421C04D0A37F9B070FD5AB
:1059C40003F032FD637F1BB10949084803F038FD39
:1059D400002323720748D4E90031BDE8104018477A
:1059E40003F016FDEEE710BD5C6F002000A0005030
:1059F400506F0020586F002038B5EFF31185202335
:105A040083F31288BFF36F8F064B9C6803F046FD47
:105A140085F31188BFF36F8F2046BDE83840FCF74B
:105A240009BD00BF746F002038B5094B53F82040FE
:105A3400013053F82050A54200D838BD636823B123
:105A4400204603F02EFD0834F5E723689847FAE76B
:105A5400D0A00000012270B52A4B032086B01A7032
:105A6400FFF7E2FFFCF710FA03F037FD0420FFF71D
:105A7400DBFF254C254D2646AE4204F1300410D3FD
:105A840000F02CFC204C224EAC4226D300F03AFC11
:105A9400FAF7C6FC1F4A137B23F00103137306B005
:105AA40070BD54F80C3C059354F8103C049354F81E
:105AB400143C039354F8183C029354F81C3C01938F
:105AC40054F8203C009354E90A2354E90C0100F0F3
:105AD40063FA54F8303C5E65CDE7D4E90A23B3F1A8
:105AE400FF3F08BFB2F1FF3F05D052EA030120682F
:105AF40003D100F0C7FC3034C6E73146183000F05B
:105B040045FEF8E793720420549B0000549B000068
:105B1400E5960000E822002008B50348034A002166
:105B2400121A03F0D6FC08BD482200209872042003
:105B34000023012270B586B0CDE904230F2201931E
:105B4400CDE9023214234FF4A0720E4D0E4E03FB26
:105B540000550E4906EBC016044602FB00110C4B1F
:105B64003046009500F018FA737B2C7423F004037C
:105B74007373084B013403EBC423EE606B6006B00F
:105B840070BD00BF746F002068220020987A042042
:105B94009F95000098720420BFB50020FFF744FFD2
:105BA4002C4B03F5006282F3088883F30A880024EF
:105BB400E023294D294E85F82230EC772C766C763B
:105BC400AC7685F820406B6A254F43F4E0236B6282
:105BD40085F82340FCF7ACFBFCF718FD4FF0FF33CE
:105BE400AB62EB62FCF79EFEFCF734FD40F201125F
:105BF4001C4B1D4D9A81B360C3E919441C6703F023
:105C040039FC0120FFF710FF0220FFF70DFF00F021
:105C1400ADFB164B75610593012315494FF42052D2
:105C2400CDE9034328463B46CDE90144009400F006
:105C3400B3F906466A7B284622F004026A7303F02D
:105C440012FD2046FFF774FF3A4631462846FCF71A
:105C5400C3FC00BF9872042000ED00E0746F0020C4
:105C6400595A000068230020E82200201FA90000E0
:105C7400D87B0420002038B5054C064DAC4200D337
:105C840038BD204603F02AFC0028F9DB1C34F5E774
:105C9400F8210020F821002073B50C46EFF31181A0
:105CA400202585F31288BFF36F8FC5685DB1256029
:105CB4002B68C360836901338361002081F31188F9
:105CC400BFF36F8F11E052EA030603D16FF00B00AC
:105CD4002560F3E7CDE900230246083000F05EFAC0
:105CE40018B9034B9B685B69236002B070BD00BFA9
:105CF400746F00202DE9F341044617461E46EFF366
:105D04001188202383F31288BFF36F8FC368334A4B
:105D14007BB180689168884219D057EA060318D18C
:105D240088F31188BFF36F8F6FF00F0002B0BDE8E6
:105D3400F081916891F90E100133E3609368216159
:105D4400A36088F31188BFF36F8F0020EEE7216909
:105D5400F2E791F90E1090F90E306FF07E0299423D
:105D6400A8BF19469142B8BF11468B422DDD03F0FE
:105D74001FFC054622464146CDE90076184800F04E
:105D84000DFA0028E1D0EFF31186202383F3128863
:105D9400BFF36F8FA068D0B1236821699C420AD0F9
:105DA4004BB193F90E309942A8BF19466FF07E03A8
:105DB4009942B8BF194603F0FBFB40B1314608488D
:105DC40000F066FA6FF00A00B0E70025D2E7002D74
:105DD400F4D186F31188BFF36F8FF3E7746F00205B
:105DE40094720420F8B583680546002B3FD0234AFB
:105DF400926893423ED1C368012B03D9013BC3602F
:105E04000020F8BDEFF31187202383F31288BFF33A
:105E14006F8F0169806803F0CBFB2C68AC4207D11B
:105E24000023C5E9023387F31188BFF36F8FE7E7D7
:105E3400002CF5D0D4E90032002613605A60637B4D
:105E4400C4E9006623F002036373A66004F118003A
:105E540003F092FCAC6094F90E3020462B61A667E7
:105E640003F001FC3946064800F012FAC8E76FF067
:105E74001500C6E74FF0FF30C3E700BF746F002082
:105E84009472042070B5EFF31186202383F31288F3
:105E9400BFF36F8F0468A0421AD0CCB1D4E90032AA
:105EA400002513605A60637BC4E9005523F00203A4
:105EB4006373A56004F1180003F05EFC2046A56737
:105EC40003F0D1FB3146BDE87040074800F0E0B96B
:105ED400D0E902329A4218BF0133836086F31188F5
:105EE400BFF36F8F70BD00BF9472042013B5EFF33E
:105EF4001181202484F31288BFF36F8F846844B126
:105F0400013C846081F31188BFF36F8F002002B0DD
:105F140010BD52EA030406D181F31188BFF36F8FD9
:105F24006FF00F00F3E7CDE900230246014800F0CB
:105F340035F9ECE7947204202DE9F0410546EFF3BE
:105F44001188202383F31288BFF36F8F00266FF02C
:105F54000A072C68A54214D09CB1D4E9003213601E
:105F64005A60637BC4E9006623F002036373A6608E
:105F740004F1180003F000FC2046A76703F073FB4C
:105F8400E7E70023AB604146BDE8F041014800F07B
:105F94007FB900BF947204202DE9FF410E9E00F1E9
:105FA400580506730426C0E91655002504464673B1
:105FB4000D9EC0E906558673D61D0C9A26F0070679
:105FC400C0E919168560C573C56602920B9A01EB88
:105FD400060801920A9A00924246FCF7E1FA054B40
:105FE40065659B6803B11B6F4046236704B0BDE839
:105FF400F08100BF746F00206FF00A01084A9368B3
:106004009967084958674B6843F080534B600023F5
:1060140083F31188BFF36F8F9368986F704700BF45
:10602400746F002000ED00E070B590F90D20437B03
:10603400002A39DBD90637D18269002A34D11D4CB4
:1060440063F07F032246437352F8183F93422CD1E6
:10605400E169C0E900210860E06111E09942F8D0EB
:106064001B68002BF5D090F90E5093F90E60B542E1
:10607400F4D0AE42F2DD5968C0E9003108605860DE
:10608400A569954200D005B9E568A3685A7BD20694
:1060940004D1DA897F2A01D9AA6942B1AB4202D07C
:1060A400284600F0D1FA656170BDE169D9E7636102
:1060B400FAE700BF746F002038B590F90D2001464F
:1060C400002A437B04DA03F07F03437303F091FA5D
:1060D4000D4D2A4652F8184FAB68944200D004B9CB
:1060E400EC688B4207D05A7BD20604D1DA897F2A26
:1060F40001D9A2692AB1A34202D0204600F0A4FA31
:1061040023466B6138BD00BF746F002070B590F9F1
:106114000D200146002A437B04DA03F07F03437316
:1061240003F067FA1C4C4B7B224663F07F034B73EE
:1061340052F8183FE069934207D1C1E90020016099
:10614400E16111E09842F8D01B68002BF5D091F979
:106154000E5093F90E60B542F4D0AE42F2DD5868A9
:10616400C1E9003001605960A569A368954200D077
:1061740005B9E5688B4207D05A7BD20604D1DA8987
:106184007F2A01D9AA692AB1AB4202D0284600F07D
:106194005BFA2B46636170BD746F0020F8B5124B37
:1061A4000C46DDE9067611469868104A1060EFF354
:1061B4001182202282F31288BFF36F8F9D682846D4
:1061C40003F029FAB6F1FF3F08BFB7F1FF3F06D04D
:1061D4003A463346064905F1180000F0D7FA20463E
:1061E400BDE8F840FFF708BF746F0020946F0020EB
:1061F400E5960000F8B50446EFF31186202383F3F7
:106204001288BFF36F8F437B49B2DA0617D18269D4
:10621400AAB903F07F031D4D437303F0EAF92A463C
:10622400437B817363F07F03437352F8183F9342B7
:106234002AD1E869C4E900200460EC6116E000207A
:10624400A17386F31188BFF36F8FF8BD8342F1D039
:106254001B68002BEED093F90E70B942F6D08F4232
:10626400F4DD5968C4E900310C605C60AC699442A7
:1062740000D004B9EC68AB689C4202D0204600F020
:10628400E3F901206C61DCE7E869E2E7746F002060
:1062940049B9EFF3058030B9054B5A699B689A42B6
:1062A40001D0FFF7A9BE81F31188BFF36F8F704748
:1062B400746F0020034648B9EFF3058232B9064AE9
:1062C40051699268914201D0FFF796BE83F3118819
:1062D400BFF36F8F704700BF746F0020EFF311811D
:1062E400202383F31288BFF36F8F054B9A68D37B07
:1062F400013BD37381F31188BFF36F8F704700BFE5
:10630400746F002070B5EFF31186202383F3128895
:10631400BFF36F8F144DAB68DA7B0132DA732A4610
:1063240052F8184F944200D004B9EC685A7BD20654
:1063340004D1DA897F2A01D9A2692AB1A34202D001
:10634400204600F081F923466B6186F31188BFF380
:106354006F8FEFF31180202383F31288BFF36F8FC5
:10636400BDE87040FFF7A6BF746F0020024B03F135
:106374001802C3E906227047746F002070B5EFF36A
:106384001186202383F31288BFF36F8F1B4CA168FF
:10639400E0690B68814214BF1A46002249680B6009
:1063A4005960A368E1692AB9154AC3E900210B6061
:1063B400E3610CE093F90E0092F90E50A84218D054
:1063C400854216DD5168C3E900210B605360A5695D
:1063D4000B4B9D4200D005B9E568A3689D4202D0ED
:1063E400284600F031F965613046BDE87040FFF79A
:1063F40003BE8A42D8D01268D5E700BF746F00206C
:106404008C6F002050EA01032DE9F04105460E4649
:1064140004D1FFF7B3FF0020BDE8F081831C71F1C4
:10642400FF3324DB03F0C9F92C18EFF31188202380
:1064340083F31288BFF36F8F0F4F104BB868186047
:10644400FFF73AFEB8680E492A463346183000F082
:106454009DF9BA684046537B43F004035373FFF736
:10646400CBFD03F0AAF9201A20EAE070D4E76FF01C
:106474000104241AD9E700BF746F0020946F002030
:10648400E596000038B50446183003F075F9EFF3CB
:106494001185202383F31288BFF36F8F637B5A0720
:1064A40004D485F31188BFF36F8F38BD23F0040340
:1064B40020466373FFF7B8FDEFF30583002BF0D19B
:1064C4002946BDE838400148FFF7E2BE9472042033
:1064D400014B9868704700BF746F00202DE9F843A2
:1064E4000446EFF31187202383F31288BFF36F8FE1
:1064F400067B16F001060DD087F31188BFF36F8F6A
:10650400002383F31188BFF36F8F0423184602DF3F
:10651400BDE8F883437B1A0704D587F31188BFF3DA
:106524006F8FF5E7D90943F0080250D14273A3688D
:1065340013B1204603F065F804F1180003F01CF9C8
:10654400A56D04F15808A84511D04FF0000975B1A4
:10655400284603F056F805F1180003F00DF9284613
:10656400C5F87890FFF760FDA56DA845EFD11C4DE7
:10657400AB689C4204D1EFF30586003E18BF0126A8
:10658400D5F81880174A904502D0B8F1000F01D110
:10659400D5F80C80434502D0404600F055F8C5F8C4
:1065A400148046B140F201120F4B9A810022C3E9D4
:1065B40019221A67AB60AB689C42AED1EFF3058336
:1065C400002BAAD13846BDE8F843FFF715BD03F008
:1065D4007F0343F00803437303F00BF8A7E700BFFE
:1065E400746F00208C6F0020682300200122044B6C
:1065F400C01A044BC0105843034B1A54704700BFD1
:10660400E8230020ABAAAAAA94720420C3897F2B92
:1066140012D80A4B1B6863B1094B90F90E201B6812
:106624009A4209DB437BDB0606D1064BC31A18BF2B
:10663400012303F0010070470023FAE79C6F002058
:10664400986F00206822002070B50E4B0E4C1E7C03
:10665400054606EB460304EBC304204603F08CF81E
:1066640000220A4B28469A55FFF7D0FF48B1084B41
:106674002046BDE870401A680649013AD31700F075
:1066840085B870BD746F0020E82300209472042044
:106694009C6F0020F165000038B5EFF311852023CD
:1066A40083F31288BFF36F8F104B114A9C681068F4
:1066B400A04206D1FFF7C8FF85F31188BFF36F8F9F
:1066C40038BD00211B7C11600A4AD35C002BF3D037
:1066D4002046FFF79BFF0028EED0637BDB0602D148
:1066E4002046FFF713FD2046E4E700BF746F002047
:1066F400946F002094720420074808B5074A08499B
:10670400121A02F0E8FEBDE808400648064A0749A6
:10671400121A02F0E0BE00BF002000204822002030
:1067240024A90000002000200020002024A900004B
:10673400024B1868984208BF00207047442100208B
:10674400034B1B680BB9FDF72DBD0020704700BF3C
:10675400A06F002030B570B10B4B5B6898420AD033
:10676400036843B1D3E90421D0E90445121941EB8C
:106774000501C3E90421D0E9003213605A60002303
:10678400C0E9003330BD00BF44210020B3F1FF3F16
:1067940008BFB2F1FF3FF8B504461D4616465AD06D
:1067A4008160EFF31187202383F31288BFF36F8F87
:1067B400013275F1FF3321DA6FF001032B49D1E97E
:1067C40000209B1A4FF0FF3262EB00009E1B60EB2F
:1067D4000500012E70F1000301DA01260020C4E94E
:1067E4000460FFF7A5FF224E84467068BCF1000FD9
:1067F4000DD1C4E90060046074601CE0FFF7A0FFE1
:10680400013645F10005361845EBE070E7E7DCE9B1
:106814000425D4E90431934271EB050E1CDAD21A33
:10682400DCF8043065EB0105CCE90425C4E900C3B8
:106834001C60CCF80440FFF77BFF844207D10D4B6A
:106844001C6824B902F07FFF2146FDF77DFC87F325
:106854001188BFF36F8FF8BD9B1A61EB0501844566
:10686400C4E90431C5D0DCF800C0BFE7002400202F
:1068740044210020A06F00202DE9F047EFF311859B
:10688400202383F31288BFF36F8FDFF8A0900026D4
:10689400C9F800000027FFF74BFFDFF89480D9F810
:1068A4000030D8E900ECD91750B1D0E90442A34232
:1068B40071EB020A1ADAE41A62EB0102C0E904423B
:1068C400002413EB0E034CEB0101C8E90031C9F8B5
:1068D400004002F038FF2146FDF736FC85F31188AD
:1068E400BFF36F8FBDE8F047FFF7D6BE14EB0E027F
:1068F4004CEBE473C0E90467C8E90023FFF72AFFFF
:1069040085F31188BFF36F8F83689847EFF3118580
:10691400202383F31288BFF36F8FD9F800301B1B39
:10692400C9F80030FFF704FFB9E700BFA06F0020EB
:106934000024002010B5EFF31184202383F3128880
:10694400BFF36F8FFFF7FCFE0346054AD2E900014F
:10695400181841EBE37184F31188BFF36F8F10BDF6
:1069640000240020F8B50446EFF31187202383F3B5
:106974001288BFF36F8F026822B187F31188BFF3C7
:106984006F8FF8BDD0E90A36581C46F10001022881
:1069940071F1000127D3012B76F10001BCBF012363
:1069A40016465D1E46F1FF3602F00BFF013041F141
:1069B4000001401946EB0101012871F1000139DBA6
:1069C40002F0FFFE013041F100016FF001024019B5
:1069D40046EB01034FF0FF31121A61EB030320462B
:1069E4001749FFF7D3FE236B01332363236A6BB18B
:1069F40087F31188BFF36F8F2046236A9847EFF31C
:106A04001187202383F31288BFF36F8F54F8185F24
:106A1400A542B2D0002DB0D0284602F033FE0023A8
:106A2400AB6787F31188BFF36F8F2846BDE8F84042
:106A340002F019BE6FF001024FF0FF33CFE700BF41
:106A4400696900002DE9F04105461C4690461F4641
:106A5400EFF31186202383F31288BFF36F8FB4F111
:106A6400FF3F08BFB2F1FF3F05D186F31188BFF3A2
:106A74006F8FBDE8F081531C74F1FF3309DB012AE9
:106A840074F10003BCBF0122002412F1FF3844F169
:106A9400FF37284602F070FEDDE906010023C5E950
:106AA4000A012B6342463B4628460249FFF76EFE25
:106AB400DBE700BF6969000010B50A4C23681BB10D
:106AC40001232360002010BD00F0F4F80028F7D063
:106AD4000138072803D8044B53F8200010BD03489D
:106AE40010BD00BFA46F0020E8A00000FE8FFFFFD0
:106AF400BFF34F8F0549064BCA6802F4E0621343A3
:106B0400CB60BFF34F8F00BFFDE700BF00ED00E097
:106B14000400FA0530B44FF0FE3200250B4B0C4C48
:106B24000C494968C3F80024C3F80424C3F80824B2
:106B3400C3F80C24C3F81024C3F81424C3F818248D
:106B4400C3F81C24C4F8005530BC084700508450D6
:106B5400004084504C210020024BD0E90012C3E9CC
:106B6400001270474C21002010B5044650B16368F0
:106B740013F0685F05D0064A934202D00023626096
:106B8400236010BD034B04485B689847EFE700BFE0
:106B94002C5F5CA94C21002008A10000C8B1436807
:106BA4000D4A934213D013F0685F0ED0012350E8CE
:106BB400002F194640E8001C9CF0000FF7D1012A71
:106BC400F5D0BFF35F8F0020704704487047044836
:106BD40070476FF4E04070472C5F5CA9E98FFFFFBA
:106BE400EA8FFFFF034680B1426809498A420AD00E
:106BF40012F0685F05D0BFF35F8F002210461A6061
:106C0400704704487047044870476FF4E040704789
:106C14002C5F5CA9E98FFFFFEA8FFFFF10B50446E4
:106C240020B10023034A2360626010BD0248FFF7CD
:106C340071FFF6E73A00003A30A1000070B5194C34
:106C4400D0F804C00668C4F804C0D0F808C0C0680E
:106C5400C4F808C0E06026600868134B134D186040
:106C64004868D5F818215860886812F0685F986001
:106C7400C8680969D860196112D000230C4A05F567
:106C84008A70C5F81431C5F8B831C5F81821C5F8AB
:106C9400BC21B047236805F5DC70BDE87040184797
:106CA40070BD00BF6821002054210020BC6F00206B
:106CB4002C5F5CA908B500F011F830B900F010F8A9
:106CC40038B9054AC2F80C0A08BD00F037F80320A9
:106CD40008BD042008BD00BF005084500020704748
:106CE40010B5114800F048F800B110BD0F4800F08D
:106CF40043F80028F9D10E4C204600F03DF8002856
:106D0400F3D10C4B0C481C6000F036F80146002807
:106D1400EBD100F02DF8044608B1204610BD00F078
:106D24003FF82046FAE700BFA8210020A421002054
:106D3400A0210020982100209C21002008B50848AB
:106D440000F024F8074800F021F8074800F01EF886
:106D5400064800F01BF8BDE8084000F00BB800BF7F
:106D6400A8210020A4210020A02100209C21002093
:106D740000207047704700BF08B5034B02681B68CA
:106D840010689847002008BD6821002008B5034B0F
:106D940002685B6810689847002008BD68210020DD
:106DA40070B5094C094D2069AB68984718B1084B78
:106DB40008485B6898470021074AEB68116020691E
:106DC400BDE87040184700BF54210020682100200E
:106DD4004C21002054A10000B86F0020704701230B
:106DE40003FA01F103691B68194203D022B18368D5
:106DF4001B6903E0002AFAD08368DB681847002087
:106E0400704770472DE9F7430E46174699460446E6
:106E140028B94FF0FF38404603B0BDE8F08300299D
:106E2400F7D0002AF5D0CB680D8938461D440423D9
:106E340029460DEB030201F083F980460028E8D1CE
:106E440046F60812BDF804107389914225D1BDF8A5
:106E540006109942DDD1042338460DEB0302294480
:106E640001F06EF90028D4D146F60713BDF80420CA
:106E74009A42CED1C4E900679DF82830A4F808905E
:106E8400A3727389BDF806202B44E360738913440D
:106E94002B44043563612561BDE7002BE4D0B8E7DA
:106EA4002DE9F3410E4617461D46044620B94FF01E
:106EB400FF3002B0BDE8F0810368002BF7D04368CF
:106EC400002BF4D04FF6FF78D4E904239A4216D26B
:106ED40023685B8923B1E368934204BF04332361CD
:106EE4000423216960680DEB030201F029F90028ED
:106EF400DDD1A37A2BB1D4E903329A4201D3012024
:106F0400D7E72389BDF80610434501F1040203D0F5
:106F1400BDF804C09C450BD115B1BDF804302B80DD
:106F24002369043333603980236913442361C0E740
:106F3400236913442361C7E748B103683BB143683D
:106F44002BB1C068884294BF0020012070474FF0E5
:106F5400FF30704773B50C4606461146022320469F
:106F640001AA00F022F90546E8B9019A1F2A0ED9B0
:106F7400A2F12001304620222368194401F0FAF9D5
:106F84002368019A13442360284602B070BD014669
:106F9400C2F12002304601F0F8F9019A2168C2F1E9
:106FA40020003044EAE76FF00205EDE701F0D2B9C2
:106FB4004FF4C063584330307047084602F0C5B8F8
:106FC4002DE9F743044690F8B8000D461746F9F743
:106FD400F1FA6946C0B2FAF717FF38B101260098F2
:106FE40001F0ADF8304603B0BDE8F0832C224FF039
:106FF4005808554394F8B830009808FB03532344C9
:10700400B3F80890DB689944042349460DEB030266
:1070140001F096F806460028E0D194F8B830BDF89F
:10702400042008FB035546F608132C449A4264894D
:1070340000981AD1BDF806309C4201D00326CEE751
:10704400042304EB09010DEB030201F079F8002895
:10705400C4D146F60713BDF804209A42EED1BDF818
:107064000610214449443960B9E7002CF1D0E5E722
:107074002DE9F84304460E4600254FF02C08582706
:1070840008FB05F994F8B800294617FB009222443E
:1070940002F00DF8012809D194F8B820002317FB59
:1070A400029229462046224400F021F828B115B165
:1070B400002E08BF0020BDE8F883002DFBD1012578
:1070C400DEE70123036003F1012343600023C0E9E9
:1070D400023370474379012B07D10368012B04D194
:1070E4000079431E5842584170470020704710B53C
:1070F400582490F8B83063432C2404FB013318441B
:1071040000212023006A01F01BF8003818BF012079
:1071140010BD70B50368CD1A002D02DC6FF05F005E
:1071240070BD93F900601C78002E0ADB5C1C0460BF
:107134001B7813600368C91A13688B42EED80020C9
:10714400EEE704F07F04013C032C2BD8DFE804F0C5
:10715400020A1421012DE1D05B7813600368023325
:107164000360E7E7022DD9DDB3F801305BBA9BB2C7
:10717400136003680333F3E7032DCFDD9C785D7858
:107184002402DB7844EA0544234313600368043390
:10719400E6E7042DC2DDD3F801301BBA136003689F
:1071A4000533DDE76FF06300BAE770B404680E1BC3
:1071B400002E07DD26789E4208D10134046070BC9D
:1071C400FFF7A7BF6FF05F0070BC70476FF06100FE
:1071D400FAE738B503230446FFF7E7FF18B9136845
:1071E40013B96FF0670038BD013B136023681A7848
:1071F400002AF6D101332360F5E72DE9F3419046E7
:107204001F4601AA302305460E46FFF7CEFF04466B
:10721400F0B92B68F61A002E34DD42461B78284656
:1072240042F8043B2E68019B1E4431460623FFF7B7
:10723400BCFF044660B92B68D8F80420C8F80830AD
:107244009918B142296007D10C213846FAF73CF865
:10725400204602B0BDE8F0819B5C3A4642F8043B0C
:107264002B683146013328462B60FFF752FF60B983
:107274002B687A68BB601344B34218BF6FF065048F
:107284002B60E5E76FF05F04E2E70446E0E7F0B562
:1072940000240646204665B2AB4200DCF0BD51F83E
:1072A400247052F824503D440544AF4200F00100DC
:1072B40018BF002046F8245088BF40F00100013474
:1072C400E9E7002300EB8101884200D3704751F8BD
:1072D400042D43EA52030B60D307F5E770B5036846
:1072E4000546DB07144604D4BDE870401146FFF799
:1072F400E8BF13460A460146FFF7C9FF0646214682
:107304002846FFF7DEFF46B104F18044013C55F8FE
:10731400243043F0004345F8243070BD4FF0000C96
:107324002DE9F74F654664464FFA8CF94B4516DC58
:107334004FF0FF364FF0000806EB43060196019F1D
:1073440053FA88FE4FFA8EFEBE455FFA88F628DBB4
:1073540000EBC30040F8044C03B0BDE8F08F4FF0DD
:10736400000EF04602EB8C0A51F82E705AF80469AC
:107374004FF0000BA6FB076736196F4128BF4FF08B
:10738400010B0EF1010E34464FFA8EF64E453D4682
:10739400D844E9DD40F82C4045463C460CF1010C4C
:1073A400C2E7A9460025013676B202EB8E0A77B20F
:1073B400BB4205DC40F82E4008F101084C46BEE70C
:1073C4006FF00307774351F826C05AF807704FF05F
:1073D400000BA7FB0C7C3F195CEB090C28BF4FF09A
:1073E400010BE1463C465D440136E0E7002310B55D
:1073F4001C465AB2914200DC10BD40F823400133D0
:10740400F7E700231A4610B55CB2A14203DCB2FAD6
:1074140082F0400910BD50F8234001332243F3E7C2
:1074240001234A1150F8220001F01F018B4018403B
:1074340070474B1E10B55BB2041D1A0603D45A1EC6
:1074440054F8221071B101335BB283B103F180426D
:10745400013A50F82210002231B9013B02EB4312E9
:1074640010B210BD1346E8E749080132F4E71846A4
:10747400F7E7002310B55CB2A24200DC10BD51F85E
:10748400234040F823400133F5E710B5013A52B2E6
:10749400130601D5002010BD50F8224051F82230C7
:1074A4009C4205D802F1FF32F2D24FF0FF30F2E7EE
:1074B4000120F0E7002330B5013A52B2140603D597
:1074C400181E18BF012030BD50F8224051F8225038
:1074D400013A6C402343F1E7F0B5002406469C468C
:1074E400204665B2654500DBF0BD51F8247052F8C2
:1074F40024303D1AED1AAF4200F0010018BF0020FD
:1075040046F8245038BF40F001000134E9E770B573
:107514009DF910601D4633460446FFF7B8FE30B9A6
:10752400324621462846FFF7B0FF012807D03346EC
:107534002A4621462046BDE87040FFF7CDBF70BD06
:1075440070B59DF910601D4633460446FFF7C4FF2D
:1075540038B133462A4621462046BDE87040FFF73D
:1075640096BE70BD2DE9F04F1D46A5B014ABCDE914
:1075740002310190294610461746FFF75AFFC0EB27
:10758400851424B22146002CB8BF04F11F016342C4
:1075940003F01F0341F3471104F01F0604A858BF6A
:1075A4005E42FFF723FF002E4FEA81002DDD00220B
:1075B40004AB18441346C6F1200E9D421AD8012686
:1075C40004AB03EB850300936F1E24AB4FEA45081D
:1075D4004FEA850903EB8707002C53DA24AB03EB4E
:1075E40086062A4656F8881C0198FFF742FF25B004
:1075F400BDE8F08F57F823C001330CFA06F10A43B3
:1076040040F8042B2CFA0EF2D7E704AB2A4639468D
:107614001844FFF72EFFD2E75AF8883C0CF1010C0E
:1076240053F8202024AB03EB800353F8803C0B4435
:10763400D31A34BF4FF0010B4FF0000B9A4218BF1E
:1076440059465EF8882C42F820304FFA8CF04045B9
:10765400E2DB731A5E42294604A85E41FFF731FE5D
:1076640009F190036B4453F8802C57F8803C294669
:1076740043EAC2730098013C47F8803C24B2FFF708
:1076840020FEA9E74FF0000C24ABC6F1010E6146C1
:1076940003EB860A03EB8E0ED7E730B504461D468E
:1076A40091B068469DF95030FFF738FE2A46694686
:1076B4002046FFF757FF11B030BD30B505461C46D4
:1076C40091B0684693F90030FFF728FE69462846D2
:1076D400D4F8AC30984711B030BD13460A46FFF7D2
:1076E400ECBF2DE9F04793F900600446894692B057
:1076F4003146104615461F46FFF783FE002840F02A
:1077040091803A46494602A8FFF7E7FF3B462146E7
:1077140002AA0AA8FFF7D1FF02A908463A46FFF7D2
:10772400DCFF3B462A4649464846FFF7C6FF07F1B9
:1077340004083A4629462846FFF7CFFF43462A461F
:10774400214620460096FFF7E2FE43462A46294694
:1077540028460096FFF7DBFE43462A462146284684
:107764000096FFF7EDFE3B462A4621462046FFF7EA
:10777400A4FF43462246214628460096FFF7C7FE4B
:1077840043462A46214620460096FFF7C0FE23685A
:10779400DB074AD53346424621462046FFF777FDAC
:1077A400824631462046FFF78CFD06F18043013BBB
:1077B40054F8232042EACA7244F823203A46214668
:1077C4002846FFF78AFF4346294628460AAA009618
:1077D400FFF7B6FE4346294628460AAA0096FFF755
:1077E400AFFE0AA9084643462A460096FFF7A8FEBC
:1077F4003B46214620460AAAFFF75FFF02AA4346FA
:10780400104621460096FFF79BFE32462946204645
:10781400FFF72FFE49462846FFF72BFE484602A9EC
:10782400FFF727FE12B0BDE8F08731462046FFF788
:1078340048FDC3E72DE9F04115468AB004460E46DB
:107844001C22002103A800F0A0FD032395F9008069
:107854002A46314620462F1D0293FFF73EFF3B4642
:107864002146204602AACDF80080FFF769FE2B4688
:10787400324621462046FFF720FF3B46214620465C
:10788400CDF8008005F18402FFF741FE0AB0BDE89F
:10789400F081F0B50F460646A1B0194638461546A4
:1078A4001C46FFF7AEFD28B1304621B0BDE8F040DC
:1078B400FFF79CBD224639466846FFF7DAFD2946A4
:1078C40008A8FFF7D6FD10A82146FFF78FFD012376
:1078D40018A81093FFF78AFD2246684608A9FFF707
:1078E400D4FD30B92246304610A9FFF7C2FD21B0BD
:1078F400F0BD009BDA0709D421466846FFF7E1FC96
:107904002246294610A8FFF7E9FCE5E7089BDB07B8
:1079140007D4214608A8FFF7D4FC2246294618A814
:10792400F1E7002823461CDD08AA69466846FFF7EC
:10793400D3FD21466846FFF7C4FC224618A910A8C7
:10794400FFF7A3FD002805DA10A923462A460846B6
:10795400FFF79DFC10A92346084618AAFFF7BCFDB3
:10796400CEE76A4608A8FFF7B7FD214608A8FFF747
:10797400A8FC224610A918A8FFF787FD002805DAFD
:1079840018A923462A460846FFF781FC18A923466E
:10799400084610AAFFF7A0FDBFE7F0B515461C4640
:1079A40007460E4689B01A4629466846FFF795FEF3
:1079B40023466A4639463846FFF77FFE23462A4661
:1079C40069466846FFF779FE23466A4631463046E3
:1079D400FFF773FE09B0F0BD2DE9F0478AB0DDF87A
:1079E40048A01446554680461F46894615F9046B3F
:1079F40002462B46214602A80096FFF7A1FD02A9E4
:107A040052460846FFF769FE53464146404602AADD
:107A1400FFF753FE53462146204602AAFFF74DFEC8
:107A24002B464A46394638460096FFF789FD5246AA
:107A3400394602A8FFF751FE02A92B4642460846E2
:107A44000096FFF77DFD02A92B46224608460096C4
:107A5400FFF776FD2B464246214620460096FFF767
:107A64006FFD5346224649464846FFF726FE2B46FD
:107A74004146204602AA0096FFF762FD534622467D
:107A840039463846FFF719FE2B464A4639463846EA
:107A94000096FFF755FD3246204602A9FFF7E9FCA0
:107AA4000AB0BDE8F087F8B50E46D11C48BF911D59
:107AB400144641F38701FFF799FC0025671E6AB25B
:107AC400A24205F1010500DBF8BDBB1A23F0030156
:107AD400B25C03F00303DB009A4043581343435062
:107AE400EDE72DE9F0471F46B3F90230064613F1DE
:107AF4001F0448BF03F13E046511DC1D48BF03F1B8
:107B04000E04E410944228BF144688464FFA85F9BF
:107B14004946FFF76BFC224641463046FFF7C3FF58
:107B2400B7F90220E300B2EBC40F20D200219B1A64
:107B340006EB8504C3F12005A6420FD324374A4639
:107B440031463846FFF7A1FC012810D04B463A468F
:107B540031463046BDE8F047FFF7BEBC54F8040D8B
:107B640020FA03F20A43226000FA05F1E4E7BDE8D3
:107B7400F0872DE9F04FFDB0869D1F46B5F9023020
:107B8400814613F11F0648BF03F13E06002346F366
:107B94004716079206F1FF3B7CAA95F9004002EBD9
:107BA4008B0242F8C03C42F8A03C049195F90120B4
:107BB40001460DF190086CA848F82B30FFF773FFCD
:107BC400A30095F9012006936CAB03EB84031846DC
:107BD40009EB02010393FFF766FF394695F901208B
:107BE4004CA8FFF760FF95F9012054A8B918FFF7D6
:107BF4005AFF21464CA8FFF704FC18B100207DB0C1
:107C0400BDE8F08F214654A8FFF7FBFB0290002843
:107C1400F4D105F1240A324650464CA9FFF735FC4D
:107C24000128EBD13246504654A9FFF72EFC012817
:107C34000590E3D13346524654A91CA8FFF729FE08
:107C4400029B0CAF47F82B3038462B46079A049911
:107C5400FFF747FF3946384653461CAA0096FFF7FC
:107C64001CFD0DF5B87953461CAA4CA914A800961E
:107C7400FFF713FD484622466CA9FFF7FAFBA30061
:107C840009EB030B584622460399FFF7F2FB05F173
:107C940044031946224634A80393FFF7EAFB039BE7
:107CA400A100591822463CA8FFF7E3FB49462B1DC7
:107CB40034AA1CA800940493FFF742FC5B464A468E
:107CC4003CA934A80095FFF787FE1CA90846234663
:107CD4002A1DFFF7DEFD1CAA594648462B46FFF72E
:107CE4005CFE029B31460893039B384609936CABB8
:107CF400CDE90A39FFF79DFB3146814614A8FFF709
:107D040098FB8145B8BF81461FFA89F909F1FF3113
:107D140009B238460291FFF783FB0299074614A87B
:107D2400FFF77EFB003818BF0120003F18BF012772
:107D34000DF1200B47EA40075BF8277022463946CD
:107D44004046FFF796FBA300F91822462CA8FFF73C
:107D540090FB21461CA8FFF749FB059BA9F10209EA
:107D64001C930FFA89F9B9F1000F21DA1CA908460E
:107D74002346049AFFF78DFD2B4640461CAA2CA9E6
:107D8400FFF70BFE324641465046FFF77EFB0128C3
:107D940005D03346524641464046FFF79DFB2246F6
:107DA40040464CA9FFF786FBB0FA80F0400926E76D
:107DB4002B461CAA4046D5F8A4702CA9B8474946BE
:107DC4000CA8FFF72DFB4946074614A8FFF728FB2C
:107DD400003818BF0120003F18BF012708AB47EA4D
:107DE400400753F8277027B32246394634A8FFF7D3
:107DF40040FB069B2246F9183CA8FFF73AFB2B46AA
:107E04001CAA3CA934A8FFF7C8FD4146049B34AA28
:107E140044A80094FFF794FB42462CAB3CA934A839
:107E24000095FFF7D9FD1CA92B46084644AAFFF785
:107E340044FC09F1FF3994E7F8B50C4610B1F9B1E7
:107E44000AB90120F8BD00278D1800F12806836EB9
:107E54005A1C826614F8011B03443F2A83F8281035
:107E64000BD93146F9F700FBD0E9083213F500735A
:107E740042F10002C0E908328766A542E7D1E0E793
:107E84000846DFE7F8B50C460546002854D000291B
:107E940053D08B6ED1E90821D800121841F10001AA
:107EA400C4E908218022581C38282344A0664FF0D6
:107EB400000783F8282004F128060AD9C0F14002FB
:107EC4003946304400F03BF831462046F9F7CCFA05
:107ED400A766A06E0021C0F13802304400F02FF8EC
:107EE400236A31461ABA636A62661A0A84F86330EE
:107EF40084F862201A0C1B0E84F86030204684F843
:107F04006120F9F7B1FA2B1D211F243551F8042FF4
:107F14000433100E03F8080C100C03F8070C100AB5
:107F240003F8060C03F8052CAB42EFD1204670226F
:107F3400002100F004F80120F8BD0846FCE700F039
:107F440024BA002070470FB407B504A951F8040BF4
:107F54000191F9F715FC03B05DF804EB04B0704728
:107F6400044608B5084611461A46A047FEF7B0FA7B
:107F7400FAF760FA038B13F0070305D10368002BAB
:107F84000CBF002003207047022B05D1408BB0FAB0
:107F940080F0400980007047012B05D10368002B55
:107FA4000CBF0020052070470020704710B50C4618
:107FB40000B111B96FF0150010BD081D00F093F861
:107FC4000028F9D1A368032BF6D9F3E72DE9F04192
:107FD4000D4607461946281D90461E4600F094F8A3
:107FE400044638B13346424629463846A446BDE8DD
:107FF400F0416047BDE8F08110B4EFF31182202412
:1080040084F31288BFF36F8F416110BC0121F9F72B
:10801400E7BD38B50C46054658B151B10B6843B1BC
:108024004B6833B11C22002100F0AFF900202C6111
:1080340038BD6FF01500FBE770B505460E46FFF737
:10804400B5FF041E14DBEFF31182202383F312889F
:10805400BFF36F8F4FF6FF716B8B2C8B8B4204F049
:10806400070407D182F31188BFF36F8F6FF00A04FE
:10807400204670BD022C0CD101336B8382F311882E
:10808400BFF36F8F0023224631462846FFF79EFF39
:10809400EEE7062C14D8DFE804F004131313041AD3
:1080A4000400002333606B683BB9C5E90066ACB9D2
:1080B40002212846F9F794FDDAE71E606E60F6E7C0
:1080C40082F31188BFF36F8F6FF00404D0E782F35B
:1080D4001188BFF36F8F6FF08504C9E782F31188AD
:1080E400BFF36F8FC4E7034658B1426802F003023E
:1080F400012A03D0032A04D1026812B10020986037
:1081040070476FF0150070474268034602F003029F
:10811400032A4FF00002816014BF104600685A60C1
:10812400704770470FB407B504A951F8040B0191C7
:10813400F9F726FB03B05DF804EB04B07047704711
:10814400002930B4044618460BDBA5680844A8424D
:1081540007D8E0686468214484682468A44630BC75
:1081640060476FF0150030BC7047002930B40446F6
:1081740018460BDBA5680844A84207D8E068646881
:10818400214484686468A44630BC60476FF01500DD
:1081940030BC70470029034610B410460BDB9C68C2
:1081A4000844A04207D8D8685B68194483689B6870
:1081B4002BB110BC18476FF0150010BC70476FF05E
:1081C4005700FAE708B5C0688368DB689847006819
:1081D40008BD08B5C0688368DB689847407908BD66
:1081E40070B54C680368A34201D2012070BD8A684F
:1081F4002244934201D30020F8E74E69D1E90325D4
:10820400B54203D36FF00B038B61F4E71B1B42F8F9
:1082140035304368086902EBC00253600B690133CF
:108224000B61E2E737B50C46C0B201A91546F9F770
:10823400EBFD00280CDB019850B121462A46F9F7E2
:1082440009FE04460198FFF77AFF204603B030BDCB
:108254006FF01504F9E7FEE7012801D1EFF3058378
:10826400FDF7CABB01460068FFF7F6BF08B5F9F78A
:108274001BFFBDE80840F9F71BBF00210120FFF7F1
:10828400EBBF436E83F30B88704761B662B680F32D
:108294001188BFF36F8F704708B572B6002383F35C
:1082A4001188BFF36F8FFAF74DFC50B1BFF34F8FB6
:1082B40030BF00BF00BF00BF00BF00BF00BF00BF92
:1082C40000BF62B6BFF36F8F08BD10B5044672B627
:1082D400002383F31188BFF36F8FFAF733FC50B197
:1082E400BFF34F8F20BF00BF00BF00BF00BF00BF60
:1082F40000BF00BF00BF84F31188BFF36F8F62B665
:1083040010BD40E800F313F4803FD8B208BF6FF00B
:108314001500704730B50C684B6885B00A894D89E3
:108324000094013B24F01F04234402F01F0242EA9C
:10833400451223F01F0369468DF808200393FAF7CA
:10834400BFF905B030BD034600201A5C02B970477E
:108354000130FAE710B55AB10139841810F8012B2D
:1083640011F8013FA04201D09A42F7D0D01A10BDB3
:108374001046FCE710B5431E0A44914200D110BDDB
:1083840011F8014B03F8014FF7E70346C9B2024461
:10839400934200D1704703F8011BF9E74FF0FF3017
:1083A40070470B464FF050220121C2F814160021E9
:1083B40018470C220369C9B201FB0233986F00F01D
:1083C4000700704770B5C9B20369EFF31185202423
:1083D40084F31288BFF36F8F0C2606FB0134A46F5D
:1083E40014F0C00408D0A24206D085F31188BFF36C
:1083F4006F8F4FF0FF3070BD012271430B449A67B9
:1084040085F31188BFF36F8F43680B445B6898470B
:108414000020F0E78022FFF7D5BFF8B5069F046976
:10842400C9B2EFF31186202585F31288BFF36F8F4D
:108434000C2569430C44A56F05F0070CBCF1010F32
:108444000BD1A76786F31188BFF36F8FC4E91C2390
:1084540043685B5898470020F8BD05F0C005AF425B
:1084640086F31188BFF36F8F0CBF6FF077004FF066
:10847400FF30F1E713B580240094FFF7CEFF02B07C
:1084840010BD10B41C240069CBB203FB040000210E
:1084940010BC10470320FCF7A5BA0220FCF7A2BACF
:1084A4000020FCF79FBA032000F0C0BE022000F0B9
:1084B400BDBE002000F0BABE1046FDF7E3BC4B1E63
:1084C4005B0800EB8300C369C90758BF1B0CC3F3E7
:1084D400072113F0FF031BBF002011706FF015007C
:1084E400537070472DE9F0470024836886B08846AE
:1084F40091465B6902AA01A99847A2462546029BB8
:10850400AB4202D806B0BDE8F0870026019F07EB16
:10851400C5077B6804933A680AEB0603B24202D8A3
:108524009A460135EBE749460394059303A8C047EF
:108534000028E7D0049B01361C44ECE710B50C4638
:1085440000F00AFF0023C4E90003184610BD38B543
:1085540005460C4600F000FF002D07DBA84205D9B4
:10856400401B84428CBF0020012038BD0020FCE762
:1085740070B50D461946284616461C46FFF7E7FF18
:1085840038B124B1224629463046FFF7F3FE0020D5
:1085940070BD6FF01500FBE743681C330B600123CB
:1085A40013607047436800209B69C1E9003070473D
:1085B400FDF768BC4FF0FF324FF0FF33FDF796BC78
:1085C400F0B54468076900208BB000908DF8040072
:1085D4000120119E079010988DF80010D107CDE965
:1085E400080602F08005CDF818D00DD53A7D1BBAE7
:1085F4000493D3071DD5042204A90DF10100FFF74C
:10860400B9FE079B04330793002E0CBF01220222FC
:1086140006ABCDE90323029302232146059351F8C7
:10862400040B85B183681C68002302AAA0470BB021
:10863400F0BD03220DF111010DF10100FFF79AFEC7
:10864400079B0333DFE783681C6804ABEDE7002373
:1086540073B50D1E466814BF04210621CDE900330D
:1086640080220446FFF7ACFF96F834309B0609D508
:1086740040B93DB90346CDE9000080229821204647
:10868400FFF79EFF02B070BD1FB5012301930DF1EA
:108694000F030093002305211A46FFF791FF08B941
:1086A4009DF80F0005B05DF804FB2DE9FF41064677
:1086B40015461C4601270DF10F08002305211A4613
:1086C4003046CDE90087FFF77BFF40B99DF80F30B6
:1086D400DB0704D52846214601F01CF8EDE704B079
:1086E400BDE8F0812DE9F34743680F1E05461646A1
:1086F400D3F818907EDBBB184B457BD847EA0204BD
:10870400C4F30B04002C75D10069FFF753FF214615
:108714002846FFF79CFF4FF0FF3A0446002E46D14F
:1087240001212846FFF793FF002C08BF044628695F
:10873400FFF73EFF204602B0BDE8F087A046286957
:1087440000F115031D305A7882B10AFA02F137EAB2
:1087540001010BD101219140B14207D8B8F1000FBA
:108764001CD098F80110914238BF984602339842C1
:10877400E9D1B8F1000F13D00023812298F800103A
:108784002846CDE900333B46FFF71AFF012398F84A
:108794000120044693401F44F61A21E09846E5E779
:1087A4006FF0150401212846FFF751FFBFE7002CA5
:1087B400F8D12346CDE90044802206212846FFF75C
:1087C400FFFE04460028EDD1B145B7D10346CDE9FB
:1087D40000008022C7212846FFF7F2FE0026044647
:1087E400002CDFD140F2676200232846FFF75DFFCB
:1087F400044693E76FF015049CE72DE9F74F05460F
:108804001F46436800690E1E91469B69B0F81E809E
:1088140050DBF2199A424DD8FFF7CCFE00212846CE
:10882400FFF715FF0446D0BB82462FB90121284625
:10883400FFF70DFF044636E0B845C34628BFBB46E4
:1088440006EB0B03013B96FBF8F2B3FBF8F3934200
:1088540018BF08FB12624FF0000318BFA8EB020B0D
:10886400062180222846CDE900AAFFF7A9FE044686
:10887400A8B93346812202212846CDE9009BFFF79F
:108884009FFE044658B9012200232846FFF70DFF36
:10889400A7EB0B070446D9445E440028C5D0012148
:1088A4002846FFF7D4FE2869FFF782FE204603B06E
:1088B400BDE8F08F6FF01504F8E7F7B51E4643687E
:1088C4000D1E044617469B6914DBAA199A4211D857
:1088D4000069FFF76FFE2B46012203212046CDE9F4
:1088E4000076FFF76DFE05462069FFF761FE284616
:1088F40003B0F0BD6FF01505F9E7F7B54468054618
:1089040094F834309A0744D5076900F05AFF4FF4BD
:108914007A76A0FB063206FB0122DB0B43EA4243D4
:108924003A699B1A13D4E28D268E9B1AB3420EDA4F
:108934004FF4004740F2E7300021F61A4FF47A7200
:108944000023E6FB0701F7F703FC00F0E3FE94F8CD
:10895400343013F004031CD18022AB212846CDE926
:108964000033FFF72DFEA8B994F834309B0710D5D7
:1089740040F2E7314FF400450E460146648E4FF451
:108984007A72E5FB046100233046F7F7E1FB00F05F
:10899400C1FE002003B0F0BD2DE9F043044687B0CA
:1089A40000694FF0FF32012100F011FE676838685A
:1089B40000F061FD28B96FF01205284607B0BDE844
:1089C400F083F86858B92069FFF7F4FD2046FFF7F3
:1089D40094FF002808DA2069FFF7EAFDEBE700F0CE
:1089E4004AFD0028EFD1E6E72046FFF74DFE051EBD
:1089F40040F30181ED0700F1F8802069FFF7D8FD0D
:108A04002069FFF7D7FD4FF00308002302AE1A4692
:108A14009F212046CDF804800096FFF7D1FD05463E
:108A24002069FFF7C5FD002DC5D13046424607F148
:108A34002401FFF78FFC0646002840F0F08097F8E9
:108A44002C30206963B3FFF7B5FD2046FFF71CFE09
:108A5400051E20DD97F82C30802225EA0305062127
:108A640033462046CDE900668DF81050FFF7A8FD87
:108A740003460028AFD1012104AA00922046802297
:108A84000191FFF79DFD0028A5D100220023204677
:108A9400FFF70BFE05462069FFF78AFD002D8AD1FA
:108AA4000022CDE904226368276993F8271007F1AF
:108AB40015088DF813109E6A7368934280F2A280A1
:108AC400012123F00043A3F12002C3F1200001FAA5
:108AD40002F221FA00F0024301FA03F3DB0843EA4D
:108AE4004275002108224046FFF74FFC4FF0010970
:108AF400494609F10109424630465FFA89F9FFF710
:108B0400DEFCB9F1050F08F10208F1D19DF813302C
:108B14000A2B89BFB36A4FF48073C3F30312012392
:108B240088BF9340FB8363689B699D427FF443AF96
:108B3400336813F4C02F27D0314603AA04A8FAF7E8
:108B440043FA054600BB9DF80C60731EDBB2FD2B97
:108B54001AD8B0073FF42FAF2069FFF72BFDB107F8
:108B640052D400238022B7212046CDE90033FFF7F9
:108B740027FD00287FF42FAF2269137D43F0010302
:108B840013752069FFF714FD6268D2E907134B439C
:108B940092699A427FF40FAF2069FFF70BFD636877
:108BA40093F834309A0749D500238022B92120460E
:108BB400CDE90033FFF704FD0546002840D1636882
:108BC400256993F834309B072CD42846FFF7F0FC32
:108BD4002069FFF7EFFC2046FFF78FFE054620696A
:108BE400FFF7E6FC05EAE575E7E6002200232046E8
:108BF400FFF75BFD05462069FFF7DAFC002DBFF6A1
:108C0400FFAED8E6013369E72B46802206212046D1
:108C1400CDE90055FFF7D4FC0028A2D0DBE66FF0C5
:108C24001505CAE600F0CDFD4FF47A72A0FB0203ED
:108C340002FB0131C00B40EA414028612069C5E7CD
:108C44002069FFF7B5FC002DC2DA15F1860FBFD0FD
:108C5400B3E64FF4802200230020C1E900237047CB
:108C6400436800205B681B690B607047436802EA35
:108C740001005B6821EA020198600020D960704716
:108C8400436800205B6899607047436800205B6814
:108C9400D960704743685A68536821EA03000B405F
:108CA40090600020D360704710B503695868F8B12C
:108CB400884219D19C680868A142586000D1986024
:108CC400002008602AB15A680A609A68596002B99B
:108CD4009960002010E0814206D1086820609868FD
:108CE4008142EDD19C60EBE7044600680028F2D194
:108CF400002AE8D16FF0150010BD30B54368136049
:108D0400057A446804EBC504A34202D36FF0010062
:108D140030BD5C798C4201D00833F0E70020F7E7DE
:108D240043681B68D3F88004C3F880047047426822
:108D34001368D3F8100150B10020126A12780A7037
:108D4400C3F81001D3F8102101221A6070474FF0C4
:108D5400FF30704702680346D2F8580140B95B6897
:108D6400DB0706D4D2F82001003818BF0120704771
:108D74000120704743681B68D3F80423D20517D534
:108D8400D3F82021A2B1EFF31182202181F31288BC
:108D9400BFF36F8FD3F8201131B10021C3F8201134
:108DA400D3F820110121D96082F31188BFF36F8FAA
:108DB400D3F858317047002201210A20F9F7BEBBCD
:108DC40010B50B6813B91846136005E003685C68B6
:108DD4001CB114600368186810BD083303600B6885
:108DE400013B0B60EDE713B5002101AA0446FFF730
:108DF40084FF002805DB019B226819791868FAF7BB
:108E0400C5FB02B010BD03460A4619790123006868
:108E140003FA01F103691B68194218BF82F00102C9
:108E240012B18368DB68184783681B69FBE710B5D8
:108E340004460068D0B18368C3B149B10121083048
:108E4400FFF7E1FF23681869BDE8104000F00EBB8E
:108E540012B98388DB0409D4006900F007FB206899
:108E64000021BDE810400830FFF7CDBF10BD10B59C
:108E7400012200210446FFF7DAFFA36933B96360D6
:108E840004F11000BDE81040FCF7FCBF10BD10B5A4
:108E9400006903688B4206D190F85C4034B9FFF74F
:108EA400E6FF204610BD6FF01500FBE76FF00F00E2
:108EB400F8E72DE9F843446806690546E06BFFF7D7
:108EC40092FF002821DB216C481C15D10127636B1C
:108ED4009847B4680834D6E9023203EBC203A4F11C
:108EE4000802934213D83046FFF7C1FF6B68D86B72
:108EF400FFF779FF002008E004F14400FAF726FFA9
:108F040010F1130F01D0411DE0D1BDE8F88354F8EE
:108F1400080C00F0B0FA28B354F8080C14F8041C38
:108F240034F8023CD0F810E0DA0754BF43F4B0132D
:108F340083F4D013DEF800C023F4801207FA01F89A
:108F4400DB074CBF48EA0C032CEA0803D0F808906E
:108F5400CEF80030D9F800309847002804F108040E
:108F6400B9DAD2E76FF01200CFE738B505690446E5
:108F7400296305F12000FCF785FF002285F85C20B9
:108F840020691146BDE83840FFF751BF38B5027873
:108F94000346002A52D10C69A26D32B9606D6FF09C
:108FA4007301BDE83840FFF7E0BFE06C40B1216DCC
:108FB40031B1DB6823B1834202D0616EFFF7DAF985
:108FC400A36CA56D9BB19D4211D85B1BA3644BBBE5
:108FD400636B04F1480208336363A36B04F1380143
:108FE400013BA36304F13400FFF7EAFE6064236DE0
:108FF4009BB19D4211D85B1B2365CBB9E36B04F194
:1090040050020833E363236C04F14001013B236401
:1090140004F13C00FFF7D4FEE064606DBDE8384025
:10902400FAF764BC636C002BE1D02B446364DEE785
:10903400E36C002BF1D02B44E364EEE738BDF8B5C4
:109044000C46054600F085F90022214606462846CE
:10905400FCF730F803212046FAF758FE00F023F815
:1090640007462B689B5953B100262146284600F039
:109074006EF920460121FAF749FE3046F8BD00F0AA
:1090840012F8C01B0628ECD96FF07306EDE7002236
:1090940000F150039B009BB203F1502303F580338E
:1090A4001A601B68704708B5FAF7EAFE08BD012884
:1090B4002AD151BB3D2313706FF0470353706FF0F7
:1090C4000C0393706FF06903D370022353727823F7
:1090D4005373032308461172117151719171D17147
:1090E40011739373D173117451749174D174117594
:1090F40051759175D175117651769176D176117736
:1091040051779177D17770470120704701207047DC
:10911400012801BF0323487008710B7005BF0020AC
:109124008B700120CB707047012801D1FBF758B92F
:1091340000207047FDF7C0BC08B5F8F7B7FEF8F794
:109144009DFFBDE80840FDF7B7BC8068183820F0E3
:10915400070010387047042809D0052803D1481E99
:1091640018BF01207047431A5842584170470120E4
:10917400704738B515460C4661B15AB1FFF729F866
:109184002146254411F8013B834203D1A942F9D178
:10919400012038BD0020FCE738B50C4601231146F8
:1091A40022460546FEF7CCFF00280FDB01222146AC
:1091B4002846FFF7DEFF38B92378012B14BF0223BA
:1091C40001230020237038BD0323FAE70120FAE7C6
:1091D4008268183A22F00702FFF7DEBF13B50C4687
:1091E400C0B201A9F8F710FE50B921460198FBF767
:1091F4003FF904460198FEF7A2FF204602B010BDD5
:109204000124FAE7004700F031B940F00040C1F80A
:109214008000704740F00040C1F88000704740F083
:109224000040C1F88000C2F880007047FBF738BBEB
:10923400F7B51646DDE90847019001A81D46FBF77E
:1092440079FC019BB6F1000C18BF4FF0010C00EB48
:1092540083000B1E18BF0123002D43EA4C0314BFE7
:109264004FF00C0C4FF0000C002C43EA0C0314BF1D
:109274004FF4706C4FF0000C002F43EA0C0314BF42
:109284004FF4403C4FF0000CD0F8002243EA0C03AA
:1092940022EA030301B109780EB136787600194346
:1092A4000DB12D78AD0031430CB12478240229434B
:1092B4000FB13F783F040C433C43C0F8004203B075
:1092C400F0BD1FB50DF10F03019300238DF80F10AE
:1092D4001A4619460093FFF7ABFF05B05DF804FB8F
:1092E40008B50146FBF77AFC40B10846FBF75EFC83
:1092F40000B2800000F5807080B208BD4FF4BE70EB
:10930400FBE738B5054608460C46FBF767FCB0B1E9
:109314000846FBF757FC90B90846FBF747FC0123C6
:109324002A688340C2F808332A6803B202EB830335
:10933400D3F8102522F00302C3F8102538BD2046C7
:10934400BDE838400021FFF7BCBFFBF7CBBCFFF7FB
:10935400D8BF0846FFF7C4BF4FF4801070474FF4DE
:10936400805070474FF48070704770B50126A2F5A5
:109374008074A40806FA04F4054614EA010008D02F
:10938400A85830B100213046A950AA581A6822437F
:109394001A6070BD00232DE9F34104460D46019384
:1093A400904601AB4FF4A672FFF7DFFF4FF48272D1
:1093B40029462046FFF7D9FF4FF48C720746294609
:1093C4002046FFF7D2FF064630B1B8F1000F1DD09A
:1093D40017B13E46D4F83C354FF4887229462046EE
:1093E40001ABFFF7C2FF30B1B8F1000F03D016B9DB
:1093F4000FB1D4F83C354FF490722946204601ABA6
:10940400FFF7B3FF019802B0BDE8F0814646E3E7F9
:1094140007B5019001A8FBF7C3FF0123019A93400C
:10942400836003B05DF804FB07B5019001A8FBF766
:10943400B7FF0123019A9340C36003B05DF804FBB6
:10944400012370B504460D466426436100220221BF
:109454002046FFF79FFF20B90120FFF7D4FE013E0D
:10946400F4D100236B77C4F8003570BD08B1F9F767
:109474009BBB7047704740B1C368587810F0010037
:109484001EBF1878B0FA80F040097047EFF31183DB
:10949400202383F31288BFF36F8FFEE708B5FFF72D
:1094A400F5FF10B5D0E9003433B90020E2685378F1
:1094B40043F00103537010BD204698470028F4D0B0
:1094C4000028B8BF4042FF28A8BFFF20E3681870F7
:1094D400ECE7FEF75ABFFEF74DBF7047416983685A
:1094E40043EA010212F003020FD1C2600269013A99
:1094F40001FB023382689A4201D900207047C26896
:109504001A604269C3609B1AF4E76FF01500704754
:1095140010B5C0E904320023816083610446FFF77B
:10952400DDFF0028A8BFC4E9004410BD2DE9F041C7
:1095340005460F46EFF31188202383F31288BFF307
:109544006F8FC668F6B90468A0421BD0D4B1D4E9C1
:10955400003213605A60637BC4E9006623F002039F
:109564006373A66004F1180000F006F92046A667AC
:10957400676100F078F8414605F10800BDE8F04164
:10958400FCF786BE3E60AB69EF60013BAB6188F3DC
:109594001188BFF36F8FBDE8F081202408B5EFF385
:1095A400118384F31288BFF36F8FFEF775FEF6E71D
:1095B40090F90E308B4201D0FCF71CBE002070479E
:1095C40003460020C3E90033C3E9020070473AB1FF
:1095D4008A4205D3C0E90212C0E9000000207047A6
:1095E4006FF015007047EFF30580003818BF0120B5
:1095F4007047D0E9003213605A600023C0E9003399
:10960400704708B5FFF7F5FF437B23F0020343736C
:109614000023836008BD38B504460D46FCF74CFDB5
:10962400637B43F002036373E5B1A5602B689D423D
:1096340009D16B68C4E900531C606C6012E06A686D
:109644009A42F6D01B68002BF3D094F90E2093F9BC
:109654000E108A42F3D09142F1DD5A68C4E9003217
:1096640014605C6038BD10B5EFF31184202383F3DC
:109674001288BFF36F8FFCF7D7FC84F31188BFF314
:109684006F8F10BD08B5EFF31181202282F3128889
:10969400BFF36F8F83680BB1FFF7B3FF81F31188BA
:1096A400BFF36F8F08BD014610B5EFF3118420237B
:1096B40083F31288BFF36F8F437B13F0280F0AD113
:1096C40083680BB1FFF79DFF4B7B084623F004032F
:1096D4004B73FCF7A9FC84F31188BFF36F8F10BDA3
:1096E40001211838FFF7DFBF08B50346EFF31181F6
:1096F400202282F31288BFF36F8F0068834207D061
:1097040008B1FFF77EFF81F31188BFF36F8F08BDA7
:109714000020F8E738B50C460546FCF773FEB4F1B3
:10972400FF3F08BFB5F1FF3F1FBF47F6FF7300229D
:109734004FF47A71C0FB013216BFD80B4FF0FF30E3
:1097440040EA424038BD10B5FCF7F2FF0446FCF78E
:10975400F7FF74B1D4E904321B1A62EBE072B3F17F
:10976400004F72F1000104DA002AACBF1846002051
:1097740010BD6FF00040FBE7024638B5EFF31185EA
:10978400202383F31288BFF36F8F036893B1FCF730
:10979400CFFF04461046FCF7DDFF844204D1FFF7F7
:1097A400D2FF0021FAF7D0FC002085F31188BFF323
:1097B4006F8F38BD6FF01500F7E708B5FDF7BAF8FD
:1097C40008BDFDF7B7B810B50446FFF7D5FFA8B933
:1097D400636A0BB12046984704F11800FFF784FF31
:1097E40060B1FFF740FFEFF31180202383F3128869
:1097F400BFF36F8FBDE81040FCF75CBD10BD0000E7
:089804008469FF7F01000000F0
:10980C008D2A000000000000D12B00000000000099
:10981C00F52C00008C980000795C00000000000022
:10982C0051330000B498000051330000A0980000A0
:10983C003991000000000000E5370000C8980000D6
:10984C007D2F000000000000ED3F00000000000034
:10985C00E92A0000000000003D910000000000001B
:10986C0029320000F098000025300000DC98000040
:10987C00B78E0000049900009D8900001899000023
:10988C008DA700000C9F0000C89B0000AC2100209D
:10989C003C6E0020FBA70000D49F00009C9B0000A6
:1098AC00B4210020186F002007A80000EC9F0000D6
:1098BC009C9B0000B6210020246F00201CA80000F7
:1098CC0004A00000E49B0000B8210020306F0020B1
:1098DC00B9A7000000000000549B0000AE2100203E
:1098EC0000000000DDA70000000000006C9B0000E1
:1098FC00B22100200000000026A800004CA00000AF
:10990C00C09B0000BA2100203C200020D0A7000002
:10991C00449F0000849B0000B0210020F86E0020C2
:10992C00000000007F820000000000007F82000029
:10993C00000000007F820000000000007F82000019
:10994C00000000007F820000B94A0000099200006C
:10995C00000000007F820000000000007F820000F9
:10996C00C8980000798D0000000000007F82000084
:10997C00A959000009920000000000007F8200003D
:10998C00000000007F820000655100000992000079
:10999C00000000007F820000000000007F820000B9
:1099AC00000000007F820000000000007F820000A9
:1099BC00000000007F820000000000007F82000099
:1099CC00000000007F820000000000007D400000CD
:1099DC00000000007F820000000000007F82000079
:1099EC00000000007F820000000000007F82000069
:1099FC00000000007F820000000000007F82000059
:109A0C00000000007F820000000000007F82000048
:109A1C00000000007F820000000000007F82000038
:109A2C00000000007F820000000000007F82000028
:109A3C00000000007F820000000000007F82000018
:109A4C00000000007F820000000000007F82000008
:109A5C00000000007F820000000000007F820000F8
:109A6C00000000007F820000000000007F820000E8
:109A7C00000000007F820000000000007F820000D8
:109A8C00000000007F820000000000007F820000C8
:109A9C00000000007F820000000000007F820000B8
:109AAC00000000007F820000000000007F820000A8
:109ABC00000000007F820000000000007F82000098
:109ACC00000000007F820000000000007F82000088
:109ADC00000000007F820000000000007F82000078
:109AEC00000000007F820000000000007F82000068
:109AFC00000000007F820000000000007F82000058
:109B0C00000000007F820000000000007F82000047
:109B1C00000000007F820000000000007F82000037
:109B2C00000000007F820000000000007F82000027
:109B3C00000000007F820000000000007F82000017
:089B4C00000000007F82000010
:109B540075850000B13000004D3000001D3000005C
:109B6400418500000D300000AD31000035310000AA
:109B7400D93100002D310000578C00001D31000048
:109B8400BF880000FF870000E9860000153100004F
:089B9400A98500009D85000079
:109B9C00E5330000658C0000718C0000858C0000A2
:109BAC008F8C0000998C000051320000AD8C0000AD
:049BBC0000000000A5
:089BC000C1390000938E000082
:109BC800592D00001984000079840000000000006D
:0C9BD800B7830000000000000000000047
:0C9BE400338D000031370000258D00009B
:089BF000AEA20000030000001A
:109C00000338FDD870470000040000000200000087
:109C100001000000080000000100000028A600006C
:109C2000E49D0000040000000200000001000000AC
:109C30000800000008200001FFFFFFFFFFFFFFFFFB
:109C4000FFFFFFFF00000000000000000000000018
:109C500001000000FFFFFFFF512563FCC2CAB9F3FA
:109C6000849E17A7ADFAE6BCFFFFFFFFFFFFFFFFD3
:109C700000000000FFFFFFFF96C298D84539A1F40D
:109C8000A033EB2D817D0377F240A463E5E6BCF8B9
:109C900047422CE1F2D1176BF551BF376840B6CB84
:109CA000CE5E316B5733CE2B169E0F7C4AEBE78E80
:109CB0009B7F1AFEE242E34F4B60D2273E3CCE3BF5
:109CC000F6B053CCB0061D65BC86987655BDEBB397
:109CD000E7933AAAD835C65AE776000039780000EB
:109CE000E1120000982F8A4291443771CFFBC0B532
:109CF000A5DBB5E95BC25639F111F159A4823F9257
:109D0000D55E1CAB98AA07D8015B8312BE853124AF
:109D1000C37D0C55745DBE72FEB1DE80A706DC9B70
:109D200074F19BC1C1699BE48647BEEFC69DC10F1C
:109D3000CCA10C246F2CE92DAA84744ADCA9B05C58
:109D4000DA88F97652513E986DC631A8C82703B01B
:109D5000C77F59BFF30BE0C64791A7D55163CA0629
:109D600067292914850AB72738211B2EFC6D2C4D35
:109D7000130D385354730A65BB0A6A762EC9C28123
:109D8000852C7292A1E8BFA24B661AA8708B4BC2B9
:109D9000A3516CC719E892D1240699D685350EF4E3
:109DA00070A06A1016C1A419086C371E4C7748279A
:109DB000B5BCB034B30C1C394AAAD84E4FCA9C5B10
:109DC000F36F2E68EE828F746F63A5781478C88461
:109DD0000802C78CFAFFBE90EB6C50A4F7A3F9BE43
:109DE000F27871C65B0000000080005000900050C7
:109DF0000A000000000000000000000000C0000099
:109E0000DC980000010000000000000000000400D9
:109E1000F0980000020000000000000000400F0069
:109E2000189900000300000000C0000000020000BC
:109E3000DC9800000400000000C0000000400F009B
:109E4000DC9800000500000000C20000003E0F008A
:109E5000DC9800000600000000C20000003E0F0079
:109E6000DC98000007000000000004000000000073
:109E7000F09800000800000000400F0000000400FF
:109E800018990000090000000040130000C06C0099
:109E900018990000000000005B82000030200020C4
:109EA0002820002020200020000000001820002092
:109EB000ED1F0000BD1E0000111F0000851F0000E7
:109EC0000020002000000000060001000200000049
:109ED000D49E0000000000007AA7000002000000ED
:109EE000E0FF0F000020002082A7000021000000FA
:109EF000E0FF0620E12B0000A78300000000000027
:109F00007D2C00004D2C000000000000D92D000029
:109F1000C12C000098A70000A5840000B7840000B1
:109F20009EA700009F840000B1840000A4A7000049
:109F300099840000AB840000AEA70000040000007C
:109F400000FF000004990000408AF70100010000B2
:109F5000B49800000B000100000000000000800029
:109F60000008000000100000C22817107C9F0000AD
:109F7000000001000000010002000000E520F1FFE8
:109F8000FFFFFF0344EB086B083B04BBEEFFFFFF42
:109F9000FFFF00FFFFFF00FF0C200F5210D800FF53
:109FA0002372F50082ED04CC4483684430B030B0B5
:109FB000F7C4D55C00BE29FFF0D0FFFF0100000010
:109FC00000FF00004000000000100000040000003E
:109FD00000FF0000FFFF0000002884500000000088
:109FE0000100000000D0005000000000FFFFFFFF54
:109FF00000258450000000000000000000D0005048
:10A00000000000000080005001000000000000007F
:10A0100028A000000000D6010000000000000000A1
:10A0200082720420817204200080005034A000005D
:10A03000010000003CA0000004000000140000002B
:10A0400013000002160600011506000300A00050D0
:10A05000000000000048E8010000000000000000CF
:10A0600000000000FFFFFFFF0000FF0000000000F5
:10A0700000000000FFFFFFFF0200000101000000E0
:10A08000BB8D0000FFFF000098A00000FFFFFFFF56
:10A09000000000000000000000A00050A4A000008C
:10A0A00001000000ACA00000030000000800000454
:10A0B0000A00000609000005B49800000B0001002A
:10A0C0000400000002000000010000000800000081
:10A0D0000C9800000C980000549800005C98000058
:10A0E0008C9800008C980000FF8FFFFFFF8FFFFF10
:10A0F000FE8FFFFFFE8FFFFFFD8FFFFFFC8FFFFF37
:10A10000FC8FFFFFFB8FFFFF6D757465785F6672D4
:10A1100065652063616C6C65642077697468204EA6
:10A12000554C4C20706172616D6574657200000061
:10A1300043616E277420696E697469616C697A6520
:10A14000206D757465782C20776173204E554C4CCA
:10A150000D0A0000436F756C64206E6F74206C6F85
:10A16000636B20706F7765722073617665206D7503
:10A170007465780001000200100011001200200038
:10A18000210022002300240030003100320033007F
:10A19000FFFF77C295F360D2EF7F3552500F2CB698
:10A1A0007980040100012401200102000100000265
:10A1B000000125633A205374617274696E672062EE
:10A1C0006F6F746C6F616465720A0025633A205585
:10A1D0006E61626C6520746F2066696E6420626FC8
:10A1E0006F7461626C6520696D6167650A00256343
:10A1F0003A20426F6F746C6F6164657220636861AE
:10A20000696E6C6F61642061646472657373206F42
:10A2100066667365743A20307825780A0025633ABB
:10A2200020496D6167652076657273696F6E3A20AB
:10A230007625642E25642E25640A0025633A204A7B
:10A24000756D70696E6720746F207468652066692B
:10A2500072737420696D61676520736C6F740A0096
:10A2600025633A2050726F74656374206D63756264
:10A270006F6F7420666C617368206661696C6564D9
:10A280002C2063616E63656C2073746172747570E9
:10A290002E0A0025633A204E657665722073686F3A
:10A2A000756C642067657420686572650A006D636B
:10A2B00075626F6F740025633A204469646E277479
:10A2C0002066696E64204C45442064657669636548
:10A2D00020726566657272656420627920746865B3
:10A2E000204C4544305F4E4F44450A0A0025633AEE
:10A2F00020696E76616C696420666C6173682049C0
:10A30000442025643B20657870656374656420256E
:10A31000640A002A8648CE3D030107002A8648CEFB
:10A320003D0201007072696D617279007365636F3F
:10A330006E646172790025633A20496D616765201A
:10A34000696E2074686520257320736C6F742069B2
:10A3500073206E6F742076616C6964210A00256336
:10A360003A2052657365742061646472657373206A
:10A370006F6620696D61676520696E207365636F24
:10A380006E6461727920736C6F74206973206E6FD4
:10A390007420696E20746865207072696D617279CD
:10A3A00020736C6F740A0025633A204572617369EB
:10A3B0006E6720696D6167652066726F6D207365D9
:10A3C000636F6E6461727920736C6F740A00256329
:10A3D0003A204661696C656420746F206F70656E09
:10A3E00020666C6173682061726561204944202594
:10A3F000642028696D61676520256420736C6F7423
:10A40000202564293A2025642C2063616E6E6F74C8
:10A4100020636F6E74696E75650A0025633A204685
:10A4200061696C65642072656164696E672073653B
:10A4300063746F72733B20424F4F545F4D41585FBE
:10A44000494D475F534543544F52533D2564202D9A
:10A4500020746F6F20736D616C6C3F0A0025633A46
:10A46000204661696C65642072656164696E67206D
:10A47000696D61676520686561646572733B204939
:10A480006D6167653D25750A0025633A20436C655B
:10A49000616E65642D7570207365636F6E646172A3
:10A4A0007920736C6F74206F6620696D6167652019
:10A4B00025640A0025633A204661696C656420744E
:10A4C0006F20636C65616E2D7570207365636F6EB0
:10A4D0006461727920736C6F74206F6620696D619E
:10A4E00067652025643A2025640A0025633A2049DF
:10A4F0006D616765202564207570677261646520F1
:10A500007365636F6E6461727920736C6F74202D54
:10A510003E207072696D61727920736C6F740A00ED
:10A5200025633A2045726173696E672074686520FF
:10A530007072696D61727920736C6F740A002563A3
:10A540003A20496D61676520256420636F707969E1
:10A550006E6720746865207365636F6E64617279DD
:10A5600020736C6F7420746F20746865207072693A
:10A570006D61727920736C6F743A203078257A7827
:10A580002062797465730A0025633A2070616E69F0
:10A5900063210A0025633A2043616E6E6F74207553
:10A5A0007067726164653A206D6F726520736563D0
:10A5B000746F7273207468616E20616C6C6F776564
:10A5C000640A0025633A2043616E6E6F74207570D3
:10A5D00067726164653A20736C6F7473206861768A
:10A5E00065206E6F6E2D636F6D70617469626C654E
:10A5F00020736563746F72730A0025633A204361A8
:10A600006E6E6F7420757067726164653A20736C4A
:10A610006F747320617265206E6F7420636F6D704C
:10A62000617469626C650A003059301306072A8626
:10A6300048CE3D020106082A8648CE3D03010703A5
:10A64000420004B0068556366B591656E99249C940
:10A65000EA7F0C86C8BD8AECD3A28C9878D5F164C9
:10A66000034D8526B89A35403EDB88442B1648EDCD
:10A6700096C0C189198D06792EF1207613D88FAC3A
:10A68000D835EE2D0020002B0030780030580028FF
:10A690006E696C29002A2A2A20426F6F74696E67DE
:10A6A000204D4355626F6F742076322E312E302D3F
:10A6B0006465762D616531656535376633393036C9
:10A6C000202A2A2A0A002A2A2A205573696E67201E
:10A6D0006E524620436F6E6E6563742053444B2068
:10A6E00076332E302E322D38396261313239346171
:10A6F000633962202A2A2A0A002A2A2A20557369E5
:10A700006E67205A6570687972204F532076342E18
:10A71000302E39392D663739316334396634393260
:10A7200063202A2A2A0A006D757465785F696E694C
:10A73000742063616C6C65642077697468204E5581
:10A740004C4C20706172616D6574657200436F7569
:10A750006C64206E6F7420616C6C6F636174652033
:10A760006D75746578206265666F726520696E69C3
:10A770007469616C697A696E6700464C4153485F41
:10A7800030005352414D5F300000000001636C6F98
:10A79000636B4035303030006866636C6B006C660C
:10A7A000636C6B006866636C6B3139326D00686690
:10A7B000636C6B617564696F00666C6173682D63AF
:10A7C0006F6E74726F6C6C6572403339303030006C
:10A7D0006D7832357236343335664030006E6F72C4
:10A7E0006469635F72616D2D666C6173682D636F60
:10A7F0006E74726F6C6C65724030006770696F4088
:10A80000383432383030006770696F403834323550
:10A8100030300000010203040506070B75617274F5
:10A8200040383030300073706940613030300000A3
:10A830000000017065726D007465737400425547C5
:10A840003B2063616E27742068617070656E0072D2
:10A8500065766572740025633A205365636F6E6494
:10A8600061727920696D616765206F6620696D612D
:10A8700067652070616972202825642E292069731C
:10A8800020756E726561636861626C652E2054721A
:10A8900065617420697420617320656D7074790A34
:10A8A0000025633A20496D61676520696E646578AB
:10A8B0003A2025642C205377617020747970653AB2
:10A8C0002025730A0025633A20496D616765206978
:10A8D0006E6465783A2025642C205377617020746B
:10A8E0007970653A206E6F6E650A000401040304F6
:10A8F0000204010401040301040304010400000034
:10A900000101010000010000000C04241C002030A3
:10A910003030303030303030303030303000016D59
:04A9200061696E00FB
:10A924000100000001000000FFFFFFFF8F83000013
:10A93400477F0000F49D00000C2200203A00000034
:10A94400202200203A000000F82100203A000000F4
:10A95400342200203A000000A1830000000000001F
:10A9640000000000B8A00000010000004C200020FE
:10A974004C20002000000000010000005C200020AA
:10A984005C20002000000000010000000000000026
:10A9940000000000000000000000000000000000B3
:10A9A40000000000000000000000000000000000A3
:10A9B4000499000000000000000000008B720420D5
:10A9C400837204200090D003007001500000000046
:10A9D400FFFFFFFF3F000000FFFFFFFF3F000000FD
:10A9E4000000000000000000000000000000000063
:10A9F4000000000000000000000000000000000053
:10AA04000000000000000000000000000000000042
:10AA14000000000000000000000000000000000032
:10AA24000000000000000000000000000000000022
:10AA34000000000000000000000000000000000012
:10AA44000000000000000000000000000000000002
:10AA540008000000FF0000000000000003000000E8
:10AA640000000000442100204421002000000000D8
:10AA7400F56A000090210020882100208021002018
:10AA84000000000078210020216C00006D6B0000A4
:10AA9400A16B0000E96B0000A86F00203A00003AA7
:10AAA400AC6F00203A00003AB06F00203A00003A40
:10AAB400B46F00203A00003AA02100206421002055
:0CAAC4005C2100205821002054210020BB
:10AAD0000000000000000000000000000000000076
:10AAE4000000000000000000696900000000000090
:10AAF4000000000000000000D8210020D821002020
:10AB0400714200000000000000000000000000008E
:08AB1400000000000000000039
:10AB1C00F8210020F82100200000000000000000B7
:10AB2C000E0000000C2200200C220020000000006F
:10AB3C00000000000E000000202200202022002037
:10AB4C0000000000000000000E0000003422002075
:10AB5C003422002000000000000000000E00000065
:04AB6C0015E015E0FB
:04000003000023696D
:00000001FF
